url,domain_length,path_length,has_ip,has_https,num_dots,num_hyphens,num_digits,has_at_symbol,has_double_slash,has_login_keyword,entropy,label
https://paypal-secure-328.info/account?id=3286,13,8,0,1,2,3,1,0,0,1,4.283,phishing
https://example.net/docs,7,5,0,1,1,0,0,0,0,0,2.036,legitimate
https://secure-login-303.com/reset?id=9928,12,6,0,1,2,2,2,0,0,1,3.919,phishing
https://paypal-secure-448.net/update?id=5552,13,7,0,1,2,1,2,0,0,1,4.732,phishing
https://paypal-secure-467.org/login?id=6635,13,6,0,1,2,3,3,0,0,1,4.491,phishing
https://netflix.com/products,7,9,0,1,1,0,0,0,0,0,2.095,legitimate
https://secure-login-296.info/reset?id=2139,12,6,0,1,2,1,2,0,0,1,4.437,phishing
https://bankofamerica.com/products,13,9,0,1,1,0,0,0,0,0,2.334,legitimate
https://amazon-support-463.net/verify?id=4432,14,7,0,1,2,3,3,0,0,1,4.323,phishing
https://paypal-secure-846.net/reset?id=5010,13,6,0,1,2,1,4,0,0,1,3.807,phishing
https://netflix.org/about,7,6,0,1,1,0,0,0,0,0,3.011,legitimate
https://bankofamerica.com/about,13,6,0,1,1,0,0,0,0,0,2.481,legitimate
https://secure-login-771.info/account?id=9179,12,8,0,1,2,2,4,0,0,1,3.429,phishing
https://secure-login-538.info/reset?id=7543,12,6,0,1,2,2,2,0,0,1,4.796,phishing
https://banking-update-981.com/login?id=2796,14,6,0,1,2,1,2,0,0,1,4.467,phishing
https://paypal-secure-710.org/update?id=8668,13,7,0,1,2,3,3,0,0,1,4.754,phishing
https://example.com/support,7,8,0,1,1,0,0,0,0,0,2.901,legitimate
https://github.com/about,6,6,0,1,1,0,0,0,0,0,2.522,legitimate
https://amazon-support-208.net/reset?id=5889,14,6,0,1,2,3,2,0,0,1,3.445,phishing
https://netflix.com/support,7,8,0,1,1,0,0,0,0,0,2.389,legitimate
https://amazon-support-159.info/account?id=4946,14,8,0,1,2,3,1,0,0,1,3.337,phishing
https://paypal-secure-775.net/account?id=8787,13,8,0,1,2,3,2,0,0,1,3.624,phishing
https://microsoft.org/support,9,8,0,1,1,0,0,0,0,0,2.906,legitimate
https://amazon-support-548.org/verify?id=9479,14,7,0,1,2,2,1,0,0,1,3.597,phishing
https://paypal-secure-325.net/reset?id=1117,13,6,0,1,2,1,1,0,0,1,3.566,phishing
https://github.com/support,6,8,0,1,1,0,0,0,0,0,2.286,legitimate
https://office365-login-690.net/reset?id=8744,15,6,0,1,2,1,4,0,0,1,4.492,phishing
https://paypal-secure-533.org/verify?id=7735,13,7,0,1,2,2,1,0,0,1,4.277,phishing
https://example.com/products,7,9,0,1,1,0,0,0,0,0,2.874,legitimate
https://example.org/api/v1,7,7,0,1,1,0,0,0,0,0,2.228,legitimate
https://banking-update-573.net/verify?id=5092,14,7,0,1,2,1,4,0,0,1,4.493,phishing
https://example.com/support,7,8,0,1,1,0,0,0,0,0,3.003,legitimate
https://bankofamerica.org/products,13,9,0,1,1,0,0,0,0,0,2.583,legitimate
https://banking-update-488.com/account?id=1035,14,8,0,1,2,2,3,0,0,1,4.682,phishing
https://github.net/support,6,8,0,1,1,0,0,0,0,0,2.794,legitimate
https://office365-login-159.info/account?id=9883,15,8,0,1,2,1,3,0,0,1,3.291,phishing
https://secure-login-620.net/login?id=2312,12,6,0,1,2,1,1,0,0,1,4.152,phishing
https://office365-login-683.org/login?id=5033,15,6,0,1,2,3,1,0,0,1,4.191,phishing
https://secure-login-309.info/verify?id=6147,12,7,0,1,2,1,3,0,0,1,3.833,phishing
https://amazon-support-869.org/verify?id=2188,14,7,0,1,2,1,4,0,0,1,4.194,phishing
https://paypal-secure-318.com/reset?id=9288,13,6,0,1,2,2,2,0,0,1,4.693,phishing
https://bankofamerica.edu/about,13,6,0,1,1,0,0,0,0,0,2.189,legitimate
https://github.com/support,6,8,0,1,1,0,0,0,0,0,2.359,legitimate
https://office365-login-209.info/login?id=3546,15,6,0,1,2,2,3,0,0,1,4.168,phishing
https://bankofamerica.edu/support,13,8,0,1,1,0,0,0,0,0,2.586,legitimate
https://example.com/products,7,9,0,1,1,0,0,0,0,0,2.995,legitimate
https://amazon-support-265.net/verify?id=8239,14,7,0,1,2,3,4,0,0,1,4.097,phishing
https://office365-login-696.com/verify?id=3426,15,7,0,1,2,2,2,0,0,1,3.267,phishing
https://paypal-secure-798.info/account?id=5088,13,8,0,1,2,3,1,0,0,1,3.766,phishing
https://banking-update-985.net/account?id=3662,14,8,0,1,2,1,4,0,0,1,3.24,phishing
https://github.net/api/v1,6,7,0,1,1,0,0,0,0,0,2.32,legitimate
https://example.net/docs,7,5,0,1,1,0,0,0,0,0,3.03,legitimate
https://banking-update-940.info/verify?id=4728,14,7,0,1,2,1,1,0,0,1,4.256,phishing
https://amazon-support-459.com/verify?id=9346,14,7,0,1,2,2,3,0,0,1,4.703,phishing
https://amazon-support-371.net/reset?id=1626,14,6,0,1,2,1,4,0,0,1,3.753,phishing
https://microsoft.com/products,9,9,0,1,1,0,0,0,0,0,3.079,legitimate
https://paypal-secure-632.org/login?id=9821,13,6,0,1,2,3,2,0,0,1,3.783,phishing
https://amazon-support-837.info/login?id=5920,14,6,0,1,2,3,3,0,0,1,4.267,phishing
https://amazon-support-530.net/account?id=7211,14,8,0,1,2,3,2,0,0,1,4.185,phishing
https://secure-login-393.com/verify?id=4443,12,7,0,1,2,2,3,0,0,1,3.944,phishing
https://office365-login-774.org/account?id=2389,15,8,0,1,2,2,3,0,0,1,3.349,phishing
https://bankofamerica.edu/api/v1,13,7,0,1,1,0,0,0,0,0,2.968,legitimate
https://paypal-secure-725.net/update?id=2193,13,7,0,1,2,2,4,0,0,1,4.618,phishing
https://banking-update-349.org/update?id=3417,14,7,0,1,2,3,1,0,0,1,4.628,phishing
https://example.net/api/v1,7,7,0,1,1,0,0,0,0,0,2.211,legitimate
https://netflix.net/docs,7,5,0,1,1,0,0,0,0,0,2.669,legitimate
https://example.net/api/v1,7,7,0,1,1,0,0,0,0,0,2.962,legitimate
https://secure-login-727.info/update?id=9270,12,7,0,1,2,2,4,0,0,1,4.636,phishing
https://microsoft.net/about,9,6,0,1,1,0,0,0,0,0,2.902,legitimate
https://github.net/api/v1,6,7,0,1,1,0,0,0,0,0,2.33,legitimate
https://amazon-support-443.net/verify?id=6238,14,7,0,1,2,3,1,0,0,1,3.421,phishing
https://office365-login-524.net/login?id=7678,15,6,0,1,2,2,4,0,0,1,3.865,phishing
https://banking-update-812.org/reset?id=1320,14,6,0,1,2,3,4,0,0,1,3.963,phishing
https://github.net/products,6,9,0,1,1,0,0,0,0,0,2.646,legitimate
https://netflix.org/products,7,9,0,1,1,0,0,0,0,0,2.263,legitimate
https://paypal-secure-784.org/verify?id=7624,13,7,0,1,2,3,2,0,0,1,4.545,phishing
https://netflix.com/products,7,9,0,1,1,0,0,0,0,0,2.71,legitimate
https://paypal-secure-987.org/account?id=8564,13,8,0,1,2,1,1,0,0,1,3.616,phishing
https://banking-update-879.info/verify?id=7211,14,7,0,1,2,2,4,0,0,1,3.604,phishing
https://paypal-secure-329.com/verify?id=2124,13,7,0,1,2,3,1,0,0,1,4.407,phishing
https://bankofamerica.com/support,13,8,0,1,1,0,0,0,0,0,2.183,legitimate
https://paypal-secure-816.net/update?id=5198,13,7,0,1,2,2,2,0,0,1,4.169,phishing
https://example.org/about,7,6,0,1,1,0,0,0,0,0,2.13,legitimate
https://amazon-support-832.org/update?id=4249,14,7,0,1,2,1,2,0,0,1,3.363,phishing
https://netflix.com/support,7,8,0,1,1,0,0,0,0,0,2.939,legitimate
https://banking-update-618.info/login?id=6590,14,6,0,1,2,1,4,0,0,1,4.516,phishing
https://amazon-support-545.org/account?id=3885,14,8,0,1,2,3,3,0,0,1,4.185,phishing
https://microsoft.net/products,9,9,0,1,1,0,0,0,0,0,2.991,legitimate
https://amazon-support-385.net/login?id=8385,14,6,0,1,2,1,4,0,0,1,4.112,phishing
https://amazon-support-971.com/update?id=6325,14,7,0,1,2,1,4,0,0,1,3.539,phishing
https://github.edu/support,6,8,0,1,1,0,0,0,0,0,2.841,legitimate
https://paypal-secure-347.net/login?id=7658,13,6,0,1,2,2,2,0,0,1,4.305,phishing
https://banking-update-195.org/login?id=5820,14,6,0,1,2,1,4,0,0,1,4.307,phishing
https://secure-login-666.info/update?id=9698,12,7,0,1,2,2,4,0,0,1,4.795,phishing
https://amazon-support-413.org/verify?id=5118,14,7,0,1,2,1,1,0,0,1,4.354,phishing
https://secure-login-321.net/account?id=8933,12,8,0,1,2,2,3,0,0,1,4.769,phishing
https://github.org/about,6,6,0,1,1,0,0,0,0,0,2.215,legitimate
https://secure-login-146.net/verify?id=1893,12,7,0,1,2,3,3,0,0,1,4.316,phishing
https://banking-update-687.com/login?id=5658,14,6,0,1,2,2,4,0,0,1,3.905,phishing
https://paypal-secure-216.info/update?id=2070,13,7,0,1,2,2,4,0,0,1,3.319,phishing
https://paypal-secure-930.net/account?id=5978,13,8,0,1,2,1,2,0,0,1,3.39,phishing
https://netflix.org/support,7,8,0,1,1,0,0,0,0,0,2.456,legitimate
https://github.net/about,6,6,0,1,1,0,0,0,0,0,2.682,legitimate
https://paypal-secure-370.net/account?id=2330,13,8,0,1,2,1,2,0,0,1,3.478,phishing
https://paypal-secure-805.org/update?id=8699,13,7,0,1,2,2,1,0,0,1,3.57,phishing
https://microsoft.com/api/v1,9,7,0,1,1,0,0,0,0,0,3.109,legitimate
https://netflix.org/products,7,9,0,1,1,0,0,0,0,0,2.138,legitimate
https://office365-login-173.info/account?id=1977,15,8,0,1,2,1,3,0,0,1,4.152,phishing
https://github.net/docs,6,5,0,1,1,0,0,0,0,0,2.562,legitimate
https://banking-update-652.info/reset?id=9090,14,6,0,1,2,2,1,0,0,1,4.157,phishing
https://github.edu/docs,6,5,0,1,1,0,0,0,0,0,2.11,legitimate
https://netflix.com/about,7,6,0,1,1,0,0,0,0,0,2.691,legitimate
https://bankofamerica.net/support,13,8,0,1,1,0,0,0,0,0,2.782,legitimate
https://bankofamerica.net/products,13,9,0,1,1,0,0,0,0,0,3.163,legitimate
https://banking-update-786.info/verify?id=2713,14,7,0,1,2,1,3,0,0,1,3.859,phishing
https://banking-update-190.com/update?id=6153,14,7,0,1,2,2,3,0,0,1,3.385,phishing
https://netflix.com/support,7,8,0,1,1,0,0,0,0,0,2.554,legitimate
https://secure-login-874.info/reset?id=9167,12,6,0,1,2,3,4,0,0,1,4.416,phishing
https://secure-login-548.net/verify?id=8941,12,7,0,1,2,1,1,0,0,1,4.757,phishing
https://office365-login-664.net/verify?id=1224,15,7,0,1,2,3,4,0,0,1,3.349,phishing
https://example.net/docs,7,5,0,1,1,0,0,0,0,0,2.777,legitimate
https://amazon-support-954.info/update?id=8905,14,7,0,1,2,2,2,0,0,1,3.931,phishing
https://office365-login-382.net/login?id=7798,15,6,0,1,2,2,3,0,0,1,4.513,phishing
https://amazon-support-557.org/account?id=9824,14,8,0,1,2,2,3,0,0,1,3.732,phishing
https://microsoft.net/about,9,6,0,1,1,0,0,0,0,0,3.044,legitimate
https://bankofamerica.net/api/v1,13,7,0,1,1,0,0,0,0,0,3.027,legitimate
https://amazon-support-495.org/update?id=3492,14,7,0,1,2,2,1,0,0,1,3.402,phishing
https://github.com/products,6,9,0,1,1,0,0,0,0,0,2.12,legitimate
https://example.org/products,7,9,0,1,1,0,0,0,0,0,3.045,legitimate
https://example.net/about,7,6,0,1,1,0,0,0,0,0,2.406,legitimate
https://paypal-secure-489.info/reset?id=6188,13,6,0,1,2,3,4,0,0,1,4.596,phishing
https://paypal-secure-332.net/verify?id=2480,13,7,0,1,2,2,1,0,0,1,4.417,phishing
https://example.net/api/v1,7,7,0,1,1,0,0,0,0,0,2.833,legitimate
https://example.edu/docs,7,5,0,1,1,0,0,0,0,0,2.352,legitimate
https://office365-login-521.net/reset?id=3950,15,6,0,1,2,1,2,0,0,1,3.326,phishing
https://netflix.org/products,7,9,0,1,1,0,0,0,0,0,3.095,legitimate
https://banking-update-361.info/update?id=1153,14,7,0,1,2,2,3,0,0,1,4.284,phishing
https://banking-update-406.info/reset?id=7951,14,6,0,1,2,3,3,0,0,1,3.931,phishing
https://banking-update-342.org/login?id=7248,14,6,0,1,2,3,3,0,0,1,4.12,phishing
https://github.com/products,6,9,0,1,1,0,0,0,0,0,2.329,legitimate
https://paypal-secure-894.org/verify?id=4770,13,7,0,1,2,3,3,0,0,1,3.55,phishing
https://amazon-support-742.net/login?id=1645,14,6,0,1,2,2,4,0,0,1,3.253,phishing
https://office365-login-434.com/verify?id=7807,15,7,0,1,2,1,2,0,0,1,3.411,phishing
https://amazon-support-363.info/account?id=8894,14,8,0,1,2,2,3,0,0,1,4.487,phishing
https://paypal-secure-980.net/account?id=7511,13,8,0,1,2,3,3,0,0,1,3.344,phishing
https://amazon-support-477.com/update?id=5295,14,7,0,1,2,3,4,0,0,1,4.516,phishing
https://example.org/products,7,9,0,1,1,0,0,0,0,0,2.03,legitimate
https://netflix.edu/support,7,8,0,1,1,0,0,0,0,0,2.266,legitimate
https://banking-update-219.info/update?id=3290,14,7,0,1,2,1,1,0,0,1,3.687,phishing
https://paypal-secure-238.net/reset?id=7367,13,6,0,1,2,2,3,0,0,1,4.273,phishing
https://netflix.net/support,7,8,0,1,1,0,0,0,0,0,2.891,legitimate
https://banking-update-730.com/update?id=7686,14,7,0,1,2,2,1,0,0,1,4.304,phishing
https://banking-update-201.net/verify?id=7018,14,7,0,1,2,3,3,0,0,1,3.297,phishing
https://paypal-secure-778.org/login?id=4475,13,6,0,1,2,3,1,0,0,1,3.281,phishing
https://office365-login-949.net/login?id=4394,15,6,0,1,2,3,2,0,0,1,4.501,phishing
https://office365-login-979.com/verify?id=3370,15,7,0,1,2,1,3,0,0,1,4.478,phishing
https://paypal-secure-466.net/login?id=4898,13,6,0,1,2,3,3,0,0,1,3.225,phishing
https://office365-login-216.org/reset?id=2041,15,6,0,1,2,2,4,0,0,1,4.445,phishing
https://paypal-secure-326.org/reset?id=1710,13,6,0,1,2,3,3,0,0,1,3.933,phishing
https://example.net/products,7,9,0,1,1,0,0,0,0,0,2.512,legitimate
https://banking-update-429.com/login?id=3430,14,6,0,1,2,1,2,0,0,1,3.64,phishing
https://secure-login-711.info/update?id=9692,12,7,0,1,2,2,4,0,0,1,4.009,phishing
https://paypal-secure-562.net/update?id=4743,13,7,0,1,2,2,3,0,0,1,4.524,phishing
https://paypal-secure-420.info/update?id=5176,13,7,0,1,2,2,2,0,0,1,4.299,phishing
https://paypal-secure-542.com/login?id=2582,13,6,0,1,2,3,3,0,0,1,4.499,phishing
https://secure-login-520.info/login?id=6793,12,6,0,1,2,3,4,0,0,1,4.589,phishing
https://github.edu/about,6,6,0,1,1,0,0,0,0,0,2.124,legitimate
https://office365-login-967.org/account?id=2773,15,8,0,1,2,2,3,0,0,1,3.384,phishing
https://office365-login-885.org/reset?id=1430,15,6,0,1,2,3,3,0,0,1,3.246,phishing
https://amazon-support-106.info/verify?id=3972,14,7,0,1,2,1,4,0,0,1,3.311,phishing
https://example.com/support,7,8,0,1,1,0,0,0,0,0,2.258,legitimate
https://amazon-support-419.net/verify?id=6314,14,7,0,1,2,3,1,0,0,1,4.613,phishing
https://secure-login-378.com/login?id=8259,12,6,0,1,2,3,4,0,0,1,3.977,phishing
https://amazon-support-216.net/reset?id=6655,14,6,0,1,2,2,1,0,0,1,3.653,phishing
https://banking-update-325.info/login?id=7475,14,6,0,1,2,3,1,0,0,1,3.212,phishing
https://office365-login-396.net/verify?id=6375,15,7,0,1,2,1,1,0,0,1,3.996,phishing
https://office365-login-820.org/reset?id=4770,15,6,0,1,2,3,3,0,0,1,3.315,phishing
https://example.net/docs,7,5,0,1,1,0,0,0,0,0,2.552,legitimate
https://amazon-support-514.org/reset?id=7843,14,6,0,1,2,2,1,0,0,1,3.848,phishing
https://bankofamerica.net/about,13,6,0,1,1,0,0,0,0,0,2.106,legitimate
https://bankofamerica.net/support,13,8,0,1,1,0,0,0,0,0,2.481,legitimate
https://amazon-support-441.info/account?id=3754,14,8,0,1,2,1,1,0,0,1,4.049,phishing
https://amazon-support-341.info/account?id=2684,14,8,0,1,2,1,3,0,0,1,3.516,phishing
https://paypal-secure-575.net/update?id=8354,13,7,0,1,2,3,3,0,0,1,4.583,phishing
https://office365-login-580.org/login?id=8245,15,6,0,1,2,3,3,0,0,1,4.474,phishing
https://amazon-support-572.com/verify?id=8404,14,7,0,1,2,1,1,0,0,1,3.79,phishing
https://paypal-secure-694.org/update?id=1672,13,7,0,1,2,2,2,0,0,1,3.714,phishing
https://office365-login-205.com/update?id=6626,15,7,0,1,2,3,1,0,0,1,4.007,phishing
https://office365-login-636.org/update?id=9564,15,7,0,1,2,3,2,0,0,1,3.782,phishing
https://microsoft.net/about,9,6,0,1,1,0,0,0,0,0,2.815,legitimate
https://amazon-support-196.com/verify?id=7333,14,7,0,1,2,2,3,0,0,1,4.358,phishing
https://secure-login-183.net/verify?id=3317,12,7,0,1,2,2,3,0,0,1,4.748,phishing
https://banking-update-825.net/reset?id=2388,14,6,0,1,2,2,4,0,0,1,4.23,phishing
https://office365-login-620.com/update?id=6928,15,7,0,1,2,1,3,0,0,1,3.694,phishing
https://github.net/api/v1,6,7,0,1,1,0,0,0,0,0,2.272,legitimate
https://paypal-secure-619.info/login?id=9843,13,6,0,1,2,3,1,0,0,1,4.259,phishing
https://netflix.org/support,7,8,0,1,1,0,0,0,0,0,2.452,legitimate
https://secure-login-144.net/update?id=7731,12,7,0,1,2,2,2,0,0,1,4.751,phishing
https://banking-update-344.net/reset?id=6070,14,6,0,1,2,2,2,0,0,1,3.789,phishing
https://microsoft.net/about,9,6,0,1,1,0,0,0,0,0,2.934,legitimate
https://banking-update-920.net/account?id=3267,14,8,0,1,2,2,1,0,0,1,4.226,phishing
https://netflix.com/support,7,8,0,1,1,0,0,0,0,0,3.021,legitimate
https://office365-login-625.info/update?id=3414,15,7,0,1,2,2,1,0,0,1,4.714,phishing
https://banking-update-524.info/login?id=1872,14,6,0,1,2,2,3,0,0,1,3.577,phishing
https://github.org/docs,6,5,0,1,1,0,0,0,0,0,2.382,legitimate
https://amazon-support-139.net/account?id=5700,14,8,0,1,2,2,2,0,0,1,4.414,phishing
https://secure-login-119.com/login?id=5193,12,6,0,1,2,1,2,0,0,1,4.078,phishing
https://netflix.net/docs,7,5,0,1,1,0,0,0,0,0,2.931,legitimate
https://paypal-secure-529.com/account?id=8489,13,8,0,1,2,1,1,0,0,1,4.539,phishing
https://secure-login-688.com/reset?id=4963,12,6,0,1,2,3,2,0,0,1,3.666,phishing
https://amazon-support-526.net/reset?id=4068,14,6,0,1,2,3,1,0,0,1,4.038,phishing
https://secure-login-994.com/update?id=8702,12,7,0,1,2,1,4,0,0,1,4.77,phishing
https://paypal-secure-453.info/login?id=4950,13,6,0,1,2,3,1,0,0,1,4.434,phishing
https://github.org/docs,6,5,0,1,1,0,0,0,0,0,2.423,legitimate
https://office365-login-746.org/update?id=3986,15,7,0,1,2,1,1,0,0,1,4.346,phishing
https://example.edu/api/v1,7,7,0,1,1,0,0,0,0,0,2.053,legitimate
https://paypal-secure-627.info/verify?id=7524,13,7,0,1,2,3,4,0,0,1,3.605,phishing
https://bankofamerica.edu/about,13,6,0,1,1,0,0,0,0,0,3.035,legitimate
https://amazon-support-918.info/login?id=7029,14,6,0,1,2,2,4,0,0,1,4.389,phishing
https://microsoft.edu/api/v1,9,7,0,1,1,0,0,0,0,0,2.595,legitimate
https://secure-login-844.info/login?id=7955,12,6,0,1,2,1,4,0,0,1,4.164,phishing
https://netflix.edu/about,7,6,0,1,1,0,0,0,0,0,2.123,legitimate
https://amazon-support-717.info/update?id=7981,14,7,0,1,2,1,4,0,0,1,3.762,phishing
https://amazon-support-754.org/verify?id=1939,14,7,0,1,2,1,4,0,0,1,3.781,phishing
https://bankofamerica.com/api/v1,13,7,0,1,1,0,0,0,0,0,3.018,legitimate
https://banking-update-168.com/account?id=4866,14,8,0,1,2,3,3,0,0,1,3.779,phishing
https://example.org/products,7,9,0,1,1,0,0,0,0,0,3.139,legitimate
https://paypal-secure-475.net/reset?id=7521,13,6,0,1,2,2,3,0,0,1,3.599,phishing
https://office365-login-496.org/reset?id=2929,15,6,0,1,2,2,3,0,0,1,4.326,phishing
https://secure-login-304.info/update?id=3009,12,7,0,1,2,1,1,0,0,1,3.923,phishing
https://microsoft.com/about,9,6,0,1,1,0,0,0,0,0,2.801,legitimate
https://netflix.edu/about,7,6,0,1,1,0,0,0,0,0,3.022,legitimate
https://bankofamerica.edu/support,13,8,0,1,1,0,0,0,0,0,2.269,legitimate
https://bankofamerica.org/products,13,9,0,1,1,0,0,0,0,0,2.032,legitimate
https://amazon-support-232.org/reset?id=2412,14,6,0,1,2,1,3,0,0,1,3.837,phishing
https://microsoft.net/products,9,9,0,1,1,0,0,0,0,0,2.988,legitimate
https://amazon-support-577.com/update?id=9476,14,7,0,1,2,2,2,0,0,1,4.605,phishing
https://netflix.org/api/v1,7,7,0,1,1,0,0,0,0,0,2.519,legitimate
https://example.com/support,7,8,0,1,1,0,0,0,0,0,2.184,legitimate
https://amazon-support-631.net/verify?id=5653,14,7,0,1,2,1,3,0,0,1,3.514,phishing
https://github.org/about,6,6,0,1,1,0,0,0,0,0,2.737,legitimate
https://office365-login-774.net/account?id=6531,15,8,0,1,2,3,1,0,0,1,4.52,phishing
https://paypal-secure-885.info/account?id=7825,13,8,0,1,2,3,1,0,0,1,3.997,phishing
https://amazon-support-350.info/update?id=7653,14,7,0,1,2,2,4,0,0,1,3.317,phishing
https://banking-update-575.org/update?id=4342,14,7,0,1,2,2,2,0,0,1,3.7,phishing
https://github.net/api/v1,6,7,0,1,1,0,0,0,0,0,2.913,legitimate
https://paypal-secure-577.info/account?id=3007,13,8,0,1,2,2,4,0,0,1,3.597,phishing
https://amazon-support-528.org/reset?id=5067,14,6,0,1,2,1,3,0,0,1,4.694,phishing
https://bankofamerica.org/products,13,9,0,1,1,0,0,0,0,0,3.195,legitimate
https://amazon-support-192.org/login?id=7442,14,6,0,1,2,3,4,0,0,1,4.747,phishing
https://amazon-support-388.com/login?id=9108,14,6,0,1,2,3,4,0,0,1,3.657,phishing
https://paypal-secure-370.org/account?id=6992,13,8,0,1,2,2,3,0,0,1,3.272,phishing
https://secure-login-666.net/verify?id=5728,12,7,0,1,2,1,4,0,0,1,4.007,phishing
https://github.com/api/v1,6,7,0,1,1,0,0,0,0,0,3.17,legitimate
https://amazon-support-303.info/account?id=9341,14,8,0,1,2,2,1,0,0,1,3.272,phishing
https://amazon-support-567.org/reset?id=3440,14,6,0,1,2,3,2,0,0,1,3.725,phishing
https://office365-login-857.org/reset?id=5902,15,6,0,1,2,3,3,0,0,1,4.012,phishing
https://banking-update-935.info/update?id=1272,14,7,0,1,2,2,3,0,0,1,4.278,phishing
https://netflix.edu/docs,7,5,0,1,1,0,0,0,0,0,2.716,legitimate
https://secure-login-697.net/login?id=8871,12,6,0,1,2,1,4,0,0,1,3.436,phishing
https://paypal-secure-119.com/account?id=8225,13,8,0,1,2,2,4,0,0,1,3.442,phishing
https://banking-update-822.org/login?id=3262,14,6,0,1,2,3,2,0,0,1,4.097,phishing
https://microsoft.net/about,9,6,0,1,1,0,0,0,0,0,3.148,legitimate
https://secure-login-462.info/reset?id=5331,12,6,0,1,2,3,4,0,0,1,3.508,phishing
https://secure-login-404.info/account?id=5735,12,8,0,1,2,3,2,0,0,1,4.304,phishing
https://banking-update-914.info/reset?id=5480,14,6,0,1,2,2,1,0,0,1,4.118,phishing
https://banking-update-397.info/account?id=1689,14,8,0,1,2,2,1,0,0,1,3.754,phishing
https://amazon-support-306.org/account?id=9824,14,8,0,1,2,2,3,0,0,1,3.42,phishing
https://secure-login-151.net/account?id=9700,12,8,0,1,2,1,2,0,0,1,3.284,phishing
https://banking-update-105.com/account?id=3587,14,8,0,1,2,2,4,0,0,1,3.964,phishing
https://amazon-support-761.info/verify?id=1969,14,7,0,1,2,1,2,0,0,1,4.056,phishing
https://example.org/products,7,9,0,1,1,0,0,0,0,0,3.059,legitimate
https://paypal-secure-290.org/update?id=5742,13,7,0,1,2,1,1,0,0,1,3.677,phishing
https://amazon-support-756.info/update?id=9901,14,7,0,1,2,3,4,0,0,1,4.623,phishing
https://secure-login-297.org/verify?id=2845,12,7,0,1,2,2,2,0,0,1,4.37,phishing
https://office365-login-909.com/verify?id=5833,15,7,0,1,2,3,2,0,0,1,3.481,phishing
https://microsoft.net/support,9,8,0,1,1,0,0,0,0,0,2.394,legitimate
https://paypal-secure-588.net/account?id=6301,13,8,0,1,2,1,1,0,0,1,3.617,phishing
https://amazon-support-696.info/verify?id=1187,14,7,0,1,2,2,3,0,0,1,4.308,phishing
https://paypal-secure-263.org/verify?id=7642,13,7,0,1,2,3,3,0,0,1,4.304,phishing
https://amazon-support-326.info/reset?id=4590,14,6,0,1,2,1,4,0,0,1,3.445,phishing
https://netflix.edu/products,7,9,0,1,1,0,0,0,0,0,2.842,legitimate
https://netflix.org/api/v1,7,7,0,1,1,0,0,0,0,0,2.816,legitimate
https://paypal-secure-820.org/reset?id=6927,13,6,0,1,2,1,1,0,0,1,3.299,phishing
https://secure-login-649.net/reset?id=3455,12,6,0,1,2,1,3,0,0,1,4.567,phishing
https://office365-login-622.org/login?id=8298,15,6,0,1,2,1,4,0,0,1,3.411,phishing
https://secure-login-573.com/reset?id=6049,12,6,0,1,2,3,1,0,0,1,3.834,phishing
https://bankofamerica.com/docs,13,5,0,1,1,0,0,0,0,0,2.508,legitimate
https://netflix.com/docs,7,5,0,1,1,0,0,0,0,0,3.183,legitimate
https://amazon-support-887.org/account?id=3218,14,8,0,1,2,3,4,0,0,1,3.799,phishing
https://microsoft.net/products,9,9,0,1,1,0,0,0,0,0,2.096,legitimate
https://netflix.org/about,7,6,0,1,1,0,0,0,0,0,2.142,legitimate
https://microsoft.org/api/v1,9,7,0,1,1,0,0,0,0,0,3.002,legitimate
https://github.net/support,6,8,0,1,1,0,0,0,0,0,2.509,legitimate
https://office365-login-454.net/update?id=3541,15,7,0,1,2,2,2,0,0,1,4.7,phishing
https://example.com/products,7,9,0,1,1,0,0,0,0,0,2.738,legitimate
https://example.org/api/v1,7,7,0,1,1,0,0,0,0,0,2.081,legitimate
https://banking-update-858.com/account?id=1724,14,8,0,1,2,2,4,0,0,1,3.575,phishing
https://paypal-secure-396.net/reset?id=4836,13,6,0,1,2,3,3,0,0,1,4.124,phishing
https://github.org/about,6,6,0,1,1,0,0,0,0,0,3.052,legitimate
https://netflix.org/products,7,9,0,1,1,0,0,0,0,0,2.361,legitimate
https://secure-login-669.net/update?id=9120,12,7,0,1,2,1,3,0,0,1,4.707,phishing
https://secure-login-518.info/update?id=3444,12,7,0,1,2,2,4,0,0,1,3.494,phishing
https://office365-login-978.net/verify?id=3365,15,7,0,1,2,2,1,0,0,1,4.1,phishing
https://netflix.org/products,7,9,0,1,1,0,0,0,0,0,2.291,legitimate
https://paypal-secure-194.org/verify?id=9775,13,7,0,1,2,3,2,0,0,1,3.282,phishing
https://secure-login-292.com/login?id=4555,12,6,0,1,2,2,2,0,0,1,4.591,phishing
https://paypal-secure-859.net/account?id=2922,13,8,0,1,2,3,4,0,0,1,4.663,phishing
https://office365-login-665.org/account?id=6269,15,8,0,1,2,2,4,0,0,1,3.946,phishing
https://amazon-support-625.info/verify?id=9147,14,7,0,1,2,2,1,0,0,1,4.485,phishing
https://github.org/about,6,6,0,1,1,0,0,0,0,0,2.376,legitimate
https://office365-login-367.net/login?id=7841,15,6,0,1,2,2,2,0,0,1,3.514,phishing
https://secure-login-663.net/update?id=6530,12,7,0,1,2,2,4,0,0,1,4.746,phishing
https://banking-update-850.org/account?id=6770,14,8,0,1,2,1,2,0,0,1,4.353,phishing
https://secure-login-134.com/reset?id=2217,12,6,0,1,2,3,1,0,0,1,4.423,phishing
https://office365-login-109.com/account?id=4583,15,8,0,1,2,3,4,0,0,1,3.797,phishing
https://secure-login-116.org/update?id=1108,12,7,0,1,2,3,4,0,0,1,3.219,phishing
https://amazon-support-614.info/login?id=8054,14,6,0,1,2,1,1,0,0,1,4.669,phishing
https://office365-login-639.net/reset?id=5135,15,6,0,1,2,2,3,0,0,1,4.472,phishing
https://banking-update-349.org/reset?id=4700,14,6,0,1,2,2,1,0,0,1,4.246,phishing
https://example.com/products,7,9,0,1,1,0,0,0,0,0,2.455,legitimate
https://paypal-secure-184.com/account?id=9189,13,8,0,1,2,2,3,0,0,1,4.105,phishing
https://example.com/api/v1,7,7,0,1,1,0,0,0,0,0,2.254,legitimate
https://netflix.net/about,7,6,0,1,1,0,0,0,0,0,2.056,legitimate
https://amazon-support-970.com/account?id=6152,14,8,0,1,2,1,2,0,0,1,4.139,phishing
https://microsoft.com/about,9,6,0,1,1,0,0,0,0,0,2.195,legitimate
https://banking-update-873.info/update?id=3292,14,7,0,1,2,3,1,0,0,1,4.001,phishing
https://example.com/products,7,9,0,1,1,0,0,0,0,0,2.279,legitimate
https://secure-login-130.org/verify?id=5478,12,7,0,1,2,2,4,0,0,1,3.565,phishing
https://banking-update-796.org/account?id=7227,14,8,0,1,2,1,3,0,0,1,4.477,phishing
https://example.edu/api/v1,7,7,0,1,1,0,0,0,0,0,2.456,legitimate
https://bankofamerica.net/about,13,6,0,1,1,0,0,0,0,0,2.433,legitimate
https://amazon-support-879.org/verify?id=5419,14,7,0,1,2,1,2,0,0,1,3.34,phishing
https://secure-login-126.org/login?id=2468,12,6,0,1,2,2,1,0,0,1,4.155,phishing
https://microsoft.com/about,9,6,0,1,1,0,0,0,0,0,2.497,legitimate
https://netflix.org/support,7,8,0,1,1,0,0,0,0,0,2.625,legitimate
https://office365-login-408.net/verify?id=5397,15,7,0,1,2,2,2,0,0,1,3.301,phishing
https://banking-update-901.info/update?id=2260,14,7,0,1,2,2,3,0,0,1,4.711,phishing
https://microsoft.org/products,9,9,0,1,1,0,0,0,0,0,2.128,legitimate
https://banking-update-489.info/reset?id=6399,14,6,0,1,2,2,3,0,0,1,3.889,phishing
https://netflix.org/about,7,6,0,1,1,0,0,0,0,0,2.385,legitimate
https://bankofamerica.net/about,13,6,0,1,1,0,0,0,0,0,2.213,legitimate
https://amazon-support-689.info/update?id=4971,14,7,0,1,2,2,4,0,0,1,3.648,phishing
https://github.com/support,6,8,0,1,1,0,0,0,0,0,2.24,legitimate
https://bankofamerica.com/products,13,9,0,1,1,0,0,0,0,0,3.132,legitimate
https://amazon-support-789.com/update?id=9180,14,7,0,1,2,1,3,0,0,1,3.587,phishing
https://banking-update-559.org/login?id=8851,14,6,0,1,2,3,4,0,0,1,4.055,phishing
https://microsoft.com/about,9,6,0,1,1,0,0,0,0,0,2.842,legitimate
https://netflix.com/docs,7,5,0,1,1,0,0,0,0,0,2.923,legitimate
https://amazon-support-145.net/reset?id=7547,14,6,0,1,2,2,4,0,0,1,3.37,phishing
https://office365-login-483.net/update?id=7408,15,7,0,1,2,2,2,0,0,1,3.752,phishing
https://paypal-secure-187.info/update?id=2901,13,7,0,1,2,3,2,0,0,1,3.757,phishing
https://office365-login-587.org/verify?id=2599,15,7,0,1,2,2,4,0,0,1,3.71,phishing
https://paypal-secure-763.com/verify?id=2791,13,7,0,1,2,3,2,0,0,1,4.688,phishing
https://netflix.org/support,7,8,0,1,1,0,0,0,0,0,2.192,legitimate
https://banking-update-744.net/update?id=4022,14,7,0,1,2,1,4,0,0,1,3.833,phishing
https://bankofamerica.net/support,13,8,0,1,1,0,0,0,0,0,2.515,legitimate
https://office365-login-870.net/verify?id=2025,15,7,0,1,2,3,1,0,0,1,4.479,phishing
https://amazon-support-568.info/account?id=2867,14,8,0,1,2,2,4,0,0,1,4.044,phishing
https://secure-login-501.org/reset?id=2871,12,6,0,1,2,2,3,0,0,1,4.553,phishing
https://amazon-support-420.com/account?id=2931,14,8,0,1,2,1,3,0,0,1,3.387,phishing
https://office365-login-710.org/update?id=3258,15,7,0,1,2,3,4,0,0,1,3.877,phishing
https://secure-login-270.net/reset?id=9022,12,6,0,1,2,2,2,0,0,1,3.499,phishing
https://netflix.com/about,7,6,0,1,1,0,0,0,0,0,3.142,legitimate
https://office365-login-617.org/reset?id=9109,15,6,0,1,2,2,4,0,0,1,3.865,phishing
https://microsoft.org/docs,9,5,0,1,1,0,0,0,0,0,2.678,legitimate
https://bankofamerica.edu/docs,13,5,0,1,1,0,0,0,0,0,2.33,legitimate
https://office365-login-860.org/reset?id=9115,15,6,0,1,2,3,1,0,0,1,4.116,phishing
https://secure-login-942.info/reset?id=1681,12,6,0,1,2,3,4,0,0,1,4.074,phishing
https://example.org/about,7,6,0,1,1,0,0,0,0,0,3.05,legitimate
https://amazon-support-549.info/login?id=2923,14,6,0,1,2,1,2,0,0,1,4.497,phishing
https://amazon-support-730.org/account?id=3281,14,8,0,1,2,1,2,0,0,1,4.489,phishing
https://secure-login-651.info/reset?id=3758,12,6,0,1,2,2,3,0,0,1,3.663,phishing
https://secure-login-868.com/account?id=7743,12,8,0,1,2,1,3,0,0,1,4.587,phishing
https://office365-login-828.net/account?id=6277,15,8,0,1,2,1,4,0,0,1,3.983,phishing
https://amazon-support-562.org/update?id=2237,14,7,0,1,2,3,1,0,0,1,3.845,phishing
https://github.net/products,6,9,0,1,1,0,0,0,0,0,2.393,legitimate
https://paypal-secure-970.org/verify?id=2037,13,7,0,1,2,3,4,0,0,1,3.549,phishing
https://office365-login-430.org/verify?id=5646,15,7,0,1,2,2,2,0,0,1,4.106,phishing
https://amazon-support-201.com/login?id=8529,14,6,0,1,2,1,1,0,0,1,4.687,phishing
https://banking-update-307.com/update?id=3161,14,7,0,1,2,3,3,0,0,1,3.454,phishing
https://github.com/about,6,6,0,1,1,0,0,0,0,0,2.3,legitimate
https://office365-login-740.com/update?id=6005,15,7,0,1,2,3,2,0,0,1,3.887,phishing
https://paypal-secure-588.com/account?id=2276,13,8,0,1,2,1,2,0,0,1,4.031,phishing
https://paypal-secure-980.info/login?id=7919,13,6,0,1,2,3,2,0,0,1,3.964,phishing
https://paypal-secure-420.com/login?id=7022,13,6,0,1,2,2,2,0,0,1,3.812,phishing
https://bankofamerica.org/docs,13,5,0,1,1,0,0,0,0,0,2.637,legitimate
https://office365-login-839.org/verify?id=4490,15,7,0,1,2,3,2,0,0,1,4.672,phishing
https://banking-update-202.net/login?id=3293,14,6,0,1,2,1,4,0,0,1,3.762,phishing
https://office365-login-760.net/verify?id=2380,15,7,0,1,2,1,3,0,0,1,4.446,phishing
https://amazon-support-721.net/reset?id=9348,14,6,0,1,2,1,4,0,0,1,3.673,phishing
https://office365-login-215.org/update?id=4949,15,7,0,1,2,2,1,0,0,1,4.045,phishing
https://github.edu/api/v1,6,7,0,1,1,0,0,0,0,0,2.464,legitimate
https://microsoft.edu/support,9,8,0,1,1,0,0,0,0,0,2.82,legitimate
https://example.com/support,7,8,0,1,1,0,0,0,0,0,2.081,legitimate
https://paypal-secure-618.com/update?id=5693,13,7,0,1,2,3,4,0,0,1,3.878,phishing
https://secure-login-185.net/verify?id=6077,12,7,0,1,2,1,2,0,0,1,4.759,phishing
https://amazon-support-749.org/reset?id=2083,14,6,0,1,2,2,4,0,0,1,4.368,phishing
https://example.org/docs,7,5,0,1,1,0,0,0,0,0,3.11,legitimate
https://secure-login-782.com/verify?id=3877,12,7,0,1,2,1,1,0,0,1,4.333,phishing
https://bankofamerica.net/about,13,6,0,1,1,0,0,0,0,0,2.628,legitimate
https://github.org/about,6,6,0,1,1,0,0,0,0,0,2.152,legitimate
https://github.com/docs,6,5,0,1,1,0,0,0,0,0,2.402,legitimate
https://secure-login-829.com/verify?id=2262,12,7,0,1,2,2,4,0,0,1,4.017,phishing
https://secure-login-261.net/verify?id=5179,12,7,0,1,2,1,1,0,0,1,3.565,phishing
https://paypal-secure-147.com/account?id=8729,13,8,0,1,2,2,4,0,0,1,4.672,phishing
https://paypal-secure-429.org/account?id=5067,13,8,0,1,2,2,3,0,0,1,3.634,phishing
https://amazon-support-789.com/reset?id=1862,14,6,0,1,2,1,2,0,0,1,4.487,phishing
https://microsoft.com/products,9,9,0,1,1,0,0,0,0,0,3.039,legitimate
https://github.edu/docs,6,5,0,1,1,0,0,0,0,0,2.664,legitimate
https://office365-login-903.info/reset?id=5979,15,6,0,1,2,3,2,0,0,1,3.942,phishing
https://banking-update-878.net/reset?id=5016,14,6,0,1,2,1,1,0,0,1,4.692,phishing
https://secure-login-443.info/login?id=1023,12,6,0,1,2,3,4,0,0,1,4.558,phishing
https://example.org/support,7,8,0,1,1,0,0,0,0,0,3.18,legitimate
https://paypal-secure-195.net/verify?id=1719,13,7,0,1,2,1,4,0,0,1,4.321,phishing
https://paypal-secure-236.com/reset?id=7461,13,6,0,1,2,1,1,0,0,1,3.896,phishing
https://bankofamerica.edu/about,13,6,0,1,1,0,0,0,0,0,3.021,legitimate
https://microsoft.edu/about,9,6,0,1,1,0,0,0,0,0,2.543,legitimate
https://office365-login-211.net/reset?id=3546,15,6,0,1,2,1,2,0,0,1,3.919,phishing
https://paypal-secure-562.info/account?id=6051,13,8,0,1,2,2,3,0,0,1,4.564,phishing
https://amazon-support-955.com/account?id=6370,14,8,0,1,2,1,1,0,0,1,4.338,phishing
https://microsoft.com/about,9,6,0,1,1,0,0,0,0,0,2.312,legitimate
https://example.net/products,7,9,0,1,1,0,0,0,0,0,2.667,legitimate
https://paypal-secure-923.org/login?id=3290,13,6,0,1,2,1,1,0,0,1,3.299,phishing
https://bankofamerica.org/api/v1,13,7,0,1,1,0,0,0,0,0,2.988,legitimate
https://paypal-secure-122.info/login?id=2056,13,6,0,1,2,1,4,0,0,1,4.495,phishing
https://amazon-support-572.com/login?id=1829,14,6,0,1,2,1,4,0,0,1,4.515,phishing
https://paypal-secure-276.org/update?id=6799,13,7,0,1,2,1,2,0,0,1,3.64,phishing
https://office365-login-734.com/reset?id=5026,15,6,0,1,2,3,3,0,0,1,3.998,phishing
https://microsoft.com/docs,9,5,0,1,1,0,0,0,0,0,2.336,legitimate
https://office365-login-913.net/reset?id=1319,15,6,0,1,2,2,3,0,0,1,3.967,phishing
https://github.edu/products,6,9,0,1,1,0,0,0,0,0,2.325,legitimate
https://secure-login-930.net/login?id=5602,12,6,0,1,2,1,4,0,0,1,4.047,phishing
https://bankofamerica.org/docs,13,5,0,1,1,0,0,0,0,0,2.297,legitimate
https://secure-login-689.com/account?id=7363,12,8,0,1,2,2,2,0,0,1,3.482,phishing
https://amazon-support-681.com/verify?id=3328,14,7,0,1,2,3,2,0,0,1,4.539,phishing
https://microsoft.edu/api/v1,9,7,0,1,1,0,0,0,0,0,2.589,legitimate
https://office365-login-639.net/login?id=8831,15,6,0,1,2,1,3,0,0,1,4.669,phishing
https://office365-login-921.info/account?id=6301,15,8,0,1,2,1,1,0,0,1,3.436,phishing
https://bankofamerica.com/support,13,8,0,1,1,0,0,0,0,0,3.033,legitimate
https://github.net/support,6,8,0,1,1,0,0,0,0,0,2.121,legitimate
https://office365-login-910.net/update?id=8982,15,7,0,1,2,3,3,0,0,1,3.479,phishing
https://netflix.edu/api/v1,7,7,0,1,1,0,0,0,0,0,2.799,legitimate
https://microsoft.edu/about,9,6,0,1,1,0,0,0,0,0,2.153,legitimate
https://netflix.net/support,7,8,0,1,1,0,0,0,0,0,2.039,legitimate
https://secure-login-206.net/reset?id=9129,12,6,0,1,2,1,3,0,0,1,4.393,phishing
https://amazon-support-941.net/login?id=6500,14,6,0,1,2,2,1,0,0,1,3.624,phishing
https://paypal-secure-905.info/verify?id=2770,13,7,0,1,2,3,1,0,0,1,3.277,phishing
https://banking-update-604.net/update?id=7204,14,7,0,1,2,2,4,0,0,1,3.362,phishing
https://secure-login-562.net/account?id=2207,12,8,0,1,2,1,3,0,0,1,3.232,phishing
https://paypal-secure-274.com/verify?id=7151,13,7,0,1,2,1,1,0,0,1,4.075,phishing
https://example.edu/support,7,8,0,1,1,0,0,0,0,0,3.182,legitimate
https://example.net/api/v1,7,7,0,1,1,0,0,0,0,0,2.729,legitimate
https://paypal-secure-310.com/verify?id=4112,13,7,0,1,2,2,3,0,0,1,4.257,phishing
https://paypal-secure-685.com/update?id=9043,13,7,0,1,2,1,1,0,0,1,3.777,phishing
https://amazon-support-199.org/account?id=1421,14,8,0,1,2,1,2,0,0,1,4.221,phishing
https://microsoft.com/about,9,6,0,1,1,0,0,0,0,0,2.942,legitimate
https://amazon-support-496.com/reset?id=4029,14,6,0,1,2,2,4,0,0,1,3.791,phishing
https://amazon-support-369.org/update?id=4706,14,7,0,1,2,2,1,0,0,1,3.442,phishing
https://paypal-secure-927.com/verify?id=9871,13,7,0,1,2,2,2,0,0,1,4.086,phishing
https://netflix.net/support,7,8,0,1,1,0,0,0,0,0,2.824,legitimate
https://netflix.org/products,7,9,0,1,1,0,0,0,0,0,2.359,legitimate
https://paypal-secure-875.net/login?id=8357,13,6,0,1,2,1,2,0,0,1,4.755,phishing
https://bankofamerica.com/products,13,9,0,1,1,0,0,0,0,0,2.094,legitimate
https://office365-login-364.net/reset?id=6238,15,6,0,1,2,3,1,0,0,1,3.339,phishing
https://secure-login-632.info/verify?id=8506,12,7,0,1,2,1,4,0,0,1,3.38,phishing
https://secure-login-676.com/login?id=2654,12,6,0,1,2,2,3,0,0,1,4.605,phishing
https://banking-update-276.org/login?id=5512,14,6,0,1,2,2,2,0,0,1,4.189,phishing
https://banking-update-439.com/update?id=4892,14,7,0,1,2,1,4,0,0,1,4.673,phishing
https://example.edu/about,7,6,0,1,1,0,0,0,0,0,2.373,legitimate
https://example.org/api/v1,7,7,0,1,1,0,0,0,0,0,2.361,legitimate
https://github.edu/products,6,9,0,1,1,0,0,0,0,0,2.726,legitimate
https://banking-update-858.net/update?id=8937,14,7,0,1,2,3,3,0,0,1,4.514,phishing
https://office365-login-826.com/verify?id=9303,15,7,0,1,2,2,2,0,0,1,4.449,phishing
https://secure-login-297.com/account?id=4288,12,8,0,1,2,1,2,0,0,1,3.253,phishing
https://amazon-support-477.net/verify?id=8605,14,7,0,1,2,3,4,0,0,1,4.217,phishing
https://paypal-secure-600.net/verify?id=8308,13,7,0,1,2,1,4,0,0,1,4.139,phishing
https://office365-login-391.info/login?id=1449,15,6,0,1,2,2,1,0,0,1,3.461,phishing
https://office365-login-793.net/account?id=4387,15,8,0,1,2,2,4,0,0,1,4.021,phishing
https://example.net/api/v1,7,7,0,1,1,0,0,0,0,0,2.777,legitimate
https://paypal-secure-722.net/verify?id=6004,13,7,0,1,2,3,3,0,0,1,3.878,phishing
https://amazon-support-323.org/verify?id=8646,14,7,0,1,2,2,4,0,0,1,4.135,phishing
https://amazon-support-800.info/verify?id=2771,14,7,0,1,2,2,1,0,0,1,3.738,phishing
https://amazon-support-771.info/verify?id=5895,14,7,0,1,2,1,2,0,0,1,4.028,phishing
https://paypal-secure-797.org/verify?id=3292,13,7,0,1,2,3,1,0,0,1,4.249,phishing
https://github.net/products,6,9,0,1,1,0,0,0,0,0,2.466,legitimate
https://secure-login-843.net/verify?id=4643,12,7,0,1,2,3,4,0,0,1,4.65,phishing
https://secure-login-960.info/account?id=3967,12,8,0,1,2,2,1,0,0,1,3.953,phishing
https://netflix.org/about,7,6,0,1,1,0,0,0,0,0,2.785,legitimate
https://office365-login-907.info/update?id=6428,15,7,0,1,2,2,3,0,0,1,4.137,phishing
https://paypal-secure-987.org/login?id=2166,13,6,0,1,2,2,2,0,0,1,4.001,phishing
https://microsoft.edu/products,9,9,0,1,1,0,0,0,0,0,2.065,legitimate
https://bankofamerica.org/about,13,6,0,1,1,0,0,0,0,0,2.491,legitimate
https://banking-update-983.net/verify?id=3954,14,7,0,1,2,1,4,0,0,1,3.732,phishing
https://github.com/docs,6,5,0,1,1,0,0,0,0,0,2.542,legitimate
https://office365-login-904.net/update?id=2442,15,7,0,1,2,1,4,0,0,1,4.214,phishing
https://banking-update-138.org/login?id=9745,14,6,0,1,2,1,3,0,0,1,4.72,phishing
https://netflix.org/docs,7,5,0,1,1,0,0,0,0,0,2.812,legitimate
https://office365-login-419.net/verify?id=3112,15,7,0,1,2,1,4,0,0,1,4.005,phishing
https://paypal-secure-397.com/verify?id=8469,13,7,0,1,2,3,3,0,0,1,3.894,phishing
https://office365-login-467.info/update?id=4087,15,7,0,1,2,1,4,0,0,1,3.231,phishing
https://office365-login-703.net/login?id=9267,15,6,0,1,2,1,1,0,0,1,3.787,phishing
https://paypal-secure-889.org/verify?id=9761,13,7,0,1,2,3,1,0,0,1,4.15,phishing
https://paypal-secure-806.com/login?id=2897,13,6,0,1,2,2,4,0,0,1,3.808,phishing
https://banking-update-811.net/account?id=1152,14,8,0,1,2,2,4,0,0,1,4.259,phishing
https://amazon-support-950.net/update?id=2718,14,7,0,1,2,3,1,0,0,1,3.652,phishing
https://microsoft.org/support,9,8,0,1,1,0,0,0,0,0,2.24,legitimate
https://secure-login-820.net/verify?id=7713,12,7,0,1,2,2,2,0,0,1,3.263,phishing
https://office365-login-340.org/verify?id=1044,15,7,0,1,2,1,1,0,0,1,4.651,phishing
https://microsoft.org/docs,9,5,0,1,1,0,0,0,0,0,2.935,legitimate
https://paypal-secure-567.info/account?id=5850,13,8,0,1,2,2,4,0,0,1,3.28,phishing
https://example.edu/about,7,6,0,1,1,0,0,0,0,0,2.962,legitimate
https://paypal-secure-109.com/login?id=3267,13,6,0,1,2,3,2,0,0,1,3.726,phishing
https://netflix.edu/docs,7,5,0,1,1,0,0,0,0,0,2.447,legitimate
https://paypal-secure-567.org/update?id=5453,13,7,0,1,2,2,4,0,0,1,4.48,phishing
https://office365-login-812.com/account?id=1960,15,8,0,1,2,1,1,0,0,1,3.866,phishing
https://secure-login-725.org/account?id=7221,12,8,0,1,2,2,1,0,0,1,4.58,phishing
https://bankofamerica.net/products,13,9,0,1,1,0,0,0,0,0,2.136,legitimate
https://paypal-secure-770.com/verify?id=6148,13,7,0,1,2,1,2,0,0,1,4.765,phishing
https://amazon-support-777.com/update?id=5072,14,7,0,1,2,2,3,0,0,1,4.262,phishing
https://office365-login-758.com/login?id=3571,15,6,0,1,2,3,4,0,0,1,4.563,phishing
https://example.net/about,7,6,0,1,1,0,0,0,0,0,2.289,legitimate
https://example.org/support,7,8,0,1,1,0,0,0,0,0,2.772,legitimate
https://office365-login-554.com/update?id=8341,15,7,0,1,2,1,4,0,0,1,3.915,phishing
https://banking-update-513.com/login?id=7755,14,6,0,1,2,1,1,0,0,1,4.521,phishing
https://netflix.edu/support,7,8,0,1,1,0,0,0,0,0,2.675,legitimate
https://banking-update-945.info/verify?id=1889,14,7,0,1,2,1,4,0,0,1,3.731,phishing
https://netflix.net/about,7,6,0,1,1,0,0,0,0,0,2.859,legitimate
https://office365-login-463.com/verify?id=5783,15,7,0,1,2,3,3,0,0,1,4.323,phishing
https://office365-login-941.org/account?id=7704,15,8,0,1,2,1,3,0,0,1,4.177,phishing
https://banking-update-944.net/update?id=4122,14,7,0,1,2,3,3,0,0,1,3.372,phishing
https://secure-login-568.com/update?id=9260,12,7,0,1,2,1,4,0,0,1,3.207,phishing
https://netflix.net/support,7,8,0,1,1,0,0,0,0,0,2.58,legitimate
https://office365-login-206.net/account?id=7347,15,8,0,1,2,3,3,0,0,1,4.007,phishing
https://secure-login-507.net/verify?id=6617,12,7,0,1,2,2,4,0,0,1,4.488,phishing
https://secure-login-981.info/reset?id=6143,12,6,0,1,2,3,2,0,0,1,3.521,phishing
https://amazon-support-827.info/account?id=3913,14,8,0,1,2,3,3,0,0,1,4.337,phishing
https://netflix.net/support,7,8,0,1,1,0,0,0,0,0,2.685,legitimate
https://banking-update-927.info/update?id=1209,14,7,0,1,2,3,1,0,0,1,3.24,phishing
https://paypal-secure-868.net/verify?id=3636,13,7,0,1,2,2,3,0,0,1,3.434,phishing
https://amazon-support-133.net/reset?id=6876,14,6,0,1,2,2,1,0,0,1,4.186,phishing
https://secure-login-498.net/reset?id=4892,12,6,0,1,2,3,3,0,0,1,4.309,phishing
https://banking-update-907.org/update?id=6122,14,7,0,1,2,3,1,0,0,1,3.221,phishing
https://secure-login-748.org/account?id=7025,12,8,0,1,2,3,2,0,0,1,4.442,phishing
https://github.net/api/v1,6,7,0,1,1,0,0,0,0,0,3.18,legitimate
https://office365-login-141.com/update?id=8020,15,7,0,1,2,2,3,0,0,1,3.408,phishing
https://amazon-support-577.com/verify?id=3536,14,7,0,1,2,1,2,0,0,1,4.686,phishing
https://secure-login-908.info/update?id=6866,12,7,0,1,2,1,3,0,0,1,4.041,phishing
https://netflix.com/support,7,8,0,1,1,0,0,0,0,0,2.191,legitimate
https://banking-update-326.com/verify?id=4495,14,7,0,1,2,3,3,0,0,1,3.73,phishing
https://secure-login-943.org/reset?id=1144,12,6,0,1,2,1,3,0,0,1,3.913,phishing
https://netflix.org/docs,7,5,0,1,1,0,0,0,0,0,2.819,legitimate
https://paypal-secure-653.org/verify?id=5633,13,7,0,1,2,1,3,0,0,1,4.023,phishing
https://banking-update-767.com/verify?id=4154,14,7,0,1,2,2,1,0,0,1,4.717,phishing
https://secure-login-315.com/login?id=4492,12,6,0,1,2,3,4,0,0,1,4.537,phishing
https://banking-update-124.com/account?id=8523,14,8,0,1,2,3,3,0,0,1,3.261,phishing
https://office365-login-172.info/reset?id=4729,15,6,0,1,2,2,4,0,0,1,3.821,phishing
https://banking-update-498.info/login?id=2938,14,6,0,1,2,3,1,0,0,1,4.226,phishing
https://secure-login-466.com/login?id=9238,12,6,0,1,2,1,3,0,0,1,4.459,phishing
https://paypal-secure-490.info/update?id=7473,13,7,0,1,2,3,1,0,0,1,3.958,phishing
https://office365-login-402.org/reset?id=3360,15,6,0,1,2,2,3,0,0,1,4.732,phishing
https://secure-login-142.net/login?id=1082,12,6,0,1,2,3,4,0,0,1,4.059,phishing
https://github.org/about,6,6,0,1,1,0,0,0,0,0,2.254,legitimate
https://netflix.org/api/v1,7,7,0,1,1,0,0,0,0,0,2.221,legitimate
https://amazon-support-285.net/login?id=1891,14,6,0,1,2,3,4,0,0,1,4.231,phishing
https://paypal-secure-302.info/login?id=8982,13,6,0,1,2,2,3,0,0,1,3.405,phishing
https://paypal-secure-171.info/reset?id=4170,13,6,0,1,2,2,4,0,0,1,3.921,phishing
https://amazon-support-680.net/reset?id=6971,14,6,0,1,2,2,4,0,0,1,3.47,phishing
https://office365-login-960.org/verify?id=6889,15,7,0,1,2,1,3,0,0,1,4.605,phishing
https://amazon-support-664.info/update?id=2783,14,7,0,1,2,1,1,0,0,1,4.547,phishing
https://bankofamerica.org/about,13,6,0,1,1,0,0,0,0,0,2.88,legitimate
https://paypal-secure-746.com/reset?id=1511,13,6,0,1,2,3,4,0,0,1,4.431,phishing
https://paypal-secure-652.info/reset?id=8734,13,6,0,1,2,3,2,0,0,1,3.785,phishing
https://secure-login-575.info/account?id=9210,12,8,0,1,2,3,1,0,0,1,3.835,phishing
https://office365-login-243.net/reset?id=8310,15,6,0,1,2,1,2,0,0,1,4.106,phishing
https://office365-login-141.org/verify?id=4585,15,7,0,1,2,2,2,0,0,1,3.301,phishing
https://paypal-secure-910.net/reset?id=6918,13,6,0,1,2,2,4,0,0,1,4.669,phishing
https://example.edu/docs,7,5,0,1,1,0,0,0,0,0,2.844,legitimate
https://amazon-support-657.info/reset?id=3848,14,6,0,1,2,2,4,0,0,1,3.784,phishing
https://paypal-secure-328.info/update?id=9460,13,7,0,1,2,2,3,0,0,1,4.508,phishing
https://banking-update-242.com/reset?id=8207,14,6,0,1,2,1,2,0,0,1,3.323,phishing
https://office365-login-261.net/account?id=6934,15,8,0,1,2,3,1,0,0,1,4.258,phishing
https://amazon-support-791.com/update?id=8844,14,7,0,1,2,2,2,0,0,1,4.145,phishing
https://banking-update-144.com/account?id=3095,14,8,0,1,2,3,2,0,0,1,3.416,phishing
https://secure-login-270.net/login?id=5231,12,6,0,1,2,1,4,0,0,1,4.159,phishing
https://paypal-secure-321.info/login?id=8359,13,6,0,1,2,3,4,0,0,1,4.588,phishing
https://banking-update-940.net/reset?id=3979,14,6,0,1,2,3,3,0,0,1,3.468,phishing
https://banking-update-487.com/account?id=7315,14,8,0,1,2,1,1,0,0,1,3.227,phishing
https://secure-login-720.org/account?id=2577,12,8,0,1,2,1,4,0,0,1,4.643,phishing
https://secure-login-593.com/login?id=3135,12,6,0,1,2,3,1,0,0,1,4.635,phishing
https://microsoft.net/about,9,6,0,1,1,0,0,0,0,0,3.05,legitimate
https://banking-update-908.net/update?id=7246,14,7,0,1,2,2,1,0,0,1,3.881,phishing
https://office365-login-712.com/verify?id=9908,15,7,0,1,2,2,3,0,0,1,3.502,phishing
https://example.com/support,7,8,0,1,1,0,0,0,0,0,2.009,legitimate
https://amazon-support-209.org/verify?id=3535,14,7,0,1,2,2,3,0,0,1,3.618,phishing
https://secure-login-382.info/reset?id=7511,12,6,0,1,2,1,4,0,0,1,4.083,phishing
https://office365-login-668.info/reset?id=8925,15,6,0,1,2,2,3,0,0,1,4.124,phishing
https://microsoft.org/docs,9,5,0,1,1,0,0,0,0,0,2.897,legitimate
https://office365-login-620.com/account?id=7562,15,8,0,1,2,2,1,0,0,1,3.457,phishing
https://example.com/api/v1,7,7,0,1,1,0,0,0,0,0,2.566,legitimate
https://paypal-secure-327.com/verify?id=7075,13,7,0,1,2,1,1,0,0,1,4.359,phishing
https://microsoft.edu/support,9,8,0,1,1,0,0,0,0,0,2.069,legitimate
https://bankofamerica.net/products,13,9,0,1,1,0,0,0,0,0,2.013,legitimate
https://netflix.edu/api/v1,7,7,0,1,1,0,0,0,0,0,2.04,legitimate
https://secure-login-273.net/reset?id=1590,12,6,0,1,2,2,2,0,0,1,4.248,phishing
https://example.edu/products,7,9,0,1,1,0,0,0,0,0,2.424,legitimate
https://secure-login-115.net/reset?id=2124,12,6,0,1,2,1,3,0,0,1,4.362,phishing
https://secure-login-935.info/verify?id=5530,12,7,0,1,2,1,2,0,0,1,3.928,phishing
https://paypal-secure-516.info/account?id=9294,13,8,0,1,2,1,1,0,0,1,4.005,phishing
https://paypal-secure-932.info/reset?id=5098,13,6,0,1,2,3,4,0,0,1,4.746,phishing
https://office365-login-797.info/update?id=8548,15,7,0,1,2,3,1,0,0,1,3.971,phishing
https://banking-update-919.net/account?id=6172,14,8,0,1,2,2,3,0,0,1,4.026,phishing
https://amazon-support-195.net/verify?id=7536,14,7,0,1,2,3,3,0,0,1,3.322,phishing
https://microsoft.edu/about,9,6,0,1,1,0,0,0,0,0,2.262,legitimate
https://office365-login-854.net/update?id=4271,15,7,0,1,2,1,2,0,0,1,4.596,phishing
https://office365-login-464.net/reset?id=3555,15,6,0,1,2,1,1,0,0,1,4.672,phishing
https://banking-update-143.com/reset?id=8901,14,6,0,1,2,2,3,0,0,1,3.988,phishing
https://netflix.edu/products,7,9,0,1,1,0,0,0,0,0,2.219,legitimate
https://netflix.edu/products,7,9,0,1,1,0,0,0,0,0,2.267,legitimate
https://paypal-secure-653.org/update?id=1533,13,7,0,1,2,3,3,0,0,1,3.83,phishing
https://office365-login-815.org/login?id=9490,15,6,0,1,2,2,3,0,0,1,4.303,phishing
https://office365-login-203.org/reset?id=6331,15,6,0,1,2,2,3,0,0,1,3.499,phishing
https://amazon-support-451.org/reset?id=6995,14,6,0,1,2,1,4,0,0,1,3.878,phishing
https://amazon-support-386.info/update?id=8384,14,7,0,1,2,1,2,0,0,1,4.767,phishing
https://paypal-secure-668.info/account?id=8081,13,8,0,1,2,2,2,0,0,1,3.433,phishing
https://bankofamerica.net/docs,13,5,0,1,1,0,0,0,0,0,2.212,legitimate
https://secure-login-407.info/update?id=5111,12,7,0,1,2,3,1,0,0,1,3.837,phishing
https://paypal-secure-587.net/verify?id=2577,13,7,0,1,2,2,3,0,0,1,3.616,phishing
https://secure-login-120.info/verify?id=7746,12,7,0,1,2,1,3,0,0,1,4.588,phishing
https://bankofamerica.org/about,13,6,0,1,1,0,0,0,0,0,2.426,legitimate
https://banking-update-490.org/login?id=5694,14,6,0,1,2,2,2,0,0,1,4.589,phishing
https://amazon-support-685.org/reset?id=7631,14,6,0,1,2,1,1,0,0,1,3.459,phishing
https://amazon-support-719.info/verify?id=7479,14,7,0,1,2,2,4,0,0,1,4.45,phishing
https://netflix.net/products,7,9,0,1,1,0,0,0,0,0,2.201,legitimate
https://bankofamerica.org/about,13,6,0,1,1,0,0,0,0,0,3.129,legitimate
https://example.org/api/v1,7,7,0,1,1,0,0,0,0,0,2.476,legitimate
https://banking-update-889.com/login?id=7504,14,6,0,1,2,3,1,0,0,1,3.366,phishing
https://paypal-secure-334.org/verify?id=5053,13,7,0,1,2,3,3,0,0,1,3.909,phishing
https://secure-login-135.net/login?id=6846,12,6,0,1,2,2,4,0,0,1,3.948,phishing
https://github.net/api/v1,6,7,0,1,1,0,0,0,0,0,3.163,legitimate
https://office365-login-545.org/reset?id=9576,15,6,0,1,2,3,3,0,0,1,4.654,phishing
https://office365-login-415.com/update?id=6992,15,7,0,1,2,2,3,0,0,1,3.449,phishing
https://secure-login-393.net/verify?id=8687,12,7,0,1,2,3,1,0,0,1,4.3,phishing
https://banking-update-884.info/login?id=8052,14,6,0,1,2,2,2,0,0,1,4.475,phishing
https://office365-login-547.org/reset?id=7467,15,6,0,1,2,1,2,0,0,1,4.344,phishing
https://banking-update-181.net/verify?id=7917,14,7,0,1,2,3,2,0,0,1,4.027,phishing
https://netflix.edu/about,7,6,0,1,1,0,0,0,0,0,2.778,legitimate
https://amazon-support-973.org/account?id=2121,14,8,0,1,2,1,2,0,0,1,3.663,phishing
https://secure-login-817.org/verify?id=9060,12,7,0,1,2,1,3,0,0,1,3.231,phishing
https://secure-login-204.com/account?id=5622,12,8,0,1,2,2,2,0,0,1,4.344,phishing
https://bankofamerica.com/api/v1,13,7,0,1,1,0,0,0,0,0,2.018,legitimate
https://banking-update-480.info/update?id=8597,14,7,0,1,2,3,1,0,0,1,3.728,phishing
https://bankofamerica.com/about,13,6,0,1,1,0,0,0,0,0,2.931,legitimate
https://banking-update-961.net/account?id=5097,14,8,0,1,2,2,1,0,0,1,3.395,phishing
https://bankofamerica.net/products,13,9,0,1,1,0,0,0,0,0,2.297,legitimate
https://bankofamerica.net/docs,13,5,0,1,1,0,0,0,0,0,2.625,legitimate
https://microsoft.net/about,9,6,0,1,1,0,0,0,0,0,3.123,legitimate
https://paypal-secure-592.com/verify?id=5895,13,7,0,1,2,1,3,0,0,1,4.62,phishing
https://bankofamerica.com/api/v1,13,7,0,1,1,0,0,0,0,0,2.759,legitimate
https://office365-login-222.info/reset?id=7484,15,6,0,1,2,1,1,0,0,1,4.75,phishing
https://banking-update-889.net/verify?id=2466,14,7,0,1,2,1,2,0,0,1,4.0,phishing
https://amazon-support-464.com/login?id=3521,14,6,0,1,2,3,1,0,0,1,3.401,phishing
https://secure-login-850.info/update?id=4161,12,7,0,1,2,1,4,0,0,1,3.773,phishing
https://paypal-secure-672.org/update?id=5828,13,7,0,1,2,3,4,0,0,1,3.504,phishing
https://amazon-support-381.info/update?id=3627,14,7,0,1,2,1,2,0,0,1,3.919,phishing
https://netflix.edu/products,7,9,0,1,1,0,0,0,0,0,2.001,legitimate
https://banking-update-734.net/login?id=6965,14,6,0,1,2,3,2,0,0,1,3.713,phishing
https://secure-login-636.org/account?id=9151,12,8,0,1,2,3,2,0,0,1,4.181,phishing
https://amazon-support-635.com/login?id=2092,14,6,0,1,2,1,2,0,0,1,3.486,phishing
https://paypal-secure-201.org/account?id=1521,13,8,0,1,2,3,4,0,0,1,4.253,phishing
https://secure-login-475.info/login?id=4616,12,6,0,1,2,3,1,0,0,1,3.221,phishing
https://microsoft.com/products,9,9,0,1,1,0,0,0,0,0,2.961,legitimate
https://secure-login-913.org/verify?id=1955,12,7,0,1,2,3,3,0,0,1,4.046,phishing
https://github.com/api/v1,6,7,0,1,1,0,0,0,0,0,3.153,legitimate
https://office365-login-297.org/account?id=9621,15,8,0,1,2,3,2,0,0,1,4.112,phishing
https://netflix.net/docs,7,5,0,1,1,0,0,0,0,0,2.92,legitimate
https://banking-update-270.org/login?id=3955,14,6,0,1,2,3,4,0,0,1,4.008,phishing
https://secure-login-422.org/verify?id=6319,12,7,0,1,2,2,4,0,0,1,4.423,phishing
https://amazon-support-658.net/reset?id=4504,14,6,0,1,2,2,3,0,0,1,3.776,phishing
https://banking-update-391.com/login?id=1267,14,6,0,1,2,3,2,0,0,1,4.789,phishing
https://amazon-support-976.net/account?id=6159,14,8,0,1,2,1,3,0,0,1,4.671,phishing
https://secure-login-138.net/login?id=8542,12,6,0,1,2,2,2,0,0,1,3.421,phishing
https://secure-login-362.net/account?id=5920,12,8,0,1,2,1,4,0,0,1,4.111,phishing
https://paypal-secure-277.info/update?id=8999,13,7,0,1,2,3,1,0,0,1,4.152,phishing
https://secure-login-898.org/login?id=1916,12,6,0,1,2,2,3,0,0,1,4.608,phishing
https://paypal-secure-111.net/reset?id=7266,13,6,0,1,2,1,3,0,0,1,4.039,phishing
https://secure-login-614.net/verify?id=4617,12,7,0,1,2,1,1,0,0,1,4.278,phishing
https://microsoft.com/api/v1,9,7,0,1,1,0,0,0,0,0,2.518,legitimate
https://bankofamerica.org/about,13,6,0,1,1,0,0,0,0,0,2.099,legitimate
https://paypal-secure-187.org/verify?id=7529,13,7,0,1,2,3,4,0,0,1,4.438,phishing
https://office365-login-302.org/reset?id=8993,15,6,0,1,2,2,2,0,0,1,4.098,phishing
https://netflix.org/api/v1,7,7,0,1,1,0,0,0,0,0,2.086,legitimate
https://github.com/docs,6,5,0,1,1,0,0,0,0,0,2.806,legitimate
https://amazon-support-452.net/verify?id=1396,14,7,0,1,2,2,2,0,0,1,4.78,phishing
https://banking-update-145.net/update?id=4825,14,7,0,1,2,1,3,0,0,1,3.45,phishing
https://example.com/docs,7,5,0,1,1,0,0,0,0,0,2.292,legitimate
https://office365-login-451.info/login?id=2823,15,6,0,1,2,2,4,0,0,1,3.954,phishing
https://secure-login-659.net/account?id=9573,12,8,0,1,2,2,4,0,0,1,4.197,phishing
https://example.net/support,7,8,0,1,1,0,0,0,0,0,3.087,legitimate
https://amazon-support-390.net/login?id=4288,14,6,0,1,2,3,3,0,0,1,3.285,phishing
https://paypal-secure-776.com/update?id=5445,13,7,0,1,2,3,3,0,0,1,4.583,phishing
https://banking-update-620.net/update?id=2631,14,7,0,1,2,2,4,0,0,1,4.587,phishing
https://office365-login-568.net/reset?id=1352,15,6,0,1,2,1,2,0,0,1,4.676,phishing
https://banking-update-118.org/account?id=6681,14,8,0,1,2,3,3,0,0,1,3.769,phishing
https://secure-login-740.info/login?id=5221,12,6,0,1,2,2,1,0,0,1,4.711,phishing
https://bankofamerica.org/about,13,6,0,1,1,0,0,0,0,0,3.077,legitimate
https://paypal-secure-794.org/reset?id=4726,13,6,0,1,2,2,2,0,0,1,4.117,phishing
https://amazon-support-655.info/update?id=3158,14,7,0,1,2,1,2,0,0,1,4.13,phishing
https://office365-login-805.net/verify?id=9582,15,7,0,1,2,1,4,0,0,1,4.793,phishing
https://bankofamerica.org/about,13,6,0,1,1,0,0,0,0,0,2.081,legitimate
https://paypal-secure-959.net/verify?id=3384,13,7,0,1,2,3,1,0,0,1,4.425,phishing
https://microsoft.net/about,9,6,0,1,1,0,0,0,0,0,2.532,legitimate
https://github.org/api/v1,6,7,0,1,1,0,0,0,0,0,2.128,legitimate
https://secure-login-680.info/reset?id=4783,12,6,0,1,2,3,2,0,0,1,3.569,phishing
https://paypal-secure-614.org/account?id=8680,13,8,0,1,2,3,3,0,0,1,3.494,phishing
https://banking-update-297.net/account?id=4707,14,8,0,1,2,1,4,0,0,1,4.423,phishing
https://amazon-support-860.org/account?id=4323,14,8,0,1,2,1,1,0,0,1,3.483,phishing
https://microsoft.net/about,9,6,0,1,1,0,0,0,0,0,3.04,legitimate
https://microsoft.net/docs,9,5,0,1,1,0,0,0,0,0,2.73,legitimate
https://github.net/support,6,8,0,1,1,0,0,0,0,0,3.127,legitimate
https://secure-login-211.com/reset?id=8399,12,6,0,1,2,2,1,0,0,1,4.604,phishing
https://secure-login-671.org/login?id=7347,12,6,0,1,2,3,1,0,0,1,3.504,phishing
https://amazon-support-270.info/update?id=7921,14,7,0,1,2,2,1,0,0,1,4.304,phishing
https://microsoft.net/docs,9,5,0,1,1,0,0,0,0,0,2.867,legitimate
https://secure-login-523.net/update?id=6299,12,7,0,1,2,2,1,0,0,1,3.486,phishing
https://office365-login-356.org/login?id=6309,15,6,0,1,2,3,2,0,0,1,4.349,phishing
https://paypal-secure-187.org/verify?id=9582,13,7,0,1,2,3,4,0,0,1,4.363,phishing
https://netflix.org/products,7,9,0,1,1,0,0,0,0,0,2.66,legitimate
https://office365-login-992.info/reset?id=3459,15,6,0,1,2,1,2,0,0,1,3.486,phishing
https://microsoft.edu/about,9,6,0,1,1,0,0,0,0,0,2.876,legitimate
https://github.org/docs,6,5,0,1,1,0,0,0,0,0,3.078,legitimate
https://example.edu/docs,7,5,0,1,1,0,0,0,0,0,2.55,legitimate
https://netflix.com/support,7,8,0,1,1,0,0,0,0,0,3.059,legitimate
https://secure-login-519.org/update?id=8239,12,7,0,1,2,1,1,0,0,1,3.592,phishing
https://secure-login-289.net/login?id=3429,12,6,0,1,2,1,3,0,0,1,3.259,phishing
https://netflix.edu/about,7,6,0,1,1,0,0,0,0,0,3.104,legitimate
https://banking-update-788.net/account?id=5659,14,8,0,1,2,3,2,0,0,1,4.746,phishing
https://github.com/docs,6,5,0,1,1,0,0,0,0,0,2.922,legitimate
https://banking-update-963.com/update?id=2063,14,7,0,1,2,2,4,0,0,1,3.415,phishing
https://amazon-support-523.info/reset?id=9595,14,6,0,1,2,1,2,0,0,1,4.179,phishing
https://secure-login-841.com/update?id=5705,12,7,0,1,2,2,3,0,0,1,3.615,phishing
https://secure-login-729.info/account?id=9132,12,8,0,1,2,3,4,0,0,1,3.988,phishing
https://secure-login-298.net/verify?id=1025,12,7,0,1,2,1,1,0,0,1,3.944,phishing
https://bankofamerica.net/products,13,9,0,1,1,0,0,0,0,0,2.055,legitimate
https://office365-login-806.com/account?id=5614,15,8,0,1,2,2,1,0,0,1,3.692,phishing
https://amazon-support-802.com/login?id=6460,14,6,0,1,2,2,4,0,0,1,4.359,phishing
https://paypal-secure-438.net/account?id=6536,13,8,0,1,2,3,4,0,0,1,4.666,phishing
https://bankofamerica.net/api/v1,13,7,0,1,1,0,0,0,0,0,2.753,legitimate
https://netflix.edu/products,7,9,0,1,1,0,0,0,0,0,2.941,legitimate
https://paypal-secure-842.info/reset?id=6169,13,6,0,1,2,3,1,0,0,1,3.533,phishing
https://amazon-support-387.com/account?id=1510,14,8,0,1,2,2,4,0,0,1,4.202,phishing
https://netflix.net/api/v1,7,7,0,1,1,0,0,0,0,0,2.714,legitimate
https://github.edu/docs,6,5,0,1,1,0,0,0,0,0,2.326,legitimate
https://office365-login-949.info/update?id=5958,15,7,0,1,2,1,3,0,0,1,3.48,phishing
https://paypal-secure-554.net/login?id=9290,13,6,0,1,2,1,4,0,0,1,4.648,phishing
https://amazon-support-417.org/reset?id=6363,14,6,0,1,2,1,1,0,0,1,4.515,phishing
https://bankofamerica.org/docs,13,5,0,1,1,0,0,0,0,0,2.551,legitimate
https://netflix.com/docs,7,5,0,1,1,0,0,0,0,0,2.373,legitimate
https://secure-login-578.com/verify?id=1755,12,7,0,1,2,1,3,0,0,1,3.236,phishing
https://bankofamerica.edu/api/v1,13,7,0,1,1,0,0,0,0,0,2.231,legitimate
https://amazon-support-379.org/login?id=3446,14,6,0,1,2,1,3,0,0,1,3.383,phishing
https://netflix.com/api/v1,7,7,0,1,1,0,0,0,0,0,2.651,legitimate
https://amazon-support-687.net/verify?id=5011,14,7,0,1,2,1,1,0,0,1,3.698,phishing
https://netflix.net/docs,7,5,0,1,1,0,0,0,0,0,2.156,legitimate
https://paypal-secure-155.com/update?id=2410,13,7,0,1,2,2,4,0,0,1,3.486,phishing
https://secure-login-464.org/reset?id=6119,12,6,0,1,2,2,2,0,0,1,4.341,phishing
https://secure-login-681.com/update?id=3159,12,7,0,1,2,1,4,0,0,1,3.356,phishing
https://banking-update-329.org/account?id=3354,14,8,0,1,2,3,3,0,0,1,4.661,phishing
https://amazon-support-599.info/update?id=1495,14,7,0,1,2,1,4,0,0,1,3.381,phishing
https://office365-login-718.info/verify?id=3087,15,7,0,1,2,3,1,0,0,1,3.849,phishing
https://example.edu/support,7,8,0,1,1,0,0,0,0,0,2.779,legitimate
https://netflix.net/products,7,9,0,1,1,0,0,0,0,0,2.709,legitimate
https://office365-login-493.net/update?id=2082,15,7,0,1,2,2,2,0,0,1,4.502,phishing
https://banking-update-810.info/reset?id=4869,14,6,0,1,2,1,1,0,0,1,4.383,phishing
https://microsoft.com/support,9,8,0,1,1,0,0,0,0,0,2.715,legitimate
https://paypal-secure-415.org/account?id=7648,13,8,0,1,2,1,1,0,0,1,4.297,phishing
https://banking-update-760.info/update?id=2007,14,7,0,1,2,1,2,0,0,1,4.507,phishing
https://example.org/api/v1,7,7,0,1,1,0,0,0,0,0,2.544,legitimate
https://secure-login-310.org/account?id=6187,12,8,0,1,2,2,3,0,0,1,4.67,phishing
https://github.com/support,6,8,0,1,1,0,0,0,0,0,2.01,legitimate
https://microsoft.org/about,9,6,0,1,1,0,0,0,0,0,2.075,legitimate
https://example.com/support,7,8,0,1,1,0,0,0,0,0,2.985,legitimate
https://amazon-support-542.com/account?id=7459,14,8,0,1,2,3,3,0,0,1,4.339,phishing
https://banking-update-586.net/account?id=3278,14,8,0,1,2,1,4,0,0,1,4.549,phishing
https://banking-update-993.net/verify?id=3056,14,7,0,1,2,1,1,0,0,1,3.315,phishing
https://banking-update-186.org/account?id=3248,14,8,0,1,2,3,4,0,0,1,4.576,phishing
https://netflix.net/support,7,8,0,1,1,0,0,0,0,0,2.216,legitimate
https://secure-login-463.org/update?id=4698,12,7,0,1,2,1,4,0,0,1,4.167,phishing
https://office365-login-659.info/update?id=7012,15,7,0,1,2,1,1,0,0,1,4.109,phishing
https://example.net/docs,7,5,0,1,1,0,0,0,0,0,2.171,legitimate
https://github.net/support,6,8,0,1,1,0,0,0,0,0,2.094,legitimate
https://example.org/products,7,9,0,1,1,0,0,0,0,0,2.757,legitimate
https://paypal-secure-154.info/reset?id=6628,13,6,0,1,2,3,1,0,0,1,3.95,phishing
https://banking-update-461.info/update?id=5827,14,7,0,1,2,2,2,0,0,1,3.257,phishing
https://github.edu/docs,6,5,0,1,1,0,0,0,0,0,2.755,legitimate
https://secure-login-928.com/verify?id=1447,12,7,0,1,2,2,4,0,0,1,3.332,phishing
https://amazon-support-730.info/account?id=5603,14,8,0,1,2,2,3,0,0,1,3.223,phishing
https://office365-login-478.net/update?id=3873,15,7,0,1,2,2,2,0,0,1,3.976,phishing
https://example.edu/docs,7,5,0,1,1,0,0,0,0,0,3.161,legitimate
https://office365-login-888.org/update?id=7277,15,7,0,1,2,1,4,0,0,1,4.362,phishing
https://secure-login-757.info/login?id=5331,12,6,0,1,2,1,1,0,0,1,3.468,phishing
https://amazon-support-339.org/reset?id=7222,14,6,0,1,2,3,4,0,0,1,3.959,phishing
https://banking-update-916.com/verify?id=8353,14,7,0,1,2,2,3,0,0,1,4.739,phishing
https://paypal-secure-752.com/reset?id=6797,13,6,0,1,2,2,3,0,0,1,3.736,phishing
https://paypal-secure-500.info/reset?id=8554,13,6,0,1,2,3,2,0,0,1,4.375,phishing
https://office365-login-420.info/account?id=9972,15,8,0,1,2,1,1,0,0,1,4.531,phishing
https://paypal-secure-459.com/update?id=4594,13,7,0,1,2,3,3,0,0,1,3.603,phishing
https://secure-login-708.com/login?id=4552,12,6,0,1,2,3,1,0,0,1,4.333,phishing
https://secure-login-772.net/update?id=4027,12,7,0,1,2,1,2,0,0,1,3.605,phishing
https://paypal-secure-887.org/verify?id=7995,13,7,0,1,2,3,3,0,0,1,3.612,phishing
https://github.com/products,6,9,0,1,1,0,0,0,0,0,2.466,legitimate
https://github.edu/api/v1,6,7,0,1,1,0,0,0,0,0,2.529,legitimate
https://office365-login-760.org/account?id=9061,15,8,0,1,2,1,2,0,0,1,4.065,phishing
https://secure-login-832.com/update?id=5243,12,7,0,1,2,1,1,0,0,1,3.317,phishing
https://amazon-support-609.org/login?id=3438,14,6,0,1,2,3,1,0,0,1,4.693,phishing
https://amazon-support-500.net/verify?id=1060,14,7,0,1,2,3,4,0,0,1,3.965,phishing
https://paypal-secure-493.net/login?id=8898,13,6,0,1,2,1,3,0,0,1,3.734,phishing
https://paypal-secure-647.com/verify?id=6571,13,7,0,1,2,1,4,0,0,1,4.417,phishing
https://office365-login-140.net/reset?id=7294,15,6,0,1,2,3,2,0,0,1,3.678,phishing
https://paypal-secure-186.info/update?id=8175,13,7,0,1,2,3,2,0,0,1,3.424,phishing
https://secure-login-498.net/update?id=2032,12,7,0,1,2,3,3,0,0,1,3.999,phishing
https://microsoft.com/docs,9,5,0,1,1,0,0,0,0,0,2.407,legitimate
https://paypal-secure-316.org/login?id=9570,13,6,0,1,2,2,2,0,0,1,4.386,phishing
https://paypal-secure-600.com/account?id=1312,13,8,0,1,2,2,1,0,0,1,3.588,phishing
https://paypal-secure-414.net/login?id=2594,13,6,0,1,2,2,2,0,0,1,4.537,phishing
https://paypal-secure-709.com/update?id=4613,13,7,0,1,2,1,2,0,0,1,3.882,phishing
https://microsoft.edu/docs,9,5,0,1,1,0,0,0,0,0,3.171,legitimate
https://office365-login-882.info/account?id=1746,15,8,0,1,2,3,2,0,0,1,3.737,phishing
https://office365-login-813.org/account?id=7060,15,8,0,1,2,3,2,0,0,1,3.902,phishing
https://example.org/docs,7,5,0,1,1,0,0,0,0,0,2.949,legitimate
https://banking-update-598.net/login?id=2322,14,6,0,1,2,1,1,0,0,1,3.487,phishing
https://secure-login-810.info/update?id=8798,12,7,0,1,2,3,2,0,0,1,3.53,phishing
https://secure-login-344.org/update?id=3859,12,7,0,1,2,3,1,0,0,1,4.154,phishing
https://netflix.com/about,7,6,0,1,1,0,0,0,0,0,2.417,legitimate
https://office365-login-642.net/login?id=2567,15,6,0,1,2,3,3,0,0,1,4.58,phishing
https://netflix.org/products,7,9,0,1,1,0,0,0,0,0,2.924,legitimate
https://amazon-support-215.com/account?id=3444,14,8,0,1,2,3,4,0,0,1,3.996,phishing
https://paypal-secure-391.com/verify?id=4433,13,7,0,1,2,2,3,0,0,1,3.735,phishing
https://microsoft.com/docs,9,5,0,1,1,0,0,0,0,0,2.889,legitimate
https://bankofamerica.org/docs,13,5,0,1,1,0,0,0,0,0,2.582,legitimate
https://office365-login-693.org/reset?id=6340,15,6,0,1,2,2,2,0,0,1,4.395,phishing
https://bankofamerica.com/about,13,6,0,1,1,0,0,0,0,0,2.273,legitimate
https://banking-update-325.net/update?id=2204,14,7,0,1,2,2,4,0,0,1,3.287,phishing
https://office365-login-496.org/account?id=7119,15,8,0,1,2,1,4,0,0,1,4.352,phishing
https://amazon-support-230.net/verify?id=1525,14,7,0,1,2,3,1,0,0,1,3.649,phishing
https://banking-update-275.org/update?id=6629,14,7,0,1,2,1,3,0,0,1,4.166,phishing
https://netflix.org/support,7,8,0,1,1,0,0,0,0,0,3.164,legitimate
https://example.net/support,7,8,0,1,1,0,0,0,0,0,2.587,legitimate
https://netflix.net/products,7,9,0,1,1,0,0,0,0,0,2.335,legitimate
https://bankofamerica.org/about,13,6,0,1,1,0,0,0,0,0,2.521,legitimate
https://secure-login-105.net/reset?id=7844,12,6,0,1,2,1,1,0,0,1,4.786,phishing
https://netflix.com/products,7,9,0,1,1,0,0,0,0,0,2.637,legitimate
https://paypal-secure-346.org/update?id=2361,13,7,0,1,2,3,1,0,0,1,4.309,phishing
https://office365-login-402.net/verify?id=4916,15,7,0,1,2,3,1,0,0,1,3.225,phishing
https://office365-login-865.org/reset?id=1399,15,6,0,1,2,2,4,0,0,1,4.435,phishing
https://microsoft.org/about,9,6,0,1,1,0,0,0,0,0,2.752,legitimate
https://example.com/products,7,9,0,1,1,0,0,0,0,0,3.072,legitimate
https://paypal-secure-870.info/update?id=5420,13,7,0,1,2,3,2,0,0,1,4.46,phishing
https://amazon-support-790.com/reset?id=6963,14,6,0,1,2,1,1,0,0,1,3.813,phishing
https://paypal-secure-279.info/verify?id=2097,13,7,0,1,2,3,2,0,0,1,3.421,phishing
https://secure-login-855.com/update?id=4437,12,7,0,1,2,3,2,0,0,1,3.713,phishing
https://netflix.net/about,7,6,0,1,1,0,0,0,0,0,2.065,legitimate
https://banking-update-639.org/reset?id=3010,14,6,0,1,2,2,3,0,0,1,3.923,phishing
https://paypal-secure-189.net/update?id=2313,13,7,0,1,2,2,2,0,0,1,3.661,phishing
https://example.org/about,7,6,0,1,1,0,0,0,0,0,2.134,legitimate
https://office365-login-742.net/reset?id=1371,15,6,0,1,2,2,4,0,0,1,4.751,phishing
https://office365-login-530.org/verify?id=8272,15,7,0,1,2,3,1,0,0,1,3.666,phishing
https://office365-login-692.info/update?id=6616,15,7,0,1,2,3,3,0,0,1,3.978,phishing
https://secure-login-411.org/update?id=3161,12,7,0,1,2,2,2,0,0,1,4.463,phishing
https://amazon-support-251.info/login?id=6785,14,6,0,1,2,2,4,0,0,1,4.73,phishing
https://office365-login-279.info/account?id=3514,15,8,0,1,2,1,2,0,0,1,3.387,phishing
https://netflix.org/products,7,9,0,1,1,0,0,0,0,0,2.312,legitimate
https://secure-login-452.com/verify?id=3423,12,7,0,1,2,2,4,0,0,1,4.064,phishing
https://amazon-support-514.com/login?id=9182,14,6,0,1,2,1,4,0,0,1,4.684,phishing
https://secure-login-585.info/verify?id=5748,12,7,0,1,2,3,2,0,0,1,4.479,phishing
https://microsoft.edu/docs,9,5,0,1,1,0,0,0,0,0,2.878,legitimate
https://bankofamerica.com/about,13,6,0,1,1,0,0,0,0,0,2.03,legitimate
https://office365-login-194.org/verify?id=6347,15,7,0,1,2,1,2,0,0,1,4.133,phishing
https://amazon-support-185.net/login?id=9821,14,6,0,1,2,2,1,0,0,1,4.761,phishing
https://banking-update-719.info/reset?id=9381,14,6,0,1,2,1,3,0,0,1,3.836,phishing
https://microsoft.edu/products,9,9,0,1,1,0,0,0,0,0,2.447,legitimate
https://amazon-support-995.info/update?id=2435,14,7,0,1,2,1,4,0,0,1,4.386,phishing
https://banking-update-925.info/account?id=7944,14,8,0,1,2,3,4,0,0,1,3.423,phishing
https://paypal-secure-410.net/account?id=8776,13,8,0,1,2,3,3,0,0,1,3.306,phishing
https://microsoft.com/docs,9,5,0,1,1,0,0,0,0,0,2.491,legitimate
https://microsoft.org/support,9,8,0,1,1,0,0,0,0,0,2.555,legitimate
https://office365-login-952.net/account?id=7254,15,8,0,1,2,2,4,0,0,1,3.268,phishing
https://netflix.edu/products,7,9,0,1,1,0,0,0,0,0,2.671,legitimate
https://paypal-secure-368.com/account?id=5917,13,8,0,1,2,3,4,0,0,1,3.399,phishing
https://amazon-support-603.org/account?id=5009,14,8,0,1,2,1,1,0,0,1,4.424,phishing
https://paypal-secure-592.info/reset?id=8144,13,6,0,1,2,2,4,0,0,1,4.759,phishing
https://github.com/about,6,6,0,1,1,0,0,0,0,0,2.195,legitimate
https://amazon-support-465.org/account?id=3675,14,8,0,1,2,1,3,0,0,1,3.778,phishing
https://amazon-support-398.com/verify?id=9677,14,7,0,1,2,3,1,0,0,1,4.022,phishing
https://bankofamerica.com/support,13,8,0,1,1,0,0,0,0,0,2.903,legitimate
https://amazon-support-801.info/verify?id=6939,14,7,0,1,2,1,3,0,0,1,4.517,phishing
https://secure-login-897.info/verify?id=8944,12,7,0,1,2,2,3,0,0,1,4.673,phishing
https://office365-login-326.net/reset?id=4087,15,6,0,1,2,3,1,0,0,1,3.868,phishing
https://example.org/docs,7,5,0,1,1,0,0,0,0,0,2.575,legitimate
https://amazon-support-711.net/update?id=9570,14,7,0,1,2,2,2,0,0,1,4.336,phishing
https://paypal-secure-977.net/account?id=3332,13,8,0,1,2,3,2,0,0,1,3.692,phishing
https://paypal-secure-179.org/login?id=1308,13,6,0,1,2,2,4,0,0,1,3.268,phishing
https://secure-login-221.com/update?id=5145,12,7,0,1,2,1,1,0,0,1,3.683,phishing
https://paypal-secure-310.com/reset?id=4277,13,6,0,1,2,1,3,0,0,1,3.247,phishing
https://amazon-support-264.info/verify?id=9202,14,7,0,1,2,3,2,0,0,1,4.008,phishing
https://secure-login-322.com/reset?id=4138,12,6,0,1,2,2,2,0,0,1,4.643,phishing
https://paypal-secure-971.net/reset?id=8777,13,6,0,1,2,2,2,0,0,1,3.903,phishing
https://bankofamerica.edu/products,13,9,0,1,1,0,0,0,0,0,2.509,legitimate
https://banking-update-226.com/verify?id=8633,14,7,0,1,2,1,2,0,0,1,3.993,phishing
https://amazon-support-435.com/login?id=9088,14,6,0,1,2,1,4,0,0,1,3.654,phishing
https://amazon-support-667.org/account?id=7672,14,8,0,1,2,2,4,0,0,1,3.502,phishing
https://banking-update-113.info/account?id=9055,14,8,0,1,2,3,1,0,0,1,3.834,phishing
https://paypal-secure-504.com/account?id=7563,13,8,0,1,2,3,1,0,0,1,4.386,phishing
https://bankofamerica.com/about,13,6,0,1,1,0,0,0,0,0,3.17,legitimate
https://secure-login-338.org/login?id=7958,12,6,0,1,2,3,4,0,0,1,3.646,phishing
https://netflix.edu/products,7,9,0,1,1,0,0,0,0,0,2.427,legitimate
https://banking-update-385.org/reset?id=3414,14,6,0,1,2,2,1,0,0,1,3.396,phishing
https://office365-login-201.net/login?id=1865,15,6,0,1,2,1,4,0,0,1,4.285,phishing
https://microsoft.edu/api/v1,9,7,0,1,1,0,0,0,0,0,2.363,legitimate
https://paypal-secure-306.org/update?id=5809,13,7,0,1,2,3,4,0,0,1,3.984,phishing
https://amazon-support-540.com/login?id=2951,14,6,0,1,2,2,4,0,0,1,3.703,phishing
https://banking-update-281.com/login?id=5965,14,6,0,1,2,3,2,0,0,1,3.986,phishing
https://banking-update-682.org/login?id=9037,14,6,0,1,2,3,4,0,0,1,3.961,phishing
https://netflix.com/products,7,9,0,1,1,0,0,0,0,0,2.316,legitimate
https://banking-update-428.info/verify?id=2006,14,7,0,1,2,1,1,0,0,1,3.405,phishing
https://secure-login-489.com/verify?id=2594,12,7,0,1,2,2,3,0,0,1,4.787,phishing
https://paypal-secure-340.net/account?id=6113,13,8,0,1,2,3,1,0,0,1,4.657,phishing
https://amazon-support-273.com/verify?id=1322,14,7,0,1,2,3,3,0,0,1,3.26,phishing
https://banking-update-120.org/verify?id=8695,14,7,0,1,2,3,1,0,0,1,4.777,phishing
https://banking-update-200.info/reset?id=9001,14,6,0,1,2,1,2,0,0,1,3.738,phishing
https://amazon-support-406.net/reset?id=6952,14,6,0,1,2,2,2,0,0,1,3.995,phishing
https://example.org/about,7,6,0,1,1,0,0,0,0,0,2.318,legitimate
https://secure-login-739.org/account?id=2506,12,8,0,1,2,3,1,0,0,1,4.147,phishing
https://secure-login-314.org/update?id=6690,12,7,0,1,2,1,3,0,0,1,4.007,phishing
https://secure-login-524.info/account?id=7591,12,8,0,1,2,2,4,0,0,1,4.274,phishing
https://paypal-secure-611.net/reset?id=4489,13,6,0,1,2,3,4,0,0,1,3.629,phishing
https://secure-login-844.org/reset?id=1981,12,6,0,1,2,3,2,0,0,1,3.783,phishing
https://office365-login-520.info/update?id=6220,15,7,0,1,2,1,2,0,0,1,4.554,phishing
https://amazon-support-803.net/verify?id=4868,14,7,0,1,2,2,2,0,0,1,3.382,phishing
https://office365-login-597.info/update?id=8145,15,7,0,1,2,2,1,0,0,1,3.523,phishing
https://paypal-secure-774.info/verify?id=3883,13,7,0,1,2,3,1,0,0,1,4.742,phishing
https://paypal-secure-421.com/login?id=5882,13,6,0,1,2,1,4,0,0,1,4.635,phishing
https://paypal-secure-341.org/account?id=2833,13,8,0,1,2,3,1,0,0,1,4.035,phishing
https://netflix.edu/products,7,9,0,1,1,0,0,0,0,0,3.061,legitimate
https://paypal-secure-952.info/verify?id=7388,13,7,0,1,2,3,2,0,0,1,4.697,phishing
https://paypal-secure-381.net/account?id=8200,13,8,0,1,2,2,3,0,0,1,4.581,phishing
https://secure-login-424.info/login?id=9941,12,6,0,1,2,2,4,0,0,1,4.292,phishing
https://bankofamerica.edu/products,13,9,0,1,1,0,0,0,0,0,2.859,legitimate
https://example.com/docs,7,5,0,1,1,0,0,0,0,0,2.829,legitimate
https://bankofamerica.edu/support,13,8,0,1,1,0,0,0,0,0,2.462,legitimate
https://amazon-support-987.com/reset?id=4872,14,6,0,1,2,2,4,0,0,1,3.213,phishing
https://github.edu/docs,6,5,0,1,1,0,0,0,0,0,3.124,legitimate
https://github.org/api/v1,6,7,0,1,1,0,0,0,0,0,3.099,legitimate
https://banking-update-987.com/verify?id=2312,14,7,0,1,2,2,4,0,0,1,4.379,phishing
https://github.net/docs,6,5,0,1,1,0,0,0,0,0,2.989,legitimate
https://secure-login-530.com/verify?id=9973,12,7,0,1,2,3,3,0,0,1,3.925,phishing
https://paypal-secure-910.net/update?id=3229,13,7,0,1,2,1,4,0,0,1,3.52,phishing
https://secure-login-261.com/login?id=5089,12,6,0,1,2,3,2,0,0,1,4.555,phishing
https://amazon-support-994.org/update?id=3187,14,7,0,1,2,2,2,0,0,1,4.3,phishing
https://github.org/docs,6,5,0,1,1,0,0,0,0,0,2.497,legitimate
https://banking-update-123.net/login?id=4747,14,6,0,1,2,1,4,0,0,1,3.517,phishing
https://bankofamerica.com/products,13,9,0,1,1,0,0,0,0,0,2.742,legitimate
https://office365-login-274.com/verify?id=2922,15,7,0,1,2,1,4,0,0,1,4.437,phishing
https://microsoft.com/api/v1,9,7,0,1,1,0,0,0,0,0,2.856,legitimate
https://amazon-support-491.info/update?id=3133,14,7,0,1,2,2,2,0,0,1,4.16,phishing
https://github.org/products,6,9,0,1,1,0,0,0,0,0,2.216,legitimate
https://example.edu/about,7,6,0,1,1,0,0,0,0,0,2.283,legitimate
https://office365-login-800.info/reset?id=8506,15,6,0,1,2,1,1,0,0,1,3.95,phishing
https://microsoft.org/products,9,9,0,1,1,0,0,0,0,0,2.85,legitimate
https://github.com/docs,6,5,0,1,1,0,0,0,0,0,2.668,legitimate
https://office365-login-720.org/verify?id=1745,15,7,0,1,2,1,3,0,0,1,4.007,phishing
https://banking-update-672.info/account?id=1673,14,8,0,1,2,3,2,0,0,1,3.616,phishing
https://amazon-support-191.org/account?id=6198,14,8,0,1,2,3,4,0,0,1,3.427,phishing
https://paypal-secure-992.net/update?id=5603,13,7,0,1,2,3,3,0,0,1,4.682,phishing
https://amazon-support-420.info/reset?id=8139,14,6,0,1,2,1,3,0,0,1,4.379,phishing
https://office365-login-293.org/login?id=3435,15,6,0,1,2,1,2,0,0,1,3.493,phishing
https://office365-login-218.org/update?id=9108,15,7,0,1,2,1,4,0,0,1,3.77,phishing
https://microsoft.net/products,9,9,0,1,1,0,0,0,0,0,2.135,legitimate
https://bankofamerica.com/about,13,6,0,1,1,0,0,0,0,0,2.112,legitimate
https://bankofamerica.org/support,13,8,0,1,1,0,0,0,0,0,2.987,legitimate
https://secure-login-104.net/reset?id=9618,12,6,0,1,2,3,2,0,0,1,3.866,phishing
https://banking-update-126.com/verify?id=5657,14,7,0,1,2,3,1,0,0,1,3.831,phishing
https://paypal-secure-129.info/account?id=2328,13,8,0,1,2,2,4,0,0,1,3.926,phishing
https://netflix.com/about,7,6,0,1,1,0,0,0,0,0,3.164,legitimate
https://banking-update-232.info/reset?id=4463,14,6,0,1,2,1,3,0,0,1,3.717,phishing
https://paypal-secure-508.org/login?id=5180,13,6,0,1,2,1,2,0,0,1,4.744,phishing
https://example.com/api/v1,7,7,0,1,1,0,0,0,0,0,2.196,legitimate
https://github.org/docs,6,5,0,1,1,0,0,0,0,0,2.358,legitimate
https://github.org/about,6,6,0,1,1,0,0,0,0,0,2.799,legitimate
https://netflix.org/products,7,9,0,1,1,0,0,0,0,0,2.535,legitimate
https://amazon-support-874.org/login?id=7922,14,6,0,1,2,2,2,0,0,1,3.895,phishing
https://paypal-secure-792.info/update?id=4673,13,7,0,1,2,3,2,0,0,1,4.689,phishing
https://secure-login-579.com/verify?id=8165,12,7,0,1,2,1,4,0,0,1,3.681,phishing
https://github.org/support,6,8,0,1,1,0,0,0,0,0,2.513,legitimate
https://secure-login-625.com/login?id=2763,12,6,0,1,2,3,4,0,0,1,3.861,phishing
https://secure-login-360.info/verify?id=2339,12,7,0,1,2,3,1,0,0,1,3.382,phishing
https://office365-login-146.net/update?id=2364,15,7,0,1,2,2,3,0,0,1,3.702,phishing
https://microsoft.edu/about,9,6,0,1,1,0,0,0,0,0,3.16,legitimate
https://bankofamerica.org/api/v1,13,7,0,1,1,0,0,0,0,0,2.094,legitimate
https://github.com/products,6,9,0,1,1,0,0,0,0,0,2.641,legitimate
https://paypal-secure-771.com/account?id=8817,13,8,0,1,2,2,4,0,0,1,4.59,phishing
https://netflix.net/about,7,6,0,1,1,0,0,0,0,0,2.742,legitimate
https://github.net/about,6,6,0,1,1,0,0,0,0,0,2.105,legitimate
https://office365-login-812.com/login?id=4083,15,6,0,1,2,1,2,0,0,1,3.97,phishing
https://office365-login-295.org/reset?id=2410,15,6,0,1,2,2,4,0,0,1,3.437,phishing
https://paypal-secure-856.net/account?id=8295,13,8,0,1,2,2,4,0,0,1,3.231,phishing
https://office365-login-683.net/verify?id=7418,15,7,0,1,2,1,3,0,0,1,3.213,phishing
https://banking-update-854.org/update?id=5764,14,7,0,1,2,1,4,0,0,1,3.839,phishing
https://secure-login-831.org/account?id=1994,12,8,0,1,2,3,1,0,0,1,3.875,phishing
https://paypal-secure-584.info/update?id=2915,13,7,0,1,2,2,3,0,0,1,3.917,phishing
https://office365-login-580.info/account?id=6633,15,8,0,1,2,2,2,0,0,1,4.012,phishing
https://amazon-support-400.org/account?id=7395,14,8,0,1,2,2,3,0,0,1,4.474,phishing
https://bankofamerica.org/about,13,6,0,1,1,0,0,0,0,0,2.829,legitimate
https://banking-update-304.net/account?id=3561,14,8,0,1,2,3,4,0,0,1,3.361,phishing
https://banking-update-314.info/account?id=1770,14,8,0,1,2,1,3,0,0,1,4.609,phishing
https://office365-login-132.net/reset?id=2043,15,6,0,1,2,2,4,0,0,1,3.382,phishing
https://secure-login-364.net/update?id=6575,12,7,0,1,2,2,1,0,0,1,4.432,phishing
https://office365-login-548.com/login?id=8489,15,6,0,1,2,1,1,0,0,1,4.451,phishing
https://paypal-secure-207.com/reset?id=3736,13,6,0,1,2,3,1,0,0,1,4.593,phishing
https://bankofamerica.edu/products,13,9,0,1,1,0,0,0,0,0,2.914,legitimate
https://paypal-secure-442.net/verify?id=3257,13,7,0,1,2,1,2,0,0,1,3.903,phishing
https://paypal-secure-449.net/update?id=5698,13,7,0,1,2,3,2,0,0,1,3.336,phishing
https://banking-update-255.info/account?id=9677,14,8,0,1,2,2,2,0,0,1,3.421,phishing
https://banking-update-913.org/reset?id=6927,14,6,0,1,2,1,4,0,0,1,3.433,phishing
https://secure-login-446.com/login?id=6157,12,6,0,1,2,2,2,0,0,1,3.895,phishing
https://paypal-secure-159.net/reset?id=9516,13,6,0,1,2,2,4,0,0,1,3.843,phishing
https://secure-login-452.info/verify?id=1129,12,7,0,1,2,2,2,0,0,1,4.32,phishing
https://office365-login-931.org/verify?id=7627,15,7,0,1,2,1,3,0,0,1,3.335,phishing
https://banking-update-653.net/reset?id=5651,14,6,0,1,2,1,1,0,0,1,4.019,phishing
https://amazon-support-128.net/login?id=9846,14,6,0,1,2,3,3,0,0,1,3.586,phishing
https://microsoft.com/docs,9,5,0,1,1,0,0,0,0,0,3.01,legitimate
https://secure-login-148.info/login?id=3043,12,6,0,1,2,2,3,0,0,1,4.116,phishing
https://amazon-support-679.net/reset?id=9737,14,6,0,1,2,3,2,0,0,1,3.761,phishing
https://secure-login-632.net/update?id=5057,12,7,0,1,2,1,3,0,0,1,4.026,phishing
https://amazon-support-250.org/login?id=7974,14,6,0,1,2,2,1,0,0,1,3.348,phishing
https://office365-login-556.org/account?id=2279,15,8,0,1,2,2,4,0,0,1,4.141,phishing
https://banking-update-610.info/reset?id=7937,14,6,0,1,2,2,4,0,0,1,4.371,phishing
https://office365-login-230.net/reset?id=8942,15,6,0,1,2,3,4,0,0,1,3.407,phishing
https://netflix.com/api/v1,7,7,0,1,1,0,0,0,0,0,2.547,legitimate
https://office365-login-716.info/login?id=7694,15,6,0,1,2,1,1,0,0,1,3.791,phishing
https://secure-login-480.net/login?id=5995,12,6,0,1,2,2,3,0,0,1,3.67,phishing
https://office365-login-531.net/reset?id=1797,15,6,0,1,2,2,3,0,0,1,3.545,phishing
https://microsoft.com/docs,9,5,0,1,1,0,0,0,0,0,2.657,legitimate
https://paypal-secure-686.org/update?id=6074,13,7,0,1,2,3,4,0,0,1,4.64,phishing
https://microsoft.org/api/v1,9,7,0,1,1,0,0,0,0,0,2.606,legitimate
https://banking-update-987.org/account?id=6328,14,8,0,1,2,1,4,0,0,1,3.82,phishing
https://github.com/products,6,9,0,1,1,0,0,0,0,0,2.883,legitimate
https://office365-login-745.com/reset?id=6060,15,6,0,1,2,3,1,0,0,1,4.23,phishing
https://secure-login-634.com/reset?id=4103,12,6,0,1,2,2,1,0,0,1,3.392,phishing
https://bankofamerica.com/about,13,6,0,1,1,0,0,0,0,0,2.944,legitimate
https://secure-login-926.org/login?id=9741,12,6,0,1,2,3,3,0,0,1,3.843,phishing
https://paypal-secure-284.info/update?id=7798,13,7,0,1,2,1,3,0,0,1,3.811,phishing
https://paypal-secure-247.net/verify?id=3992,13,7,0,1,2,2,1,0,0,1,3.447,phishing
https://bankofamerica.com/support,13,8,0,1,1,0,0,0,0,0,3.153,legitimate
https://paypal-secure-201.info/update?id=6243,13,7,0,1,2,1,4,0,0,1,4.629,phishing
https://paypal-secure-345.com/account?id=4874,13,8,0,1,2,2,4,0,0,1,4.719,phishing
https://amazon-support-516.org/reset?id=2072,14,6,0,1,2,2,1,0,0,1,3.852,phishing
https://paypal-secure-700.info/reset?id=2663,13,6,0,1,2,1,2,0,0,1,3.687,phishing
https://paypal-secure-482.net/account?id=9854,13,8,0,1,2,1,2,0,0,1,4.06,phishing
https://secure-login-101.org/login?id=8612,12,6,0,1,2,3,3,0,0,1,4.245,phishing
https://paypal-secure-712.org/verify?id=5110,13,7,0,1,2,3,4,0,0,1,4.799,phishing
https://bankofamerica.edu/docs,13,5,0,1,1,0,0,0,0,0,2.194,legitimate
https://paypal-secure-504.info/login?id=3014,13,6,0,1,2,1,3,0,0,1,4.605,phishing
https://secure-login-750.info/verify?id=5282,12,7,0,1,2,3,4,0,0,1,3.637,phishing
https://amazon-support-570.info/account?id=6381,14,8,0,1,2,1,2,0,0,1,4.234,phishing
https://banking-update-788.com/login?id=3843,14,6,0,1,2,2,4,0,0,1,4.42,phishing
https://paypal-secure-788.com/update?id=3022,13,7,0,1,2,2,4,0,0,1,4.524,phishing
https://office365-login-573.com/login?id=7069,15,6,0,1,2,1,4,0,0,1,3.215,phishing
https://github.edu/api/v1,6,7,0,1,1,0,0,0,0,0,2.108,legitimate
https://amazon-support-605.net/account?id=6947,14,8,0,1,2,1,3,0,0,1,3.989,phishing
https://netflix.org/docs,7,5,0,1,1,0,0,0,0,0,2.235,legitimate
https://microsoft.com/about,9,6,0,1,1,0,0,0,0,0,2.683,legitimate
https://secure-login-788.net/reset?id=3875,12,6,0,1,2,1,2,0,0,1,4.394,phishing
https://secure-login-846.net/reset?id=5494,12,6,0,1,2,1,1,0,0,1,4.787,phishing
https://secure-login-564.info/reset?id=1032,12,6,0,1,2,2,1,0,0,1,4.566,phishing
https://banking-update-796.info/login?id=9491,14,6,0,1,2,2,4,0,0,1,3.778,phishing
https://bankofamerica.com/about,13,6,0,1,1,0,0,0,0,0,3.102,legitimate
https://amazon-support-299.com/update?id=6483,14,7,0,1,2,1,1,0,0,1,4.784,phishing
https://banking-update-301.com/account?id=3694,14,8,0,1,2,2,3,0,0,1,3.301,phishing
https://paypal-secure-927.org/update?id=1393,13,7,0,1,2,3,3,0,0,1,4.545,phishing
https://banking-update-952.net/verify?id=1891,14,7,0,1,2,2,2,0,0,1,4.71,phishing
https://netflix.net/docs,7,5,0,1,1,0,0,0,0,0,2.75,legitimate
https://paypal-secure-486.com/login?id=6132,13,6,0,1,2,3,1,0,0,1,4.452,phishing
https://banking-update-725.com/verify?id=8075,14,7,0,1,2,1,1,0,0,1,4.284,phishing
https://amazon-support-198.org/update?id=7735,14,7,0,1,2,1,1,0,0,1,3.925,phishing
https://banking-update-766.com/verify?id=1425,14,7,0,1,2,2,3,0,0,1,4.141,phishing
https://paypal-secure-908.com/reset?id=4172,13,6,0,1,2,3,2,0,0,1,4.22,phishing
https://banking-update-555.org/reset?id=4046,14,6,0,1,2,1,2,0,0,1,4.475,phishing
https://amazon-support-767.org/reset?id=6861,14,6,0,1,2,2,2,0,0,1,3.436,phishing
https://amazon-support-108.info/verify?id=9481,14,7,0,1,2,3,2,0,0,1,3.292,phishing
https://secure-login-452.com/update?id=4201,12,7,0,1,2,1,2,0,0,1,4.456,phishing
https://banking-update-809.org/reset?id=6425,14,6,0,1,2,3,3,0,0,1,4.186,phishing
https://office365-login-997.com/update?id=1691,15,7,0,1,2,2,2,0,0,1,4.672,phishing
https://office365-login-318.org/reset?id=4916,15,6,0,1,2,2,3,0,0,1,4.492,phishing
https://banking-update-471.net/login?id=1162,14,6,0,1,2,1,3,0,0,1,3.248,phishing
https://amazon-support-746.org/account?id=6896,14,8,0,1,2,1,1,0,0,1,3.519,phishing
https://office365-login-447.info/account?id=5029,15,8,0,1,2,1,2,0,0,1,3.234,phishing
https://example.com/api/v1,7,7,0,1,1,0,0,0,0,0,2.455,legitimate
https://example.edu/api/v1,7,7,0,1,1,0,0,0,0,0,2.366,legitimate
https://amazon-support-918.net/reset?id=8106,14,6,0,1,2,3,1,0,0,1,3.39,phishing
https://bankofamerica.org/api/v1,13,7,0,1,1,0,0,0,0,0,2.639,legitimate
https://amazon-support-147.org/account?id=4098,14,8,0,1,2,3,3,0,0,1,4.463,phishing
https://paypal-secure-971.info/account?id=9327,13,8,0,1,2,3,4,0,0,1,3.535,phishing
https://banking-update-620.com/account?id=7358,14,8,0,1,2,3,3,0,0,1,3.998,phishing
https://amazon-support-811.info/reset?id=8918,14,6,0,1,2,3,4,0,0,1,3.958,phishing
https://secure-login-324.com/account?id=4325,12,8,0,1,2,2,2,0,0,1,3.833,phishing
https://banking-update-360.net/verify?id=2388,14,7,0,1,2,1,1,0,0,1,3.672,phishing
https://office365-login-624.com/update?id=6511,15,7,0,1,2,2,4,0,0,1,3.948,phishing
https://banking-update-491.info/verify?id=1404,14,7,0,1,2,1,4,0,0,1,3.574,phishing
https://amazon-support-962.com/verify?id=9220,14,7,0,1,2,3,1,0,0,1,4.457,phishing
https://example.com/docs,7,5,0,1,1,0,0,0,0,0,2.432,legitimate
https://amazon-support-356.net/verify?id=5959,14,7,0,1,2,3,3,0,0,1,3.505,phishing
https://office365-login-888.info/login?id=5906,15,6,0,1,2,2,3,0,0,1,4.453,phishing
https://banking-update-769.com/update?id=9399,14,7,0,1,2,1,4,0,0,1,3.564,phishing
https://bankofamerica.net/api/v1,13,7,0,1,1,0,0,0,0,0,2.619,legitimate
https://microsoft.net/about,9,6,0,1,1,0,0,0,0,0,2.95,legitimate
https://office365-login-314.org/update?id=8187,15,7,0,1,2,2,1,0,0,1,3.8,phishing
https://office365-login-611.info/login?id=6810,15,6,0,1,2,2,2,0,0,1,3.871,phishing
https://banking-update-701.info/verify?id=1380,14,7,0,1,2,3,1,0,0,1,4.675,phishing
https://amazon-support-309.org/update?id=7400,14,7,0,1,2,1,4,0,0,1,3.501,phishing
https://secure-login-195.org/verify?id=3808,12,7,0,1,2,1,2,0,0,1,3.251,phishing
https://banking-update-303.com/account?id=2138,14,8,0,1,2,2,3,0,0,1,3.529,phishing
https://secure-login-158.com/update?id=7039,12,7,0,1,2,3,1,0,0,1,3.475,phishing
https://microsoft.net/api/v1,9,7,0,1,1,0,0,0,0,0,3.188,legitimate
https://banking-update-498.org/login?id=4382,14,6,0,1,2,1,2,0,0,1,3.696,phishing
https://microsoft.org/support,9,8,0,1,1,0,0,0,0,0,2.69,legitimate
https://office365-login-306.org/verify?id=1121,15,7,0,1,2,1,4,0,0,1,3.302,phishing
https://office365-login-602.info/reset?id=8539,15,6,0,1,2,2,1,0,0,1,4.38,phishing
https://banking-update-500.info/verify?id=3869,14,7,0,1,2,2,2,0,0,1,3.487,phishing
https://banking-update-774.org/update?id=4005,14,7,0,1,2,3,1,0,0,1,3.83,phishing
https://bankofamerica.org/about,13,6,0,1,1,0,0,0,0,0,3.059,legitimate
https://paypal-secure-521.net/update?id=2986,13,7,0,1,2,2,1,0,0,1,4.409,phishing
https://amazon-support-268.org/update?id=5141,14,7,0,1,2,1,1,0,0,1,3.939,phishing
https://banking-update-863.org/verify?id=7542,14,7,0,1,2,1,4,0,0,1,3.26,phishing
https://office365-login-596.info/update?id=8558,15,7,0,1,2,1,1,0,0,1,4.077,phishing
https://banking-update-940.net/update?id=5573,14,7,0,1,2,1,2,0,0,1,4.542,phishing
https://office365-login-647.info/login?id=7403,15,6,0,1,2,1,1,0,0,1,4.274,phishing
https://amazon-support-466.net/update?id=3915,14,7,0,1,2,1,1,0,0,1,4.628,phishing
https://banking-update-756.com/reset?id=2684,14,6,0,1,2,2,3,0,0,1,3.91,phishing
https://paypal-secure-355.org/account?id=7138,13,8,0,1,2,1,2,0,0,1,3.346,phishing
https://paypal-secure-796.info/account?id=2035,13,8,0,1,2,1,1,0,0,1,4.475,phishing
https://bankofamerica.org/docs,13,5,0,1,1,0,0,0,0,0,2.499,legitimate
https://amazon-support-741.info/reset?id=4105,14,6,0,1,2,3,2,0,0,1,4.695,phishing
https://banking-update-318.com/account?id=2734,14,8,0,1,2,2,3,0,0,1,3.478,phishing
https://amazon-support-317.com/update?id=8516,14,7,0,1,2,1,1,0,0,1,4.253,phishing
https://secure-login-168.info/login?id=4580,12,6,0,1,2,2,3,0,0,1,4.428,phishing
https://paypal-secure-197.net/verify?id=6314,13,7,0,1,2,3,4,0,0,1,4.285,phishing
https://bankofamerica.edu/api/v1,13,7,0,1,1,0,0,0,0,0,2.762,legitimate
https://github.net/docs,6,5,0,1,1,0,0,0,0,0,2.402,legitimate
https://secure-login-623.org/update?id=4808,12,7,0,1,2,3,1,0,0,1,3.572,phishing
https://paypal-secure-855.info/account?id=8020,13,8,0,1,2,1,1,0,0,1,3.296,phishing
https://amazon-support-484.net/account?id=4348,14,8,0,1,2,3,1,0,0,1,3.581,phishing
https://microsoft.edu/api/v1,9,7,0,1,1,0,0,0,0,0,2.334,legitimate
https://paypal-secure-868.org/verify?id=1388,13,7,0,1,2,1,3,0,0,1,3.748,phishing
https://paypal-secure-722.net/account?id=7250,13,8,0,1,2,3,3,0,0,1,3.494,phishing
https://paypal-secure-297.org/login?id=1853,13,6,0,1,2,3,2,0,0,1,4.701,phishing
https://office365-login-619.net/account?id=2280,15,8,0,1,2,2,4,0,0,1,3.698,phishing
https://bankofamerica.net/api/v1,13,7,0,1,1,0,0,0,0,0,2.727,legitimate
https://secure-login-378.org/account?id=8883,12,8,0,1,2,1,3,0,0,1,3.837,phishing
https://banking-update-724.org/reset?id=8101,14,6,0,1,2,1,4,0,0,1,3.232,phishing
https://paypal-secure-650.info/reset?id=3503,13,6,0,1,2,3,2,0,0,1,3.612,phishing
https://banking-update-675.info/update?id=8878,14,7,0,1,2,1,3,0,0,1,3.419,phishing
https://office365-login-113.net/login?id=9203,15,6,0,1,2,3,3,0,0,1,3.986,phishing
https://microsoft.edu/products,9,9,0,1,1,0,0,0,0,0,2.587,legitimate
https://secure-login-139.com/update?id=3039,12,7,0,1,2,2,2,0,0,1,3.511,phishing
https://amazon-support-826.info/reset?id=9005,14,6,0,1,2,3,3,0,0,1,4.314,phishing
https://banking-update-589.net/account?id=1565,14,8,0,1,2,2,1,0,0,1,4.316,phishing
https://amazon-support-360.org/account?id=5053,14,8,0,1,2,3,2,0,0,1,3.22,phishing
https://microsoft.net/support,9,8,0,1,1,0,0,0,0,0,3.169,legitimate
https://office365-login-949.org/account?id=7993,15,8,0,1,2,2,3,0,0,1,4.001,phishing
https://banking-update-870.info/update?id=2456,14,7,0,1,2,1,3,0,0,1,4.503,phishing
https://office365-login-106.org/verify?id=3759,15,7,0,1,2,2,1,0,0,1,3.355,phishing
https://microsoft.net/about,9,6,0,1,1,0,0,0,0,0,2.88,legitimate
https://amazon-support-302.net/account?id=8970,14,8,0,1,2,1,1,0,0,1,3.921,phishing
https://bankofamerica.org/docs,13,5,0,1,1,0,0,0,0,0,2.9,legitimate
https://bankofamerica.edu/products,13,9,0,1,1,0,0,0,0,0,2.529,legitimate
https://example.org/docs,7,5,0,1,1,0,0,0,0,0,2.352,legitimate
https://amazon-support-130.com/verify?id=4846,14,7,0,1,2,2,4,0,0,1,4.276,phishing
https://paypal-secure-781.info/login?id=1685,13,6,0,1,2,1,2,0,0,1,4.036,phishing
https://secure-login-584.info/update?id=6521,12,7,0,1,2,3,4,0,0,1,3.738,phishing
https://amazon-support-469.info/account?id=7528,14,8,0,1,2,2,1,0,0,1,4.76,phishing
https://example.com/products,7,9,0,1,1,0,0,0,0,0,3.045,legitimate
https://office365-login-225.com/reset?id=9693,15,6,0,1,2,2,2,0,0,1,3.789,phishing
https://banking-update-103.org/account?id=6278,14,8,0,1,2,1,3,0,0,1,4.597,phishing
https://github.net/api/v1,6,7,0,1,1,0,0,0,0,0,2.728,legitimate
https://secure-login-538.com/verify?id=8800,12,7,0,1,2,3,1,0,0,1,4.375,phishing
https://office365-login-997.net/reset?id=9267,15,6,0,1,2,1,2,0,0,1,3.997,phishing
https://secure-login-556.org/account?id=2895,12,8,0,1,2,2,2,0,0,1,3.589,phishing
https://paypal-secure-832.com/update?id=1478,13,7,0,1,2,1,3,0,0,1,4.644,phishing
https://bankofamerica.edu/products,13,9,0,1,1,0,0,0,0,0,3.142,legitimate
https://office365-login-914.org/login?id=6452,15,6,0,1,2,1,1,0,0,1,4.23,phishing
https://banking-update-328.org/account?id=5244,14,8,0,1,2,1,3,0,0,1,3.34,phishing
https://secure-login-686.net/login?id=7025,12,6,0,1,2,1,3,0,0,1,4.727,phishing
https://paypal-secure-704.info/login?id=9775,13,6,0,1,2,1,4,0,0,1,4.768,phishing
https://amazon-support-779.net/reset?id=4639,14,6,0,1,2,1,4,0,0,1,3.215,phishing
https://github.org/about,6,6,0,1,1,0,0,0,0,0,3.005,legitimate
https://banking-update-390.net/reset?id=3389,14,6,0,1,2,3,1,0,0,1,4.158,phishing
https://paypal-secure-589.info/reset?id=4534,13,6,0,1,2,2,3,0,0,1,4.327,phishing
https://amazon-support-968.net/account?id=4687,14,8,0,1,2,3,1,0,0,1,4.677,phishing
https://microsoft.net/about,9,6,0,1,1,0,0,0,0,0,3.181,legitimate
https://office365-login-501.com/reset?id=6528,15,6,0,1,2,2,4,0,0,1,4.785,phishing
https://microsoft.com/support,9,8,0,1,1,0,0,0,0,0,2.872,legitimate
https://office365-login-234.org/login?id=6298,15,6,0,1,2,3,1,0,0,1,4.56,phishing
https://microsoft.org/support,9,8,0,1,1,0,0,0,0,0,2.165,legitimate
https://amazon-support-323.net/account?id=4205,14,8,0,1,2,3,1,0,0,1,3.78,phishing
https://example.org/products,7,9,0,1,1,0,0,0,0,0,3.14,legitimate
https://office365-login-464.com/login?id=8763,15,6,0,1,2,1,1,0,0,1,3.388,phishing
https://amazon-support-742.org/account?id=7619,14,8,0,1,2,1,1,0,0,1,3.39,phishing
https://amazon-support-894.net/update?id=2468,14,7,0,1,2,2,4,0,0,1,3.64,phishing
https://amazon-support-219.com/login?id=2353,14,6,0,1,2,1,4,0,0,1,4.226,phishing
https://bankofamerica.com/support,13,8,0,1,1,0,0,0,0,0,2.688,legitimate
https://amazon-support-285.com/reset?id=7290,14,6,0,1,2,2,4,0,0,1,3.677,phishing
https://amazon-support-289.com/reset?id=7640,14,6,0,1,2,3,1,0,0,1,3.83,phishing
https://netflix.net/docs,7,5,0,1,1,0,0,0,0,0,2.623,legitimate
https://paypal-secure-285.net/login?id=3948,13,6,0,1,2,1,4,0,0,1,4.481,phishing
https://office365-login-189.net/account?id=5206,15,8,0,1,2,1,1,0,0,1,4.768,phishing
https://amazon-support-773.net/update?id=1001,14,7,0,1,2,1,3,0,0,1,3.274,phishing
https://github.net/api/v1,6,7,0,1,1,0,0,0,0,0,2.692,legitimate
https://secure-login-651.info/reset?id=9365,12,6,0,1,2,1,1,0,0,1,4.26,phishing
https://paypal-secure-406.net/account?id=4526,13,8,0,1,2,1,2,0,0,1,4.147,phishing
https://secure-login-663.org/login?id=5177,12,6,0,1,2,2,4,0,0,1,4.24,phishing
https://banking-update-792.com/verify?id=7968,14,7,0,1,2,3,2,0,0,1,4.057,phishing
https://amazon-support-677.net/verify?id=9379,14,7,0,1,2,3,2,0,0,1,3.871,phishing
https://banking-update-718.org/login?id=5055,14,6,0,1,2,1,3,0,0,1,3.399,phishing
https://secure-login-437.org/login?id=2457,12,6,0,1,2,2,3,0,0,1,4.445,phishing
https://office365-login-200.info/login?id=7179,15,6,0,1,2,1,4,0,0,1,4.723,phishing
https://example.org/support,7,8,0,1,1,0,0,0,0,0,2.874,legitimate
https://banking-update-457.com/reset?id=5620,14,6,0,1,2,3,3,0,0,1,4.172,phishing
https://bankofamerica.edu/products,13,9,0,1,1,0,0,0,0,0,2.217,legitimate
https://netflix.net/products,7,9,0,1,1,0,0,0,0,0,2.711,legitimate
https://secure-login-246.net/account?id=7206,12,8,0,1,2,3,3,0,0,1,3.285,phishing
https://github.org/support,6,8,0,1,1,0,0,0,0,0,2.502,legitimate
https://banking-update-614.info/update?id=5699,14,7,0,1,2,2,4,0,0,1,4.033,phishing
https://bankofamerica.edu/docs,13,5,0,1,1,0,0,0,0,0,3.137,legitimate
https://amazon-support-178.com/login?id=4932,14,6,0,1,2,1,2,0,0,1,4.121,phishing
https://amazon-support-534.org/login?id=9334,14,6,0,1,2,3,2,0,0,1,3.967,phishing
https://secure-login-114.com/update?id=4115,12,7,0,1,2,3,1,0,0,1,4.343,phishing
https://github.org/support,6,8,0,1,1,0,0,0,0,0,2.821,legitimate
https://banking-update-330.net/reset?id=3864,14,6,0,1,2,1,3,0,0,1,4.543,phishing
https://paypal-secure-488.org/update?id=3793,13,7,0,1,2,2,1,0,0,1,3.741,phishing
https://secure-login-406.com/verify?id=8915,12,7,0,1,2,2,3,0,0,1,3.541,phishing
https://netflix.net/api/v1,7,7,0,1,1,0,0,0,0,0,3.108,legitimate
https://netflix.com/products,7,9,0,1,1,0,0,0,0,0,3.071,legitimate
https://example.edu/docs,7,5,0,1,1,0,0,0,0,0,2.739,legitimate
https://amazon-support-458.com/login?id=4050,14,6,0,1,2,2,3,0,0,1,3.214,phishing
https://office365-login-626.com/reset?id=3518,15,6,0,1,2,2,1,0,0,1,4.661,phishing
https://amazon-support-504.net/update?id=7132,14,7,0,1,2,2,3,0,0,1,3.885,phishing
https://amazon-support-772.com/update?id=8198,14,7,0,1,2,1,2,0,0,1,3.766,phishing
https://amazon-support-294.net/login?id=5667,14,6,0,1,2,1,2,0,0,1,3.831,phishing
https://example.org/api/v1,7,7,0,1,1,0,0,0,0,0,3.138,legitimate
https://github.com/products,6,9,0,1,1,0,0,0,0,0,2.587,legitimate
https://office365-login-613.info/update?id=7370,15,7,0,1,2,1,1,0,0,1,4.732,phishing
https://bankofamerica.org/about,13,6,0,1,1,0,0,0,0,0,2.6,legitimate
https://bankofamerica.com/about,13,6,0,1,1,0,0,0,0,0,2.516,legitimate
https://paypal-secure-396.org/update?id=5623,13,7,0,1,2,2,1,0,0,1,4.417,phishing
https://office365-login-387.net/account?id=2884,15,8,0,1,2,2,2,0,0,1,4.266,phishing
https://banking-update-725.com/reset?id=3968,14,6,0,1,2,1,2,0,0,1,3.567,phishing
https://paypal-secure-249.info/account?id=7984,13,8,0,1,2,1,2,0,0,1,3.345,phishing
https://banking-update-327.info/account?id=6507,14,8,0,1,2,2,4,0,0,1,3.298,phishing
https://paypal-secure-375.info/login?id=6956,13,6,0,1,2,2,3,0,0,1,4.339,phishing
https://paypal-secure-100.net/login?id=1854,13,6,0,1,2,3,3,0,0,1,3.539,phishing
https://secure-login-289.com/update?id=5133,12,7,0,1,2,2,3,0,0,1,3.735,phishing
https://paypal-secure-469.net/verify?id=6920,13,7,0,1,2,3,3,0,0,1,3.581,phishing
https://secure-login-208.org/login?id=3137,12,6,0,1,2,3,1,0,0,1,3.266,phishing
https://bankofamerica.org/products,13,9,0,1,1,0,0,0,0,0,3.111,legitimate
https://secure-login-842.info/verify?id=8769,12,7,0,1,2,1,2,0,0,1,3.27,phishing
https://secure-login-455.info/reset?id=6996,12,6,0,1,2,2,1,0,0,1,4.657,phishing
https://banking-update-713.com/account?id=5491,14,8,0,1,2,3,2,0,0,1,3.663,phishing
https://example.org/products,7,9,0,1,1,0,0,0,0,0,2.594,legitimate
https://secure-login-548.com/account?id=9344,12,8,0,1,2,2,4,0,0,1,3.841,phishing
https://office365-login-685.com/account?id=4568,15,8,0,1,2,3,1,0,0,1,4.607,phishing
https://microsoft.edu/about,9,6,0,1,1,0,0,0,0,0,3.023,legitimate
https://amazon-support-329.com/account?id=1747,14,8,0,1,2,3,2,0,0,1,3.667,phishing
https://amazon-support-994.net/verify?id=1844,14,7,0,1,2,3,2,0,0,1,4.783,phishing
https://paypal-secure-747.com/verify?id=7047,13,7,0,1,2,2,1,0,0,1,4.714,phishing
https://github.org/products,6,9,0,1,1,0,0,0,0,0,3.078,legitimate
https://paypal-secure-324.com/verify?id=5582,13,7,0,1,2,1,3,0,0,1,4.755,phishing
https://secure-login-769.com/update?id=5216,12,7,0,1,2,3,2,0,0,1,4.507,phishing
https://amazon-support-744.net/reset?id=7479,14,6,0,1,2,1,4,0,0,1,3.571,phishing
https://github.org/products,6,9,0,1,1,0,0,0,0,0,2.112,legitimate
https://office365-login-683.net/account?id=9036,15,8,0,1,2,3,2,0,0,1,4.236,phishing
https://office365-login-803.net/update?id=4077,15,7,0,1,2,1,2,0,0,1,3.315,phishing
https://banking-update-240.com/reset?id=1193,14,6,0,1,2,3,1,0,0,1,3.805,phishing
https://paypal-secure-354.com/account?id=2369,13,8,0,1,2,2,2,0,0,1,4.702,phishing
https://paypal-secure-853.com/reset?id=6544,13,6,0,1,2,3,1,0,0,1,3.524,phishing
https://secure-login-414.org/account?id=6435,12,8,0,1,2,2,2,0,0,1,3.59,phishing
https://amazon-support-944.com/login?id=1729,14,6,0,1,2,1,3,0,0,1,3.364,phishing
https://microsoft.org/docs,9,5,0,1,1,0,0,0,0,0,3.095,legitimate
https://banking-update-461.org/account?id=5699,14,8,0,1,2,1,4,0,0,1,4.299,phishing
https://example.net/api/v1,7,7,0,1,1,0,0,0,0,0,3.189,legitimate
https://amazon-support-730.info/login?id=6467,14,6,0,1,2,1,3,0,0,1,4.677,phishing
https://example.org/api/v1,7,7,0,1,1,0,0,0,0,0,2.514,legitimate
https://office365-login-783.org/account?id=5940,15,8,0,1,2,3,3,0,0,1,3.757,phishing
https://banking-update-930.info/verify?id=2251,14,7,0,1,2,1,2,0,0,1,4.444,phishing
https://office365-login-838.org/update?id=8838,15,7,0,1,2,1,1,0,0,1,4.125,phishing
https://github.org/docs,6,5,0,1,1,0,0,0,0,0,2.388,legitimate
https://banking-update-606.info/verify?id=7944,14,7,0,1,2,2,4,0,0,1,4.163,phishing
https://office365-login-528.net/update?id=9144,15,7,0,1,2,3,4,0,0,1,4.052,phishing
https://microsoft.com/support,9,8,0,1,1,0,0,0,0,0,2.858,legitimate
https://office365-login-470.com/account?id=1046,15,8,0,1,2,1,1,0,0,1,3.78,phishing
https://office365-login-457.com/login?id=6912,15,6,0,1,2,1,3,0,0,1,3.937,phishing
https://netflix.net/api/v1,7,7,0,1,1,0,0,0,0,0,2.253,legitimate
https://office365-login-486.com/account?id=1431,15,8,0,1,2,3,4,0,0,1,3.795,phishing
https://netflix.com/products,7,9,0,1,1,0,0,0,0,0,3.005,legitimate
https://example.org/about,7,6,0,1,1,0,0,0,0,0,2.17,legitimate
https://paypal-secure-883.org/account?id=3988,13,8,0,1,2,2,2,0,0,1,4.397,phishing
https://amazon-support-839.org/update?id=6526,14,7,0,1,2,2,1,0,0,1,3.659,phishing
https://paypal-secure-264.net/reset?id=1178,13,6,0,1,2,2,4,0,0,1,4.288,phishing
https://netflix.edu/support,7,8,0,1,1,0,0,0,0,0,2.602,legitimate
https://microsoft.org/about,9,6,0,1,1,0,0,0,0,0,3.168,legitimate
https://office365-login-733.net/update?id=1917,15,7,0,1,2,1,4,0,0,1,3.494,phishing
https://netflix.com/products,7,9,0,1,1,0,0,0,0,0,2.573,legitimate
https://banking-update-155.org/account?id=7086,14,8,0,1,2,3,4,0,0,1,3.512,phishing
https://paypal-secure-897.info/reset?id=6496,13,6,0,1,2,1,2,0,0,1,3.652,phishing
https://paypal-secure-111.net/reset?id=6064,13,6,0,1,2,1,2,0,0,1,4.221,phishing
https://amazon-support-678.com/reset?id=1735,14,6,0,1,2,3,4,0,0,1,3.273,phishing
https://amazon-support-869.com/verify?id=5626,14,7,0,1,2,2,2,0,0,1,3.703,phishing
https://amazon-support-439.net/login?id=7672,14,6,0,1,2,3,1,0,0,1,4.003,phishing
https://example.net/products,7,9,0,1,1,0,0,0,0,0,2.704,legitimate
https://github.org/api/v1,6,7,0,1,1,0,0,0,0,0,2.819,legitimate
https://paypal-secure-926.net/account?id=3307,13,8,0,1,2,3,2,0,0,1,4.789,phishing
https://secure-login-904.info/update?id=3149,12,7,0,1,2,2,3,0,0,1,3.777,phishing
https://microsoft.com/products,9,9,0,1,1,0,0,0,0,0,2.287,legitimate
https://netflix.com/api/v1,7,7,0,1,1,0,0,0,0,0,2.68,legitimate
https://example.com/api/v1,7,7,0,1,1,0,0,0,0,0,2.92,legitimate
https://paypal-secure-565.org/login?id=6139,13,6,0,1,2,1,3,0,0,1,3.458,phishing
https://amazon-support-172.info/login?id=3935,14,6,0,1,2,3,4,0,0,1,3.613,phishing
https://amazon-support-226.org/account?id=8999,14,8,0,1,2,1,3,0,0,1,4.574,phishing
https://secure-login-475.net/update?id=9396,12,7,0,1,2,3,3,0,0,1,3.798,phishing
https://secure-login-998.org/verify?id=1699,12,7,0,1,2,3,1,0,0,1,4.386,phishing
https://secure-login-973.com/account?id=2725,12,8,0,1,2,2,4,0,0,1,3.453,phishing
https://paypal-secure-995.net/update?id=8573,13,7,0,1,2,3,1,0,0,1,3.758,phishing
https://secure-login-187.org/login?id=3953,12,6,0,1,2,3,1,0,0,1,4.668,phishing
https://microsoft.org/products,9,9,0,1,1,0,0,0,0,0,2.394,legitimate
https://secure-login-819.org/account?id=8802,12,8,0,1,2,1,3,0,0,1,3.927,phishing
https://banking-update-427.net/account?id=1513,14,8,0,1,2,3,4,0,0,1,3.3,phishing
https://microsoft.net/api/v1,9,7,0,1,1,0,0,0,0,0,2.065,legitimate
https://microsoft.edu/about,9,6,0,1,1,0,0,0,0,0,2.763,legitimate
https://paypal-secure-183.info/update?id=5887,13,7,0,1,2,3,4,0,0,1,4.594,phishing
https://amazon-support-194.net/login?id=8021,14,6,0,1,2,2,3,0,0,1,3.463,phishing
https://banking-update-648.org/update?id=3632,14,7,0,1,2,3,4,0,0,1,3.768,phishing
https://banking-update-901.com/reset?id=4253,14,6,0,1,2,1,2,0,0,1,3.718,phishing
https://github.com/api/v1,6,7,0,1,1,0,0,0,0,0,3.076,legitimate
https://microsoft.edu/docs,9,5,0,1,1,0,0,0,0,0,2.95,legitimate
https://amazon-support-952.com/update?id=3059,14,7,0,1,2,3,4,0,0,1,4.222,phishing
https://paypal-secure-530.net/account?id=9947,13,8,0,1,2,1,4,0,0,1,3.546,phishing
https://office365-login-933.com/verify?id=6960,15,7,0,1,2,1,3,0,0,1,4.635,phishing
https://paypal-secure-523.org/update?id=7723,13,7,0,1,2,2,3,0,0,1,4.525,phishing
https://amazon-support-569.com/account?id=8018,14,8,0,1,2,2,2,0,0,1,4.084,phishing
https://banking-update-965.org/verify?id=8167,14,7,0,1,2,3,3,0,0,1,4.323,phishing
https://example.com/docs,7,5,0,1,1,0,0,0,0,0,2.108,legitimate
https://banking-update-867.com/update?id=9924,14,7,0,1,2,1,4,0,0,1,4.005,phishing
https://github.net/api/v1,6,7,0,1,1,0,0,0,0,0,2.267,legitimate
https://banking-update-976.com/account?id=8693,14,8,0,1,2,1,3,0,0,1,4.748,phishing
https://microsoft.net/docs,9,5,0,1,1,0,0,0,0,0,3.128,legitimate
https://netflix.edu/about,7,6,0,1,1,0,0,0,0,0,3.056,legitimate
https://banking-update-524.net/login?id=1535,14,6,0,1,2,1,1,0,0,1,3.445,phishing
https://secure-login-274.info/verify?id=8045,12,7,0,1,2,1,4,0,0,1,3.508,phishing
https://paypal-secure-751.org/account?id=7396,13,8,0,1,2,3,2,0,0,1,3.845,phishing
https://office365-login-201.org/account?id=3069,15,8,0,1,2,3,1,0,0,1,4.21,phishing
https://github.org/about,6,6,0,1,1,0,0,0,0,0,2.245,legitimate
https://banking-update-256.com/reset?id=1455,14,6,0,1,2,3,1,0,0,1,4.115,phishing
https://office365-login-291.org/verify?id=4927,15,7,0,1,2,3,2,0,0,1,3.675,phishing
https://office365-login-775.org/verify?id=1847,15,7,0,1,2,2,1,0,0,1,4.696,phishing
https://secure-login-570.com/login?id=3010,12,6,0,1,2,1,2,0,0,1,3.652,phishing
https://example.com/products,7,9,0,1,1,0,0,0,0,0,3.014,legitimate
https://bankofamerica.net/docs,13,5,0,1,1,0,0,0,0,0,2.589,legitimate
https://paypal-secure-315.org/login?id=7879,13,6,0,1,2,2,3,0,0,1,4.214,phishing
https://office365-login-110.net/verify?id=3927,15,7,0,1,2,3,1,0,0,1,3.388,phishing
https://amazon-support-714.org/reset?id=9953,14,6,0,1,2,1,2,0,0,1,4.035,phishing
https://paypal-secure-130.net/reset?id=9781,13,6,0,1,2,1,2,0,0,1,3.546,phishing
https://office365-login-241.com/verify?id=4600,15,7,0,1,2,1,2,0,0,1,3.628,phishing
https://paypal-secure-767.info/reset?id=5822,13,6,0,1,2,2,4,0,0,1,3.898,phishing
https://bankofamerica.edu/api/v1,13,7,0,1,1,0,0,0,0,0,2.237,legitimate
https://github.net/docs,6,5,0,1,1,0,0,0,0,0,2.7,legitimate
https://github.org/api/v1,6,7,0,1,1,0,0,0,0,0,3.145,legitimate
https://banking-update-865.org/reset?id=5451,14,6,0,1,2,2,1,0,0,1,4.172,phishing
https://secure-login-747.info/verify?id=2052,12,7,0,1,2,2,2,0,0,1,4.623,phishing
https://github.net/about,6,6,0,1,1,0,0,0,0,0,2.725,legitimate
https://netflix.edu/products,7,9,0,1,1,0,0,0,0,0,2.036,legitimate
https://amazon-support-466.org/account?id=5019,14,8,0,1,2,1,2,0,0,1,4.251,phishing
https://amazon-support-426.com/login?id=1178,14,6,0,1,2,3,3,0,0,1,3.542,phishing
https://amazon-support-167.net/reset?id=7317,14,6,0,1,2,2,2,0,0,1,4.044,phishing
https://amazon-support-761.com/reset?id=7909,14,6,0,1,2,3,4,0,0,1,3.708,phishing
https://office365-login-610.com/update?id=1766,15,7,0,1,2,2,4,0,0,1,3.391,phishing
https://secure-login-492.info/reset?id=4873,12,6,0,1,2,3,1,0,0,1,3.656,phishing
https://secure-login-391.com/update?id=3147,12,7,0,1,2,2,1,0,0,1,4.633,phishing
https://example.edu/docs,7,5,0,1,1,0,0,0,0,0,2.083,legitimate
https://banking-update-424.info/verify?id=6665,14,7,0,1,2,2,1,0,0,1,4.09,phishing
https://secure-login-405.com/update?id=8447,12,7,0,1,2,2,1,0,0,1,4.549,phishing
https://example.com/api/v1,7,7,0,1,1,0,0,0,0,0,2.057,legitimate
https://paypal-secure-331.info/update?id=3788,13,7,0,1,2,1,2,0,0,1,4.359,phishing
https://netflix.com/docs,7,5,0,1,1,0,0,0,0,0,2.312,legitimate
https://example.com/about,7,6,0,1,1,0,0,0,0,0,2.09,legitimate
https://secure-login-815.org/verify?id=3790,12,7,0,1,2,1,4,0,0,1,3.392,phishing
https://office365-login-784.org/update?id=3004,15,7,0,1,2,3,2,0,0,1,4.125,phishing
https://amazon-support-331.info/update?id=2504,14,7,0,1,2,2,3,0,0,1,4.338,phishing
https://office365-login-176.net/login?id=9103,15,6,0,1,2,1,2,0,0,1,3.221,phishing
https://banking-update-207.net/update?id=6577,14,7,0,1,2,1,3,0,0,1,4.417,phishing
https://banking-update-208.net/reset?id=3130,14,6,0,1,2,1,3,0,0,1,3.817,phishing
https://secure-login-292.net/update?id=2124,12,7,0,1,2,2,4,0,0,1,3.463,phishing
https://secure-login-572.com/account?id=2755,12,8,0,1,2,3,1,0,0,1,3.585,phishing
https://bankofamerica.edu/docs,13,5,0,1,1,0,0,0,0,0,2.571,legitimate
https://amazon-support-663.info/login?id=2377,14,6,0,1,2,2,4,0,0,1,3.539,phishing
https://banking-update-551.info/login?id=5466,14,6,0,1,2,2,1,0,0,1,3.279,phishing
https://banking-update-293.net/verify?id=7597,14,7,0,1,2,1,3,0,0,1,4.047,phishing
https://banking-update-761.com/login?id=5078,14,6,0,1,2,1,2,0,0,1,3.384,phishing
https://netflix.edu/api/v1,7,7,0,1,1,0,0,0,0,0,2.079,legitimate
https://office365-login-502.org/update?id=2659,15,7,0,1,2,1,3,0,0,1,3.992,phishing
https://office365-login-822.info/verify?id=5718,15,7,0,1,2,3,1,0,0,1,3.351,phishing
https://secure-login-973.org/verify?id=4909,12,7,0,1,2,1,3,0,0,1,4.29,phishing
https://amazon-support-113.org/account?id=8775,14,8,0,1,2,2,3,0,0,1,3.233,phishing
https://example.org/docs,7,5,0,1,1,0,0,0,0,0,2.713,legitimate
https://netflix.com/products,7,9,0,1,1,0,0,0,0,0,3.048,legitimate
https://paypal-secure-796.com/reset?id=5762,13,6,0,1,2,1,2,0,0,1,4.408,phishing
https://example.edu/about,7,6,0,1,1,0,0,0,0,0,2.543,legitimate
https://netflix.edu/products,7,9,0,1,1,0,0,0,0,0,2.304,legitimate
https://amazon-support-630.info/verify?id=8935,14,7,0,1,2,1,3,0,0,1,4.297,phishing
https://example.org/products,7,9,0,1,1,0,0,0,0,0,3.028,legitimate
https://office365-login-131.info/update?id=5003,15,7,0,1,2,3,4,0,0,1,3.775,phishing
https://bankofamerica.net/docs,13,5,0,1,1,0,0,0,0,0,3.159,legitimate
https://netflix.net/support,7,8,0,1,1,0,0,0,0,0,2.21,legitimate
https://github.edu/products,6,9,0,1,1,0,0,0,0,0,2.707,legitimate
https://github.edu/api/v1,6,7,0,1,1,0,0,0,0,0,2.049,legitimate
https://amazon-support-914.com/update?id=8455,14,7,0,1,2,3,3,0,0,1,3.661,phishing
https://microsoft.org/products,9,9,0,1,1,0,0,0,0,0,2.817,legitimate
https://amazon-support-598.net/verify?id=5722,14,7,0,1,2,1,3,0,0,1,3.225,phishing
https://amazon-support-600.com/login?id=6010,14,6,0,1,2,1,4,0,0,1,3.764,phishing
https://example.edu/api/v1,7,7,0,1,1,0,0,0,0,0,2.42,legitimate
https://secure-login-830.net/login?id=5434,12,6,0,1,2,1,2,0,0,1,3.891,phishing
https://github.org/docs,6,5,0,1,1,0,0,0,0,0,2.568,legitimate
https://banking-update-200.org/update?id=5280,14,7,0,1,2,2,3,0,0,1,3.477,phishing
https://amazon-support-356.net/account?id=3223,14,8,0,1,2,2,2,0,0,1,3.682,phishing
https://secure-login-287.org/reset?id=7159,12,6,0,1,2,2,1,0,0,1,3.422,phishing
https://amazon-support-462.info/update?id=8006,14,7,0,1,2,2,4,0,0,1,4.738,phishing
https://secure-login-190.com/update?id=3303,12,7,0,1,2,3,3,0,0,1,4.459,phishing
https://amazon-support-656.net/reset?id=5806,14,6,0,1,2,1,4,0,0,1,3.401,phishing
https://banking-update-186.org/login?id=1896,14,6,0,1,2,2,1,0,0,1,3.734,phishing
https://amazon-support-985.org/verify?id=1997,14,7,0,1,2,1,1,0,0,1,4.323,phishing
https://secure-login-328.org/account?id=3535,12,8,0,1,2,2,3,0,0,1,4.351,phishing
https://microsoft.org/docs,9,5,0,1,1,0,0,0,0,0,2.081,legitimate
https://paypal-secure-309.com/account?id=2697,13,8,0,1,2,2,1,0,0,1,4.532,phishing
https://paypal-secure-514.com/verify?id=8925,13,7,0,1,2,1,2,0,0,1,4.547,phishing
https://secure-login-226.org/reset?id=8083,12,6,0,1,2,1,1,0,0,1,3.496,phishing
https://bankofamerica.org/support,13,8,0,1,1,0,0,0,0,0,2.89,legitimate
https://banking-update-396.org/verify?id=2638,14,7,0,1,2,3,4,0,0,1,3.788,phishing
https://banking-update-526.com/update?id=7960,14,7,0,1,2,1,1,0,0,1,3.653,phishing
https://banking-update-410.com/reset?id=1558,14,6,0,1,2,3,4,0,0,1,3.268,phishing
https://bankofamerica.net/products,13,9,0,1,1,0,0,0,0,0,2.332,legitimate
https://github.org/about,6,6,0,1,1,0,0,0,0,0,3.083,legitimate
https://secure-login-771.com/account?id=3480,12,8,0,1,2,2,3,0,0,1,3.935,phishing
https://bankofamerica.edu/about,13,6,0,1,1,0,0,0,0,0,3.108,legitimate
https://banking-update-720.org/update?id=3955,14,7,0,1,2,3,3,0,0,1,3.407,phishing
https://secure-login-732.info/reset?id=7615,12,6,0,1,2,1,1,0,0,1,3.247,phishing
https://bankofamerica.com/docs,13,5,0,1,1,0,0,0,0,0,2.599,legitimate
https://amazon-support-207.net/account?id=3850,14,8,0,1,2,3,4,0,0,1,4.409,phishing
https://paypal-secure-356.com/reset?id=2875,13,6,0,1,2,1,1,0,0,1,3.906,phishing
https://paypal-secure-210.net/verify?id=8364,13,7,0,1,2,2,2,0,0,1,4.782,phishing
https://office365-login-602.net/verify?id=8168,15,7,0,1,2,3,3,0,0,1,3.561,phishing
https://microsoft.org/docs,9,5,0,1,1,0,0,0,0,0,2.699,legitimate
https://paypal-secure-929.net/login?id=3302,13,6,0,1,2,1,3,0,0,1,4.439,phishing
https://paypal-secure-798.info/account?id=9653,13,8,0,1,2,2,2,0,0,1,4.532,phishing
https://banking-update-733.info/verify?id=3258,14,7,0,1,2,1,4,0,0,1,3.884,phishing
https://paypal-secure-901.com/account?id=9474,13,8,0,1,2,2,1,0,0,1,3.389,phishing
https://secure-login-329.info/login?id=5749,12,6,0,1,2,2,4,0,0,1,4.325,phishing
https://office365-login-647.info/login?id=4955,15,6,0,1,2,3,3,0,0,1,3.839,phishing
https://paypal-secure-768.org/verify?id=1491,13,7,0,1,2,1,3,0,0,1,3.874,phishing
https://paypal-secure-660.net/account?id=6400,13,8,0,1,2,3,1,0,0,1,3.577,phishing
https://secure-login-172.com/verify?id=7819,12,7,0,1,2,3,1,0,0,1,4.62,phishing
https://office365-login-206.info/login?id=1583,15,6,0,1,2,2,2,0,0,1,4.241,phishing
https://amazon-support-156.net/login?id=1431,14,6,0,1,2,1,4,0,0,1,4.291,phishing
https://netflix.net/docs,7,5,0,1,1,0,0,0,0,0,2.465,legitimate
https://office365-login-662.org/update?id=3257,15,7,0,1,2,1,4,0,0,1,3.389,phishing
https://amazon-support-451.info/account?id=8152,14,8,0,1,2,1,2,0,0,1,3.571,phishing
https://office365-login-681.org/reset?id=1750,15,6,0,1,2,1,2,0,0,1,4.5,phishing
https://office365-login-389.org/account?id=1716,15,8,0,1,2,2,3,0,0,1,4.164,phishing
https://github.org/support,6,8,0,1,1,0,0,0,0,0,2.477,legitimate
https://paypal-secure-656.com/verify?id=4372,13,7,0,1,2,2,3,0,0,1,4.636,phishing
https://microsoft.edu/about,9,6,0,1,1,0,0,0,0,0,2.936,legitimate
https://office365-login-814.info/verify?id=9870,15,7,0,1,2,3,1,0,0,1,3.286,phishing
https://netflix.net/about,7,6,0,1,1,0,0,0,0,0,2.094,legitimate
https://netflix.org/about,7,6,0,1,1,0,0,0,0,0,2.89,legitimate
https://amazon-support-340.net/login?id=8213,14,6,0,1,2,3,4,0,0,1,4.725,phishing
https://paypal-secure-702.info/verify?id=7294,13,7,0,1,2,2,1,0,0,1,3.296,phishing
https://microsoft.net/docs,9,5,0,1,1,0,0,0,0,0,3.035,legitimate
https://paypal-secure-488.net/account?id=4021,13,8,0,1,2,3,4,0,0,1,4.052,phishing
https://paypal-secure-723.info/login?id=6508,13,6,0,1,2,2,2,0,0,1,4.412,phishing
https://secure-login-901.org/update?id=1935,12,7,0,1,2,1,4,0,0,1,4.724,phishing
https://github.net/products,6,9,0,1,1,0,0,0,0,0,2.687,legitimate
https://secure-login-490.info/account?id=8656,12,8,0,1,2,3,2,0,0,1,3.411,phishing
https://amazon-support-889.com/account?id=9893,14,8,0,1,2,2,3,0,0,1,4.114,phishing
https://amazon-support-775.info/verify?id=5104,14,7,0,1,2,3,1,0,0,1,3.399,phishing
https://amazon-support-554.info/account?id=8581,14,8,0,1,2,1,4,0,0,1,3.214,phishing
https://amazon-support-323.org/reset?id=7694,14,6,0,1,2,1,1,0,0,1,3.642,phishing
https://amazon-support-284.com/update?id=5227,14,7,0,1,2,2,3,0,0,1,4.59,phishing
https://office365-login-771.net/reset?id=1812,15,6,0,1,2,1,1,0,0,1,4.247,phishing
https://secure-login-424.org/reset?id=1687,12,6,0,1,2,3,2,0,0,1,3.297,phishing
https://github.edu/docs,6,5,0,1,1,0,0,0,0,0,2.814,legitimate
https://github.com/support,6,8,0,1,1,0,0,0,0,0,2.282,legitimate
https://secure-login-623.org/login?id=2268,12,6,0,1,2,1,2,0,0,1,3.721,phishing
https://banking-update-996.com/update?id=5638,14,7,0,1,2,1,1,0,0,1,3.722,phishing
https://github.net/about,6,6,0,1,1,0,0,0,0,0,2.565,legitimate
https://netflix.com/api/v1,7,7,0,1,1,0,0,0,0,0,2.442,legitimate
https://office365-login-723.com/login?id=4464,15,6,0,1,2,2,3,0,0,1,4.704,phishing
https://secure-login-490.com/account?id=2285,12,8,0,1,2,1,2,0,0,1,4.105,phishing
https://netflix.net/support,7,8,0,1,1,0,0,0,0,0,2.88,legitimate
https://netflix.com/support,7,8,0,1,1,0,0,0,0,0,2.567,legitimate
https://banking-update-299.info/verify?id=5801,14,7,0,1,2,1,3,0,0,1,3.589,phishing
https://github.org/products,6,9,0,1,1,0,0,0,0,0,2.378,legitimate
https://bankofamerica.net/products,13,9,0,1,1,0,0,0,0,0,2.434,legitimate
https://secure-login-769.com/verify?id=8932,12,7,0,1,2,3,2,0,0,1,3.918,phishing
https://secure-login-350.net/reset?id=7678,12,6,0,1,2,3,2,0,0,1,4.169,phishing
https://github.edu/docs,6,5,0,1,1,0,0,0,0,0,2.098,legitimate
https://office365-login-284.org/account?id=8439,15,8,0,1,2,1,2,0,0,1,3.393,phishing
https://secure-login-229.org/login?id=1558,12,6,0,1,2,2,1,0,0,1,4.304,phishing
https://bankofamerica.net/products,13,9,0,1,1,0,0,0,0,0,2.425,legitimate
https://secure-login-221.net/verify?id=6518,12,7,0,1,2,2,1,0,0,1,4.791,phishing
https://amazon-support-745.org/update?id=8368,14,7,0,1,2,3,4,0,0,1,3.663,phishing
https://office365-login-939.net/reset?id=9345,15,6,0,1,2,1,2,0,0,1,4.633,phishing
https://amazon-support-428.org/update?id=8185,14,7,0,1,2,1,3,0,0,1,4.712,phishing
https://amazon-support-149.org/verify?id=9481,14,7,0,1,2,3,4,0,0,1,3.656,phishing
https://office365-login-933.net/login?id=4451,15,6,0,1,2,2,3,0,0,1,4.12,phishing
https://paypal-secure-269.info/verify?id=2942,13,7,0,1,2,2,3,0,0,1,3.979,phishing
https://office365-login-720.info/verify?id=2738,15,7,0,1,2,1,3,0,0,1,3.426,phishing
https://secure-login-712.net/login?id=1651,12,6,0,1,2,3,2,0,0,1,3.211,phishing
https://example.edu/api/v1,7,7,0,1,1,0,0,0,0,0,2.338,legitimate
https://microsoft.net/support,9,8,0,1,1,0,0,0,0,0,2.151,legitimate
https://paypal-secure-542.com/update?id=9081,13,7,0,1,2,2,1,0,0,1,4.583,phishing
https://example.edu/docs,7,5,0,1,1,0,0,0,0,0,2.893,legitimate
https://paypal-secure-619.info/account?id=6494,13,8,0,1,2,2,4,0,0,1,4.209,phishing
https://paypal-secure-543.info/login?id=2645,13,6,0,1,2,3,3,0,0,1,3.505,phishing
https://paypal-secure-240.com/account?id=7163,13,8,0,1,2,1,2,0,0,1,3.624,phishing
https://office365-login-234.org/verify?id=4253,15,7,0,1,2,3,1,0,0,1,4.721,phishing
https://bankofamerica.com/products,13,9,0,1,1,0,0,0,0,0,2.081,legitimate
https://office365-login-528.net/login?id=5310,15,6,0,1,2,3,4,0,0,1,4.21,phishing
https://amazon-support-772.org/reset?id=3950,14,6,0,1,2,2,2,0,0,1,4.6,phishing
https://banking-update-465.org/reset?id=9903,14,6,0,1,2,2,3,0,0,1,3.354,phishing
https://amazon-support-433.org/update?id=5053,14,7,0,1,2,3,4,0,0,1,3.385,phishing
https://amazon-support-813.com/verify?id=7522,14,7,0,1,2,3,2,0,0,1,4.438,phishing
https://banking-update-129.org/account?id=5766,14,8,0,1,2,2,2,0,0,1,4.624,phishing
https://example.edu/about,7,6,0,1,1,0,0,0,0,0,2.81,legitimate
https://banking-update-366.org/update?id=1895,14,7,0,1,2,2,4,0,0,1,4.365,phishing
https://paypal-secure-519.info/update?id=4625,13,7,0,1,2,3,2,0,0,1,4.058,phishing
https://example.edu/api/v1,7,7,0,1,1,0,0,0,0,0,2.726,legitimate
https://paypal-secure-899.org/login?id=6460,13,6,0,1,2,2,1,0,0,1,4.248,phishing
https://amazon-support-958.net/account?id=9776,14,8,0,1,2,2,2,0,0,1,3.664,phishing
https://amazon-support-320.info/update?id=5074,14,7,0,1,2,1,1,0,0,1,4.553,phishing
https://netflix.com/support,7,8,0,1,1,0,0,0,0,0,2.478,legitimate
https://office365-login-124.info/verify?id=4768,15,7,0,1,2,3,2,0,0,1,3.254,phishing
https://microsoft.net/api/v1,9,7,0,1,1,0,0,0,0,0,2.982,legitimate
https://example.com/docs,7,5,0,1,1,0,0,0,0,0,2.605,legitimate
https://microsoft.com/docs,9,5,0,1,1,0,0,0,0,0,2.891,legitimate
https://office365-login-911.com/reset?id=7408,15,6,0,1,2,1,3,0,0,1,4.456,phishing
https://paypal-secure-569.info/verify?id=4320,13,7,0,1,2,1,3,0,0,1,4.751,phishing
https://banking-update-195.info/update?id=4641,14,7,0,1,2,2,3,0,0,1,3.973,phishing
https://netflix.org/products,7,9,0,1,1,0,0,0,0,0,2.021,legitimate
https://banking-update-831.info/reset?id=2774,14,6,0,1,2,2,2,0,0,1,4.125,phishing
https://office365-login-588.org/verify?id=2785,15,7,0,1,2,3,3,0,0,1,3.732,phishing
https://example.com/support,7,8,0,1,1,0,0,0,0,0,2.203,legitimate
https://microsoft.org/docs,9,5,0,1,1,0,0,0,0,0,2.17,legitimate
https://banking-update-885.net/login?id=9084,14,6,0,1,2,2,4,0,0,1,3.698,phishing
https://office365-login-805.com/verify?id=7660,15,7,0,1,2,1,3,0,0,1,4.305,phishing
https://microsoft.net/about,9,6,0,1,1,0,0,0,0,0,3.151,legitimate
https://banking-update-668.org/reset?id=2334,14,6,0,1,2,1,4,0,0,1,4.319,phishing
https://paypal-secure-866.net/reset?id=2990,13,6,0,1,2,1,2,0,0,1,3.9,phishing
https://example.net/products,7,9,0,1,1,0,0,0,0,0,2.205,legitimate
https://microsoft.org/support,9,8,0,1,1,0,0,0,0,0,2.502,legitimate
https://paypal-secure-837.org/verify?id=5441,13,7,0,1,2,3,3,0,0,1,4.184,phishing
https://office365-login-635.net/verify?id=4349,15,7,0,1,2,3,3,0,0,1,4.031,phishing
https://banking-update-864.net/verify?id=3217,14,7,0,1,2,1,4,0,0,1,3.216,phishing
https://office365-login-105.org/login?id=6109,15,6,0,1,2,3,2,0,0,1,3.519,phishing
https://banking-update-162.info/login?id=8679,14,6,0,1,2,3,2,0,0,1,3.307,phishing
https://office365-login-297.info/login?id=5498,15,6,0,1,2,2,4,0,0,1,4.135,phishing
https://secure-login-674.org/verify?id=9864,12,7,0,1,2,3,2,0,0,1,3.324,phishing
https://office365-login-369.info/account?id=2676,15,8,0,1,2,1,4,0,0,1,3.728,phishing
https://netflix.edu/support,7,8,0,1,1,0,0,0,0,0,2.802,legitimate
https://office365-login-321.com/account?id=2496,15,8,0,1,2,3,2,0,0,1,3.429,phishing
https://paypal-secure-153.info/login?id=3244,13,6,0,1,2,3,4,0,0,1,3.881,phishing
https://amazon-support-673.com/account?id=7442,14,8,0,1,2,2,4,0,0,1,4.33,phishing
https://secure-login-180.info/reset?id=4504,12,6,0,1,2,1,3,0,0,1,4.338,phishing
https://netflix.net/products,7,9,0,1,1,0,0,0,0,0,2.834,legitimate
https://paypal-secure-282.org/verify?id=1414,13,7,0,1,2,2,4,0,0,1,4.433,phishing
https://banking-update-673.net/reset?id=4129,14,6,0,1,2,2,3,0,0,1,3.486,phishing
https://example.org/products,7,9,0,1,1,0,0,0,0,0,2.433,legitimate
https://secure-login-196.info/verify?id=7043,12,7,0,1,2,2,1,0,0,1,4.171,phishing
https://amazon-support-144.org/update?id=5145,14,7,0,1,2,2,1,0,0,1,4.754,phishing
https://microsoft.net/products,9,9,0,1,1,0,0,0,0,0,2.209,legitimate
https://netflix.com/docs,7,5,0,1,1,0,0,0,0,0,2.443,legitimate
https://office365-login-184.net/account?id=7874,15,8,0,1,2,1,1,0,0,1,3.909,phishing
https://github.com/support,6,8,0,1,1,0,0,0,0,0,2.333,legitimate
https://netflix.com/about,7,6,0,1,1,0,0,0,0,0,3.005,legitimate
https://github.org/support,6,8,0,1,1,0,0,0,0,0,2.867,legitimate
https://paypal-secure-957.org/update?id=2007,13,7,0,1,2,1,2,0,0,1,4.52,phishing
https://amazon-support-554.com/account?id=1729,14,8,0,1,2,2,2,0,0,1,4.302,phishing
https://paypal-secure-674.info/verify?id=6745,13,7,0,1,2,1,3,0,0,1,3.946,phishing
https://example.net/docs,7,5,0,1,1,0,0,0,0,0,2.14,legitimate
https://paypal-secure-705.net/verify?id=1329,13,7,0,1,2,1,1,0,0,1,3.548,phishing
https://paypal-secure-957.net/verify?id=4130,13,7,0,1,2,3,2,0,0,1,3.697,phishing
https://amazon-support-243.net/verify?id=6169,14,7,0,1,2,2,2,0,0,1,4.536,phishing
https://office365-login-365.net/verify?id=8202,15,7,0,1,2,2,1,0,0,1,3.984,phishing
https://amazon-support-137.org/account?id=7318,14,8,0,1,2,1,2,0,0,1,4.79,phishing
https://amazon-support-816.net/verify?id=9253,14,7,0,1,2,3,3,0,0,1,3.345,phishing
https://github.org/products,6,9,0,1,1,0,0,0,0,0,2.313,legitimate
https://netflix.org/products,7,9,0,1,1,0,0,0,0,0,2.168,legitimate
https://amazon-support-134.org/reset?id=6281,14,6,0,1,2,3,1,0,0,1,4.207,phishing
https://example.org/products,7,9,0,1,1,0,0,0,0,0,2.571,legitimate
https://paypal-secure-413.net/verify?id=3666,13,7,0,1,2,2,2,0,0,1,4.403,phishing
https://secure-login-689.org/reset?id=8126,12,6,0,1,2,3,4,0,0,1,3.958,phishing
https://amazon-support-794.info/update?id=7572,14,7,0,1,2,2,1,0,0,1,4.753,phishing
https://netflix.com/products,7,9,0,1,1,0,0,0,0,0,2.511,legitimate
https://secure-login-129.org/reset?id=3687,12,6,0,1,2,3,2,0,0,1,4.676,phishing
https://netflix.org/support,7,8,0,1,1,0,0,0,0,0,2.902,legitimate
https://amazon-support-416.com/login?id=3317,14,6,0,1,2,2,4,0,0,1,3.834,phishing
https://office365-login-408.net/account?id=6038,15,8,0,1,2,1,2,0,0,1,3.578,phishing
https://paypal-secure-801.net/account?id=7131,13,8,0,1,2,1,4,0,0,1,3.455,phishing
https://secure-login-583.org/account?id=7165,12,8,0,1,2,2,2,0,0,1,4.421,phishing
https://office365-login-509.info/account?id=6359,15,8,0,1,2,2,4,0,0,1,4.155,phishing
https://amazon-support-127.org/reset?id=4632,14,6,0,1,2,3,2,0,0,1,4.429,phishing
https://amazon-support-713.com/reset?id=7523,14,6,0,1,2,1,2,0,0,1,3.421,phishing
https://office365-login-195.info/update?id=6563,15,7,0,1,2,2,2,0,0,1,3.881,phishing
https://banking-update-367.org/login?id=7909,14,6,0,1,2,1,2,0,0,1,3.837,phishing
https://paypal-secure-454.org/login?id=2661,13,6,0,1,2,3,4,0,0,1,4.486,phishing
https://amazon-support-619.net/reset?id=7291,14,6,0,1,2,3,4,0,0,1,3.219,phishing
https://banking-update-410.org/login?id=7962,14,6,0,1,2,2,1,0,0,1,4.166,phishing
https://microsoft.edu/products,9,9,0,1,1,0,0,0,0,0,2.854,legitimate
https://github.com/api/v1,6,7,0,1,1,0,0,0,0,0,3.177,legitimate
https://banking-update-107.com/account?id=6523,14,8,0,1,2,3,3,0,0,1,3.516,phishing
https://microsoft.net/docs,9,5,0,1,1,0,0,0,0,0,2.558,legitimate
https://banking-update-151.org/verify?id=7050,14,7,0,1,2,2,4,0,0,1,3.74,phishing
https://paypal-secure-400.info/account?id=6847,13,8,0,1,2,2,1,0,0,1,3.915,phishing
https://paypal-secure-849.com/verify?id=1599,13,7,0,1,2,3,4,0,0,1,3.598,phishing
https://paypal-secure-748.net/account?id=9084,13,8,0,1,2,2,3,0,0,1,3.753,phishing
https://secure-login-682.net/reset?id=8510,12,6,0,1,2,1,1,0,0,1,3.723,phishing
https://secure-login-624.com/update?id=2290,12,7,0,1,2,2,3,0,0,1,3.876,phishing
https://amazon-support-219.com/update?id=4139,14,7,0,1,2,3,3,0,0,1,4.792,phishing
https://secure-login-483.net/login?id=8748,12,6,0,1,2,1,4,0,0,1,3.64,phishing
https://office365-login-787.info/reset?id=1749,15,6,0,1,2,3,4,0,0,1,4.656,phishing
https://amazon-support-312.com/update?id=1306,14,7,0,1,2,2,2,0,0,1,3.64,phishing
https://amazon-support-330.com/account?id=1296,14,8,0,1,2,3,3,0,0,1,3.554,phishing
https://secure-login-530.org/reset?id=6386,12,6,0,1,2,3,4,0,0,1,3.961,phishing
https://amazon-support-454.info/verify?id=8280,14,7,0,1,2,1,4,0,0,1,4.567,phishing
https://secure-login-361.net/update?id=7601,12,7,0,1,2,1,1,0,0,1,4.21,phishing
https://amazon-support-865.com/account?id=9676,14,8,0,1,2,2,3,0,0,1,3.667,phishing
https://banking-update-739.com/account?id=3731,14,8,0,1,2,3,3,0,0,1,4.104,phishing
https://paypal-secure-861.info/reset?id=9040,13,6,0,1,2,1,4,0,0,1,4.674,phishing
https://secure-login-505.com/login?id=4576,12,6,0,1,2,1,1,0,0,1,4.113,phishing
https://office365-login-518.org/reset?id=6767,15,6,0,1,2,1,4,0,0,1,4.641,phishing
https://amazon-support-614.com/verify?id=9775,14,7,0,1,2,3,4,0,0,1,3.56,phishing
https://banking-update-260.info/update?id=3910,14,7,0,1,2,2,3,0,0,1,3.205,phishing
https://microsoft.org/docs,9,5,0,1,1,0,0,0,0,0,2.46,legitimate
https://banking-update-751.org/account?id=1475,14,8,0,1,2,3,2,0,0,1,3.422,phishing
https://paypal-secure-432.org/login?id=5095,13,6,0,1,2,1,4,0,0,1,4.295,phishing
https://example.net/support,7,8,0,1,1,0,0,0,0,0,2.614,legitimate
https://office365-login-840.org/verify?id=4920,15,7,0,1,2,1,4,0,0,1,4.699,phishing
https://github.org/about,6,6,0,1,1,0,0,0,0,0,2.078,legitimate
https://secure-login-350.org/update?id=8268,12,7,0,1,2,1,2,0,0,1,4.756,phishing
https://paypal-secure-350.info/account?id=8572,13,8,0,1,2,3,1,0,0,1,3.211,phishing
https://banking-update-172.org/update?id=7833,14,7,0,1,2,2,1,0,0,1,4.345,phishing
https://secure-login-592.com/update?id=1979,12,7,0,1,2,2,4,0,0,1,4.525,phishing
https://example.edu/products,7,9,0,1,1,0,0,0,0,0,2.86,legitimate
https://banking-update-206.org/login?id=3391,14,6,0,1,2,2,1,0,0,1,4.355,phishing
https://amazon-support-914.net/account?id=8906,14,8,0,1,2,1,3,0,0,1,3.355,phishing
https://paypal-secure-870.org/update?id=5009,13,7,0,1,2,2,3,0,0,1,3.672,phishing
https://banking-update-381.info/reset?id=1585,14,6,0,1,2,1,2,0,0,1,4.035,phishing
https://amazon-support-414.info/verify?id=3593,14,7,0,1,2,3,3,0,0,1,3.96,phishing
https://amazon-support-250.net/account?id=5789,14,8,0,1,2,2,3,0,0,1,4.219,phishing
https://office365-login-698.info/account?id=1197,15,8,0,1,2,2,3,0,0,1,4.354,phishing
https://netflix.net/products,7,9,0,1,1,0,0,0,0,0,2.742,legitimate
https://amazon-support-973.net/reset?id=9209,14,6,0,1,2,2,3,0,0,1,3.805,phishing
https://bankofamerica.net/api/v1,13,7,0,1,1,0,0,0,0,0,2.581,legitimate
https://paypal-secure-416.info/account?id=4382,13,8,0,1,2,1,2,0,0,1,3.645,phishing
https://example.org/about,7,6,0,1,1,0,0,0,0,0,2.599,legitimate
https://paypal-secure-472.net/account?id=1538,13,8,0,1,2,2,1,0,0,1,4.723,phishing
https://amazon-support-557.com/login?id=9567,14,6,0,1,2,1,2,0,0,1,3.61,phishing
https://bankofamerica.org/products,13,9,0,1,1,0,0,0,0,0,2.213,legitimate
https://github.edu/docs,6,5,0,1,1,0,0,0,0,0,2.892,legitimate
https://example.org/support,7,8,0,1,1,0,0,0,0,0,2.363,legitimate
https://office365-login-200.org/update?id=9797,15,7,0,1,2,1,3,0,0,1,4.464,phishing
https://banking-update-185.com/update?id=8799,14,7,0,1,2,1,1,0,0,1,4.068,phishing
https://banking-update-109.info/reset?id=8041,14,6,0,1,2,1,4,0,0,1,4.444,phishing
https://secure-login-357.org/login?id=7671,12,6,0,1,2,3,3,0,0,1,3.988,phishing
https://secure-login-390.org/reset?id=5909,12,6,0,1,2,2,2,0,0,1,3.746,phishing
https://secure-login-214.info/update?id=3984,12,7,0,1,2,2,1,0,0,1,3.711,phishing
https://microsoft.net/api/v1,9,7,0,1,1,0,0,0,0,0,2.215,legitimate
https://github.com/products,6,9,0,1,1,0,0,0,0,0,2.411,legitimate
https://office365-login-881.net/login?id=4797,15,6,0,1,2,1,3,0,0,1,4.003,phishing
https://secure-login-801.org/login?id=5916,12,6,0,1,2,3,2,0,0,1,4.114,phishing
https://office365-login-904.net/update?id=3814,15,7,0,1,2,1,2,0,0,1,3.721,phishing
https://banking-update-334.org/verify?id=5306,14,7,0,1,2,2,3,0,0,1,3.793,phishing
https://amazon-support-415.info/update?id=7968,14,7,0,1,2,3,4,0,0,1,4.42,phishing
https://banking-update-462.com/update?id=3292,14,7,0,1,2,2,3,0,0,1,3.231,phishing
https://bankofamerica.edu/about,13,6,0,1,1,0,0,0,0,0,2.999,legitimate
https://banking-update-671.org/verify?id=4267,14,7,0,1,2,1,4,0,0,1,4.57,phishing
https://office365-login-840.net/verify?id=8859,15,7,0,1,2,3,4,0,0,1,4.723,phishing
https://microsoft.net/api/v1,9,7,0,1,1,0,0,0,0,0,2.336,legitimate
https://banking-update-157.com/login?id=6614,14,6,0,1,2,2,3,0,0,1,3.901,phishing
https://banking-update-432.net/login?id=7779,14,6,0,1,2,1,2,0,0,1,4.144,phishing
https://secure-login-351.com/update?id=6371,12,7,0,1,2,3,3,0,0,1,4.091,phishing
https://example.org/docs,7,5,0,1,1,0,0,0,0,0,3.045,legitimate
https://amazon-support-865.info/update?id=4519,14,7,0,1,2,1,3,0,0,1,3.949,phishing
https://amazon-support-361.net/verify?id=1379,14,7,0,1,2,1,1,0,0,1,4.228,phishing
https://banking-update-161.com/reset?id=9392,14,6,0,1,2,2,1,0,0,1,4.105,phishing
https://netflix.edu/support,7,8,0,1,1,0,0,0,0,0,2.59,legitimate
https://paypal-secure-194.com/reset?id=2840,13,6,0,1,2,3,2,0,0,1,4.478,phishing
https://example.net/support,7,8,0,1,1,0,0,0,0,0,2.78,legitimate
https://paypal-secure-576.org/verify?id=8393,13,7,0,1,2,3,2,0,0,1,4.241,phishing
https://secure-login-640.info/update?id=8084,12,7,0,1,2,1,4,0,0,1,4.12,phishing
https://banking-update-330.com/login?id=6281,14,6,0,1,2,2,2,0,0,1,3.614,phishing
https://amazon-support-888.org/account?id=6810,14,8,0,1,2,3,2,0,0,1,3.502,phishing
https://amazon-support-126.net/login?id=9739,14,6,0,1,2,3,1,0,0,1,4.447,phishing
https://paypal-secure-335.info/verify?id=4421,13,7,0,1,2,1,3,0,0,1,3.461,phishing
https://bankofamerica.org/about,13,6,0,1,1,0,0,0,0,0,2.033,legitimate
https://microsoft.com/products,9,9,0,1,1,0,0,0,0,0,2.031,legitimate
https://bankofamerica.net/docs,13,5,0,1,1,0,0,0,0,0,2.536,legitimate
https://office365-login-934.org/reset?id=3042,15,6,0,1,2,1,2,0,0,1,4.011,phishing
https://secure-login-874.com/account?id=4434,12,8,0,1,2,1,4,0,0,1,4.385,phishing
https://amazon-support-315.org/account?id=2487,14,8,0,1,2,3,3,0,0,1,3.965,phishing
https://banking-update-489.com/login?id=7881,14,6,0,1,2,2,1,0,0,1,3.767,phishing
https://example.net/about,7,6,0,1,1,0,0,0,0,0,2.275,legitimate
https://microsoft.net/docs,9,5,0,1,1,0,0,0,0,0,3.142,legitimate
https://amazon-support-967.com/account?id=5079,14,8,0,1,2,1,1,0,0,1,3.405,phishing
https://banking-update-710.com/login?id=4437,14,6,0,1,2,3,3,0,0,1,3.795,phishing
https://office365-login-278.org/account?id=9496,15,8,0,1,2,1,2,0,0,1,3.784,phishing
https://bankofamerica.com/products,13,9,0,1,1,0,0,0,0,0,2.245,legitimate
https://amazon-support-428.info/reset?id=1466,14,6,0,1,2,1,3,0,0,1,3.246,phishing
https://office365-login-652.org/login?id=7177,15,6,0,1,2,3,2,0,0,1,3.453,phishing
https://office365-login-167.com/update?id=2841,15,7,0,1,2,2,4,0,0,1,4.773,phishing
https://netflix.net/api/v1,7,7,0,1,1,0,0,0,0,0,3.028,legitimate
https://example.edu/products,7,9,0,1,1,0,0,0,0,0,2.563,legitimate
https://bankofamerica.edu/support,13,8,0,1,1,0,0,0,0,0,2.439,legitimate
https://paypal-secure-866.org/update?id=4215,13,7,0,1,2,1,2,0,0,1,4.024,phishing
https://bankofamerica.org/docs,13,5,0,1,1,0,0,0,0,0,2.892,legitimate
https://github.com/api/v1,6,7,0,1,1,0,0,0,0,0,2.271,legitimate
https://amazon-support-784.info/update?id=9518,14,7,0,1,2,3,3,0,0,1,4.416,phishing
https://banking-update-693.info/account?id=1560,14,8,0,1,2,3,4,0,0,1,4.211,phishing
https://bankofamerica.com/api/v1,13,7,0,1,1,0,0,0,0,0,2.762,legitimate
https://bankofamerica.org/products,13,9,0,1,1,0,0,0,0,0,2.387,legitimate
https://banking-update-743.info/account?id=7646,14,8,0,1,2,2,2,0,0,1,3.925,phishing
https://banking-update-771.com/verify?id=9429,14,7,0,1,2,2,3,0,0,1,4.795,phishing
https://amazon-support-567.org/reset?id=2581,14,6,0,1,2,3,3,0,0,1,4.421,phishing
https://amazon-support-656.org/login?id=3068,14,6,0,1,2,1,2,0,0,1,4.76,phishing
https://example.edu/api/v1,7,7,0,1,1,0,0,0,0,0,3.048,legitimate
https://banking-update-286.com/reset?id=7513,14,6,0,1,2,3,2,0,0,1,3.427,phishing
https://paypal-secure-638.net/verify?id=3486,13,7,0,1,2,3,1,0,0,1,4.48,phishing
https://office365-login-262.net/verify?id=2640,15,7,0,1,2,3,2,0,0,1,4.216,phishing
https://bankofamerica.org/support,13,8,0,1,1,0,0,0,0,0,3.131,legitimate
https://office365-login-510.info/login?id=5857,15,6,0,1,2,2,4,0,0,1,4.63,phishing
https://office365-login-176.info/login?id=5117,15,6,0,1,2,3,3,0,0,1,3.534,phishing
https://netflix.com/docs,7,5,0,1,1,0,0,0,0,0,2.906,legitimate
https://banking-update-500.net/account?id=3612,14,8,0,1,2,3,4,0,0,1,3.826,phishing
https://amazon-support-382.com/account?id=3300,14,8,0,1,2,2,1,0,0,1,4.362,phishing
https://office365-login-245.net/update?id=5513,15,7,0,1,2,2,1,0,0,1,4.219,phishing
https://secure-login-582.com/reset?id=4804,12,6,0,1,2,3,4,0,0,1,3.678,phishing
https://secure-login-172.org/account?id=6593,12,8,0,1,2,2,1,0,0,1,3.81,phishing
https://example.net/products,7,9,0,1,1,0,0,0,0,0,2.702,legitimate
https://microsoft.edu/api/v1,9,7,0,1,1,0,0,0,0,0,2.627,legitimate
https://secure-login-990.info/account?id=9102,12,8,0,1,2,3,4,0,0,1,3.875,phishing
https://amazon-support-755.info/verify?id=9320,14,7,0,1,2,2,4,0,0,1,4.267,phishing
https://amazon-support-203.com/login?id=8955,14,6,0,1,2,1,4,0,0,1,3.554,phishing
https://amazon-support-674.com/update?id=7157,14,7,0,1,2,3,4,0,0,1,3.267,phishing
https://paypal-secure-882.com/login?id=4909,13,6,0,1,2,2,4,0,0,1,4.504,phishing
https://example.edu/products,7,9,0,1,1,0,0,0,0,0,3.023,legitimate
https://secure-login-932.com/update?id=8074,12,7,0,1,2,3,1,0,0,1,3.546,phishing
https://amazon-support-522.com/verify?id=1464,14,7,0,1,2,3,4,0,0,1,4.559,phishing
https://amazon-support-383.info/account?id=8307,14,8,0,1,2,1,3,0,0,1,3.933,phishing
https://github.org/api/v1,6,7,0,1,1,0,0,0,0,0,2.67,legitimate
https://github.net/about,6,6,0,1,1,0,0,0,0,0,2.937,legitimate
https://banking-update-460.com/verify?id=9818,14,7,0,1,2,3,2,0,0,1,3.706,phishing
https://paypal-secure-736.org/verify?id=9146,13,7,0,1,2,3,2,0,0,1,4.411,phishing
https://banking-update-925.info/verify?id=8172,14,7,0,1,2,2,2,0,0,1,4.735,phishing
https://paypal-secure-417.net/reset?id=9292,13,6,0,1,2,3,3,0,0,1,4.411,phishing
https://banking-update-195.com/account?id=2483,14,8,0,1,2,3,4,0,0,1,4.564,phishing
https://amazon-support-236.info/update?id=7311,14,7,0,1,2,1,3,0,0,1,4.181,phishing
https://github.org/products,6,9,0,1,1,0,0,0,0,0,2.991,legitimate
https://office365-login-606.info/login?id=4677,15,6,0,1,2,3,2,0,0,1,3.593,phishing
https://office365-login-403.net/login?id=4992,15,6,0,1,2,1,4,0,0,1,4.541,phishing
https://secure-login-290.net/update?id=9496,12,7,0,1,2,3,4,0,0,1,4.204,phishing
https://microsoft.edu/about,9,6,0,1,1,0,0,0,0,0,2.964,legitimate
https://amazon-support-427.info/account?id=9853,14,8,0,1,2,2,1,0,0,1,4.733,phishing
https://office365-login-903.net/login?id=9314,15,6,0,1,2,3,4,0,0,1,4.057,phishing
https://secure-login-834.net/verify?id=4669,12,7,0,1,2,2,3,0,0,1,4.119,phishing
https://secure-login-705.org/update?id=8146,12,7,0,1,2,1,2,0,0,1,3.235,phishing
https://paypal-secure-988.info/update?id=3422,13,7,0,1,2,1,3,0,0,1,3.305,phishing
https://netflix.edu/docs,7,5,0,1,1,0,0,0,0,0,2.856,legitimate
https://office365-login-777.org/account?id=8407,15,8,0,1,2,2,3,0,0,1,3.729,phishing
https://secure-login-884.org/account?id=9841,12,8,0,1,2,3,3,0,0,1,4.58,phishing
https://example.edu/support,7,8,0,1,1,0,0,0,0,0,2.144,legitimate
https://netflix.com/support,7,8,0,1,1,0,0,0,0,0,2.496,legitimate
https://office365-login-892.net/reset?id=3938,15,6,0,1,2,1,1,0,0,1,4.239,phishing
https://paypal-secure-196.info/login?id=7611,13,6,0,1,2,3,4,0,0,1,4.488,phishing
https://banking-update-287.net/verify?id=2570,14,7,0,1,2,2,3,0,0,1,3.484,phishing
https://amazon-support-288.org/login?id=5268,14,6,0,1,2,2,2,0,0,1,3.563,phishing
https://example.edu/products,7,9,0,1,1,0,0,0,0,0,2.902,legitimate
https://paypal-secure-160.com/reset?id=7113,13,6,0,1,2,1,2,0,0,1,3.203,phishing
https://example.com/about,7,6,0,1,1,0,0,0,0,0,2.462,legitimate
https://secure-login-276.info/login?id=4088,12,6,0,1,2,3,4,0,0,1,3.491,phishing
https://amazon-support-714.com/account?id=7130,14,8,0,1,2,3,2,0,0,1,4.626,phishing
https://bankofamerica.org/products,13,9,0,1,1,0,0,0,0,0,2.036,legitimate
https://secure-login-398.com/verify?id=2765,12,7,0,1,2,2,2,0,0,1,4.144,phishing
https://paypal-secure-717.org/account?id=3543,13,8,0,1,2,3,3,0,0,1,4.701,phishing
https://netflix.net/products,7,9,0,1,1,0,0,0,0,0,3.133,legitimate
https://paypal-secure-474.info/account?id=3316,13,8,0,1,2,1,4,0,0,1,3.501,phishing
https://amazon-support-930.com/update?id=2618,14,7,0,1,2,3,1,0,0,1,4.262,phishing
https://secure-login-758.org/reset?id=4292,12,6,0,1,2,2,3,0,0,1,3.417,phishing
https://github.net/products,6,9,0,1,1,0,0,0,0,0,2.522,legitimate
https://paypal-secure-429.org/login?id=8931,13,6,0,1,2,3,4,0,0,1,3.689,phishing
https://github.com/support,6,8,0,1,1,0,0,0,0,0,2.998,legitimate
https://paypal-secure-865.info/reset?id=9893,13,6,0,1,2,1,3,0,0,1,4.383,phishing
https://paypal-secure-292.info/update?id=6763,13,7,0,1,2,3,1,0,0,1,4.518,phishing
https://banking-update-479.net/reset?id=1732,14,6,0,1,2,1,1,0,0,1,3.932,phishing
https://office365-login-831.info/login?id=4335,15,6,0,1,2,2,2,0,0,1,4.114,phishing
https://paypal-secure-805.org/account?id=2905,13,8,0,1,2,2,1,0,0,1,4.647,phishing
https://amazon-support-946.net/update?id=4741,14,7,0,1,2,2,4,0,0,1,3.272,phishing
https://office365-login-796.info/update?id=6074,15,7,0,1,2,1,3,0,0,1,3.855,phishing
https://banking-update-962.org/verify?id=4104,14,7,0,1,2,2,3,0,0,1,4.16,phishing
https://banking-update-231.com/update?id=4653,14,7,0,1,2,1,1,0,0,1,3.384,phishing
https://microsoft.com/api/v1,9,7,0,1,1,0,0,0,0,0,2.644,legitimate
https://amazon-support-649.org/verify?id=5693,14,7,0,1,2,2,3,0,0,1,3.374,phishing
https://office365-login-966.com/reset?id=9158,15,6,0,1,2,1,2,0,0,1,4.029,phishing
https://banking-update-334.com/login?id=1623,14,6,0,1,2,2,2,0,0,1,3.334,phishing
https://paypal-secure-730.net/update?id=7076,13,7,0,1,2,2,2,0,0,1,3.907,phishing
https://netflix.org/api/v1,7,7,0,1,1,0,0,0,0,0,2.87,legitimate
https://paypal-secure-980.net/verify?id=5109,13,7,0,1,2,1,3,0,0,1,3.939,phishing
https://example.net/products,7,9,0,1,1,0,0,0,0,0,2.184,legitimate
https://paypal-secure-742.net/account?id=4184,13,8,0,1,2,2,4,0,0,1,3.24,phishing
https://office365-login-264.info/reset?id=3348,15,6,0,1,2,3,3,0,0,1,3.291,phishing
https://banking-update-837.com/reset?id=3783,14,6,0,1,2,3,3,0,0,1,3.793,phishing
https://paypal-secure-490.net/login?id=1056,13,6,0,1,2,3,1,0,0,1,4.502,phishing
https://example.org/docs,7,5,0,1,1,0,0,0,0,0,2.676,legitimate
https://banking-update-802.org/verify?id=7336,14,7,0,1,2,2,2,0,0,1,4.293,phishing
https://amazon-support-256.org/update?id=8441,14,7,0,1,2,3,3,0,0,1,3.558,phishing
https://office365-login-264.org/verify?id=7030,15,7,0,1,2,3,1,0,0,1,3.891,phishing
https://paypal-secure-827.org/update?id=9871,13,7,0,1,2,1,4,0,0,1,3.4,phishing
https://office365-login-527.org/update?id=8546,15,7,0,1,2,3,4,0,0,1,3.91,phishing
https://amazon-support-781.info/verify?id=7535,14,7,0,1,2,1,2,0,0,1,3.594,phishing
https://netflix.org/support,7,8,0,1,1,0,0,0,0,0,2.436,legitimate
https://banking-update-318.info/verify?id=7436,14,7,0,1,2,1,4,0,0,1,3.374,phishing
https://amazon-support-304.org/login?id=4558,14,6,0,1,2,2,2,0,0,1,4.255,phishing
https://microsoft.org/products,9,9,0,1,1,0,0,0,0,0,2.029,legitimate
https://secure-login-863.net/verify?id=3553,12,7,0,1,2,3,4,0,0,1,4.12,phishing
https://bankofamerica.net/about,13,6,0,1,1,0,0,0,0,0,2.562,legitimate
https://bankofamerica.net/about,13,6,0,1,1,0,0,0,0,0,2.732,legitimate
https://netflix.com/docs,7,5,0,1,1,0,0,0,0,0,2.944,legitimate
https://paypal-secure-973.com/verify?id=2473,13,7,0,1,2,2,3,0,0,1,3.525,phishing
https://office365-login-471.info/login?id=6169,15,6,0,1,2,3,4,0,0,1,3.96,phishing
https://github.edu/docs,6,5,0,1,1,0,0,0,0,0,2.963,legitimate
https://office365-login-221.net/update?id=9721,15,7,0,1,2,3,4,0,0,1,3.453,phishing
https://banking-update-216.info/account?id=3402,14,8,0,1,2,2,1,0,0,1,4.409,phishing
https://banking-update-588.org/update?id=3792,14,7,0,1,2,1,3,0,0,1,4.69,phishing
https://office365-login-603.org/login?id=6633,15,6,0,1,2,2,1,0,0,1,4.618,phishing
https://office365-login-253.info/update?id=2818,15,7,0,1,2,3,2,0,0,1,4.739,phishing
https://paypal-secure-918.info/reset?id=9105,13,6,0,1,2,1,4,0,0,1,4.787,phishing
https://amazon-support-386.net/reset?id=9526,14,6,0,1,2,1,4,0,0,1,3.71,phishing
https://office365-login-559.info/verify?id=8093,15,7,0,1,2,2,1,0,0,1,3.637,phishing
https://microsoft.com/about,9,6,0,1,1,0,0,0,0,0,2.662,legitimate
https://secure-login-119.com/reset?id=5959,12,6,0,1,2,2,2,0,0,1,4.647,phishing
https://paypal-secure-443.info/update?id=7009,13,7,0,1,2,3,4,0,0,1,3.852,phishing
https://amazon-support-297.info/reset?id=9008,14,6,0,1,2,2,3,0,0,1,3.333,phishing
https://paypal-secure-216.info/reset?id=1376,13,6,0,1,2,1,1,0,0,1,3.589,phishing
https://paypal-secure-920.net/reset?id=4882,13,6,0,1,2,1,1,0,0,1,3.215,phishing
https://amazon-support-696.com/account?id=8549,14,8,0,1,2,3,3,0,0,1,4.458,phishing
https://paypal-secure-304.com/account?id=2329,13,8,0,1,2,1,1,0,0,1,4.349,phishing
https://banking-update-151.net/account?id=2301,14,8,0,1,2,2,3,0,0,1,4.201,phishing
https://office365-login-823.org/reset?id=4048,15,6,0,1,2,2,3,0,0,1,4.371,phishing
https://paypal-secure-619.org/account?id=1103,13,8,0,1,2,1,2,0,0,1,4.759,phishing
https://secure-login-819.net/login?id=2241,12,6,0,1,2,1,2,0,0,1,4.558,phishing
https://bankofamerica.org/products,13,9,0,1,1,0,0,0,0,0,2.762,legitimate
https://secure-login-755.org/reset?id=5676,12,6,0,1,2,1,4,0,0,1,3.602,phishing
https://office365-login-388.com/verify?id=3642,15,7,0,1,2,1,1,0,0,1,3.3,phishing
https://paypal-secure-790.org/login?id=8306,13,6,0,1,2,1,1,0,0,1,3.709,phishing
https://github.com/support,6,8,0,1,1,0,0,0,0,0,2.315,legitimate
https://microsoft.edu/products,9,9,0,1,1,0,0,0,0,0,2.445,legitimate
https://banking-update-862.info/reset?id=4117,14,6,0,1,2,1,2,0,0,1,3.268,phishing
https://banking-update-915.org/verify?id=7606,14,7,0,1,2,2,4,0,0,1,3.923,phishing
https://banking-update-994.org/login?id=3284,14,6,0,1,2,2,4,0,0,1,4.784,phishing
https://banking-update-544.info/login?id=3830,14,6,0,1,2,1,2,0,0,1,3.547,phishing
https://banking-update-445.net/verify?id=4240,14,7,0,1,2,1,4,0,0,1,3.828,phishing
https://secure-login-294.info/account?id=8971,12,8,0,1,2,3,4,0,0,1,3.893,phishing
https://bankofamerica.net/docs,13,5,0,1,1,0,0,0,0,0,2.424,legitimate
https://amazon-support-396.org/reset?id=3317,14,6,0,1,2,1,4,0,0,1,4.486,phishing
https://paypal-secure-446.info/account?id=6089,13,8,0,1,2,3,4,0,0,1,4.179,phishing
https://secure-login-842.info/verify?id=7117,12,7,0,1,2,3,2,0,0,1,3.791,phishing
https://example.com/products,7,9,0,1,1,0,0,0,0,0,2.444,legitimate
https://amazon-support-749.net/verify?id=8801,14,7,0,1,2,2,3,0,0,1,4.124,phishing
https://office365-login-900.net/verify?id=4750,15,7,0,1,2,3,2,0,0,1,4.501,phishing
https://secure-login-420.org/login?id=9371,12,6,0,1,2,1,4,0,0,1,4.4,phishing
https://paypal-secure-717.org/update?id=5358,13,7,0,1,2,1,4,0,0,1,3.823,phishing
https://amazon-support-968.net/verify?id=1967,14,7,0,1,2,2,2,0,0,1,3.557,phishing
https://amazon-support-249.org/reset?id=5468,14,6,0,1,2,2,4,0,0,1,4.776,phishing
https://secure-login-711.net/account?id=2972,12,8,0,1,2,2,1,0,0,1,4.377,phishing
https://secure-login-909.info/account?id=7160,12,8,0,1,2,2,1,0,0,1,3.677,phishing
https://amazon-support-767.com/login?id=7904,14,6,0,1,2,1,3,0,0,1,3.944,phishing
https://bankofamerica.net/products,13,9,0,1,1,0,0,0,0,0,2.666,legitimate
https://amazon-support-566.com/verify?id=5521,14,7,0,1,2,1,4,0,0,1,3.656,phishing
https://amazon-support-153.com/login?id=6349,14,6,0,1,2,3,4,0,0,1,3.79,phishing
https://banking-update-761.com/update?id=6306,14,7,0,1,2,2,2,0,0,1,3.723,phishing
https://example.edu/about,7,6,0,1,1,0,0,0,0,0,2.679,legitimate
https://secure-login-608.com/account?id=2046,12,8,0,1,2,1,2,0,0,1,3.443,phishing
https://office365-login-465.com/verify?id=6540,15,7,0,1,2,1,4,0,0,1,3.75,phishing
https://banking-update-526.com/reset?id=7487,14,6,0,1,2,3,2,0,0,1,4.077,phishing
https://office365-login-218.org/account?id=5272,15,8,0,1,2,1,2,0,0,1,3.29,phishing
https://paypal-secure-590.com/account?id=1694,13,8,0,1,2,1,2,0,0,1,4.414,phishing
https://bankofamerica.edu/about,13,6,0,1,1,0,0,0,0,0,2.465,legitimate
https://banking-update-883.com/reset?id=5745,14,6,0,1,2,2,1,0,0,1,4.271,phishing
https://secure-login-304.com/login?id=1589,12,6,0,1,2,1,2,0,0,1,4.132,phishing
https://paypal-secure-948.info/reset?id=3689,13,6,0,1,2,2,2,0,0,1,3.444,phishing
https://secure-login-669.info/verify?id=7132,12,7,0,1,2,3,4,0,0,1,3.456,phishing
https://secure-login-300.info/verify?id=6358,12,7,0,1,2,2,4,0,0,1,3.391,phishing
https://paypal-secure-767.org/reset?id=9385,13,6,0,1,2,2,2,0,0,1,3.496,phishing
https://paypal-secure-877.net/account?id=5892,13,8,0,1,2,3,2,0,0,1,4.619,phishing
https://github.net/docs,6,5,0,1,1,0,0,0,0,0,2.777,legitimate
https://amazon-support-124.net/reset?id=6077,14,6,0,1,2,1,2,0,0,1,4.527,phishing
https://bankofamerica.net/products,13,9,0,1,1,0,0,0,0,0,2.864,legitimate
https://banking-update-591.net/update?id=5675,14,7,0,1,2,3,2,0,0,1,3.324,phishing
https://paypal-secure-151.com/reset?id=1183,13,6,0,1,2,2,1,0,0,1,3.686,phishing
https://secure-login-154.net/login?id=7030,12,6,0,1,2,1,2,0,0,1,4.754,phishing
https://github.com/about,6,6,0,1,1,0,0,0,0,0,2.501,legitimate
https://paypal-secure-245.com/verify?id=5304,13,7,0,1,2,2,2,0,0,1,3.393,phishing
https://paypal-secure-114.org/account?id=2844,13,8,0,1,2,1,2,0,0,1,3.928,phishing
https://netflix.edu/about,7,6,0,1,1,0,0,0,0,0,2.027,legitimate
https://paypal-secure-166.net/account?id=7513,13,8,0,1,2,3,4,0,0,1,3.248,phishing
https://banking-update-113.org/account?id=1721,14,8,0,1,2,3,1,0,0,1,4.735,phishing
https://github.net/api/v1,6,7,0,1,1,0,0,0,0,0,2.962,legitimate
https://amazon-support-806.net/account?id=8339,14,8,0,1,2,1,1,0,0,1,4.598,phishing
https://microsoft.net/api/v1,9,7,0,1,1,0,0,0,0,0,2.859,legitimate
https://github.edu/docs,6,5,0,1,1,0,0,0,0,0,2.718,legitimate
https://banking-update-774.net/verify?id=7082,14,7,0,1,2,3,2,0,0,1,3.713,phishing
https://banking-update-511.net/reset?id=7096,14,6,0,1,2,2,3,0,0,1,4.428,phishing
https://banking-update-542.org/verify?id=2416,14,7,0,1,2,3,3,0,0,1,4.616,phishing
https://amazon-support-871.org/update?id=9834,14,7,0,1,2,3,2,0,0,1,4.624,phishing
https://office365-login-747.info/reset?id=3612,15,6,0,1,2,3,2,0,0,1,4.764,phishing
https://microsoft.com/products,9,9,0,1,1,0,0,0,0,0,3.057,legitimate
https://netflix.com/support,7,8,0,1,1,0,0,0,0,0,2.125,legitimate
https://secure-login-800.net/account?id=6486,12,8,0,1,2,2,1,0,0,1,3.721,phishing
https://github.net/support,6,8,0,1,1,0,0,0,0,0,2.788,legitimate
https://secure-login-804.info/update?id=2743,12,7,0,1,2,1,4,0,0,1,3.449,phishing
https://office365-login-919.com/reset?id=2766,15,6,0,1,2,2,2,0,0,1,4.665,phishing
https://amazon-support-410.net/update?id=4428,14,7,0,1,2,3,1,0,0,1,4.722,phishing
https://paypal-secure-223.com/verify?id=4392,13,7,0,1,2,1,1,0,0,1,3.307,phishing
https://paypal-secure-777.org/verify?id=7602,13,7,0,1,2,1,3,0,0,1,3.749,phishing
https://amazon-support-703.org/reset?id=8838,14,6,0,1,2,3,1,0,0,1,4.287,phishing
https://microsoft.edu/about,9,6,0,1,1,0,0,0,0,0,2.037,legitimate
https://microsoft.com/products,9,9,0,1,1,0,0,0,0,0,2.826,legitimate
https://amazon-support-489.org/login?id=1633,14,6,0,1,2,2,1,0,0,1,3.96,phishing
https://paypal-secure-565.net/login?id=7223,13,6,0,1,2,3,3,0,0,1,3.586,phishing
https://example.edu/about,7,6,0,1,1,0,0,0,0,0,2.663,legitimate
https://microsoft.org/support,9,8,0,1,1,0,0,0,0,0,2.493,legitimate
https://office365-login-555.com/reset?id=2132,15,6,0,1,2,3,2,0,0,1,3.941,phishing
https://banking-update-699.com/verify?id=2927,14,7,0,1,2,3,4,0,0,1,3.478,phishing
https://office365-login-715.com/verify?id=6429,15,7,0,1,2,2,1,0,0,1,4.299,phishing
https://example.org/products,7,9,0,1,1,0,0,0,0,0,2.583,legitimate
https://office365-login-409.org/login?id=3992,15,6,0,1,2,1,3,0,0,1,4.585,phishing
https://banking-update-927.net/update?id=2902,14,7,0,1,2,1,2,0,0,1,3.423,phishing
https://netflix.com/products,7,9,0,1,1,0,0,0,0,0,2.595,legitimate
https://microsoft.com/support,9,8,0,1,1,0,0,0,0,0,3.077,legitimate
https://secure-login-585.com/update?id=1549,12,7,0,1,2,2,4,0,0,1,4.092,phishing
https://paypal-secure-998.com/verify?id=6859,13,7,0,1,2,2,4,0,0,1,4.011,phishing
https://office365-login-265.com/login?id=2415,15,6,0,1,2,3,2,0,0,1,4.263,phishing
https://secure-login-369.info/reset?id=8829,12,6,0,1,2,1,2,0,0,1,4.131,phishing
https://paypal-secure-250.net/account?id=5920,13,8,0,1,2,1,4,0,0,1,3.218,phishing
https://paypal-secure-781.com/reset?id=5356,13,6,0,1,2,3,1,0,0,1,3.685,phishing
https://github.org/products,6,9,0,1,1,0,0,0,0,0,2.961,legitimate
https://banking-update-319.org/update?id=2622,14,7,0,1,2,1,4,0,0,1,4.085,phishing
https://paypal-secure-978.net/account?id=9353,13,8,0,1,2,1,1,0,0,1,3.964,phishing
https://example.org/api/v1,7,7,0,1,1,0,0,0,0,0,2.752,legitimate
https://amazon-support-516.net/verify?id=1977,14,7,0,1,2,2,1,0,0,1,4.593,phishing
https://example.org/about,7,6,0,1,1,0,0,0,0,0,2.469,legitimate
https://office365-login-729.net/update?id=9348,15,7,0,1,2,2,2,0,0,1,3.586,phishing
https://banking-update-714.com/update?id=1506,14,7,0,1,2,2,1,0,0,1,4.099,phishing
https://bankofamerica.com/about,13,6,0,1,1,0,0,0,0,0,2.333,legitimate
https://amazon-support-719.info/reset?id=6359,14,6,0,1,2,2,4,0,0,1,4.018,phishing
https://secure-login-445.net/update?id=2490,12,7,0,1,2,3,4,0,0,1,4.76,phishing
https://secure-login-744.com/verify?id=5394,12,7,0,1,2,2,3,0,0,1,4.151,phishing
https://amazon-support-295.net/reset?id=6710,14,6,0,1,2,2,2,0,0,1,4.521,phishing
https://banking-update-712.info/verify?id=7944,14,7,0,1,2,3,2,0,0,1,4.429,phishing
https://bankofamerica.edu/api/v1,13,7,0,1,1,0,0,0,0,0,2.825,legitimate
https://secure-login-917.info/account?id=8580,12,8,0,1,2,3,2,0,0,1,3.388,phishing
https://github.org/api/v1,6,7,0,1,1,0,0,0,0,0,2.718,legitimate
https://amazon-support-483.net/update?id=5024,14,7,0,1,2,2,4,0,0,1,4.347,phishing
https://microsoft.edu/api/v1,9,7,0,1,1,0,0,0,0,0,2.306,legitimate
https://paypal-secure-502.org/reset?id=1053,13,6,0,1,2,1,2,0,0,1,4.499,phishing
https://banking-update-697.org/reset?id=5539,14,6,0,1,2,3,4,0,0,1,3.519,phishing
https://banking-update-210.org/reset?id=8804,14,6,0,1,2,2,4,0,0,1,3.701,phishing
https://paypal-secure-142.info/login?id=2151,13,6,0,1,2,2,1,0,0,1,4.078,phishing
https://paypal-secure-140.org/account?id=1981,13,8,0,1,2,1,1,0,0,1,3.74,phishing
https://amazon-support-346.info/update?id=4776,14,7,0,1,2,1,3,0,0,1,4.685,phishing
https://office365-login-666.net/login?id=6189,15,6,0,1,2,1,2,0,0,1,4.489,phishing
https://bankofamerica.com/api/v1,13,7,0,1,1,0,0,0,0,0,2.109,legitimate
https://github.net/docs,6,5,0,1,1,0,0,0,0,0,2.115,legitimate
https://bankofamerica.org/products,13,9,0,1,1,0,0,0,0,0,2.732,legitimate
https://bankofamerica.edu/docs,13,5,0,1,1,0,0,0,0,0,2.004,legitimate
https://banking-update-318.org/update?id=4804,14,7,0,1,2,1,1,0,0,1,3.854,phishing
https://office365-login-868.org/reset?id=7228,15,6,0,1,2,1,3,0,0,1,3.528,phishing
https://banking-update-121.info/verify?id=9176,14,7,0,1,2,3,4,0,0,1,4.541,phishing
https://amazon-support-715.net/login?id=7187,14,6,0,1,2,1,4,0,0,1,3.531,phishing
https://banking-update-832.info/account?id=5762,14,8,0,1,2,1,4,0,0,1,4.161,phishing
https://paypal-secure-563.net/login?id=1358,13,6,0,1,2,2,3,0,0,1,3.775,phishing
https://banking-update-191.org/update?id=8165,14,7,0,1,2,2,3,0,0,1,3.566,phishing
https://amazon-support-272.org/account?id=4590,14,8,0,1,2,3,2,0,0,1,4.553,phishing
https://github.com/api/v1,6,7,0,1,1,0,0,0,0,0,2.108,legitimate
https://example.com/about,7,6,0,1,1,0,0,0,0,0,2.095,legitimate
https://microsoft.org/about,9,6,0,1,1,0,0,0,0,0,2.17,legitimate
https://office365-login-419.net/update?id=3730,15,7,0,1,2,3,1,0,0,1,3.571,phishing
https://paypal-secure-661.net/verify?id=8704,13,7,0,1,2,2,2,0,0,1,3.578,phishing
https://bankofamerica.com/docs,13,5,0,1,1,0,0,0,0,0,2.927,legitimate
https://office365-login-666.com/update?id=7044,15,7,0,1,2,3,2,0,0,1,3.444,phishing
https://bankofamerica.com/about,13,6,0,1,1,0,0,0,0,0,3.026,legitimate
https://netflix.com/support,7,8,0,1,1,0,0,0,0,0,2.605,legitimate
https://office365-login-580.net/login?id=3554,15,6,0,1,2,1,2,0,0,1,4.579,phishing
https://netflix.edu/products,7,9,0,1,1,0,0,0,0,0,2.295,legitimate
https://paypal-secure-755.net/account?id=1692,13,8,0,1,2,1,4,0,0,1,3.417,phishing
https://secure-login-663.org/update?id=9871,12,7,0,1,2,3,4,0,0,1,4.622,phishing
https://secure-login-691.info/reset?id=7638,12,6,0,1,2,2,4,0,0,1,3.467,phishing
https://bankofamerica.com/api/v1,13,7,0,1,1,0,0,0,0,0,2.088,legitimate
https://github.com/support,6,8,0,1,1,0,0,0,0,0,3.085,legitimate
https://amazon-support-422.info/login?id=8982,14,6,0,1,2,1,1,0,0,1,3.545,phishing
https://bankofamerica.net/support,13,8,0,1,1,0,0,0,0,0,2.949,legitimate
https://github.net/api/v1,6,7,0,1,1,0,0,0,0,0,2.171,legitimate
https://microsoft.edu/products,9,9,0,1,1,0,0,0,0,0,2.479,legitimate
https://github.org/products,6,9,0,1,1,0,0,0,0,0,2.156,legitimate
https://bankofamerica.org/docs,13,5,0,1,1,0,0,0,0,0,2.355,legitimate
https://banking-update-179.org/update?id=5816,14,7,0,1,2,2,4,0,0,1,3.265,phishing
https://microsoft.com/about,9,6,0,1,1,0,0,0,0,0,2.398,legitimate
https://secure-login-203.net/login?id=3391,12,6,0,1,2,3,3,0,0,1,3.296,phishing
https://secure-login-559.info/login?id=7609,12,6,0,1,2,2,4,0,0,1,3.755,phishing
https://amazon-support-699.com/reset?id=3020,14,6,0,1,2,2,4,0,0,1,3.893,phishing
https://secure-login-944.com/account?id=7191,12,8,0,1,2,2,4,0,0,1,4.37,phishing
https://office365-login-195.net/account?id=7289,15,8,0,1,2,2,4,0,0,1,3.552,phishing
https://paypal-secure-528.net/account?id=4172,13,8,0,1,2,2,2,0,0,1,3.883,phishing
https://office365-login-267.com/login?id=1613,15,6,0,1,2,2,4,0,0,1,4.459,phishing
https://office365-login-181.org/login?id=8530,15,6,0,1,2,2,3,0,0,1,4.561,phishing
https://github.edu/about,6,6,0,1,1,0,0,0,0,0,2.632,legitimate
https://secure-login-896.info/reset?id=5018,12,6,0,1,2,1,1,0,0,1,3.894,phishing
https://secure-login-841.info/update?id=7630,12,7,0,1,2,1,3,0,0,1,4.483,phishing
https://office365-login-354.net/account?id=8607,15,8,0,1,2,1,1,0,0,1,4.316,phishing
https://banking-update-680.org/update?id=6426,14,7,0,1,2,2,1,0,0,1,3.588,phishing
https://paypal-secure-546.info/login?id=7650,13,6,0,1,2,2,2,0,0,1,3.863,phishing
https://github.edu/docs,6,5,0,1,1,0,0,0,0,0,2.37,legitimate
https://banking-update-319.org/reset?id=7640,14,6,0,1,2,2,2,0,0,1,3.658,phishing
https://office365-login-712.info/account?id=6359,15,8,0,1,2,3,4,0,0,1,4.565,phishing
https://paypal-secure-653.com/account?id=8021,13,8,0,1,2,2,1,0,0,1,4.695,phishing
https://bankofamerica.com/docs,13,5,0,1,1,0,0,0,0,0,2.565,legitimate
https://amazon-support-782.info/verify?id=2433,14,7,0,1,2,1,2,0,0,1,4.629,phishing
https://paypal-secure-729.com/login?id=1003,13,6,0,1,2,1,2,0,0,1,4.635,phishing
https://microsoft.com/about,9,6,0,1,1,0,0,0,0,0,2.712,legitimate
https://secure-login-391.com/reset?id=3271,12,6,0,1,2,1,4,0,0,1,4.17,phishing
https://secure-login-721.com/update?id=4666,12,7,0,1,2,3,3,0,0,1,3.251,phishing
https://bankofamerica.net/products,13,9,0,1,1,0,0,0,0,0,2.431,legitimate
https://amazon-support-926.org/update?id=4852,14,7,0,1,2,2,3,0,0,1,3.537,phishing
https://office365-login-160.com/login?id=2928,15,6,0,1,2,1,1,0,0,1,4.797,phishing
https://paypal-secure-804.info/verify?id=6242,13,7,0,1,2,3,2,0,0,1,4.35,phishing
https://paypal-secure-584.info/account?id=1554,13,8,0,1,2,2,2,0,0,1,3.825,phishing
https://paypal-secure-498.com/verify?id=4056,13,7,0,1,2,2,4,0,0,1,4.253,phishing
https://amazon-support-935.org/account?id=6356,14,8,0,1,2,3,4,0,0,1,4.253,phishing
https://netflix.org/docs,7,5,0,1,1,0,0,0,0,0,3.043,legitimate
https://amazon-support-598.org/login?id=6481,14,6,0,1,2,1,1,0,0,1,4.615,phishing
https://secure-login-307.org/verify?id=3957,12,7,0,1,2,2,1,0,0,1,4.433,phishing
https://amazon-support-102.info/verify?id=2713,14,7,0,1,2,2,2,0,0,1,3.538,phishing
https://secure-login-500.info/reset?id=9662,12,6,0,1,2,3,2,0,0,1,3.896,phishing
https://example.net/support,7,8,0,1,1,0,0,0,0,0,2.657,legitimate
https://banking-update-440.com/verify?id=1293,14,7,0,1,2,2,1,0,0,1,3.959,phishing
https://microsoft.org/about,9,6,0,1,1,0,0,0,0,0,3.002,legitimate
https://amazon-support-936.info/login?id=4759,14,6,0,1,2,3,3,0,0,1,3.832,phishing
https://office365-login-941.com/account?id=8360,15,8,0,1,2,1,4,0,0,1,3.204,phishing
https://paypal-secure-933.info/reset?id=9954,13,6,0,1,2,2,1,0,0,1,4.003,phishing
https://github.com/products,6,9,0,1,1,0,0,0,0,0,3.187,legitimate
https://secure-login-975.info/login?id=4847,12,6,0,1,2,2,3,0,0,1,3.484,phishing
https://paypal-secure-436.org/login?id=5023,13,6,0,1,2,2,1,0,0,1,3.359,phishing
https://github.org/about,6,6,0,1,1,0,0,0,0,0,2.806,legitimate
https://banking-update-470.net/account?id=2599,14,8,0,1,2,2,3,0,0,1,4.797,phishing
https://paypal-secure-994.com/account?id=2989,13,8,0,1,2,1,2,0,0,1,3.306,phishing
https://github.org/docs,6,5,0,1,1,0,0,0,0,0,2.918,legitimate
https://secure-login-225.org/reset?id=8884,12,6,0,1,2,3,3,0,0,1,4.457,phishing
https://paypal-secure-497.info/account?id=4101,13,8,0,1,2,3,3,0,0,1,4.361,phishing
https://netflix.com/docs,7,5,0,1,1,0,0,0,0,0,2.195,legitimate
https://secure-login-875.net/update?id=6757,12,7,0,1,2,1,3,0,0,1,4.566,phishing
https://microsoft.com/support,9,8,0,1,1,0,0,0,0,0,2.931,legitimate
https://office365-login-752.net/reset?id=8920,15,6,0,1,2,3,1,0,0,1,4.762,phishing
https://microsoft.net/products,9,9,0,1,1,0,0,0,0,0,2.387,legitimate
https://paypal-secure-292.com/update?id=1060,13,7,0,1,2,3,3,0,0,1,3.227,phishing
https://amazon-support-867.info/update?id=1121,14,7,0,1,2,2,4,0,0,1,3.336,phishing
https://netflix.com/support,7,8,0,1,1,0,0,0,0,0,2.163,legitimate
https://secure-login-739.info/login?id=1532,12,6,0,1,2,3,3,0,0,1,3.594,phishing
https://banking-update-979.info/login?id=2746,14,6,0,1,2,1,3,0,0,1,4.264,phishing
https://github.net/api/v1,6,7,0,1,1,0,0,0,0,0,2.337,legitimate
https://example.edu/docs,7,5,0,1,1,0,0,0,0,0,2.598,legitimate
https://microsoft.com/docs,9,5,0,1,1,0,0,0,0,0,3.178,legitimate
https://paypal-secure-717.net/reset?id=2640,13,6,0,1,2,2,1,0,0,1,3.352,phishing
https://amazon-support-287.info/login?id=4478,14,6,0,1,2,3,1,0,0,1,3.57,phishing
https://secure-login-691.com/reset?id=9946,12,6,0,1,2,2,3,0,0,1,3.361,phishing
https://paypal-secure-195.info/update?id=6460,13,7,0,1,2,2,1,0,0,1,3.419,phishing
https://secure-login-588.com/login?id=1696,12,6,0,1,2,2,3,0,0,1,3.85,phishing
https://office365-login-442.net/login?id=3758,15,6,0,1,2,1,1,0,0,1,4.209,phishing
https://office365-login-855.net/account?id=9350,15,8,0,1,2,1,4,0,0,1,3.208,phishing
https://amazon-support-660.net/update?id=4897,14,7,0,1,2,1,4,0,0,1,3.538,phishing
https://office365-login-239.info/verify?id=7627,15,7,0,1,2,3,4,0,0,1,4.657,phishing
https://office365-login-361.com/update?id=9153,15,7,0,1,2,1,1,0,0,1,3.849,phishing
https://amazon-support-288.net/reset?id=2965,14,6,0,1,2,3,2,0,0,1,3.412,phishing
https://office365-login-800.com/login?id=7467,15,6,0,1,2,1,2,0,0,1,3.642,phishing
https://paypal-secure-949.net/login?id=1225,13,6,0,1,2,2,1,0,0,1,3.746,phishing
https://office365-login-432.com/verify?id=7735,15,7,0,1,2,2,3,0,0,1,3.909,phishing
https://office365-login-461.net/update?id=4080,15,7,0,1,2,3,2,0,0,1,3.984,phishing
https://microsoft.com/about,9,6,0,1,1,0,0,0,0,0,2.004,legitimate
https://paypal-secure-636.com/update?id=5736,13,7,0,1,2,1,4,0,0,1,3.377,phishing
https://amazon-support-536.info/account?id=1225,14,8,0,1,2,2,1,0,0,1,4.138,phishing
https://office365-login-804.org/account?id=5515,15,8,0,1,2,2,4,0,0,1,3.631,phishing
https://banking-update-899.net/login?id=4840,14,6,0,1,2,3,4,0,0,1,3.815,phishing
https://netflix.org/docs,7,5,0,1,1,0,0,0,0,0,2.321,legitimate
https://amazon-support-982.com/verify?id=9462,14,7,0,1,2,2,4,0,0,1,3.232,phishing
https://paypal-secure-358.net/verify?id=5002,13,7,0,1,2,3,2,0,0,1,4.204,phishing
https://example.org/docs,7,5,0,1,1,0,0,0,0,0,2.393,legitimate
https://secure-login-449.org/reset?id=1023,12,6,0,1,2,2,2,0,0,1,3.5,phishing
https://microsoft.edu/about,9,6,0,1,1,0,0,0,0,0,2.703,legitimate
https://secure-login-489.info/login?id=8730,12,6,0,1,2,3,2,0,0,1,4.624,phishing
https://amazon-support-877.info/update?id=4951,14,7,0,1,2,3,3,0,0,1,3.989,phishing
https://secure-login-205.com/login?id=3244,12,6,0,1,2,1,4,0,0,1,4.586,phishing
https://banking-update-797.com/login?id=9987,14,6,0,1,2,2,2,0,0,1,3.553,phishing
https://amazon-support-362.com/login?id=1191,14,6,0,1,2,3,4,0,0,1,3.392,phishing
https://secure-login-195.org/account?id=6583,12,8,0,1,2,1,1,0,0,1,3.35,phishing
https://secure-login-587.net/login?id=5539,12,6,0,1,2,3,2,0,0,1,4.252,phishing
https://paypal-secure-914.org/account?id=7747,13,8,0,1,2,2,1,0,0,1,3.342,phishing
https://secure-login-537.info/login?id=6717,12,6,0,1,2,2,4,0,0,1,4.09,phishing
https://paypal-secure-297.com/verify?id=3819,13,7,0,1,2,1,2,0,0,1,4.38,phishing
https://bankofamerica.org/api/v1,13,7,0,1,1,0,0,0,0,0,2.159,legitimate
https://banking-update-237.net/reset?id=1515,14,6,0,1,2,1,2,0,0,1,3.787,phishing
https://github.net/api/v1,6,7,0,1,1,0,0,0,0,0,2.826,legitimate
https://bankofamerica.net/products,13,9,0,1,1,0,0,0,0,0,2.009,legitimate
https://secure-login-211.net/update?id=2389,12,7,0,1,2,1,2,0,0,1,3.317,phishing
https://banking-update-372.net/account?id=9523,14,8,0,1,2,3,3,0,0,1,4.618,phishing
https://secure-login-535.net/update?id=3820,12,7,0,1,2,3,4,0,0,1,3.647,phishing
https://office365-login-515.com/account?id=5842,15,8,0,1,2,2,4,0,0,1,4.684,phishing
https://example.org/docs,7,5,0,1,1,0,0,0,0,0,2.276,legitimate
https://example.net/products,7,9,0,1,1,0,0,0,0,0,3.091,legitimate
https://office365-login-284.com/reset?id=9831,15,6,0,1,2,1,2,0,0,1,3.585,phishing
https://secure-login-651.com/account?id=2369,12,8,0,1,2,2,1,0,0,1,3.615,phishing
https://office365-login-537.net/login?id=9036,15,6,0,1,2,1,2,0,0,1,4.485,phishing
https://paypal-secure-552.net/reset?id=2170,13,6,0,1,2,2,1,0,0,1,4.38,phishing
https://office365-login-130.info/verify?id=1542,15,7,0,1,2,1,1,0,0,1,4.44,phishing
https://paypal-secure-268.com/verify?id=2328,13,7,0,1,2,1,2,0,0,1,3.969,phishing
https://microsoft.edu/docs,9,5,0,1,1,0,0,0,0,0,2.945,legitimate
https://netflix.com/api/v1,7,7,0,1,1,0,0,0,0,0,3.186,legitimate
https://paypal-secure-367.info/verify?id=3609,13,7,0,1,2,1,2,0,0,1,4.161,phishing
https://banking-update-634.info/update?id=2255,14,7,0,1,2,1,2,0,0,1,4.519,phishing
https://secure-login-488.com/verify?id=8682,12,7,0,1,2,1,4,0,0,1,3.948,phishing
https://paypal-secure-351.com/verify?id=7191,13,7,0,1,2,2,3,0,0,1,3.342,phishing
https://github.org/products,6,9,0,1,1,0,0,0,0,0,2.453,legitimate
https://banking-update-623.net/verify?id=4733,14,7,0,1,2,2,3,0,0,1,4.258,phishing
https://office365-login-665.org/login?id=1645,15,6,0,1,2,3,4,0,0,1,3.285,phishing
https://banking-update-463.org/reset?id=1278,14,6,0,1,2,3,2,0,0,1,3.401,phishing
https://paypal-secure-358.com/update?id=9660,13,7,0,1,2,1,1,0,0,1,3.619,phishing
https://bankofamerica.net/products,13,9,0,1,1,0,0,0,0,0,3.057,legitimate
https://office365-login-641.org/account?id=2051,15,8,0,1,2,2,3,0,0,1,3.588,phishing
https://office365-login-794.org/reset?id=5835,15,6,0,1,2,3,2,0,0,1,4.035,phishing
https://amazon-support-262.org/verify?id=1339,14,7,0,1,2,1,4,0,0,1,4.41,phishing
https://secure-login-206.org/account?id=6072,12,8,0,1,2,2,1,0,0,1,3.939,phishing
https://banking-update-260.info/update?id=6811,14,7,0,1,2,2,3,0,0,1,4.586,phishing
https://banking-update-448.net/verify?id=9904,14,7,0,1,2,3,2,0,0,1,3.67,phishing
https://example.com/products,7,9,0,1,1,0,0,0,0,0,2.453,legitimate
https://amazon-support-689.info/reset?id=9689,14,6,0,1,2,3,1,0,0,1,4.435,phishing
https://github.org/support,6,8,0,1,1,0,0,0,0,0,2.837,legitimate
https://amazon-support-576.info/account?id=2008,14,8,0,1,2,3,3,0,0,1,3.26,phishing
https://paypal-secure-309.info/account?id=4541,13,8,0,1,2,1,3,0,0,1,3.511,phishing
https://secure-login-504.info/login?id=4635,12,6,0,1,2,1,1,0,0,1,3.344,phishing
https://microsoft.net/docs,9,5,0,1,1,0,0,0,0,0,2.653,legitimate
https://office365-login-193.net/reset?id=4243,15,6,0,1,2,2,2,0,0,1,3.416,phishing
https://office365-login-975.com/update?id=1569,15,7,0,1,2,3,1,0,0,1,4.73,phishing
https://netflix.net/about,7,6,0,1,1,0,0,0,0,0,3.19,legitimate
https://secure-login-837.org/reset?id=9592,12,6,0,1,2,1,1,0,0,1,4.658,phishing
https://paypal-secure-209.com/reset?id=6481,13,6,0,1,2,2,1,0,0,1,4.08,phishing
https://netflix.com/api/v1,7,7,0,1,1,0,0,0,0,0,2.826,legitimate
https://banking-update-942.info/verify?id=2961,14,7,0,1,2,3,4,0,0,1,4.667,phishing
https://bankofamerica.net/about,13,6,0,1,1,0,0,0,0,0,2.732,legitimate
https://paypal-secure-718.com/verify?id=2161,13,7,0,1,2,1,3,0,0,1,3.374,phishing
https://office365-login-588.org/reset?id=6618,15,6,0,1,2,1,2,0,0,1,4.41,phishing
https://office365-login-721.net/account?id=9287,15,8,0,1,2,1,1,0,0,1,3.584,phishing
https://amazon-support-194.org/login?id=5180,14,6,0,1,2,1,3,0,0,1,3.408,phishing
https://paypal-secure-896.info/login?id=6529,13,6,0,1,2,1,4,0,0,1,4.697,phishing
https://paypal-secure-864.com/login?id=3110,13,6,0,1,2,2,1,0,0,1,4.702,phishing
https://example.org/about,7,6,0,1,1,0,0,0,0,0,2.469,legitimate
https://example.com/products,7,9,0,1,1,0,0,0,0,0,2.185,legitimate
https://amazon-support-279.net/login?id=4581,14,6,0,1,2,2,3,0,0,1,3.769,phishing
https://netflix.org/products,7,9,0,1,1,0,0,0,0,0,2.686,legitimate
https://banking-update-759.org/reset?id=3336,14,6,0,1,2,3,2,0,0,1,4.774,phishing
https://github.com/docs,6,5,0,1,1,0,0,0,0,0,2.291,legitimate
https://example.net/api/v1,7,7,0,1,1,0,0,0,0,0,2.411,legitimate
https://secure-login-147.net/update?id=4472,12,7,0,1,2,1,3,0,0,1,4.183,phishing
https://paypal-secure-807.info/update?id=1295,13,7,0,1,2,3,1,0,0,1,4.012,phishing
https://netflix.com/about,7,6,0,1,1,0,0,0,0,0,2.343,legitimate
https://paypal-secure-696.org/verify?id=3713,13,7,0,1,2,2,4,0,0,1,4.427,phishing
https://banking-update-757.info/reset?id=8474,14,6,0,1,2,1,3,0,0,1,3.432,phishing
https://netflix.net/support,7,8,0,1,1,0,0,0,0,0,2.298,legitimate
https://paypal-secure-890.info/login?id=9199,13,6,0,1,2,2,2,0,0,1,4.725,phishing
https://example.org/api/v1,7,7,0,1,1,0,0,0,0,0,2.353,legitimate
https://banking-update-673.org/reset?id=1897,14,6,0,1,2,2,1,0,0,1,4.784,phishing
https://banking-update-882.com/update?id=7843,14,7,0,1,2,1,4,0,0,1,3.478,phishing
https://secure-login-721.net/reset?id=4610,12,6,0,1,2,2,3,0,0,1,4.24,phishing
https://netflix.org/support,7,8,0,1,1,0,0,0,0,0,2.908,legitimate
https://github.com/about,6,6,0,1,1,0,0,0,0,0,3.152,legitimate
https://example.org/support,7,8,0,1,1,0,0,0,0,0,2.732,legitimate
https://secure-login-704.net/update?id=6877,12,7,0,1,2,3,2,0,0,1,3.895,phishing
https://secure-login-487.org/reset?id=6647,12,6,0,1,2,2,1,0,0,1,4.678,phishing
https://secure-login-200.org/update?id=3387,12,7,0,1,2,1,3,0,0,1,4.114,phishing
https://example.edu/api/v1,7,7,0,1,1,0,0,0,0,0,2.933,legitimate
https://office365-login-915.net/reset?id=6091,15,6,0,1,2,3,3,0,0,1,4.202,phishing
https://paypal-secure-870.net/update?id=4665,13,7,0,1,2,1,1,0,0,1,4.268,phishing
https://secure-login-164.org/update?id=1903,12,7,0,1,2,1,4,0,0,1,4.006,phishing
https://office365-login-149.info/login?id=2084,15,6,0,1,2,2,1,0,0,1,4.179,phishing
https://amazon-support-155.com/verify?id=8424,14,7,0,1,2,2,2,0,0,1,4.581,phishing
https://secure-login-742.org/update?id=3353,12,7,0,1,2,1,3,0,0,1,3.553,phishing
https://paypal-secure-553.org/update?id=5612,13,7,0,1,2,2,2,0,0,1,3.293,phishing
https://bankofamerica.net/products,13,9,0,1,1,0,0,0,0,0,2.806,legitimate
https://amazon-support-917.com/reset?id=2508,14,6,0,1,2,3,4,0,0,1,4.36,phishing
https://microsoft.com/api/v1,9,7,0,1,1,0,0,0,0,0,2.679,legitimate
https://example.edu/docs,7,5,0,1,1,0,0,0,0,0,2.477,legitimate
https://secure-login-299.info/login?id=4251,12,6,0,1,2,1,4,0,0,1,3.571,phishing
https://github.edu/api/v1,6,7,0,1,1,0,0,0,0,0,2.243,legitimate
https://microsoft.com/products,9,9,0,1,1,0,0,0,0,0,2.654,legitimate
https://paypal-secure-794.net/account?id=2665,13,8,0,1,2,1,2,0,0,1,3.201,phishing
https://banking-update-785.net/reset?id=6206,14,6,0,1,2,1,4,0,0,1,3.993,phishing
https://amazon-support-294.org/login?id=4575,14,6,0,1,2,2,1,0,0,1,4.626,phishing
https://amazon-support-150.info/reset?id=3763,14,6,0,1,2,3,3,0,0,1,3.276,phishing
https://github.com/docs,6,5,0,1,1,0,0,0,0,0,2.517,legitimate
https://paypal-secure-309.net/update?id=5098,13,7,0,1,2,1,4,0,0,1,3.953,phishing
https://office365-login-783.org/update?id=9411,15,7,0,1,2,1,2,0,0,1,3.32,phishing
https://example.net/support,7,8,0,1,1,0,0,0,0,0,2.643,legitimate
https://office365-login-529.info/reset?id=3811,15,6,0,1,2,3,3,0,0,1,4.375,phishing
https://secure-login-876.org/account?id=7979,12,8,0,1,2,1,2,0,0,1,4.603,phishing
https://bankofamerica.edu/products,13,9,0,1,1,0,0,0,0,0,2.035,legitimate
https://banking-update-904.com/update?id=9922,14,7,0,1,2,3,4,0,0,1,3.844,phishing
https://example.net/products,7,9,0,1,1,0,0,0,0,0,2.84,legitimate
https://banking-update-630.net/update?id=3400,14,7,0,1,2,1,3,0,0,1,4.423,phishing
https://office365-login-284.com/account?id=4668,15,8,0,1,2,3,3,0,0,1,3.725,phishing
https://banking-update-895.info/login?id=6489,14,6,0,1,2,3,4,0,0,1,4.699,phishing
https://banking-update-635.net/login?id=3854,14,6,0,1,2,1,2,0,0,1,3.724,phishing
https://banking-update-704.com/reset?id=9753,14,6,0,1,2,3,3,0,0,1,3.576,phishing
https://secure-login-988.info/reset?id=1264,12,6,0,1,2,1,2,0,0,1,4.627,phishing
https://amazon-support-808.com/reset?id=4765,14,6,0,1,2,3,4,0,0,1,4.76,phishing
https://amazon-support-405.info/account?id=6533,14,8,0,1,2,3,1,0,0,1,4.236,phishing
https://banking-update-811.org/login?id=8231,14,6,0,1,2,1,3,0,0,1,4.678,phishing
https://secure-login-499.org/update?id=8825,12,7,0,1,2,1,2,0,0,1,3.242,phishing
https://amazon-support-728.org/login?id=2040,14,6,0,1,2,3,4,0,0,1,3.992,phishing
https://banking-update-688.net/reset?id=8151,14,6,0,1,2,3,4,0,0,1,4.35,phishing
https://office365-login-690.info/reset?id=4213,15,6,0,1,2,2,1,0,0,1,4.465,phishing
https://secure-login-758.com/update?id=4051,12,7,0,1,2,3,2,0,0,1,3.79,phishing
https://paypal-secure-490.info/update?id=6437,13,7,0,1,2,3,4,0,0,1,4.111,phishing
https://paypal-secure-654.net/verify?id=3882,13,7,0,1,2,3,3,0,0,1,4.564,phishing
https://office365-login-707.org/update?id=7456,15,7,0,1,2,1,2,0,0,1,3.765,phishing
https://github.org/api/v1,6,7,0,1,1,0,0,0,0,0,2.761,legitimate
https://secure-login-950.info/update?id=4640,12,7,0,1,2,1,1,0,0,1,3.744,phishing
https://paypal-secure-645.info/account?id=6535,13,8,0,1,2,3,4,0,0,1,3.485,phishing
https://microsoft.org/support,9,8,0,1,1,0,0,0,0,0,2.206,legitimate
https://bankofamerica.org/about,13,6,0,1,1,0,0,0,0,0,2.636,legitimate
https://github.com/api/v1,6,7,0,1,1,0,0,0,0,0,3.033,legitimate
https://example.net/about,7,6,0,1,1,0,0,0,0,0,2.439,legitimate
https://microsoft.edu/products,9,9,0,1,1,0,0,0,0,0,3.139,legitimate
https://paypal-secure-891.info/update?id=5707,13,7,0,1,2,2,2,0,0,1,3.212,phishing
https://secure-login-944.com/reset?id=2220,12,6,0,1,2,1,4,0,0,1,4.158,phishing
https://office365-login-341.info/reset?id=5409,15,6,0,1,2,1,1,0,0,1,4.542,phishing
https://amazon-support-400.com/verify?id=8433,14,7,0,1,2,1,3,0,0,1,4.524,phishing
https://office365-login-734.net/verify?id=4513,15,7,0,1,2,2,4,0,0,1,4.365,phishing
https://example.org/products,7,9,0,1,1,0,0,0,0,0,2.537,legitimate
https://paypal-secure-813.info/account?id=2787,13,8,0,1,2,2,1,0,0,1,3.256,phishing
https://banking-update-641.org/reset?id=2999,14,6,0,1,2,3,4,0,0,1,4.098,phishing
https://office365-login-378.org/login?id=6914,15,6,0,1,2,1,2,0,0,1,4.552,phishing
https://amazon-support-240.org/account?id=6421,14,8,0,1,2,3,4,0,0,1,3.866,phishing
https://netflix.net/products,7,9,0,1,1,0,0,0,0,0,2.647,legitimate
https://office365-login-823.net/update?id=6535,15,7,0,1,2,3,3,0,0,1,4.773,phishing
https://github.edu/support,6,8,0,1,1,0,0,0,0,0,2.506,legitimate
https://amazon-support-614.info/account?id=3111,14,8,0,1,2,2,1,0,0,1,4.748,phishing
https://microsoft.edu/docs,9,5,0,1,1,0,0,0,0,0,2.163,legitimate
https://example.com/api/v1,7,7,0,1,1,0,0,0,0,0,2.962,legitimate
https://office365-login-342.net/login?id=3148,15,6,0,1,2,3,1,0,0,1,4.479,phishing
https://example.org/docs,7,5,0,1,1,0,0,0,0,0,2.389,legitimate
https://secure-login-668.net/update?id=3984,12,7,0,1,2,3,1,0,0,1,3.654,phishing
https://secure-login-700.org/update?id=9038,12,7,0,1,2,1,4,0,0,1,4.741,phishing
https://office365-login-752.org/update?id=8226,15,7,0,1,2,3,3,0,0,1,4.229,phishing
https://paypal-secure-966.net/verify?id=9442,13,7,0,1,2,3,2,0,0,1,4.671,phishing
https://paypal-secure-824.net/account?id=9902,13,8,0,1,2,1,2,0,0,1,3.505,phishing
https://office365-login-741.net/login?id=5994,15,6,0,1,2,3,1,0,0,1,3.294,phishing
https://example.org/products,7,9,0,1,1,0,0,0,0,0,2.315,legitimate
https://secure-login-124.org/verify?id=9724,12,7,0,1,2,1,4,0,0,1,3.846,phishing
https://microsoft.org/api/v1,9,7,0,1,1,0,0,0,0,0,3.08,legitimate
https://amazon-support-675.info/verify?id=5352,14,7,0,1,2,2,2,0,0,1,3.806,phishing
https://example.edu/api/v1,7,7,0,1,1,0,0,0,0,0,2.742,legitimate
https://banking-update-346.org/reset?id=2675,14,6,0,1,2,2,1,0,0,1,4.079,phishing
https://banking-update-279.com/update?id=2037,14,7,0,1,2,2,2,0,0,1,3.517,phishing
https://bankofamerica.org/docs,13,5,0,1,1,0,0,0,0,0,2.391,legitimate
https://secure-login-275.net/update?id=2651,12,7,0,1,2,3,4,0,0,1,4.479,phishing
https://secure-login-341.com/verify?id=3357,12,7,0,1,2,1,2,0,0,1,3.72,phishing
https://office365-login-669.net/verify?id=6047,15,7,0,1,2,2,4,0,0,1,3.395,phishing
https://microsoft.net/api/v1,9,7,0,1,1,0,0,0,0,0,2.194,legitimate
https://office365-login-440.com/reset?id=5276,15,6,0,1,2,2,4,0,0,1,4.178,phishing
https://bankofamerica.net/support,13,8,0,1,1,0,0,0,0,0,2.99,legitimate
https://microsoft.com/api/v1,9,7,0,1,1,0,0,0,0,0,2.685,legitimate
https://office365-login-352.com/verify?id=8676,15,7,0,1,2,3,4,0,0,1,4.35,phishing
https://amazon-support-671.net/reset?id=9502,14,6,0,1,2,1,2,0,0,1,3.439,phishing
https://example.org/about,7,6,0,1,1,0,0,0,0,0,2.477,legitimate
https://example.org/api/v1,7,7,0,1,1,0,0,0,0,0,2.045,legitimate
https://secure-login-930.org/reset?id=8628,12,6,0,1,2,3,4,0,0,1,3.759,phishing
https://amazon-support-342.info/account?id=9765,14,8,0,1,2,2,1,0,0,1,4.478,phishing
https://example.org/docs,7,5,0,1,1,0,0,0,0,0,2.334,legitimate
https://banking-update-975.com/reset?id=6254,14,6,0,1,2,1,4,0,0,1,3.306,phishing
https://bankofamerica.org/support,13,8,0,1,1,0,0,0,0,0,3.078,legitimate
https://example.org/support,7,8,0,1,1,0,0,0,0,0,2.201,legitimate
https://netflix.edu/docs,7,5,0,1,1,0,0,0,0,0,2.111,legitimate
https://amazon-support-726.net/login?id=4216,14,6,0,1,2,1,4,0,0,1,4.787,phishing
https://secure-login-723.org/login?id=2886,12,6,0,1,2,1,4,0,0,1,3.277,phishing
https://office365-login-261.com/account?id=2934,15,8,0,1,2,3,4,0,0,1,3.856,phishing
https://bankofamerica.com/docs,13,5,0,1,1,0,0,0,0,0,2.727,legitimate
https://example.com/docs,7,5,0,1,1,0,0,0,0,0,2.459,legitimate
https://office365-login-732.com/login?id=1522,15,6,0,1,2,2,2,0,0,1,4.357,phishing
https://secure-login-302.org/account?id=4507,12,8,0,1,2,1,3,0,0,1,4.115,phishing
https://amazon-support-113.net/reset?id=3930,14,6,0,1,2,2,3,0,0,1,4.443,phishing
https://amazon-support-192.net/login?id=5660,14,6,0,1,2,1,4,0,0,1,4.201,phishing
https://amazon-support-780.com/reset?id=6351,14,6,0,1,2,1,2,0,0,1,4.154,phishing
https://paypal-secure-458.net/verify?id=7234,13,7,0,1,2,1,1,0,0,1,4.489,phishing
https://secure-login-897.info/account?id=9135,12,8,0,1,2,1,1,0,0,1,3.566,phishing
https://office365-login-534.info/account?id=6882,15,8,0,1,2,3,3,0,0,1,4.063,phishing
https://office365-login-365.net/login?id=2227,15,6,0,1,2,3,2,0,0,1,3.241,phishing
https://example.net/docs,7,5,0,1,1,0,0,0,0,0,2.434,legitimate
https://office365-login-161.org/verify?id=3725,15,7,0,1,2,3,1,0,0,1,3.909,phishing
https://example.net/products,7,9,0,1,1,0,0,0,0,0,3.034,legitimate
https://office365-login-980.net/account?id=5610,15,8,0,1,2,3,1,0,0,1,3.748,phishing
https://office365-login-818.com/account?id=5676,15,8,0,1,2,1,2,0,0,1,3.294,phishing
https://amazon-support-677.org/update?id=8396,14,7,0,1,2,2,4,0,0,1,4.629,phishing
https://paypal-secure-704.info/update?id=6702,13,7,0,1,2,2,3,0,0,1,3.88,phishing
https://office365-login-961.info/update?id=2743,15,7,0,1,2,1,3,0,0,1,3.939,phishing
https://paypal-secure-916.com/login?id=9424,13,6,0,1,2,1,1,0,0,1,3.532,phishing
https://microsoft.org/docs,9,5,0,1,1,0,0,0,0,0,2.539,legitimate
https://paypal-secure-533.org/account?id=9458,13,8,0,1,2,1,1,0,0,1,4.027,phishing
https://github.net/docs,6,5,0,1,1,0,0,0,0,0,2.178,legitimate
https://paypal-secure-574.info/login?id=2383,13,6,0,1,2,1,1,0,0,1,3.854,phishing
https://paypal-secure-440.org/account?id=2305,13,8,0,1,2,1,3,0,0,1,3.778,phishing
https://amazon-support-304.org/verify?id=7563,14,7,0,1,2,1,1,0,0,1,4.327,phishing
https://secure-login-457.org/account?id=9711,12,8,0,1,2,3,3,0,0,1,3.915,phishing
https://netflix.edu/products,7,9,0,1,1,0,0,0,0,0,2.036,legitimate
https://paypal-secure-787.info/account?id=4282,13,8,0,1,2,3,4,0,0,1,3.451,phishing
https://microsoft.edu/products,9,9,0,1,1,0,0,0,0,0,3.068,legitimate
https://office365-login-699.com/verify?id=2049,15,7,0,1,2,3,2,0,0,1,4.529,phishing
https://banking-update-158.com/login?id=5358,14,6,0,1,2,2,4,0,0,1,3.881,phishing
https://amazon-support-914.com/login?id=2908,14,6,0,1,2,1,4,0,0,1,4.142,phishing
https://paypal-secure-120.info/login?id=5303,13,6,0,1,2,3,2,0,0,1,4.07,phishing
https://example.edu/support,7,8,0,1,1,0,0,0,0,0,2.004,legitimate
https://paypal-secure-143.info/account?id=5186,13,8,0,1,2,3,1,0,0,1,4.493,phishing
https://secure-login-902.org/update?id=9670,12,7,0,1,2,2,2,0,0,1,4.237,phishing
https://secure-login-933.org/login?id=7792,12,6,0,1,2,2,3,0,0,1,3.363,phishing
https://example.org/api/v1,7,7,0,1,1,0,0,0,0,0,2.582,legitimate
https://microsoft.net/support,9,8,0,1,1,0,0,0,0,0,2.319,legitimate
https://office365-login-287.info/update?id=4455,15,7,0,1,2,3,3,0,0,1,4.133,phishing
https://netflix.net/docs,7,5,0,1,1,0,0,0,0,0,2.08,legitimate
https://github.org/products,6,9,0,1,1,0,0,0,0,0,3.018,legitimate
https://bankofamerica.com/api/v1,13,7,0,1,1,0,0,0,0,0,2.561,legitimate
https://secure-login-191.net/login?id=7729,12,6,0,1,2,1,2,0,0,1,4.257,phishing
https://amazon-support-918.com/reset?id=2371,14,6,0,1,2,1,3,0,0,1,4.295,phishing
https://netflix.net/api/v1,7,7,0,1,1,0,0,0,0,0,3.077,legitimate
https://banking-update-615.com/reset?id=5747,14,6,0,1,2,3,1,0,0,1,4.505,phishing
https://netflix.net/about,7,6,0,1,1,0,0,0,0,0,2.365,legitimate
https://paypal-secure-634.org/verify?id=9407,13,7,0,1,2,3,2,0,0,1,4.114,phishing
https://secure-login-111.info/update?id=9832,12,7,0,1,2,1,1,0,0,1,4.499,phishing
https://paypal-secure-427.org/update?id=8754,13,7,0,1,2,3,1,0,0,1,4.526,phishing
https://office365-login-187.org/reset?id=5907,15,6,0,1,2,3,4,0,0,1,3.346,phishing
https://paypal-secure-611.net/reset?id=5430,13,6,0,1,2,1,4,0,0,1,4.096,phishing
https://banking-update-786.org/reset?id=8817,14,6,0,1,2,3,1,0,0,1,3.627,phishing
https://office365-login-909.com/verify?id=2448,15,7,0,1,2,3,4,0,0,1,3.38,phishing
https://banking-update-599.net/account?id=5654,14,8,0,1,2,3,2,0,0,1,3.733,phishing
https://paypal-secure-917.org/reset?id=7523,13,6,0,1,2,1,3,0,0,1,4.224,phishing
https://microsoft.edu/support,9,8,0,1,1,0,0,0,0,0,2.452,legitimate
https://amazon-support-372.org/login?id=8422,14,6,0,1,2,3,3,0,0,1,3.443,phishing
https://office365-login-495.info/login?id=3332,15,6,0,1,2,1,3,0,0,1,4.128,phishing
https://banking-update-659.info/reset?id=3048,14,6,0,1,2,1,2,0,0,1,3.625,phishing
https://secure-login-142.net/reset?id=8141,12,6,0,1,2,1,3,0,0,1,3.832,phishing
https://secure-login-689.org/reset?id=2116,12,6,0,1,2,2,1,0,0,1,4.197,phishing
https://amazon-support-949.com/account?id=2850,14,8,0,1,2,3,2,0,0,1,3.772,phishing
https://netflix.org/api/v1,7,7,0,1,1,0,0,0,0,0,2.858,legitimate
https://office365-login-100.org/update?id=6598,15,7,0,1,2,1,2,0,0,1,3.27,phishing
https://secure-login-440.com/update?id=1359,12,7,0,1,2,1,3,0,0,1,4.65,phishing
https://amazon-support-368.org/account?id=3040,14,8,0,1,2,3,1,0,0,1,3.886,phishing
https://office365-login-128.info/verify?id=7822,15,7,0,1,2,2,1,0,0,1,3.952,phishing
https://example.org/about,7,6,0,1,1,0,0,0,0,0,2.713,legitimate
https://secure-login-654.com/reset?id=1046,12,6,0,1,2,2,4,0,0,1,4.533,phishing
https://amazon-support-377.com/update?id=7778,14,7,0,1,2,3,1,0,0,1,4.46,phishing
https://netflix.org/products,7,9,0,1,1,0,0,0,0,0,2.752,legitimate
https://netflix.net/support,7,8,0,1,1,0,0,0,0,0,2.796,legitimate
https://office365-login-662.org/reset?id=8214,15,6,0,1,2,2,4,0,0,1,4.108,phishing
https://paypal-secure-702.info/verify?id=5279,13,7,0,1,2,2,1,0,0,1,3.377,phishing
https://secure-login-965.net/login?id=8827,12,6,0,1,2,2,2,0,0,1,4.315,phishing
https://paypal-secure-172.info/login?id=8773,13,6,0,1,2,1,4,0,0,1,4.292,phishing
https://secure-login-531.org/account?id=6150,12,8,0,1,2,1,4,0,0,1,4.761,phishing
https://paypal-secure-481.info/verify?id=1914,13,7,0,1,2,2,4,0,0,1,3.212,phishing
https://secure-login-405.info/account?id=9689,12,8,0,1,2,3,3,0,0,1,3.486,phishing
https://banking-update-904.org/verify?id=8125,14,7,0,1,2,2,4,0,0,1,3.857,phishing
https://banking-update-114.info/account?id=6091,14,8,0,1,2,2,4,0,0,1,4.584,phishing
https://banking-update-129.info/reset?id=8382,14,6,0,1,2,2,3,0,0,1,4.744,phishing
https://secure-login-233.com/update?id=4973,12,7,0,1,2,2,3,0,0,1,4.478,phishing
https://bankofamerica.org/products,13,9,0,1,1,0,0,0,0,0,2.404,legitimate
https://paypal-secure-718.org/verify?id=6685,13,7,0,1,2,1,1,0,0,1,3.215,phishing
https://microsoft.org/api/v1,9,7,0,1,1,0,0,0,0,0,2.142,legitimate
https://office365-login-589.org/update?id=8765,15,7,0,1,2,2,4,0,0,1,3.415,phishing
https://paypal-secure-206.org/login?id=2295,13,6,0,1,2,1,3,0,0,1,4.335,phishing
https://amazon-support-916.info/reset?id=9471,14,6,0,1,2,3,4,0,0,1,4.789,phishing
https://secure-login-585.com/login?id=9458,12,6,0,1,2,2,4,0,0,1,4.338,phishing
https://bankofamerica.org/docs,13,5,0,1,1,0,0,0,0,0,2.207,legitimate
https://amazon-support-921.org/login?id=5476,14,6,0,1,2,2,2,0,0,1,4.791,phishing
https://amazon-support-177.net/update?id=3412,14,7,0,1,2,3,1,0,0,1,4.671,phishing
https://secure-login-853.info/account?id=8843,12,8,0,1,2,2,2,0,0,1,3.888,phishing
https://banking-update-667.com/update?id=6740,14,7,0,1,2,3,2,0,0,1,3.79,phishing
https://secure-login-230.net/verify?id=3021,12,7,0,1,2,3,2,0,0,1,4.006,phishing
https://github.edu/docs,6,5,0,1,1,0,0,0,0,0,2.038,legitimate
https://github.edu/about,6,6,0,1,1,0,0,0,0,0,2.342,legitimate
https://office365-login-214.net/login?id=3292,15,6,0,1,2,1,2,0,0,1,4.695,phishing
https://github.net/support,6,8,0,1,1,0,0,0,0,0,2.88,legitimate
https://microsoft.net/products,9,9,0,1,1,0,0,0,0,0,2.917,legitimate
https://amazon-support-273.net/update?id=1503,14,7,0,1,2,1,4,0,0,1,4.296,phishing
https://microsoft.edu/docs,9,5,0,1,1,0,0,0,0,0,2.786,legitimate
https://paypal-secure-946.org/account?id=1683,13,8,0,1,2,2,3,0,0,1,4.344,phishing
https://banking-update-836.net/verify?id=9934,14,7,0,1,2,3,2,0,0,1,3.627,phishing
https://github.org/about,6,6,0,1,1,0,0,0,0,0,2.014,legitimate
https://example.com/products,7,9,0,1,1,0,0,0,0,0,2.529,legitimate
https://secure-login-453.com/update?id=3822,12,7,0,1,2,2,3,0,0,1,3.607,phishing
https://amazon-support-537.info/verify?id=1876,14,7,0,1,2,3,2,0,0,1,4.511,phishing
https://example.net/support,7,8,0,1,1,0,0,0,0,0,2.743,legitimate
https://secure-login-757.com/login?id=6251,12,6,0,1,2,1,1,0,0,1,3.435,phishing
https://secure-login-852.info/reset?id=7324,12,6,0,1,2,3,4,0,0,1,4.781,phishing
https://office365-login-422.com/verify?id=8884,15,7,0,1,2,3,2,0,0,1,4.54,phishing
https://banking-update-485.net/verify?id=4810,14,7,0,1,2,1,1,0,0,1,4.579,phishing
https://netflix.net/about,7,6,0,1,1,0,0,0,0,0,2.21,legitimate
https://office365-login-560.net/reset?id=3666,15,6,0,1,2,3,2,0,0,1,3.581,phishing
https://bankofamerica.com/support,13,8,0,1,1,0,0,0,0,0,2.6,legitimate
https://office365-login-629.net/account?id=9432,15,8,0,1,2,1,2,0,0,1,3.468,phishing
https://paypal-secure-335.com/account?id=3879,13,8,0,1,2,1,1,0,0,1,3.301,phishing
https://banking-update-217.org/update?id=1742,14,7,0,1,2,1,4,0,0,1,4.344,phishing
https://secure-login-293.com/verify?id=7105,12,7,0,1,2,2,1,0,0,1,3.662,phishing
https://bankofamerica.edu/about,13,6,0,1,1,0,0,0,0,0,2.78,legitimate
https://paypal-secure-382.com/update?id=7899,13,7,0,1,2,3,2,0,0,1,3.512,phishing
https://secure-login-135.info/login?id=1059,12,6,0,1,2,1,1,0,0,1,3.931,phishing
https://bankofamerica.com/about,13,6,0,1,1,0,0,0,0,0,2.981,legitimate
https://amazon-support-954.org/update?id=2221,14,7,0,1,2,2,1,0,0,1,4.645,phishing
https://banking-update-375.org/update?id=2507,14,7,0,1,2,1,1,0,0,1,4.648,phishing
https://amazon-support-825.info/login?id=2479,14,6,0,1,2,3,2,0,0,1,4.779,phishing
https://banking-update-508.info/login?id=5405,14,6,0,1,2,3,4,0,0,1,3.267,phishing
https://amazon-support-529.net/update?id=9982,14,7,0,1,2,1,3,0,0,1,4.086,phishing
https://secure-login-497.org/account?id=8522,12,8,0,1,2,1,2,0,0,1,4.064,phishing
https://secure-login-641.com/update?id=8951,12,7,0,1,2,3,1,0,0,1,3.783,phishing
https://secure-login-471.org/account?id=8430,12,8,0,1,2,1,4,0,0,1,4.635,phishing
https://secure-login-122.net/account?id=2425,12,8,0,1,2,1,4,0,0,1,4.61,phishing
https://github.net/support,6,8,0,1,1,0,0,0,0,0,2.693,legitimate
https://bankofamerica.net/docs,13,5,0,1,1,0,0,0,0,0,2.363,legitimate
https://paypal-secure-174.info/account?id=8552,13,8,0,1,2,2,3,0,0,1,4.017,phishing
https://example.net/products,7,9,0,1,1,0,0,0,0,0,2.548,legitimate
https://bankofamerica.net/about,13,6,0,1,1,0,0,0,0,0,2.462,legitimate
https://paypal-secure-789.com/reset?id=3370,13,6,0,1,2,2,1,0,0,1,4.174,phishing
https://office365-login-281.org/verify?id=3665,15,7,0,1,2,1,4,0,0,1,3.735,phishing
https://banking-update-838.com/verify?id=7003,14,7,0,1,2,2,2,0,0,1,3.368,phishing
https://amazon-support-953.info/update?id=1743,14,7,0,1,2,2,4,0,0,1,4.447,phishing
https://secure-login-964.net/account?id=7015,12,8,0,1,2,2,1,0,0,1,4.336,phishing
https://paypal-secure-324.com/update?id=6606,13,7,0,1,2,2,3,0,0,1,4.721,phishing
https://office365-login-967.net/verify?id=8700,15,7,0,1,2,1,2,0,0,1,4.671,phishing
https://amazon-support-191.com/login?id=8954,14,6,0,1,2,3,2,0,0,1,3.457,phishing
https://banking-update-239.net/login?id=7876,14,6,0,1,2,1,4,0,0,1,4.707,phishing
https://amazon-support-167.com/update?id=1965,14,7,0,1,2,2,1,0,0,1,3.346,phishing
https://paypal-secure-926.net/update?id=2789,13,7,0,1,2,3,1,0,0,1,3.704,phishing
https://paypal-secure-936.info/account?id=8218,13,8,0,1,2,1,2,0,0,1,3.519,phishing
https://paypal-secure-421.org/reset?id=1240,13,6,0,1,2,1,4,0,0,1,3.61,phishing
https://example.edu/support,7,8,0,1,1,0,0,0,0,0,2.854,legitimate
https://office365-login-634.net/reset?id=8673,15,6,0,1,2,2,2,0,0,1,4.584,phishing
https://office365-login-583.info/verify?id=2893,15,7,0,1,2,2,1,0,0,1,4.735,phishing
https://netflix.org/products,7,9,0,1,1,0,0,0,0,0,2.243,legitimate
https://secure-login-889.com/account?id=2158,12,8,0,1,2,1,3,0,0,1,3.732,phishing
https://secure-login-801.org/account?id=4001,12,8,0,1,2,1,4,0,0,1,4.628,phishing
https://amazon-support-636.org/verify?id=4964,14,7,0,1,2,2,2,0,0,1,3.873,phishing
https://amazon-support-863.org/login?id=8033,14,6,0,1,2,2,2,0,0,1,4.141,phishing
https://amazon-support-615.info/reset?id=4198,14,6,0,1,2,3,3,0,0,1,4.748,phishing
https://office365-login-515.org/verify?id=3259,15,7,0,1,2,3,1,0,0,1,3.729,phishing
https://banking-update-502.info/login?id=6899,14,6,0,1,2,2,3,0,0,1,3.764,phishing
https://banking-update-678.net/account?id=3994,14,8,0,1,2,3,1,0,0,1,4.151,phishing
https://amazon-support-143.info/login?id=9083,14,6,0,1,2,3,3,0,0,1,4.369,phishing
https://secure-login-202.com/account?id=2365,12,8,0,1,2,1,4,0,0,1,4.446,phishing
https://example.com/api/v1,7,7,0,1,1,0,0,0,0,0,2.394,legitimate
https://banking-update-803.org/login?id=3902,14,6,0,1,2,1,1,0,0,1,3.85,phishing
https://office365-login-815.info/verify?id=2362,15,7,0,1,2,3,2,0,0,1,4.797,phishing
https://bankofamerica.org/products,13,9,0,1,1,0,0,0,0,0,3.081,legitimate
https://netflix.edu/docs,7,5,0,1,1,0,0,0,0,0,2.013,legitimate
https://example.com/about,7,6,0,1,1,0,0,0,0,0,2.133,legitimate
https://office365-login-365.info/reset?id=8211,15,6,0,1,2,3,3,0,0,1,3.251,phishing
https://banking-update-821.com/update?id=4133,14,7,0,1,2,1,4,0,0,1,4.152,phishing
https://amazon-support-336.info/login?id=2077,14,6,0,1,2,1,1,0,0,1,4.772,phishing
https://secure-login-891.net/verify?id=1199,12,7,0,1,2,1,1,0,0,1,3.205,phishing
https://paypal-secure-146.net/update?id=9298,13,7,0,1,2,3,3,0,0,1,3.303,phishing
https://secure-login-769.com/account?id=6518,12,8,0,1,2,3,2,0,0,1,4.736,phishing
https://office365-login-448.info/reset?id=3400,15,6,0,1,2,1,3,0,0,1,3.821,phishing
https://banking-update-691.org/reset?id=1213,14,6,0,1,2,3,1,0,0,1,3.836,phishing
https://secure-login-659.com/login?id=7338,12,6,0,1,2,3,4,0,0,1,3.964,phishing
https://office365-login-373.org/reset?id=3053,15,6,0,1,2,3,2,0,0,1,4.26,phishing
https://amazon-support-815.info/reset?id=7143,14,6,0,1,2,1,1,0,0,1,3.204,phishing
https://banking-update-435.net/verify?id=1131,14,7,0,1,2,1,2,0,0,1,4.213,phishing
https://example.net/api/v1,7,7,0,1,1,0,0,0,0,0,3.182,legitimate
https://office365-login-392.org/account?id=2732,15,8,0,1,2,2,3,0,0,1,3.494,phishing
https://office365-login-908.net/account?id=4626,15,8,0,1,2,2,3,0,0,1,4.57,phishing
https://paypal-secure-959.com/update?id=1760,13,7,0,1,2,2,2,0,0,1,3.209,phishing
https://netflix.net/support,7,8,0,1,1,0,0,0,0,0,2.304,legitimate
https://paypal-secure-502.com/update?id=8275,13,7,0,1,2,1,2,0,0,1,4.186,phishing
https://amazon-support-872.org/verify?id=9897,14,7,0,1,2,2,3,0,0,1,4.572,phishing
https://example.org/support,7,8,0,1,1,0,0,0,0,0,2.884,legitimate
https://github.org/products,6,9,0,1,1,0,0,0,0,0,2.056,legitimate
https://bankofamerica.net/api/v1,13,7,0,1,1,0,0,0,0,0,2.957,legitimate
https://bankofamerica.net/about,13,6,0,1,1,0,0,0,0,0,2.424,legitimate
https://amazon-support-125.org/update?id=3065,14,7,0,1,2,1,4,0,0,1,3.383,phishing
https://bankofamerica.org/support,13,8,0,1,1,0,0,0,0,0,2.007,legitimate
https://office365-login-842.com/reset?id=3800,15,6,0,1,2,1,3,0,0,1,4.651,phishing
https://paypal-secure-802.org/login?id=6997,13,6,0,1,2,3,1,0,0,1,3.894,phishing
https://netflix.net/api/v1,7,7,0,1,1,0,0,0,0,0,2.643,legitimate
https://secure-login-420.com/reset?id=8598,12,6,0,1,2,3,4,0,0,1,3.468,phishing
https://banking-update-868.com/login?id=6565,14,6,0,1,2,1,4,0,0,1,4.056,phishing
https://netflix.org/docs,7,5,0,1,1,0,0,0,0,0,2.657,legitimate
https://office365-login-922.org/account?id=9340,15,8,0,1,2,2,3,0,0,1,4.738,phishing
https://paypal-secure-241.com/reset?id=3754,13,6,0,1,2,3,4,0,0,1,3.46,phishing
https://secure-login-401.net/reset?id=9792,12,6,0,1,2,1,2,0,0,1,3.416,phishing
https://example.edu/docs,7,5,0,1,1,0,0,0,0,0,2.333,legitimate
https://amazon-support-867.net/account?id=9599,14,8,0,1,2,3,1,0,0,1,3.306,phishing
https://github.org/docs,6,5,0,1,1,0,0,0,0,0,2.808,legitimate
https://example.org/docs,7,5,0,1,1,0,0,0,0,0,2.761,legitimate
https://github.org/api/v1,6,7,0,1,1,0,0,0,0,0,3.023,legitimate
https://banking-update-970.org/verify?id=3083,14,7,0,1,2,3,1,0,0,1,3.59,phishing
https://example.org/support,7,8,0,1,1,0,0,0,0,0,2.112,legitimate
https://paypal-secure-505.org/verify?id=4228,13,7,0,1,2,1,1,0,0,1,3.751,phishing
https://bankofamerica.net/products,13,9,0,1,1,0,0,0,0,0,2.552,legitimate
https://secure-login-650.com/reset?id=4674,12,6,0,1,2,1,1,0,0,1,4.294,phishing
https://secure-login-799.com/update?id=2212,12,7,0,1,2,2,3,0,0,1,3.805,phishing
https://office365-login-904.net/login?id=1477,15,6,0,1,2,2,2,0,0,1,4.547,phishing
https://github.com/support,6,8,0,1,1,0,0,0,0,0,2.465,legitimate
https://secure-login-221.com/account?id=7877,12,8,0,1,2,2,1,0,0,1,4.002,phishing
https://secure-login-961.info/update?id=7443,12,7,0,1,2,2,1,0,0,1,3.813,phishing
https://bankofamerica.com/support,13,8,0,1,1,0,0,0,0,0,2.615,legitimate
https://amazon-support-695.com/verify?id=5701,14,7,0,1,2,2,3,0,0,1,4.25,phishing
https://banking-update-801.org/account?id=6016,14,8,0,1,2,3,2,0,0,1,4.348,phishing
https://amazon-support-762.com/verify?id=7175,14,7,0,1,2,1,4,0,0,1,3.504,phishing
https://microsoft.org/products,9,9,0,1,1,0,0,0,0,0,3.058,legitimate
https://amazon-support-321.net/verify?id=7732,14,7,0,1,2,3,2,0,0,1,4.671,phishing
https://netflix.edu/about,7,6,0,1,1,0,0,0,0,0,2.808,legitimate
https://secure-login-852.com/reset?id=9077,12,6,0,1,2,3,1,0,0,1,4.384,phishing
https://bankofamerica.org/about,13,6,0,1,1,0,0,0,0,0,3.089,legitimate
https://netflix.net/about,7,6,0,1,1,0,0,0,0,0,2.265,legitimate
https://office365-login-571.net/verify?id=4058,15,7,0,1,2,2,1,0,0,1,3.783,phishing
https://office365-login-934.info/account?id=1569,15,8,0,1,2,3,2,0,0,1,3.324,phishing
https://github.net/products,6,9,0,1,1,0,0,0,0,0,2.034,legitimate
https://github.edu/products,6,9,0,1,1,0,0,0,0,0,2.934,legitimate
https://secure-login-438.info/update?id=8430,12,7,0,1,2,2,3,0,0,1,4.355,phishing
https://github.org/about,6,6,0,1,1,0,0,0,0,0,3.16,legitimate
https://secure-login-502.org/verify?id=7335,12,7,0,1,2,3,4,0,0,1,4.74,phishing
https://office365-login-180.info/account?id=3901,15,8,0,1,2,2,3,0,0,1,3.792,phishing
https://paypal-secure-413.info/reset?id=9323,13,6,0,1,2,1,3,0,0,1,3.497,phishing
https://office365-login-689.info/verify?id=7247,15,7,0,1,2,2,3,0,0,1,4.551,phishing
https://office365-login-990.com/update?id=5524,15,7,0,1,2,1,2,0,0,1,3.789,phishing
https://example.edu/api/v1,7,7,0,1,1,0,0,0,0,0,2.462,legitimate
https://github.com/about,6,6,0,1,1,0,0,0,0,0,2.781,legitimate
https://office365-login-936.net/update?id=2906,15,7,0,1,2,2,3,0,0,1,4.618,phishing
https://paypal-secure-522.org/reset?id=4604,13,6,0,1,2,3,4,0,0,1,3.562,phishing
https://example.com/support,7,8,0,1,1,0,0,0,0,0,2.775,legitimate
https://microsoft.edu/api/v1,9,7,0,1,1,0,0,0,0,0,2.171,legitimate
https://amazon-support-670.org/login?id=5601,14,6,0,1,2,2,2,0,0,1,3.535,phishing
https://github.org/products,6,9,0,1,1,0,0,0,0,0,3.067,legitimate
https://banking-update-964.info/verify?id=9160,14,7,0,1,2,1,1,0,0,1,3.996,phishing
https://office365-login-520.com/reset?id=6594,15,6,0,1,2,3,2,0,0,1,3.556,phishing
https://banking-update-540.net/reset?id=7558,14,6,0,1,2,3,3,0,0,1,3.851,phishing
https://paypal-secure-163.com/verify?id=1764,13,7,0,1,2,3,3,0,0,1,4.504,phishing
https://netflix.com/docs,7,5,0,1,1,0,0,0,0,0,3.113,legitimate
https://secure-login-125.com/login?id=3490,12,6,0,1,2,2,2,0,0,1,4.367,phishing
https://office365-login-778.info/update?id=4192,15,7,0,1,2,1,4,0,0,1,3.242,phishing
https://secure-login-881.com/account?id=7520,12,8,0,1,2,3,1,0,0,1,3.991,phishing
https://paypal-secure-302.net/login?id=7194,13,6,0,1,2,3,3,0,0,1,3.762,phishing
https://banking-update-715.net/login?id=4055,14,6,0,1,2,3,4,0,0,1,4.455,phishing
https://amazon-support-340.info/account?id=3430,14,8,0,1,2,1,2,0,0,1,4.224,phishing
https://microsoft.org/support,9,8,0,1,1,0,0,0,0,0,2.228,legitimate
https://secure-login-394.net/login?id=6957,12,6,0,1,2,2,2,0,0,1,4.451,phishing
https://office365-login-189.org/update?id=9311,15,7,0,1,2,2,1,0,0,1,3.951,phishing
https://paypal-secure-623.org/login?id=4070,13,6,0,1,2,2,4,0,0,1,4.461,phishing
https://secure-login-490.net/account?id=1632,12,8,0,1,2,1,1,0,0,1,3.986,phishing
https://paypal-secure-327.info/reset?id=3996,13,6,0,1,2,3,1,0,0,1,4.742,phishing
https://banking-update-980.info/reset?id=5231,14,6,0,1,2,2,4,0,0,1,3.52,phishing
https://amazon-support-314.net/account?id=4550,14,8,0,1,2,3,2,0,0,1,3.427,phishing
https://secure-login-872.com/login?id=5784,12,6,0,1,2,2,2,0,0,1,3.754,phishing
https://netflix.org/api/v1,7,7,0,1,1,0,0,0,0,0,2.214,legitimate
https://microsoft.com/products,9,9,0,1,1,0,0,0,0,0,2.22,legitimate
https://github.org/about,6,6,0,1,1,0,0,0,0,0,2.787,legitimate
https://bankofamerica.net/api/v1,13,7,0,1,1,0,0,0,0,0,2.08,legitimate
https://secure-login-506.com/verify?id=9057,12,7,0,1,2,2,1,0,0,1,4.524,phishing
https://amazon-support-412.net/reset?id=2999,14,6,0,1,2,3,3,0,0,1,3.438,phishing
https://example.org/products,7,9,0,1,1,0,0,0,0,0,2.209,legitimate
https://secure-login-334.info/update?id=8758,12,7,0,1,2,3,3,0,0,1,3.818,phishing
https://amazon-support-470.org/login?id=6217,14,6,0,1,2,2,1,0,0,1,4.479,phishing
https://example.edu/docs,7,5,0,1,1,0,0,0,0,0,2.514,legitimate
https://example.com/support,7,8,0,1,1,0,0,0,0,0,2.92,legitimate
https://amazon-support-117.org/verify?id=2496,14,7,0,1,2,3,4,0,0,1,4.148,phishing
https://amazon-support-608.org/reset?id=6861,14,6,0,1,2,1,1,0,0,1,3.963,phishing
https://office365-login-272.com/verify?id=8120,15,7,0,1,2,1,1,0,0,1,3.314,phishing
https://microsoft.com/api/v1,9,7,0,1,1,0,0,0,0,0,2.875,legitimate
https://amazon-support-685.com/account?id=4991,14,8,0,1,2,3,4,0,0,1,4.649,phishing
https://banking-update-137.org/update?id=9572,14,7,0,1,2,2,2,0,0,1,3.319,phishing
https://banking-update-917.net/login?id=4037,14,6,0,1,2,1,4,0,0,1,4.243,phishing
https://paypal-secure-812.org/verify?id=9690,13,7,0,1,2,3,4,0,0,1,4.238,phishing
https://office365-login-815.net/reset?id=6058,15,6,0,1,2,1,1,0,0,1,4.164,phishing
https://banking-update-292.info/verify?id=1505,14,7,0,1,2,3,3,0,0,1,3.491,phishing
https://paypal-secure-700.net/login?id=2134,13,6,0,1,2,2,1,0,0,1,4.439,phishing
https://banking-update-676.info/verify?id=8472,14,7,0,1,2,2,4,0,0,1,3.211,phishing
https://office365-login-575.org/reset?id=7482,15,6,0,1,2,2,3,0,0,1,4.072,phishing
https://microsoft.net/about,9,6,0,1,1,0,0,0,0,0,2.687,legitimate
https://amazon-support-935.com/update?id=4298,14,7,0,1,2,2,3,0,0,1,3.883,phishing
https://github.edu/docs,6,5,0,1,1,0,0,0,0,0,2.028,legitimate
https://amazon-support-303.net/update?id=1616,14,7,0,1,2,3,4,0,0,1,4.76,phishing
https://secure-login-551.net/update?id=2295,12,7,0,1,2,1,3,0,0,1,3.42,phishing
https://office365-login-150.info/account?id=7077,15,8,0,1,2,3,4,0,0,1,4.35,phishing
https://amazon-support-641.com/account?id=3639,14,8,0,1,2,2,4,0,0,1,4.279,phishing
https://office365-login-728.com/verify?id=5751,15,7,0,1,2,3,3,0,0,1,4.179,phishing
https://amazon-support-353.org/update?id=5891,14,7,0,1,2,2,3,0,0,1,4.599,phishing
https://github.org/about,6,6,0,1,1,0,0,0,0,0,2.851,legitimate
https://github.com/products,6,9,0,1,1,0,0,0,0,0,2.683,legitimate
https://office365-login-382.net/verify?id=8387,15,7,0,1,2,2,2,0,0,1,4.12,phishing
https://banking-update-638.info/login?id=3807,14,6,0,1,2,1,2,0,0,1,3.276,phishing
https://banking-update-840.net/reset?id=8815,14,6,0,1,2,3,2,0,0,1,4.781,phishing
https://secure-login-355.info/login?id=3583,12,6,0,1,2,1,1,0,0,1,4.796,phishing
https://microsoft.org/docs,9,5,0,1,1,0,0,0,0,0,2.83,legitimate
https://banking-update-434.com/update?id=5937,14,7,0,1,2,3,3,0,0,1,3.508,phishing
https://banking-update-583.info/verify?id=3161,14,7,0,1,2,1,1,0,0,1,3.591,phishing
https://amazon-support-490.org/verify?id=2050,14,7,0,1,2,1,2,0,0,1,4.107,phishing
https://bankofamerica.edu/docs,13,5,0,1,1,0,0,0,0,0,2.164,legitimate
https://banking-update-985.info/update?id=6836,14,7,0,1,2,3,4,0,0,1,3.505,phishing
https://banking-update-540.com/reset?id=2292,14,6,0,1,2,3,2,0,0,1,4.711,phishing
https://amazon-support-365.info/account?id=6361,14,8,0,1,2,2,4,0,0,1,3.554,phishing
https://secure-login-309.info/login?id=5859,12,6,0,1,2,1,2,0,0,1,4.526,phishing
https://office365-login-299.com/account?id=6079,15,8,0,1,2,2,3,0,0,1,3.493,phishing
https://paypal-secure-337.com/verify?id=8385,13,7,0,1,2,3,4,0,0,1,4.007,phishing
https://banking-update-665.com/login?id=6141,14,6,0,1,2,3,2,0,0,1,4.111,phishing
https://secure-login-924.com/account?id=2469,12,8,0,1,2,3,4,0,0,1,3.901,phishing
https://banking-update-138.info/account?id=5949,14,8,0,1,2,1,3,0,0,1,3.294,phishing
https://amazon-support-265.com/account?id=5592,14,8,0,1,2,2,4,0,0,1,3.741,phishing
https://amazon-support-305.net/account?id=3186,14,8,0,1,2,3,2,0,0,1,4.198,phishing
https://office365-login-438.com/account?id=7574,15,8,0,1,2,3,1,0,0,1,3.545,phishing
https://bankofamerica.com/api/v1,13,7,0,1,1,0,0,0,0,0,2.237,legitimate
https://banking-update-786.com/login?id=8008,14,6,0,1,2,2,3,0,0,1,4.693,phishing
https://banking-update-724.net/update?id=6691,14,7,0,1,2,2,2,0,0,1,4.638,phishing
https://amazon-support-157.info/account?id=2281,14,8,0,1,2,1,2,0,0,1,4.376,phishing
https://amazon-support-340.org/account?id=1475,14,8,0,1,2,1,3,0,0,1,4.347,phishing
https://bankofamerica.com/api/v1,13,7,0,1,1,0,0,0,0,0,2.648,legitimate
https://secure-login-565.com/login?id=3671,12,6,0,1,2,1,2,0,0,1,3.668,phishing
https://example.net/products,7,9,0,1,1,0,0,0,0,0,3.1,legitimate
https://secure-login-951.org/login?id=8803,12,6,0,1,2,3,4,0,0,1,3.714,phishing
https://paypal-secure-151.net/verify?id=7329,13,7,0,1,2,2,2,0,0,1,4.059,phishing
https://bankofamerica.net/api/v1,13,7,0,1,1,0,0,0,0,0,2.407,legitimate
https://example.org/api/v1,7,7,0,1,1,0,0,0,0,0,2.38,legitimate
https://secure-login-503.info/update?id=9745,12,7,0,1,2,2,3,0,0,1,4.664,phishing
https://bankofamerica.org/products,13,9,0,1,1,0,0,0,0,0,2.299,legitimate
https://secure-login-202.com/account?id=3129,12,8,0,1,2,1,1,0,0,1,4.767,phishing
https://banking-update-813.com/account?id=6679,14,8,0,1,2,3,4,0,0,1,4.492,phishing
https://example.com/products,7,9,0,1,1,0,0,0,0,0,3.026,legitimate
https://microsoft.edu/docs,9,5,0,1,1,0,0,0,0,0,2.958,legitimate
https://netflix.org/about,7,6,0,1,1,0,0,0,0,0,2.124,legitimate
https://netflix.edu/about,7,6,0,1,1,0,0,0,0,0,2.214,legitimate
https://paypal-secure-276.org/login?id=3875,13,6,0,1,2,1,4,0,0,1,4.713,phishing
https://bankofamerica.org/support,13,8,0,1,1,0,0,0,0,0,2.545,legitimate
https://amazon-support-247.info/account?id=2851,14,8,0,1,2,2,2,0,0,1,3.803,phishing
https://amazon-support-299.org/account?id=1024,14,8,0,1,2,3,2,0,0,1,3.524,phishing
https://amazon-support-412.org/login?id=9228,14,6,0,1,2,3,4,0,0,1,4.014,phishing
https://amazon-support-575.com/verify?id=1340,14,7,0,1,2,1,1,0,0,1,4.576,phishing
https://banking-update-726.info/login?id=6131,14,6,0,1,2,1,4,0,0,1,3.995,phishing
https://office365-login-749.org/update?id=4427,15,7,0,1,2,1,3,0,0,1,3.863,phishing
https://banking-update-426.org/update?id=3793,14,7,0,1,2,1,3,0,0,1,4.108,phishing
https://paypal-secure-655.org/verify?id=2371,13,7,0,1,2,1,2,0,0,1,3.244,phishing
https://office365-login-392.net/reset?id=2917,15,6,0,1,2,1,3,0,0,1,4.678,phishing
https://microsoft.org/docs,9,5,0,1,1,0,0,0,0,0,2.182,legitimate
https://secure-login-546.org/account?id=5003,12,8,0,1,2,2,2,0,0,1,4.233,phishing
https://secure-login-143.info/account?id=8069,12,8,0,1,2,2,1,0,0,1,3.736,phishing
https://secure-login-447.com/reset?id=2590,12,6,0,1,2,1,2,0,0,1,4.358,phishing
https://secure-login-379.com/login?id=9756,12,6,0,1,2,1,2,0,0,1,3.303,phishing
https://office365-login-948.net/login?id=3832,15,6,0,1,2,1,3,0,0,1,4.399,phishing
https://paypal-secure-257.info/reset?id=8134,13,6,0,1,2,3,4,0,0,1,4.057,phishing
https://github.com/docs,6,5,0,1,1,0,0,0,0,0,2.916,legitimate
https://amazon-support-650.info/reset?id=1958,14,6,0,1,2,2,3,0,0,1,4.782,phishing
https://example.com/products,7,9,0,1,1,0,0,0,0,0,2.213,legitimate
https://microsoft.net/support,9,8,0,1,1,0,0,0,0,0,2.577,legitimate
https://netflix.edu/products,7,9,0,1,1,0,0,0,0,0,2.765,legitimate
https://banking-update-710.info/login?id=8132,14,6,0,1,2,3,2,0,0,1,3.548,phishing
https://paypal-secure-928.net/update?id=3372,13,7,0,1,2,1,1,0,0,1,3.509,phishing
https://paypal-secure-267.com/verify?id=5144,13,7,0,1,2,3,2,0,0,1,4.473,phishing
https://banking-update-582.com/login?id=8315,14,6,0,1,2,1,4,0,0,1,4.141,phishing
https://secure-login-807.info/reset?id=9631,12,6,0,1,2,1,2,0,0,1,4.022,phishing
https://secure-login-324.com/login?id=8077,12,6,0,1,2,2,4,0,0,1,3.233,phishing
https://office365-login-105.com/login?id=6698,15,6,0,1,2,1,2,0,0,1,4.063,phishing
https://banking-update-103.net/login?id=6271,14,6,0,1,2,3,1,0,0,1,3.723,phishing
https://office365-login-826.net/reset?id=1031,15,6,0,1,2,2,2,0,0,1,4.68,phishing
https://netflix.org/support,7,8,0,1,1,0,0,0,0,0,2.921,legitimate
https://banking-update-814.org/reset?id=8081,14,6,0,1,2,1,4,0,0,1,4.41,phishing
https://bankofamerica.org/support,13,8,0,1,1,0,0,0,0,0,3.192,legitimate
https://secure-login-319.org/account?id=8924,12,8,0,1,2,2,1,0,0,1,4.009,phishing
https://secure-login-507.org/account?id=8452,12,8,0,1,2,1,2,0,0,1,3.894,phishing
https://paypal-secure-294.com/login?id=3540,13,6,0,1,2,3,2,0,0,1,3.522,phishing
https://secure-login-789.net/login?id=9856,12,6,0,1,2,3,2,0,0,1,3.759,phishing
https://secure-login-588.com/reset?id=6330,12,6,0,1,2,3,1,0,0,1,3.85,phishing
https://microsoft.net/docs,9,5,0,1,1,0,0,0,0,0,2.781,legitimate
https://amazon-support-750.net/login?id=9818,14,6,0,1,2,3,1,0,0,1,4.57,phishing
https://bankofamerica.com/support,13,8,0,1,1,0,0,0,0,0,2.153,legitimate
https://banking-update-615.com/update?id=2813,14,7,0,1,2,2,4,0,0,1,4.127,phishing
https://office365-login-776.info/verify?id=9150,15,7,0,1,2,1,1,0,0,1,4.785,phishing
https://bankofamerica.net/products,13,9,0,1,1,0,0,0,0,0,2.442,legitimate
https://microsoft.net/api/v1,9,7,0,1,1,0,0,0,0,0,2.734,legitimate
https://paypal-secure-558.net/verify?id=4344,13,7,0,1,2,2,2,0,0,1,3.749,phishing
https://amazon-support-882.org/login?id=8280,14,6,0,1,2,3,3,0,0,1,4.619,phishing
https://secure-login-374.com/update?id=8785,12,7,0,1,2,1,4,0,0,1,3.877,phishing
https://github.com/products,6,9,0,1,1,0,0,0,0,0,2.689,legitimate
https://paypal-secure-900.com/reset?id=8492,13,6,0,1,2,2,4,0,0,1,3.608,phishing
https://secure-login-382.info/update?id=2233,12,7,0,1,2,3,2,0,0,1,4.484,phishing
https://github.com/products,6,9,0,1,1,0,0,0,0,0,2.554,legitimate
https://banking-update-508.info/account?id=9788,14,8,0,1,2,3,1,0,0,1,4.796,phishing
https://secure-login-396.com/verify?id=6177,12,7,0,1,2,1,2,0,0,1,4.261,phishing
https://banking-update-275.com/verify?id=2937,14,7,0,1,2,1,2,0,0,1,3.838,phishing
https://example.net/products,7,9,0,1,1,0,0,0,0,0,2.348,legitimate
https://paypal-secure-283.com/reset?id=5432,13,6,0,1,2,3,3,0,0,1,3.774,phishing
https://office365-login-998.com/reset?id=9841,15,6,0,1,2,3,2,0,0,1,4.6,phishing
https://github.net/about,6,6,0,1,1,0,0,0,0,0,2.8,legitimate
https://office365-login-953.org/verify?id=2736,15,7,0,1,2,3,3,0,0,1,3.866,phishing
https://example.org/products,7,9,0,1,1,0,0,0,0,0,2.946,legitimate
https://example.com/api/v1,7,7,0,1,1,0,0,0,0,0,2.055,legitimate
https://banking-update-706.org/login?id=6830,14,6,0,1,2,3,2,0,0,1,3.228,phishing
https://github.net/about,6,6,0,1,1,0,0,0,0,0,2.117,legitimate
https://secure-login-654.net/update?id=5820,12,7,0,1,2,2,4,0,0,1,4.111,phishing
https://banking-update-643.com/login?id=8734,14,6,0,1,2,1,4,0,0,1,4.605,phishing
https://example.com/api/v1,7,7,0,1,1,0,0,0,0,0,2.513,legitimate
https://example.com/api/v1,7,7,0,1,1,0,0,0,0,0,2.326,legitimate
https://amazon-support-709.net/reset?id=1708,14,6,0,1,2,2,4,0,0,1,3.639,phishing
https://banking-update-268.org/verify?id=5929,14,7,0,1,2,1,4,0,0,1,3.427,phishing
https://example.edu/about,7,6,0,1,1,0,0,0,0,0,2.734,legitimate
https://banking-update-535.net/verify?id=3920,14,7,0,1,2,1,2,0,0,1,3.4,phishing
https://office365-login-550.net/verify?id=1481,15,7,0,1,2,2,4,0,0,1,3.692,phishing
https://github.edu/about,6,6,0,1,1,0,0,0,0,0,2.447,legitimate
https://banking-update-198.info/account?id=4797,14,8,0,1,2,3,2,0,0,1,3.7,phishing
https://paypal-secure-441.net/verify?id=6696,13,7,0,1,2,1,1,0,0,1,3.466,phishing
https://netflix.com/docs,7,5,0,1,1,0,0,0,0,0,2.889,legitimate
https://office365-login-834.com/login?id=8738,15,6,0,1,2,1,2,0,0,1,4.213,phishing
https://office365-login-648.org/verify?id=9938,15,7,0,1,2,3,2,0,0,1,4.188,phishing
https://amazon-support-285.info/account?id=6001,14,8,0,1,2,1,3,0,0,1,3.424,phishing
https://example.net/docs,7,5,0,1,1,0,0,0,0,0,3.173,legitimate
https://amazon-support-168.com/update?id=1896,14,7,0,1,2,2,1,0,0,1,4.047,phishing
https://amazon-support-194.info/reset?id=5232,14,6,0,1,2,2,4,0,0,1,3.692,phishing
https://amazon-support-890.net/verify?id=3312,14,7,0,1,2,2,4,0,0,1,4.598,phishing
https://github.com/products,6,9,0,1,1,0,0,0,0,0,2.143,legitimate
https://secure-login-366.org/account?id=5741,12,8,0,1,2,3,2,0,0,1,3.259,phishing
https://secure-login-299.com/account?id=3044,12,8,0,1,2,3,2,0,0,1,3.874,phishing
https://example.org/api/v1,7,7,0,1,1,0,0,0,0,0,2.991,legitimate
https://secure-login-138.net/update?id=9404,12,7,0,1,2,2,2,0,0,1,4.499,phishing
https://amazon-support-656.net/update?id=8785,14,7,0,1,2,1,1,0,0,1,3.656,phishing
https://office365-login-420.info/login?id=3974,15,6,0,1,2,1,4,0,0,1,4.306,phishing
https://office365-login-594.info/account?id=9386,15,8,0,1,2,1,1,0,0,1,4.019,phishing
https://github.net/products,6,9,0,1,1,0,0,0,0,0,2.226,legitimate
https://banking-update-852.org/login?id=8851,14,6,0,1,2,2,4,0,0,1,4.694,phishing
https://banking-update-329.com/verify?id=4439,14,7,0,1,2,2,2,0,0,1,4.14,phishing
https://banking-update-449.org/verify?id=1862,14,7,0,1,2,3,1,0,0,1,4.303,phishing
https://secure-login-333.info/update?id=1277,12,7,0,1,2,3,2,0,0,1,4.532,phishing
https://amazon-support-821.net/login?id=2392,14,6,0,1,2,3,4,0,0,1,4.262,phishing
https://amazon-support-499.net/verify?id=5537,14,7,0,1,2,3,3,0,0,1,4.191,phishing
https://netflix.net/support,7,8,0,1,1,0,0,0,0,0,2.445,legitimate
https://amazon-support-750.org/verify?id=6710,14,7,0,1,2,3,2,0,0,1,4.713,phishing
https://netflix.com/api/v1,7,7,0,1,1,0,0,0,0,0,2.172,legitimate
https://secure-login-723.org/reset?id=2212,12,6,0,1,2,1,3,0,0,1,4.046,phishing
https://secure-login-573.org/login?id=1235,12,6,0,1,2,2,3,0,0,1,4.665,phishing
https://amazon-support-913.com/verify?id=4376,14,7,0,1,2,2,4,0,0,1,4.417,phishing
https://banking-update-286.com/login?id=4565,14,6,0,1,2,3,1,0,0,1,3.536,phishing
https://banking-update-691.com/login?id=5026,14,6,0,1,2,3,4,0,0,1,4.535,phishing
https://amazon-support-855.com/login?id=3734,14,6,0,1,2,1,4,0,0,1,3.949,phishing
https://amazon-support-982.net/reset?id=7966,14,6,0,1,2,2,2,0,0,1,3.554,phishing
https://example.edu/support,7,8,0,1,1,0,0,0,0,0,2.646,legitimate
https://banking-update-299.com/verify?id=3073,14,7,0,1,2,3,4,0,0,1,3.232,phishing
https://example.org/support,7,8,0,1,1,0,0,0,0,0,2.096,legitimate
https://secure-login-585.net/reset?id=6036,12,6,0,1,2,1,3,0,0,1,3.759,phishing
https://banking-update-160.com/reset?id=9701,14,6,0,1,2,2,1,0,0,1,4.569,phishing
https://example.edu/about,7,6,0,1,1,0,0,0,0,0,2.073,legitimate
https://office365-login-510.org/account?id=2141,15,8,0,1,2,2,4,0,0,1,3.529,phishing
https://bankofamerica.net/docs,13,5,0,1,1,0,0,0,0,0,2.26,legitimate
https://secure-login-351.org/reset?id=4424,12,6,0,1,2,2,2,0,0,1,4.478,phishing
https://paypal-secure-429.info/reset?id=8048,13,6,0,1,2,1,3,0,0,1,4.213,phishing
https://office365-login-981.com/verify?id=7321,15,7,0,1,2,2,2,0,0,1,4.136,phishing
https://amazon-support-203.info/login?id=7223,14,6,0,1,2,2,2,0,0,1,3.829,phishing
https://paypal-secure-345.net/reset?id=8725,13,6,0,1,2,2,2,0,0,1,3.931,phishing
https://netflix.net/products,7,9,0,1,1,0,0,0,0,0,2.492,legitimate
https://office365-login-633.info/account?id=2346,15,8,0,1,2,2,3,0,0,1,3.61,phishing
https://microsoft.com/docs,9,5,0,1,1,0,0,0,0,0,3.072,legitimate
https://banking-update-442.info/account?id=9772,14,8,0,1,2,3,3,0,0,1,3.855,phishing
https://amazon-support-293.com/login?id=9959,14,6,0,1,2,1,2,0,0,1,3.985,phishing
https://amazon-support-529.net/update?id=4416,14,7,0,1,2,2,2,0,0,1,4.694,phishing
https://paypal-secure-792.info/verify?id=5433,13,7,0,1,2,2,1,0,0,1,4.046,phishing
https://secure-login-122.info/account?id=7746,12,8,0,1,2,3,1,0,0,1,3.869,phishing
https://secure-login-277.com/reset?id=3836,12,6,0,1,2,3,3,0,0,1,4.702,phishing
https://amazon-support-214.info/verify?id=4885,14,7,0,1,2,2,4,0,0,1,3.417,phishing
https://banking-update-121.info/account?id=7960,14,8,0,1,2,3,1,0,0,1,4.462,phishing
https://github.com/api/v1,6,7,0,1,1,0,0,0,0,0,2.366,legitimate
https://secure-login-605.com/reset?id=4367,12,6,0,1,2,3,4,0,0,1,3.909,phishing
https://netflix.org/api/v1,7,7,0,1,1,0,0,0,0,0,2.257,legitimate
https://banking-update-949.org/login?id=5113,14,6,0,1,2,1,2,0,0,1,4.348,phishing
https://secure-login-297.com/verify?id=9399,12,7,0,1,2,3,4,0,0,1,4.751,phishing
https://office365-login-457.org/account?id=5333,15,8,0,1,2,1,1,0,0,1,4.678,phishing
https://office365-login-725.net/login?id=1570,15,6,0,1,2,3,3,0,0,1,3.92,phishing
https://amazon-support-120.info/login?id=1927,14,6,0,1,2,3,4,0,0,1,4.303,phishing
https://github.com/support,6,8,0,1,1,0,0,0,0,0,2.258,legitimate
https://office365-login-736.com/login?id=8908,15,6,0,1,2,3,3,0,0,1,3.358,phishing
https://office365-login-657.net/verify?id=8628,15,7,0,1,2,1,4,0,0,1,3.442,phishing
https://amazon-support-287.org/account?id=3907,14,8,0,1,2,2,1,0,0,1,4.787,phishing
https://bankofamerica.org/about,13,6,0,1,1,0,0,0,0,0,2.017,legitimate
https://bankofamerica.org/products,13,9,0,1,1,0,0,0,0,0,2.12,legitimate
https://secure-login-297.com/login?id=6004,12,6,0,1,2,2,4,0,0,1,3.359,phishing
https://paypal-secure-252.org/login?id=9948,13,6,0,1,2,2,4,0,0,1,4.311,phishing
https://office365-login-708.com/login?id=6492,15,6,0,1,2,1,4,0,0,1,4.629,phishing
https://office365-login-469.com/reset?id=4220,15,6,0,1,2,2,1,0,0,1,3.216,phishing
https://secure-login-161.info/login?id=2569,12,6,0,1,2,2,2,0,0,1,3.418,phishing
https://netflix.com/docs,7,5,0,1,1,0,0,0,0,0,2.958,legitimate
https://banking-update-870.com/account?id=1567,14,8,0,1,2,3,4,0,0,1,3.475,phishing
https://office365-login-142.org/reset?id=9344,15,6,0,1,2,2,1,0,0,1,4.248,phishing
https://office365-login-923.com/login?id=5159,15,6,0,1,2,2,3,0,0,1,4.39,phishing
https://microsoft.com/support,9,8,0,1,1,0,0,0,0,0,2.201,legitimate
https://example.net/docs,7,5,0,1,1,0,0,0,0,0,2.546,legitimate
https://banking-update-944.com/account?id=4695,14,8,0,1,2,2,3,0,0,1,4.571,phishing
https://bankofamerica.org/about,13,6,0,1,1,0,0,0,0,0,2.173,legitimate
https://paypal-secure-285.net/verify?id=4517,13,7,0,1,2,3,3,0,0,1,4.409,phishing
https://paypal-secure-859.info/verify?id=8308,13,7,0,1,2,2,2,0,0,1,3.801,phishing
https://office365-login-423.org/verify?id=2546,15,7,0,1,2,1,2,0,0,1,3.953,phishing
https://banking-update-124.info/reset?id=3194,14,6,0,1,2,2,3,0,0,1,4.523,phishing
https://secure-login-491.info/login?id=1607,12,6,0,1,2,1,1,0,0,1,3.37,phishing
https://amazon-support-924.com/account?id=8042,14,8,0,1,2,3,4,0,0,1,4.789,phishing
https://netflix.net/about,7,6,0,1,1,0,0,0,0,0,2.575,legitimate
https://secure-login-319.org/account?id=8595,12,8,0,1,2,2,1,0,0,1,4.653,phishing
https://amazon-support-365.info/update?id=1387,14,7,0,1,2,3,2,0,0,1,3.901,phishing
https://paypal-secure-133.com/reset?id=9039,13,6,0,1,2,2,2,0,0,1,3.337,phishing
https://paypal-secure-854.org/reset?id=9668,13,6,0,1,2,1,4,0,0,1,4.173,phishing
https://bankofamerica.org/about,13,6,0,1,1,0,0,0,0,0,3.176,legitimate
https://amazon-support-559.org/verify?id=1640,14,7,0,1,2,3,2,0,0,1,3.388,phishing
https://secure-login-380.org/verify?id=8072,12,7,0,1,2,1,2,0,0,1,4.343,phishing
https://paypal-secure-861.net/account?id=9055,13,8,0,1,2,3,2,0,0,1,4.586,phishing
https://amazon-support-879.com/account?id=4568,14,8,0,1,2,1,1,0,0,1,3.233,phishing
https://banking-update-861.net/verify?id=7607,14,7,0,1,2,2,2,0,0,1,4.15,phishing
https://paypal-secure-358.com/login?id=2951,13,6,0,1,2,2,1,0,0,1,3.237,phishing
https://example.net/support,7,8,0,1,1,0,0,0,0,0,2.904,legitimate
https://office365-login-306.net/update?id=8483,15,7,0,1,2,3,4,0,0,1,4.384,phishing
https://banking-update-914.com/reset?id=6518,14,6,0,1,2,2,1,0,0,1,4.708,phishing
https://netflix.net/products,7,9,0,1,1,0,0,0,0,0,3.2,legitimate
https://paypal-secure-711.com/login?id=9438,13,6,0,1,2,2,2,0,0,1,3.598,phishing
https://paypal-secure-184.net/update?id=2574,13,7,0,1,2,3,1,0,0,1,3.709,phishing
https://secure-login-437.info/verify?id=9212,12,7,0,1,2,1,3,0,0,1,3.44,phishing
https://amazon-support-471.com/login?id=4333,14,6,0,1,2,2,2,0,0,1,3.644,phishing
https://banking-update-688.info/update?id=5102,14,7,0,1,2,2,3,0,0,1,4.581,phishing
https://office365-login-159.com/login?id=3260,15,6,0,1,2,2,1,0,0,1,4.496,phishing
https://netflix.com/support,7,8,0,1,1,0,0,0,0,0,2.183,legitimate
https://office365-login-885.org/reset?id=5734,15,6,0,1,2,1,2,0,0,1,4.738,phishing
https://paypal-secure-171.info/reset?id=9140,13,6,0,1,2,2,3,0,0,1,4.648,phishing
https://amazon-support-419.net/update?id=3617,14,7,0,1,2,1,3,0,0,1,4.793,phishing
https://amazon-support-734.com/account?id=2551,14,8,0,1,2,3,2,0,0,1,4.083,phishing
https://secure-login-171.com/update?id=3894,12,7,0,1,2,3,3,0,0,1,3.754,phishing
https://banking-update-162.com/login?id=8612,14,6,0,1,2,3,2,0,0,1,3.551,phishing
https://banking-update-187.com/login?id=3093,14,6,0,1,2,3,2,0,0,1,4.036,phishing
https://paypal-secure-305.com/account?id=3083,13,8,0,1,2,3,4,0,0,1,3.31,phishing
https://paypal-secure-832.info/reset?id=7131,13,6,0,1,2,1,4,0,0,1,4.377,phishing
https://amazon-support-419.net/verify?id=7255,14,7,0,1,2,3,1,0,0,1,4.753,phishing
https://office365-login-529.net/update?id=4584,15,7,0,1,2,3,3,0,0,1,3.813,phishing
https://example.com/about,7,6,0,1,1,0,0,0,0,0,2.284,legitimate
https://office365-login-965.info/update?id=3439,15,7,0,1,2,2,2,0,0,1,3.76,phishing
https://example.net/products,7,9,0,1,1,0,0,0,0,0,2.642,legitimate
https://amazon-support-945.com/account?id=8517,14,8,0,1,2,3,2,0,0,1,3.831,phishing
https://netflix.net/products,7,9,0,1,1,0,0,0,0,0,2.844,legitimate
https://amazon-support-976.org/account?id=3130,14,8,0,1,2,2,1,0,0,1,4.73,phishing
https://banking-update-552.org/reset?id=9366,14,6,0,1,2,2,3,0,0,1,3.957,phishing
https://bankofamerica.com/api/v1,13,7,0,1,1,0,0,0,0,0,2.434,legitimate
https://paypal-secure-679.info/reset?id=8919,13,6,0,1,2,2,2,0,0,1,3.401,phishing
https://amazon-support-154.net/verify?id=6033,14,7,0,1,2,3,4,0,0,1,4.606,phishing
https://netflix.org/docs,7,5,0,1,1,0,0,0,0,0,2.181,legitimate
https://banking-update-855.info/reset?id=6837,14,6,0,1,2,1,3,0,0,1,3.611,phishing
https://example.net/about,7,6,0,1,1,0,0,0,0,0,2.961,legitimate
https://paypal-secure-786.com/login?id=9078,13,6,0,1,2,1,1,0,0,1,4.05,phishing
https://paypal-secure-414.org/account?id=4692,13,8,0,1,2,2,3,0,0,1,4.001,phishing
https://bankofamerica.com/support,13,8,0,1,1,0,0,0,0,0,2.62,legitimate
https://banking-update-514.com/update?id=5254,14,7,0,1,2,1,3,0,0,1,4.555,phishing
https://example.org/docs,7,5,0,1,1,0,0,0,0,0,2.193,legitimate
https://github.org/about,6,6,0,1,1,0,0,0,0,0,2.099,legitimate
https://bankofamerica.com/docs,13,5,0,1,1,0,0,0,0,0,2.85,legitimate
https://secure-login-943.org/login?id=4927,12,6,0,1,2,2,2,0,0,1,3.361,phishing
https://netflix.net/docs,7,5,0,1,1,0,0,0,0,0,3.185,legitimate
https://paypal-secure-708.net/login?id=8319,13,6,0,1,2,3,1,0,0,1,3.328,phishing
https://example.com/api/v1,7,7,0,1,1,0,0,0,0,0,2.357,legitimate
https://example.org/docs,7,5,0,1,1,0,0,0,0,0,2.9,legitimate
https://paypal-secure-524.org/reset?id=1746,13,6,0,1,2,3,1,0,0,1,4.615,phishing
https://bankofamerica.edu/support,13,8,0,1,1,0,0,0,0,0,3.173,legitimate
https://netflix.edu/docs,7,5,0,1,1,0,0,0,0,0,2.698,legitimate
https://banking-update-109.info/verify?id=2973,14,7,0,1,2,1,2,0,0,1,4.733,phishing
https://amazon-support-123.net/login?id=8742,14,6,0,1,2,1,4,0,0,1,4.036,phishing
https://office365-login-878.org/reset?id=1921,15,6,0,1,2,3,2,0,0,1,3.949,phishing
https://example.net/docs,7,5,0,1,1,0,0,0,0,0,2.663,legitimate
https://secure-login-232.org/account?id=4322,12,8,0,1,2,3,4,0,0,1,3.602,phishing
https://paypal-secure-446.net/update?id=4714,13,7,0,1,2,1,4,0,0,1,4.605,phishing
https://paypal-secure-917.com/account?id=5698,13,8,0,1,2,3,1,0,0,1,4.278,phishing
https://github.edu/products,6,9,0,1,1,0,0,0,0,0,3.041,legitimate
https://paypal-secure-785.net/verify?id=5803,13,7,0,1,2,1,2,0,0,1,3.541,phishing
https://office365-login-500.net/login?id=1623,15,6,0,1,2,2,4,0,0,1,4.082,phishing
https://github.net/products,6,9,0,1,1,0,0,0,0,0,2.024,legitimate
https://github.com/products,6,9,0,1,1,0,0,0,0,0,2.744,legitimate
https://secure-login-191.info/account?id=6273,12,8,0,1,2,1,1,0,0,1,4.542,phishing
https://bankofamerica.net/docs,13,5,0,1,1,0,0,0,0,0,2.005,legitimate
https://bankofamerica.org/about,13,6,0,1,1,0,0,0,0,0,2.056,legitimate
https://netflix.edu/api/v1,7,7,0,1,1,0,0,0,0,0,2.338,legitimate
https://paypal-secure-240.net/reset?id=5727,13,6,0,1,2,3,3,0,0,1,4.005,phishing
https://paypal-secure-856.info/login?id=7964,13,6,0,1,2,3,1,0,0,1,4.502,phishing
https://office365-login-203.com/account?id=7034,15,8,0,1,2,1,4,0,0,1,3.962,phishing
https://secure-login-513.org/verify?id=5015,12,7,0,1,2,1,3,0,0,1,3.572,phishing
https://paypal-secure-117.com/verify?id=2941,13,7,0,1,2,2,4,0,0,1,3.873,phishing
https://bankofamerica.net/support,13,8,0,1,1,0,0,0,0,0,2.984,legitimate
https://banking-update-583.com/verify?id=5043,14,7,0,1,2,3,3,0,0,1,3.714,phishing
https://example.org/support,7,8,0,1,1,0,0,0,0,0,2.925,legitimate
https://microsoft.edu/docs,9,5,0,1,1,0,0,0,0,0,2.161,legitimate
https://secure-login-200.org/reset?id=6592,12,6,0,1,2,2,3,0,0,1,3.448,phishing
https://example.net/api/v1,7,7,0,1,1,0,0,0,0,0,2.272,legitimate
https://office365-login-545.info/verify?id=7058,15,7,0,1,2,2,4,0,0,1,4.437,phishing
https://paypal-secure-552.info/login?id=2667,13,6,0,1,2,1,4,0,0,1,3.526,phishing
https://microsoft.com/about,9,6,0,1,1,0,0,0,0,0,2.461,legitimate
https://banking-update-780.net/update?id=2002,14,7,0,1,2,1,1,0,0,1,3.979,phishing
https://office365-login-552.com/account?id=5857,15,8,0,1,2,1,3,0,0,1,4.005,phishing
https://banking-update-151.net/update?id=3654,14,7,0,1,2,3,2,0,0,1,3.732,phishing
https://microsoft.net/api/v1,9,7,0,1,1,0,0,0,0,0,3.072,legitimate
https://secure-login-559.info/login?id=7825,12,6,0,1,2,2,3,0,0,1,3.418,phishing
https://banking-update-589.net/account?id=2107,14,8,0,1,2,3,2,0,0,1,4.709,phishing
https://secure-login-527.org/update?id=3266,12,7,0,1,2,2,2,0,0,1,3.549,phishing
https://secure-login-153.org/reset?id=7659,12,6,0,1,2,3,1,0,0,1,4.476,phishing
https://secure-login-795.org/reset?id=4829,12,6,0,1,2,1,1,0,0,1,4.31,phishing
https://bankofamerica.edu/docs,13,5,0,1,1,0,0,0,0,0,2.416,legitimate
https://secure-login-304.net/update?id=7850,12,7,0,1,2,3,1,0,0,1,4.731,phishing
https://banking-update-895.org/verify?id=1144,14,7,0,1,2,2,2,0,0,1,4.291,phishing
https://microsoft.net/docs,9,5,0,1,1,0,0,0,0,0,2.884,legitimate
https://banking-update-452.org/verify?id=5172,14,7,0,1,2,1,4,0,0,1,4.561,phishing
https://paypal-secure-365.net/reset?id=3411,13,6,0,1,2,1,4,0,0,1,3.536,phishing
https://office365-login-284.org/account?id=1977,15,8,0,1,2,3,2,0,0,1,3.481,phishing
https://banking-update-879.com/login?id=2228,14,6,0,1,2,2,3,0,0,1,4.242,phishing
https://secure-login-209.com/update?id=7929,12,7,0,1,2,1,1,0,0,1,4.447,phishing
https://secure-login-395.info/login?id=5394,12,6,0,1,2,3,4,0,0,1,4.123,phishing
https://amazon-support-955.net/login?id=7960,14,6,0,1,2,3,1,0,0,1,3.532,phishing
https://bankofamerica.org/docs,13,5,0,1,1,0,0,0,0,0,3.078,legitimate
https://netflix.com/docs,7,5,0,1,1,0,0,0,0,0,3.196,legitimate
https://bankofamerica.net/about,13,6,0,1,1,0,0,0,0,0,2.595,legitimate
https://banking-update-561.com/login?id=8611,14,6,0,1,2,1,2,0,0,1,4.49,phishing
https://office365-login-450.org/login?id=1176,15,6,0,1,2,1,3,0,0,1,4.133,phishing
https://banking-update-359.org/account?id=5581,14,8,0,1,2,2,2,0,0,1,4.564,phishing
https://microsoft.org/support,9,8,0,1,1,0,0,0,0,0,2.334,legitimate
https://office365-login-327.com/reset?id=1532,15,6,0,1,2,3,4,0,0,1,4.41,phishing
https://paypal-secure-730.net/verify?id=6325,13,7,0,1,2,1,2,0,0,1,4.381,phishing
https://banking-update-284.net/update?id=9862,14,7,0,1,2,1,2,0,0,1,4.632,phishing
https://banking-update-767.net/verify?id=1782,14,7,0,1,2,2,4,0,0,1,3.295,phishing
https://microsoft.net/products,9,9,0,1,1,0,0,0,0,0,2.775,legitimate
https://microsoft.org/support,9,8,0,1,1,0,0,0,0,0,2.773,legitimate
https://office365-login-738.org/verify?id=7121,15,7,0,1,2,1,4,0,0,1,4.356,phishing
https://secure-login-935.org/verify?id=1045,12,7,0,1,2,2,4,0,0,1,4.79,phishing
https://example.org/docs,7,5,0,1,1,0,0,0,0,0,2.655,legitimate
https://paypal-secure-147.net/reset?id=3718,13,6,0,1,2,1,1,0,0,1,4.647,phishing
https://github.org/support,6,8,0,1,1,0,0,0,0,0,2.039,legitimate
https://secure-login-330.com/reset?id=3840,12,6,0,1,2,1,3,0,0,1,4.731,phishing
https://office365-login-350.com/account?id=6857,15,8,0,1,2,1,1,0,0,1,3.446,phishing
https://amazon-support-216.info/login?id=4706,14,6,0,1,2,2,3,0,0,1,3.726,phishing
https://example.org/products,7,9,0,1,1,0,0,0,0,0,2.697,legitimate
https://netflix.edu/api/v1,7,7,0,1,1,0,0,0,0,0,2.749,legitimate
https://bankofamerica.org/api/v1,13,7,0,1,1,0,0,0,0,0,2.353,legitimate
https://office365-login-107.org/account?id=9804,15,8,0,1,2,1,3,0,0,1,4.103,phishing
https://bankofamerica.com/api/v1,13,7,0,1,1,0,0,0,0,0,2.998,legitimate
https://github.com/api/v1,6,7,0,1,1,0,0,0,0,0,3.056,legitimate
https://amazon-support-995.org/verify?id=3193,14,7,0,1,2,1,1,0,0,1,3.428,phishing
https://microsoft.org/docs,9,5,0,1,1,0,0,0,0,0,2.577,legitimate
https://amazon-support-167.info/account?id=1243,14,8,0,1,2,2,2,0,0,1,4.152,phishing
https://example.org/products,7,9,0,1,1,0,0,0,0,0,2.41,legitimate
https://example.org/api/v1,7,7,0,1,1,0,0,0,0,0,2.475,legitimate
https://office365-login-481.com/update?id=4803,15,7,0,1,2,3,4,0,0,1,3.405,phishing
https://amazon-support-254.org/verify?id=9334,14,7,0,1,2,3,4,0,0,1,3.603,phishing
https://office365-login-535.com/reset?id=2973,15,6,0,1,2,2,2,0,0,1,3.242,phishing
https://office365-login-995.info/verify?id=3251,15,7,0,1,2,2,1,0,0,1,3.506,phishing
https://example.edu/api/v1,7,7,0,1,1,0,0,0,0,0,3.032,legitimate
https://amazon-support-314.com/verify?id=3286,14,7,0,1,2,1,1,0,0,1,3.679,phishing
https://paypal-secure-705.org/update?id=8552,13,7,0,1,2,3,2,0,0,1,3.617,phishing
https://office365-login-980.info/verify?id=3151,15,7,0,1,2,1,1,0,0,1,4.003,phishing
https://amazon-support-910.info/reset?id=2793,14,6,0,1,2,3,2,0,0,1,4.378,phishing
https://github.net/products,6,9,0,1,1,0,0,0,0,0,2.05,legitimate
https://banking-update-340.net/account?id=3787,14,8,0,1,2,3,4,0,0,1,3.767,phishing
https://secure-login-448.com/account?id=8655,12,8,0,1,2,3,3,0,0,1,4.736,phishing
https://secure-login-904.info/reset?id=6886,12,6,0,1,2,3,2,0,0,1,4.527,phishing
https://amazon-support-238.org/update?id=7627,14,7,0,1,2,1,1,0,0,1,4.383,phishing
https://banking-update-897.net/reset?id=3757,14,6,0,1,2,2,3,0,0,1,4.678,phishing
https://github.edu/docs,6,5,0,1,1,0,0,0,0,0,2.943,legitimate
https://secure-login-287.net/account?id=6740,12,8,0,1,2,1,1,0,0,1,4.053,phishing
https://banking-update-557.net/verify?id=3819,14,7,0,1,2,3,4,0,0,1,3.502,phishing
https://bankofamerica.com/docs,13,5,0,1,1,0,0,0,0,0,3.021,legitimate
https://office365-login-189.net/verify?id=5709,15,7,0,1,2,3,2,0,0,1,4.15,phishing
https://netflix.net/products,7,9,0,1,1,0,0,0,0,0,2.204,legitimate
https://paypal-secure-508.net/update?id=1004,13,7,0,1,2,2,3,0,0,1,4.525,phishing
https://secure-login-298.info/update?id=4032,12,7,0,1,2,1,4,0,0,1,4.538,phishing
https://paypal-secure-176.net/reset?id=1817,13,6,0,1,2,3,1,0,0,1,4.12,phishing
https://office365-login-264.net/account?id=5880,15,8,0,1,2,2,1,0,0,1,3.339,phishing
https://banking-update-529.com/login?id=1348,14,6,0,1,2,3,2,0,0,1,3.938,phishing
https://amazon-support-509.org/verify?id=2816,14,7,0,1,2,3,4,0,0,1,4.53,phishing
https://banking-update-388.net/update?id=4578,14,7,0,1,2,3,3,0,0,1,3.217,phishing
https://office365-login-304.org/account?id=5446,15,8,0,1,2,2,1,0,0,1,3.912,phishing
https://office365-login-310.net/login?id=4247,15,6,0,1,2,2,1,0,0,1,3.22,phishing
https://netflix.edu/about,7,6,0,1,1,0,0,0,0,0,2.855,legitimate
https://github.org/api/v1,6,7,0,1,1,0,0,0,0,0,2.858,legitimate
https://amazon-support-866.info/login?id=4221,14,6,0,1,2,2,2,0,0,1,3.942,phishing
https://banking-update-530.info/update?id=1518,14,7,0,1,2,2,2,0,0,1,4.464,phishing
https://office365-login-538.com/verify?id=2138,15,7,0,1,2,2,3,0,0,1,4.573,phishing
https://secure-login-188.org/login?id=9100,12,6,0,1,2,3,2,0,0,1,3.476,phishing
https://paypal-secure-673.net/verify?id=4591,13,7,0,1,2,2,3,0,0,1,3.627,phishing
https://banking-update-375.net/account?id=6658,14,8,0,1,2,2,3,0,0,1,4.474,phishing
https://banking-update-683.info/update?id=1176,14,7,0,1,2,1,3,0,0,1,4.599,phishing
https://github.org/products,6,9,0,1,1,0,0,0,0,0,3.01,legitimate
https://secure-login-804.com/verify?id=8661,12,7,0,1,2,1,2,0,0,1,4.025,phishing
https://github.com/docs,6,5,0,1,1,0,0,0,0,0,3.175,legitimate
https://amazon-support-995.net/reset?id=6524,14,6,0,1,2,3,3,0,0,1,3.971,phishing
https://bankofamerica.com/products,13,9,0,1,1,0,0,0,0,0,2.871,legitimate
https://secure-login-695.com/login?id=4610,12,6,0,1,2,2,1,0,0,1,3.619,phishing
https://amazon-support-854.org/update?id=2537,14,7,0,1,2,2,2,0,0,1,3.929,phishing
https://netflix.edu/about,7,6,0,1,1,0,0,0,0,0,2.255,legitimate
https://banking-update-870.com/reset?id=8395,14,6,0,1,2,3,3,0,0,1,4.606,phishing
https://banking-update-795.org/account?id=7352,14,8,0,1,2,1,4,0,0,1,4.086,phishing
https://example.edu/about,7,6,0,1,1,0,0,0,0,0,3.059,legitimate
https://amazon-support-252.com/login?id=8418,14,6,0,1,2,2,2,0,0,1,4.123,phishing
https://secure-login-141.info/verify?id=8445,12,7,0,1,2,3,4,0,0,1,3.233,phishing
https://github.net/products,6,9,0,1,1,0,0,0,0,0,2.04,legitimate
https://bankofamerica.org/products,13,9,0,1,1,0,0,0,0,0,2.32,legitimate
https://secure-login-127.net/account?id=7493,12,8,0,1,2,2,4,0,0,1,4.265,phishing
https://banking-update-661.org/login?id=3222,14,6,0,1,2,1,2,0,0,1,3.873,phishing
https://microsoft.edu/docs,9,5,0,1,1,0,0,0,0,0,2.737,legitimate
https://microsoft.net/about,9,6,0,1,1,0,0,0,0,0,2.262,legitimate
https://netflix.com/products,7,9,0,1,1,0,0,0,0,0,2.565,legitimate
https://banking-update-796.net/verify?id=3771,14,7,0,1,2,3,4,0,0,1,4.78,phishing
https://amazon-support-964.info/login?id=5959,14,6,0,1,2,3,2,0,0,1,3.422,phishing
https://banking-update-763.com/verify?id=7923,14,7,0,1,2,3,1,0,0,1,4.072,phishing
https://banking-update-500.com/update?id=4374,14,7,0,1,2,1,1,0,0,1,4.42,phishing
https://office365-login-296.com/update?id=3905,15,7,0,1,2,3,1,0,0,1,4.277,phishing
https://secure-login-222.net/update?id=3521,12,7,0,1,2,2,3,0,0,1,4.745,phishing
https://bankofamerica.net/docs,13,5,0,1,1,0,0,0,0,0,2.549,legitimate
https://example.net/about,7,6,0,1,1,0,0,0,0,0,2.733,legitimate
https://secure-login-130.info/account?id=4379,12,8,0,1,2,3,2,0,0,1,4.756,phishing
https://office365-login-803.info/verify?id=1315,15,7,0,1,2,1,3,0,0,1,3.774,phishing
https://banking-update-489.org/login?id=3943,14,6,0,1,2,1,3,0,0,1,4.511,phishing
https://paypal-secure-721.info/verify?id=9691,13,7,0,1,2,1,3,0,0,1,3.571,phishing
https://github.org/docs,6,5,0,1,1,0,0,0,0,0,2.837,legitimate
https://example.net/support,7,8,0,1,1,0,0,0,0,0,2.134,legitimate
https://paypal-secure-756.org/update?id=5441,13,7,0,1,2,3,2,0,0,1,4.284,phishing
https://secure-login-488.com/login?id=5138,12,6,0,1,2,3,2,0,0,1,4.642,phishing
https://paypal-secure-304.info/login?id=8352,13,6,0,1,2,1,1,0,0,1,3.962,phishing
https://bankofamerica.net/about,13,6,0,1,1,0,0,0,0,0,2.051,legitimate
https://bankofamerica.com/support,13,8,0,1,1,0,0,0,0,0,2.755,legitimate
https://paypal-secure-511.org/account?id=3461,13,8,0,1,2,3,2,0,0,1,4.161,phishing
https://office365-login-962.info/verify?id=9627,15,7,0,1,2,2,1,0,0,1,4.257,phishing
https://office365-login-288.info/reset?id=8650,15,6,0,1,2,3,3,0,0,1,3.342,phishing
https://paypal-secure-801.org/reset?id=2840,13,6,0,1,2,3,4,0,0,1,4.574,phishing
https://banking-update-235.org/update?id=1254,14,7,0,1,2,3,1,0,0,1,4.049,phishing
https://bankofamerica.com/products,13,9,0,1,1,0,0,0,0,0,2.068,legitimate
https://bankofamerica.net/api/v1,13,7,0,1,1,0,0,0,0,0,2.807,legitimate
https://github.edu/api/v1,6,7,0,1,1,0,0,0,0,0,2.391,legitimate
https://office365-login-634.info/verify?id=8938,15,7,0,1,2,1,1,0,0,1,3.486,phishing
https://github.org/about,6,6,0,1,1,0,0,0,0,0,2.195,legitimate
https://bankofamerica.net/support,13,8,0,1,1,0,0,0,0,0,2.022,legitimate
https://office365-login-472.net/update?id=5073,15,7,0,1,2,1,2,0,0,1,4.082,phishing
https://banking-update-355.org/login?id=7172,14,6,0,1,2,3,4,0,0,1,3.201,phishing
https://github.org/products,6,9,0,1,1,0,0,0,0,0,2.382,legitimate
https://github.com/about,6,6,0,1,1,0,0,0,0,0,2.426,legitimate
https://banking-update-871.info/reset?id=2296,14,6,0,1,2,3,4,0,0,1,4.464,phishing
https://github.com/api/v1,6,7,0,1,1,0,0,0,0,0,3.048,legitimate
https://github.org/docs,6,5,0,1,1,0,0,0,0,0,2.423,legitimate
https://microsoft.net/api/v1,9,7,0,1,1,0,0,0,0,0,2.621,legitimate
https://banking-update-302.org/account?id=3083,14,8,0,1,2,1,4,0,0,1,3.262,phishing
https://banking-update-699.org/verify?id=2207,14,7,0,1,2,1,3,0,0,1,4.13,phishing
https://banking-update-866.net/account?id=1827,14,8,0,1,2,2,2,0,0,1,4.168,phishing
https://office365-login-734.org/reset?id=3110,15,6,0,1,2,1,4,0,0,1,3.867,phishing
https://banking-update-293.org/account?id=6648,14,8,0,1,2,2,2,0,0,1,4.141,phishing
https://netflix.org/api/v1,7,7,0,1,1,0,0,0,0,0,2.385,legitimate
https://banking-update-627.org/reset?id=8602,14,6,0,1,2,3,4,0,0,1,3.922,phishing
https://banking-update-224.com/verify?id=5047,14,7,0,1,2,2,2,0,0,1,3.278,phishing
https://github.org/docs,6,5,0,1,1,0,0,0,0,0,2.393,legitimate
https://office365-login-229.com/account?id=7593,15,8,0,1,2,1,1,0,0,1,3.207,phishing
https://amazon-support-508.com/update?id=3405,14,7,0,1,2,3,1,0,0,1,4.731,phishing
https://office365-login-848.com/verify?id=2158,15,7,0,1,2,1,3,0,0,1,3.389,phishing
https://secure-login-255.org/verify?id=9905,12,7,0,1,2,2,2,0,0,1,3.253,phishing
https://banking-update-404.info/update?id=3617,14,7,0,1,2,3,2,0,0,1,3.675,phishing
https://secure-login-631.net/login?id=3992,12,6,0,1,2,1,3,0,0,1,4.531,phishing
https://banking-update-723.org/update?id=2676,14,7,0,1,2,3,3,0,0,1,4.094,phishing
https://office365-login-511.com/verify?id=9748,15,7,0,1,2,1,1,0,0,1,3.336,phishing
https://office365-login-730.com/update?id=7692,15,7,0,1,2,2,1,0,0,1,4.698,phishing
https://amazon-support-875.org/account?id=5757,14,8,0,1,2,1,3,0,0,1,3.597,phishing
https://microsoft.edu/docs,9,5,0,1,1,0,0,0,0,0,2.853,legitimate
https://paypal-secure-776.net/update?id=6173,13,7,0,1,2,2,1,0,0,1,3.22,phishing
https://banking-update-175.net/account?id=9131,14,8,0,1,2,2,1,0,0,1,3.561,phishing
https://secure-login-250.net/login?id=6464,12,6,0,1,2,3,1,0,0,1,4.145,phishing
https://office365-login-141.net/update?id=4110,15,7,0,1,2,2,2,0,0,1,4.497,phishing
https://github.edu/products,6,9,0,1,1,0,0,0,0,0,2.344,legitimate
https://amazon-support-126.org/update?id=8273,14,7,0,1,2,3,4,0,0,1,4.586,phishing
https://github.com/docs,6,5,0,1,1,0,0,0,0,0,2.83,legitimate
https://amazon-support-173.com/reset?id=8720,14,6,0,1,2,3,1,0,0,1,4.764,phishing
https://amazon-support-811.com/update?id=4914,14,7,0,1,2,3,2,0,0,1,4.582,phishing
https://paypal-secure-492.info/verify?id=4155,13,7,0,1,2,2,1,0,0,1,4.168,phishing
https://amazon-support-454.com/verify?id=9922,14,7,0,1,2,3,1,0,0,1,4.366,phishing
https://github.net/about,6,6,0,1,1,0,0,0,0,0,2.325,legitimate
https://microsoft.edu/api/v1,9,7,0,1,1,0,0,0,0,0,2.723,legitimate
https://banking-update-940.com/update?id=8746,14,7,0,1,2,1,1,0,0,1,3.656,phishing
https://paypal-secure-419.info/verify?id=2920,13,7,0,1,2,3,3,0,0,1,4.776,phishing
https://bankofamerica.org/api/v1,13,7,0,1,1,0,0,0,0,0,2.098,legitimate
https://office365-login-887.org/update?id=3626,15,7,0,1,2,3,1,0,0,1,3.582,phishing
https://secure-login-743.org/verify?id=1344,12,7,0,1,2,3,4,0,0,1,4.055,phishing
https://banking-update-722.info/account?id=6536,14,8,0,1,2,1,4,0,0,1,3.652,phishing
https://secure-login-839.net/account?id=4878,12,8,0,1,2,2,4,0,0,1,3.411,phishing
https://office365-login-369.org/verify?id=1338,15,7,0,1,2,3,1,0,0,1,4.419,phishing
https://microsoft.com/support,9,8,0,1,1,0,0,0,0,0,2.864,legitimate
https://banking-update-272.com/reset?id=1672,14,6,0,1,2,3,1,0,0,1,4.159,phishing
https://secure-login-180.info/account?id=2505,12,8,0,1,2,1,2,0,0,1,4.497,phishing
https://paypal-secure-382.info/reset?id=6546,13,6,0,1,2,3,1,0,0,1,3.749,phishing
https://bankofamerica.org/docs,13,5,0,1,1,0,0,0,0,0,2.134,legitimate
https://paypal-secure-917.info/update?id=3603,13,7,0,1,2,1,1,0,0,1,3.702,phishing
https://banking-update-588.com/update?id=5466,14,7,0,1,2,2,3,0,0,1,3.674,phishing
https://example.org/api/v1,7,7,0,1,1,0,0,0,0,0,2.096,legitimate
https://github.net/docs,6,5,0,1,1,0,0,0,0,0,2.987,legitimate
https://office365-login-997.info/update?id=8961,15,7,0,1,2,2,4,0,0,1,3.412,phishing
https://office365-login-484.info/reset?id=1045,15,6,0,1,2,2,2,0,0,1,4.762,phishing
https://banking-update-408.com/reset?id=1269,14,6,0,1,2,1,3,0,0,1,3.978,phishing
https://banking-update-497.com/account?id=9469,14,8,0,1,2,2,1,0,0,1,3.729,phishing
https://microsoft.org/docs,9,5,0,1,1,0,0,0,0,0,2.475,legitimate
https://paypal-secure-232.info/login?id=9698,13,6,0,1,2,3,1,0,0,1,4.235,phishing
https://paypal-secure-980.com/login?id=4544,13,6,0,1,2,3,1,0,0,1,4.148,phishing
https://example.org/docs,7,5,0,1,1,0,0,0,0,0,2.172,legitimate
https://secure-login-261.info/verify?id=4277,12,7,0,1,2,2,3,0,0,1,4.109,phishing
https://amazon-support-688.net/login?id=4058,14,6,0,1,2,2,1,0,0,1,3.279,phishing
https://microsoft.com/api/v1,9,7,0,1,1,0,0,0,0,0,3.036,legitimate
https://banking-update-363.info/verify?id=5478,14,7,0,1,2,3,2,0,0,1,3.27,phishing
https://secure-login-437.info/verify?id=4688,12,7,0,1,2,3,1,0,0,1,3.399,phishing
https://secure-login-709.com/reset?id=7378,12,6,0,1,2,2,3,0,0,1,4.047,phishing
https://amazon-support-515.info/update?id=3570,14,7,0,1,2,1,3,0,0,1,3.439,phishing
https://banking-update-816.com/verify?id=7674,14,7,0,1,2,2,1,0,0,1,3.576,phishing
https://example.net/api/v1,7,7,0,1,1,0,0,0,0,0,2.372,legitimate
https://banking-update-559.com/verify?id=3527,14,7,0,1,2,2,4,0,0,1,3.226,phishing
https://paypal-secure-473.info/reset?id=1445,13,6,0,1,2,1,3,0,0,1,4.728,phishing
https://paypal-secure-795.org/account?id=2477,13,8,0,1,2,2,4,0,0,1,4.494,phishing
https://paypal-secure-550.info/reset?id=2013,13,6,0,1,2,2,2,0,0,1,3.487,phishing
https://office365-login-434.net/reset?id=6039,15,6,0,1,2,2,3,0,0,1,3.291,phishing
https://amazon-support-199.info/account?id=6240,14,8,0,1,2,3,4,0,0,1,4.134,phishing
https://banking-update-852.com/reset?id=2309,14,6,0,1,2,3,4,0,0,1,3.896,phishing
https://github.net/support,6,8,0,1,1,0,0,0,0,0,2.258,legitimate
https://paypal-secure-430.net/account?id=9108,13,8,0,1,2,2,4,0,0,1,3.834,phishing
https://github.net/docs,6,5,0,1,1,0,0,0,0,0,2.926,legitimate
https://microsoft.net/docs,9,5,0,1,1,0,0,0,0,0,2.65,legitimate
https://paypal-secure-290.com/reset?id=3686,13,6,0,1,2,1,3,0,0,1,3.892,phishing
https://office365-login-815.net/reset?id=8848,15,6,0,1,2,1,2,0,0,1,3.537,phishing
https://microsoft.edu/about,9,6,0,1,1,0,0,0,0,0,2.048,legitimate
https://bankofamerica.edu/api/v1,13,7,0,1,1,0,0,0,0,0,2.916,legitimate
https://microsoft.net/support,9,8,0,1,1,0,0,0,0,0,3.031,legitimate
https://amazon-support-584.net/update?id=4879,14,7,0,1,2,3,2,0,0,1,3.558,phishing
https://amazon-support-239.net/login?id=4904,14,6,0,1,2,3,2,0,0,1,3.235,phishing
https://paypal-secure-731.com/update?id=4094,13,7,0,1,2,1,2,0,0,1,4.026,phishing
https://office365-login-775.info/update?id=2156,15,7,0,1,2,3,2,0,0,1,4.623,phishing
https://banking-update-982.info/verify?id=2377,14,7,0,1,2,2,3,0,0,1,4.304,phishing
https://banking-update-431.com/update?id=8150,14,7,0,1,2,3,1,0,0,1,3.523,phishing
https://example.com/docs,7,5,0,1,1,0,0,0,0,0,2.86,legitimate
https://amazon-support-789.net/account?id=3535,14,8,0,1,2,1,4,0,0,1,4.789,phishing
https://bankofamerica.org/products,13,9,0,1,1,0,0,0,0,0,2.539,legitimate
https://office365-login-843.com/update?id=9294,15,7,0,1,2,3,1,0,0,1,4.728,phishing
https://amazon-support-921.org/login?id=8257,14,6,0,1,2,1,2,0,0,1,4.094,phishing
https://banking-update-729.com/verify?id=6131,14,7,0,1,2,1,3,0,0,1,3.416,phishing
https://paypal-secure-845.org/verify?id=1878,13,7,0,1,2,1,4,0,0,1,3.632,phishing
https://banking-update-618.org/verify?id=3736,14,7,0,1,2,2,4,0,0,1,3.872,phishing
https://paypal-secure-114.org/account?id=1655,13,8,0,1,2,1,4,0,0,1,3.505,phishing
https://amazon-support-521.org/verify?id=2162,14,7,0,1,2,2,4,0,0,1,3.628,phishing
https://secure-login-635.net/login?id=4564,12,6,0,1,2,3,4,0,0,1,4.398,phishing
https://github.com/about,6,6,0,1,1,0,0,0,0,0,2.718,legitimate
https://microsoft.com/support,9,8,0,1,1,0,0,0,0,0,2.888,legitimate
https://github.com/about,6,6,0,1,1,0,0,0,0,0,2.717,legitimate
https://bankofamerica.org/products,13,9,0,1,1,0,0,0,0,0,2.93,legitimate
https://office365-login-863.net/account?id=4644,15,8,0,1,2,3,3,0,0,1,4.629,phishing
https://paypal-secure-699.net/reset?id=9743,13,6,0,1,2,3,1,0,0,1,4.257,phishing
https://github.edu/support,6,8,0,1,1,0,0,0,0,0,3.119,legitimate
https://paypal-secure-286.com/login?id=8379,13,6,0,1,2,2,2,0,0,1,3.42,phishing
https://secure-login-407.info/update?id=3828,12,7,0,1,2,3,2,0,0,1,3.746,phishing
https://netflix.net/docs,7,5,0,1,1,0,0,0,0,0,3.017,legitimate
https://netflix.org/api/v1,7,7,0,1,1,0,0,0,0,0,2.246,legitimate
https://secure-login-437.org/login?id=9956,12,6,0,1,2,2,1,0,0,1,3.821,phishing
https://paypal-secure-689.net/verify?id=7063,13,7,0,1,2,2,3,0,0,1,3.948,phishing
https://netflix.edu/products,7,9,0,1,1,0,0,0,0,0,2.029,legitimate
https://secure-login-738.org/update?id=5412,12,7,0,1,2,3,4,0,0,1,3.508,phishing
https://office365-login-978.com/reset?id=8287,15,6,0,1,2,1,2,0,0,1,3.832,phishing
https://secure-login-244.com/reset?id=7835,12,6,0,1,2,1,4,0,0,1,3.841,phishing
https://banking-update-426.info/verify?id=8366,14,7,0,1,2,3,4,0,0,1,4.722,phishing
https://secure-login-435.org/verify?id=6873,12,7,0,1,2,2,3,0,0,1,3.36,phishing
https://github.net/products,6,9,0,1,1,0,0,0,0,0,2.33,legitimate
https://banking-update-633.org/verify?id=7798,14,7,0,1,2,3,2,0,0,1,3.666,phishing
https://paypal-secure-461.org/update?id=5183,13,7,0,1,2,2,1,0,0,1,3.446,phishing
https://github.edu/docs,6,5,0,1,1,0,0,0,0,0,2.924,legitimate
https://banking-update-247.info/login?id=4304,14,6,0,1,2,1,4,0,0,1,4.659,phishing
https://example.org/about,7,6,0,1,1,0,0,0,0,0,2.985,legitimate
https://example.net/docs,7,5,0,1,1,0,0,0,0,0,3.15,legitimate
https://paypal-secure-257.info/verify?id=4476,13,7,0,1,2,3,4,0,0,1,3.297,phishing
https://amazon-support-726.com/reset?id=9760,14,6,0,1,2,1,1,0,0,1,4.773,phishing
https://github.com/api/v1,6,7,0,1,1,0,0,0,0,0,2.323,legitimate
https://secure-login-943.org/login?id=8792,12,6,0,1,2,3,4,0,0,1,4.589,phishing
https://netflix.net/api/v1,7,7,0,1,1,0,0,0,0,0,3.009,legitimate
https://office365-login-314.info/login?id=6940,15,6,0,1,2,2,3,0,0,1,4.043,phishing
https://paypal-secure-462.org/account?id=7187,13,8,0,1,2,3,4,0,0,1,3.679,phishing
https://paypal-secure-755.info/update?id=4649,13,7,0,1,2,3,3,0,0,1,4.283,phishing
https://netflix.com/api/v1,7,7,0,1,1,0,0,0,0,0,2.789,legitimate
https://office365-login-250.info/verify?id=1725,15,7,0,1,2,1,1,0,0,1,3.766,phishing
https://office365-login-387.info/reset?id=1287,15,6,0,1,2,2,2,0,0,1,4.551,phishing
https://office365-login-861.com/reset?id=8209,15,6,0,1,2,3,4,0,0,1,3.954,phishing
https://banking-update-474.info/reset?id=2862,14,6,0,1,2,3,3,0,0,1,3.307,phishing
https://github.org/api/v1,6,7,0,1,1,0,0,0,0,0,2.004,legitimate
https://office365-login-994.info/reset?id=7495,15,6,0,1,2,3,3,0,0,1,3.37,phishing
https://office365-login-539.net/account?id=1510,15,8,0,1,2,3,3,0,0,1,4.356,phishing
https://secure-login-570.info/account?id=7881,12,8,0,1,2,2,3,0,0,1,4.685,phishing
https://banking-update-493.net/login?id=7600,14,6,0,1,2,1,2,0,0,1,4.252,phishing
https://paypal-secure-931.info/login?id=9677,13,6,0,1,2,1,4,0,0,1,4.065,phishing
https://office365-login-941.org/verify?id=6568,15,7,0,1,2,3,3,0,0,1,3.863,phishing
https://paypal-secure-341.org/account?id=3187,13,8,0,1,2,2,2,0,0,1,3.552,phishing
https://banking-update-275.com/account?id=4735,14,8,0,1,2,2,1,0,0,1,3.257,phishing
https://microsoft.edu/about,9,6,0,1,1,0,0,0,0,0,3.048,legitimate
https://microsoft.com/support,9,8,0,1,1,0,0,0,0,0,2.337,legitimate
https://banking-update-172.info/verify?id=8293,14,7,0,1,2,2,4,0,0,1,3.702,phishing
https://secure-login-653.com/reset?id=1651,12,6,0,1,2,2,2,0,0,1,3.94,phishing
https://secure-login-605.com/verify?id=1951,12,7,0,1,2,3,3,0,0,1,3.791,phishing
https://microsoft.org/products,9,9,0,1,1,0,0,0,0,0,2.992,legitimate
https://amazon-support-310.org/update?id=9603,14,7,0,1,2,1,2,0,0,1,4.735,phishing
https://banking-update-343.com/account?id=7539,14,8,0,1,2,3,1,0,0,1,3.489,phishing
https://netflix.com/about,7,6,0,1,1,0,0,0,0,0,2.886,legitimate
https://secure-login-680.com/account?id=9847,12,8,0,1,2,3,4,0,0,1,4.556,phishing
https://example.org/docs,7,5,0,1,1,0,0,0,0,0,2.779,legitimate
https://banking-update-137.org/reset?id=2940,14,6,0,1,2,1,4,0,0,1,4.138,phishing
https://office365-login-666.net/update?id=4784,15,7,0,1,2,1,3,0,0,1,4.648,phishing
https://banking-update-565.info/reset?id=1757,14,6,0,1,2,1,3,0,0,1,3.271,phishing
https://banking-update-901.org/reset?id=4691,14,6,0,1,2,1,3,0,0,1,3.767,phishing
https://banking-update-857.org/account?id=2663,14,8,0,1,2,1,2,0,0,1,3.36,phishing
https://paypal-secure-792.info/update?id=1536,13,7,0,1,2,2,2,0,0,1,4.23,phishing
https://secure-login-380.net/reset?id=5590,12,6,0,1,2,2,1,0,0,1,3.698,phishing
https://netflix.org/docs,7,5,0,1,1,0,0,0,0,0,3.166,legitimate
https://amazon-support-767.org/login?id=2677,14,6,0,1,2,1,2,0,0,1,4.764,phishing
https://example.org/products,7,9,0,1,1,0,0,0,0,0,2.643,legitimate
https://amazon-support-716.org/reset?id=2223,14,6,0,1,2,3,1,0,0,1,4.132,phishing
https://banking-update-154.org/reset?id=3328,14,6,0,1,2,1,3,0,0,1,4.487,phishing
https://amazon-support-398.org/reset?id=5315,14,6,0,1,2,2,4,0,0,1,4.119,phishing
https://office365-login-405.org/update?id=1354,15,7,0,1,2,1,4,0,0,1,3.549,phishing
https://amazon-support-876.org/account?id=9169,14,8,0,1,2,3,2,0,0,1,4.59,phishing
https://banking-update-823.info/update?id=3624,14,7,0,1,2,3,2,0,0,1,4.26,phishing
https://secure-login-892.org/reset?id=4414,12,6,0,1,2,3,1,0,0,1,3.419,phishing
https://github.edu/about,6,6,0,1,1,0,0,0,0,0,2.771,legitimate
https://bankofamerica.org/api/v1,13,7,0,1,1,0,0,0,0,0,2.36,legitimate
https://amazon-support-455.com/reset?id=5166,14,6,0,1,2,3,2,0,0,1,4.133,phishing
https://example.net/api/v1,7,7,0,1,1,0,0,0,0,0,2.36,legitimate
https://microsoft.edu/products,9,9,0,1,1,0,0,0,0,0,2.212,legitimate
https://secure-login-390.info/reset?id=2348,12,6,0,1,2,3,4,0,0,1,3.628,phishing
https://netflix.com/products,7,9,0,1,1,0,0,0,0,0,2.076,legitimate
https://paypal-secure-178.net/account?id=9415,13,8,0,1,2,3,1,0,0,1,3.847,phishing
https://amazon-support-906.com/account?id=5912,14,8,0,1,2,2,4,0,0,1,3.819,phishing
https://netflix.edu/support,7,8,0,1,1,0,0,0,0,0,2.244,legitimate
https://banking-update-853.info/login?id=3104,14,6,0,1,2,3,2,0,0,1,4.058,phishing
https://office365-login-931.net/login?id=3483,15,6,0,1,2,2,3,0,0,1,4.751,phishing
https://netflix.net/api/v1,7,7,0,1,1,0,0,0,0,0,2.14,legitimate
https://microsoft.net/products,9,9,0,1,1,0,0,0,0,0,2.552,legitimate
https://banking-update-545.org/update?id=2277,14,7,0,1,2,1,2,0,0,1,4.796,phishing
https://bankofamerica.edu/api/v1,13,7,0,1,1,0,0,0,0,0,2.974,legitimate
https://bankofamerica.org/api/v1,13,7,0,1,1,0,0,0,0,0,2.816,legitimate
https://github.com/docs,6,5,0,1,1,0,0,0,0,0,3.08,legitimate
https://banking-update-326.org/reset?id=7897,14,6,0,1,2,2,3,0,0,1,4.188,phishing
https://banking-update-173.org/reset?id=6364,14,6,0,1,2,1,3,0,0,1,3.642,phishing
https://amazon-support-731.info/login?id=3690,14,6,0,1,2,1,2,0,0,1,4.443,phishing
https://banking-update-469.info/update?id=8115,14,7,0,1,2,2,2,0,0,1,4.59,phishing
https://paypal-secure-492.com/reset?id=5035,13,6,0,1,2,2,2,0,0,1,3.807,phishing
https://secure-login-727.info/update?id=6486,12,7,0,1,2,2,2,0,0,1,4.223,phishing
https://banking-update-931.org/verify?id=2518,14,7,0,1,2,2,1,0,0,1,3.242,phishing
https://netflix.edu/docs,7,5,0,1,1,0,0,0,0,0,3.167,legitimate
https://github.edu/docs,6,5,0,1,1,0,0,0,0,0,2.874,legitimate
https://github.edu/about,6,6,0,1,1,0,0,0,0,0,3.05,legitimate
https://office365-login-648.net/reset?id=4746,15,6,0,1,2,3,1,0,0,1,3.681,phishing
https://bankofamerica.com/about,13,6,0,1,1,0,0,0,0,0,3.11,legitimate
https://paypal-secure-399.info/update?id=4243,13,7,0,1,2,1,3,0,0,1,3.348,phishing
https://secure-login-629.org/reset?id=8644,12,6,0,1,2,3,3,0,0,1,3.542,phishing
https://paypal-secure-697.info/login?id=6279,13,6,0,1,2,2,2,0,0,1,3.905,phishing
https://banking-update-298.com/reset?id=1848,14,6,0,1,2,3,3,0,0,1,4.003,phishing
https://secure-login-187.org/account?id=6112,12,8,0,1,2,1,1,0,0,1,3.719,phishing
https://github.org/products,6,9,0,1,1,0,0,0,0,0,2.578,legitimate
https://paypal-secure-917.com/update?id=9986,13,7,0,1,2,1,4,0,0,1,3.356,phishing
https://banking-update-408.info/update?id=3111,14,7,0,1,2,2,4,0,0,1,4.542,phishing
https://secure-login-984.com/account?id=8009,12,8,0,1,2,3,2,0,0,1,3.591,phishing
https://example.edu/about,7,6,0,1,1,0,0,0,0,0,2.215,legitimate
https://example.net/docs,7,5,0,1,1,0,0,0,0,0,2.063,legitimate
https://office365-login-762.org/verify?id=6490,15,7,0,1,2,3,1,0,0,1,4.28,phishing
https://bankofamerica.org/about,13,6,0,1,1,0,0,0,0,0,2.889,legitimate
https://office365-login-518.com/update?id=8870,15,7,0,1,2,1,1,0,0,1,3.704,phishing
https://secure-login-197.net/login?id=7583,12,6,0,1,2,2,2,0,0,1,3.529,phishing
https://bankofamerica.org/api/v1,13,7,0,1,1,0,0,0,0,0,3.023,legitimate
https://paypal-secure-989.info/account?id=3137,13,8,0,1,2,1,2,0,0,1,3.276,phishing
https://paypal-secure-875.com/reset?id=1759,13,6,0,1,2,1,1,0,0,1,4.413,phishing
https://amazon-support-689.net/account?id=2655,14,8,0,1,2,1,2,0,0,1,4.227,phishing
https://secure-login-915.org/login?id=4517,12,6,0,1,2,1,2,0,0,1,4.373,phishing
https://banking-update-229.info/verify?id=4548,14,7,0,1,2,2,2,0,0,1,4.001,phishing
https://amazon-support-912.org/update?id=1081,14,7,0,1,2,1,3,0,0,1,4.134,phishing
https://office365-login-863.info/account?id=1893,15,8,0,1,2,3,3,0,0,1,3.596,phishing
https://microsoft.org/about,9,6,0,1,1,0,0,0,0,0,2.794,legitimate
https://amazon-support-583.net/reset?id=4801,14,6,0,1,2,2,4,0,0,1,4.536,phishing
https://office365-login-479.org/update?id=6447,15,7,0,1,2,3,1,0,0,1,3.628,phishing
https://microsoft.org/about,9,6,0,1,1,0,0,0,0,0,2.945,legitimate
https://netflix.com/support,7,8,0,1,1,0,0,0,0,0,3.099,legitimate
https://paypal-secure-901.info/update?id=7053,13,7,0,1,2,1,2,0,0,1,3.847,phishing
https://amazon-support-999.net/verify?id=8234,14,7,0,1,2,2,4,0,0,1,3.895,phishing
https://office365-login-674.info/account?id=7680,15,8,0,1,2,1,3,0,0,1,4.397,phishing
https://office365-login-706.org/update?id=3469,15,7,0,1,2,2,1,0,0,1,3.742,phishing
https://banking-update-862.org/account?id=9962,14,8,0,1,2,1,3,0,0,1,3.634,phishing
https://github.net/support,6,8,0,1,1,0,0,0,0,0,2.394,legitimate
https://bankofamerica.com/products,13,9,0,1,1,0,0,0,0,0,2.942,legitimate
https://secure-login-679.net/verify?id=8706,12,7,0,1,2,3,2,0,0,1,4.185,phishing
https://netflix.com/products,7,9,0,1,1,0,0,0,0,0,2.115,legitimate
https://netflix.com/docs,7,5,0,1,1,0,0,0,0,0,2.472,legitimate
https://bankofamerica.net/docs,13,5,0,1,1,0,0,0,0,0,2.035,legitimate
https://office365-login-488.org/account?id=1965,15,8,0,1,2,2,2,0,0,1,4.44,phishing
https://example.edu/support,7,8,0,1,1,0,0,0,0,0,2.736,legitimate
https://netflix.com/support,7,8,0,1,1,0,0,0,0,0,3.075,legitimate
https://amazon-support-234.net/login?id=3006,14,6,0,1,2,2,4,0,0,1,4.454,phishing
https://amazon-support-288.org/update?id=6297,14,7,0,1,2,3,3,0,0,1,4.541,phishing
https://bankofamerica.net/about,13,6,0,1,1,0,0,0,0,0,2.413,legitimate
https://office365-login-242.com/update?id=5924,15,7,0,1,2,1,2,0,0,1,3.833,phishing
https://secure-login-285.com/login?id=7776,12,6,0,1,2,3,4,0,0,1,4.35,phishing
https://paypal-secure-788.org/update?id=1419,13,7,0,1,2,2,2,0,0,1,3.55,phishing
https://paypal-secure-498.com/login?id=2760,13,6,0,1,2,1,3,0,0,1,4.456,phishing
https://paypal-secure-681.org/account?id=5458,13,8,0,1,2,3,1,0,0,1,4.418,phishing
https://office365-login-378.net/verify?id=4529,15,7,0,1,2,2,4,0,0,1,4.533,phishing
https://office365-login-913.info/reset?id=2644,15,6,0,1,2,2,1,0,0,1,4.521,phishing
https://amazon-support-172.com/login?id=8113,14,6,0,1,2,2,2,0,0,1,3.26,phishing
https://netflix.com/docs,7,5,0,1,1,0,0,0,0,0,2.481,legitimate
https://netflix.com/docs,7,5,0,1,1,0,0,0,0,0,2.057,legitimate
https://office365-login-642.com/account?id=7835,15,8,0,1,2,2,1,0,0,1,3.847,phishing
https://paypal-secure-716.com/reset?id=1648,13,6,0,1,2,1,3,0,0,1,3.431,phishing
https://bankofamerica.edu/support,13,8,0,1,1,0,0,0,0,0,3.074,legitimate
https://github.edu/api/v1,6,7,0,1,1,0,0,0,0,0,3.196,legitimate
https://office365-login-162.com/update?id=8832,15,7,0,1,2,3,1,0,0,1,3.977,phishing
https://netflix.com/api/v1,7,7,0,1,1,0,0,0,0,0,3.105,legitimate
https://paypal-secure-201.info/update?id=2415,13,7,0,1,2,2,1,0,0,1,3.525,phishing
https://paypal-secure-238.info/login?id=5971,13,6,0,1,2,2,1,0,0,1,3.459,phishing
https://netflix.com/about,7,6,0,1,1,0,0,0,0,0,2.11,legitimate
https://secure-login-424.org/verify?id=3239,12,7,0,1,2,2,1,0,0,1,4.436,phishing
https://banking-update-477.org/reset?id=9042,14,6,0,1,2,2,3,0,0,1,4.576,phishing
https://paypal-secure-907.net/reset?id=2305,13,6,0,1,2,1,4,0,0,1,3.683,phishing
https://microsoft.com/support,9,8,0,1,1,0,0,0,0,0,3.199,legitimate
https://office365-login-390.com/verify?id=1784,15,7,0,1,2,1,2,0,0,1,3.332,phishing
https://amazon-support-711.com/update?id=8099,14,7,0,1,2,3,2,0,0,1,3.822,phishing
https://amazon-support-271.info/verify?id=6294,14,7,0,1,2,1,4,0,0,1,4.383,phishing
https://example.org/about,7,6,0,1,1,0,0,0,0,0,2.34,legitimate
https://example.net/support,7,8,0,1,1,0,0,0,0,0,2.651,legitimate
https://github.edu/products,6,9,0,1,1,0,0,0,0,0,2.469,legitimate
https://secure-login-131.net/login?id=7049,12,6,0,1,2,1,3,0,0,1,3.892,phishing
https://banking-update-472.net/verify?id=9271,14,7,0,1,2,2,2,0,0,1,4.563,phishing
https://paypal-secure-499.org/account?id=7622,13,8,0,1,2,1,3,0,0,1,3.848,phishing
https://banking-update-123.com/update?id=1701,14,7,0,1,2,1,3,0,0,1,4.574,phishing
https://amazon-support-105.com/account?id=7194,14,8,0,1,2,3,4,0,0,1,4.578,phishing
https://secure-login-997.org/login?id=1084,12,6,0,1,2,1,4,0,0,1,3.855,phishing
https://amazon-support-238.com/update?id=9786,14,7,0,1,2,1,1,0,0,1,3.955,phishing
https://secure-login-459.com/login?id=3643,12,6,0,1,2,1,2,0,0,1,3.429,phishing
https://office365-login-113.net/verify?id=9782,15,7,0,1,2,2,4,0,0,1,3.723,phishing
https://office365-login-705.info/reset?id=5868,15,6,0,1,2,1,1,0,0,1,3.637,phishing
https://secure-login-719.info/update?id=2897,12,7,0,1,2,1,3,0,0,1,4.624,phishing
https://paypal-secure-783.net/verify?id=1486,13,7,0,1,2,2,2,0,0,1,3.71,phishing
https://microsoft.org/api/v1,9,7,0,1,1,0,0,0,0,0,2.919,legitimate
https://office365-login-396.com/update?id=2927,15,7,0,1,2,3,3,0,0,1,4.73,phishing
https://paypal-secure-346.org/reset?id=1478,13,6,0,1,2,1,1,0,0,1,4.562,phishing
https://amazon-support-394.com/reset?id=6397,14,6,0,1,2,1,3,0,0,1,3.324,phishing
https://office365-login-394.com/verify?id=8692,15,7,0,1,2,3,4,0,0,1,4.48,phishing
https://office365-login-187.com/account?id=9354,15,8,0,1,2,3,2,0,0,1,3.236,phishing
https://amazon-support-757.org/reset?id=1408,14,6,0,1,2,3,2,0,0,1,3.943,phishing
https://paypal-secure-327.net/login?id=8284,13,6,0,1,2,2,2,0,0,1,4.515,phishing
https://secure-login-933.com/verify?id=6438,12,7,0,1,2,3,3,0,0,1,4.733,phishing
https://github.edu/docs,6,5,0,1,1,0,0,0,0,0,2.654,legitimate
https://secure-login-717.com/update?id=8043,12,7,0,1,2,3,1,0,0,1,4.303,phishing
https://office365-login-486.org/login?id=2092,15,6,0,1,2,3,1,0,0,1,3.822,phishing
https://office365-login-874.net/update?id=5478,15,7,0,1,2,2,4,0,0,1,4.63,phishing
https://amazon-support-524.net/update?id=2527,14,7,0,1,2,1,4,0,0,1,4.262,phishing
https://secure-login-466.com/account?id=4603,12,8,0,1,2,3,1,0,0,1,4.019,phishing
https://banking-update-969.net/reset?id=7517,14,6,0,1,2,2,3,0,0,1,3.682,phishing
https://microsoft.org/about,9,6,0,1,1,0,0,0,0,0,2.963,legitimate
https://netflix.edu/api/v1,7,7,0,1,1,0,0,0,0,0,2.288,legitimate
https://amazon-support-408.net/account?id=9393,14,8,0,1,2,1,1,0,0,1,3.638,phishing
https://office365-login-837.info/login?id=6423,15,6,0,1,2,2,2,0,0,1,4.708,phishing
https://paypal-secure-446.info/reset?id=6166,13,6,0,1,2,2,3,0,0,1,4.553,phishing
https://paypal-secure-954.org/account?id=9175,13,8,0,1,2,3,4,0,0,1,3.224,phishing
https://amazon-support-344.org/login?id=4488,14,6,0,1,2,1,2,0,0,1,4.193,phishing
https://secure-login-285.info/verify?id=4641,12,7,0,1,2,1,3,0,0,1,4.224,phishing
https://bankofamerica.net/api/v1,13,7,0,1,1,0,0,0,0,0,2.055,legitimate
https://office365-login-288.org/update?id=2485,15,7,0,1,2,2,2,0,0,1,3.359,phishing
https://office365-login-127.net/account?id=5948,15,8,0,1,2,1,4,0,0,1,3.942,phishing
https://bankofamerica.com/about,13,6,0,1,1,0,0,0,0,0,2.821,legitimate
https://banking-update-314.org/reset?id=8779,14,6,0,1,2,1,4,0,0,1,3.554,phishing
https://amazon-support-224.com/account?id=4778,14,8,0,1,2,3,2,0,0,1,4.0,phishing
https://amazon-support-254.com/account?id=1738,14,8,0,1,2,2,1,0,0,1,4.274,phishing
https://secure-login-316.net/account?id=7122,12,8,0,1,2,3,2,0,0,1,3.983,phishing
https://secure-login-159.com/login?id=1355,12,6,0,1,2,1,3,0,0,1,3.888,phishing
https://office365-login-832.info/update?id=5600,15,7,0,1,2,3,4,0,0,1,3.302,phishing
https://github.edu/docs,6,5,0,1,1,0,0,0,0,0,2.873,legitimate
https://secure-login-100.net/account?id=5680,12,8,0,1,2,2,2,0,0,1,3.419,phishing
https://banking-update-900.org/update?id=9756,14,7,0,1,2,1,3,0,0,1,3.73,phishing
https://amazon-support-113.net/update?id=2937,14,7,0,1,2,3,3,0,0,1,4.712,phishing
https://secure-login-786.com/login?id=8395,12,6,0,1,2,2,4,0,0,1,4.751,phishing
https://github.com/about,6,6,0,1,1,0,0,0,0,0,2.212,legitimate
https://banking-update-127.com/account?id=3623,14,8,0,1,2,3,1,0,0,1,4.514,phishing
https://banking-update-778.com/update?id=2215,14,7,0,1,2,3,1,0,0,1,3.449,phishing
https://paypal-secure-741.org/update?id=9963,13,7,0,1,2,3,4,0,0,1,3.238,phishing
https://banking-update-443.org/account?id=5031,14,8,0,1,2,1,2,0,0,1,3.517,phishing
https://secure-login-259.info/reset?id=2173,12,6,0,1,2,1,4,0,0,1,4.51,phishing
https://amazon-support-325.info/update?id=9158,14,7,0,1,2,1,1,0,0,1,3.658,phishing
https://amazon-support-141.net/login?id=1473,14,6,0,1,2,3,2,0,0,1,3.926,phishing
https://office365-login-819.net/account?id=2198,15,8,0,1,2,1,2,0,0,1,3.615,phishing
https://secure-login-727.org/update?id=4419,12,7,0,1,2,1,4,0,0,1,4.408,phishing
https://amazon-support-774.com/update?id=4304,14,7,0,1,2,3,4,0,0,1,3.86,phishing
https://amazon-support-242.net/reset?id=1675,14,6,0,1,2,1,1,0,0,1,4.446,phishing
https://paypal-secure-267.org/verify?id=8011,13,7,0,1,2,2,3,0,0,1,3.494,phishing
https://office365-login-924.info/login?id=3367,15,6,0,1,2,2,2,0,0,1,4.789,phishing
https://amazon-support-600.net/account?id=6987,14,8,0,1,2,3,4,0,0,1,3.702,phishing
https://netflix.net/products,7,9,0,1,1,0,0,0,0,0,2.312,legitimate
https://amazon-support-268.org/account?id=5565,14,8,0,1,2,3,3,0,0,1,4.333,phishing
https://example.edu/products,7,9,0,1,1,0,0,0,0,0,2.751,legitimate
https://banking-update-528.net/reset?id=6357,14,6,0,1,2,2,3,0,0,1,4.574,phishing
https://paypal-secure-868.org/account?id=8328,13,8,0,1,2,2,4,0,0,1,3.487,phishing
https://github.com/support,6,8,0,1,1,0,0,0,0,0,2.529,legitimate
https://github.edu/api/v1,6,7,0,1,1,0,0,0,0,0,2.088,legitimate
https://amazon-support-104.org/verify?id=4048,14,7,0,1,2,1,2,0,0,1,3.668,phishing
https://secure-login-453.com/verify?id=9073,12,7,0,1,2,3,4,0,0,1,4.573,phishing
https://paypal-secure-569.info/login?id=1396,13,6,0,1,2,1,2,0,0,1,4.24,phishing
https://paypal-secure-668.info/update?id=3359,13,7,0,1,2,1,2,0,0,1,3.912,phishing
https://bankofamerica.com/support,13,8,0,1,1,0,0,0,0,0,2.838,legitimate
https://paypal-secure-509.org/update?id=8295,13,7,0,1,2,1,4,0,0,1,3.515,phishing
https://office365-login-104.org/account?id=2848,15,8,0,1,2,1,2,0,0,1,4.613,phishing
https://example.com/support,7,8,0,1,1,0,0,0,0,0,2.351,legitimate
https://bankofamerica.net/about,13,6,0,1,1,0,0,0,0,0,2.928,legitimate
https://bankofamerica.org/api/v1,13,7,0,1,1,0,0,0,0,0,2.507,legitimate
https://secure-login-908.org/login?id=9347,12,6,0,1,2,1,4,0,0,1,3.998,phishing
https://example.org/products,7,9,0,1,1,0,0,0,0,0,2.01,legitimate
https://amazon-support-997.info/update?id=3180,14,7,0,1,2,1,3,0,0,1,4.668,phishing
https://paypal-secure-249.com/account?id=5285,13,8,0,1,2,3,3,0,0,1,4.422,phishing
https://secure-login-151.net/verify?id=1014,12,7,0,1,2,1,1,0,0,1,4.638,phishing
https://paypal-secure-905.org/verify?id=9693,13,7,0,1,2,3,1,0,0,1,4.065,phishing
https://secure-login-361.com/verify?id=2116,12,7,0,1,2,1,3,0,0,1,3.298,phishing
https://amazon-support-621.org/update?id=6569,14,7,0,1,2,1,2,0,0,1,4.534,phishing
https://paypal-secure-761.info/reset?id=4559,13,6,0,1,2,2,3,0,0,1,3.933,phishing
https://paypal-secure-739.net/login?id=1196,13,6,0,1,2,1,4,0,0,1,4.026,phishing
https://amazon-support-598.org/login?id=8385,14,6,0,1,2,3,3,0,0,1,3.258,phishing
https://netflix.com/api/v1,7,7,0,1,1,0,0,0,0,0,3.066,legitimate
https://example.net/support,7,8,0,1,1,0,0,0,0,0,2.633,legitimate
https://office365-login-546.org/login?id=2530,15,6,0,1,2,1,3,0,0,1,4.026,phishing
https://secure-login-187.org/login?id=8700,12,6,0,1,2,2,4,0,0,1,3.77,phishing
https://netflix.org/api/v1,7,7,0,1,1,0,0,0,0,0,2.192,legitimate
https://paypal-secure-440.info/login?id=9786,13,6,0,1,2,1,3,0,0,1,3.503,phishing
https://secure-login-456.com/reset?id=7913,12,6,0,1,2,2,4,0,0,1,4.329,phishing
https://office365-login-353.info/account?id=9342,15,8,0,1,2,1,3,0,0,1,3.455,phishing
https://office365-login-895.com/update?id=8896,15,7,0,1,2,2,1,0,0,1,3.306,phishing
https://amazon-support-661.org/update?id=8944,14,7,0,1,2,3,2,0,0,1,3.207,phishing
https://bankofamerica.com/api/v1,13,7,0,1,1,0,0,0,0,0,2.946,legitimate
https://office365-login-590.org/account?id=7295,15,8,0,1,2,2,2,0,0,1,3.608,phishing
https://amazon-support-427.com/account?id=3060,14,8,0,1,2,3,3,0,0,1,4.709,phishing
https://office365-login-578.com/reset?id=4120,15,6,0,1,2,1,4,0,0,1,3.4,phishing
https://example.net/api/v1,7,7,0,1,1,0,0,0,0,0,2.667,legitimate
https://bankofamerica.net/products,13,9,0,1,1,0,0,0,0,0,2.563,legitimate
https://example.com/support,7,8,0,1,1,0,0,0,0,0,2.351,legitimate
https://banking-update-101.org/account?id=2007,14,8,0,1,2,1,4,0,0,1,4.652,phishing
https://paypal-secure-244.net/verify?id=4169,13,7,0,1,2,2,3,0,0,1,3.982,phishing
https://example.edu/products,7,9,0,1,1,0,0,0,0,0,3.019,legitimate
https://banking-update-875.org/login?id=7999,14,6,0,1,2,1,4,0,0,1,3.373,phishing
https://secure-login-890.org/verify?id=7533,12,7,0,1,2,2,4,0,0,1,3.851,phishing
https://secure-login-975.org/reset?id=4842,12,6,0,1,2,1,3,0,0,1,4.446,phishing
https://secure-login-265.info/account?id=5612,12,8,0,1,2,1,4,0,0,1,4.291,phishing
https://banking-update-230.net/account?id=2445,14,8,0,1,2,3,1,0,0,1,4.416,phishing
https://secure-login-121.com/update?id=6928,12,7,0,1,2,3,3,0,0,1,3.965,phishing
https://paypal-secure-604.com/verify?id=2872,13,7,0,1,2,1,3,0,0,1,3.259,phishing
https://example.com/products,7,9,0,1,1,0,0,0,0,0,2.851,legitimate
https://microsoft.com/docs,9,5,0,1,1,0,0,0,0,0,2.605,legitimate
https://amazon-support-964.net/verify?id=8679,14,7,0,1,2,2,4,0,0,1,4.582,phishing
https://bankofamerica.org/about,13,6,0,1,1,0,0,0,0,0,2.347,legitimate
https://office365-login-191.info/update?id=4062,15,7,0,1,2,1,3,0,0,1,4.113,phishing
https://paypal-secure-348.info/update?id=9279,13,7,0,1,2,2,4,0,0,1,4.565,phishing
https://office365-login-997.net/login?id=4402,15,6,0,1,2,1,4,0,0,1,4.308,phishing
https://microsoft.net/about,9,6,0,1,1,0,0,0,0,0,2.176,legitimate
https://amazon-support-441.org/reset?id=5323,14,6,0,1,2,3,2,0,0,1,4.782,phishing
https://office365-login-140.info/login?id=1563,15,6,0,1,2,3,2,0,0,1,3.233,phishing
https://paypal-secure-782.com/verify?id=7176,13,7,0,1,2,1,3,0,0,1,3.338,phishing
https://amazon-support-943.info/account?id=3346,14,8,0,1,2,2,1,0,0,1,3.841,phishing
https://paypal-secure-427.net/account?id=7894,13,8,0,1,2,3,2,0,0,1,3.81,phishing
https://bankofamerica.com/docs,13,5,0,1,1,0,0,0,0,0,3.088,legitimate
https://paypal-secure-940.com/reset?id=4846,13,6,0,1,2,1,4,0,0,1,4.034,phishing
https://github.com/api/v1,6,7,0,1,1,0,0,0,0,0,2.632,legitimate
https://bankofamerica.edu/about,13,6,0,1,1,0,0,0,0,0,2.077,legitimate
https://secure-login-799.net/reset?id=1828,12,6,0,1,2,3,2,0,0,1,3.279,phishing
https://office365-login-534.org/update?id=2450,15,7,0,1,2,1,4,0,0,1,3.83,phishing
https://paypal-secure-240.com/account?id=8030,13,8,0,1,2,3,1,0,0,1,3.758,phishing
https://netflix.edu/products,7,9,0,1,1,0,0,0,0,0,3.073,legitimate
https://microsoft.com/about,9,6,0,1,1,0,0,0,0,0,3.094,legitimate
https://paypal-secure-797.com/verify?id=9986,13,7,0,1,2,1,2,0,0,1,3.213,phishing
https://banking-update-558.net/reset?id=9254,14,6,0,1,2,2,2,0,0,1,3.351,phishing
https://paypal-secure-783.info/account?id=7917,13,8,0,1,2,3,2,0,0,1,3.959,phishing
https://amazon-support-515.com/login?id=8959,14,6,0,1,2,2,4,0,0,1,4.304,phishing
https://banking-update-990.org/update?id=3052,14,7,0,1,2,3,2,0,0,1,3.855,phishing
https://secure-login-189.info/login?id=7496,12,6,0,1,2,3,2,0,0,1,3.936,phishing
https://secure-login-535.net/account?id=8082,12,8,0,1,2,2,4,0,0,1,4.024,phishing
https://paypal-secure-759.net/update?id=7505,13,7,0,1,2,1,4,0,0,1,4.783,phishing
https://office365-login-398.com/update?id=4962,15,7,0,1,2,2,1,0,0,1,3.417,phishing
https://banking-update-255.org/update?id=8107,14,7,0,1,2,2,4,0,0,1,3.808,phishing
https://office365-login-125.info/reset?id=6195,15,6,0,1,2,1,1,0,0,1,4.67,phishing
https://github.com/products,6,9,0,1,1,0,0,0,0,0,2.131,legitimate
https://microsoft.edu/products,9,9,0,1,1,0,0,0,0,0,2.662,legitimate
https://paypal-secure-983.net/reset?id=6775,13,6,0,1,2,2,3,0,0,1,4.482,phishing
https://banking-update-961.com/login?id=6052,14,6,0,1,2,3,4,0,0,1,3.263,phishing
https://github.com/docs,6,5,0,1,1,0,0,0,0,0,2.862,legitimate
https://amazon-support-557.net/reset?id=9049,14,6,0,1,2,2,4,0,0,1,4.788,phishing
https://paypal-secure-300.net/reset?id=1295,13,6,0,1,2,1,1,0,0,1,4.37,phishing
https://paypal-secure-500.com/reset?id=1591,13,6,0,1,2,2,3,0,0,1,3.473,phishing
https://example.net/support,7,8,0,1,1,0,0,0,0,0,2.414,legitimate
https://bankofamerica.org/api/v1,13,7,0,1,1,0,0,0,0,0,2.49,legitimate
https://paypal-secure-272.com/update?id=1685,13,7,0,1,2,1,4,0,0,1,4.222,phishing
https://office365-login-494.info/account?id=7938,15,8,0,1,2,1,3,0,0,1,4.323,phishing
https://amazon-support-911.net/update?id=5723,14,7,0,1,2,1,3,0,0,1,3.992,phishing
https://example.edu/about,7,6,0,1,1,0,0,0,0,0,2.469,legitimate
https://secure-login-794.info/update?id=9127,12,7,0,1,2,2,1,0,0,1,4.353,phishing
https://banking-update-761.net/verify?id=5979,14,7,0,1,2,2,3,0,0,1,3.55,phishing
https://paypal-secure-771.info/update?id=8030,13,7,0,1,2,3,4,0,0,1,3.766,phishing
https://bankofamerica.edu/support,13,8,0,1,1,0,0,0,0,0,2.238,legitimate
https://office365-login-539.info/reset?id=3621,15,6,0,1,2,2,4,0,0,1,3.545,phishing
https://github.edu/api/v1,6,7,0,1,1,0,0,0,0,0,2.185,legitimate
https://microsoft.net/about,9,6,0,1,1,0,0,0,0,0,2.629,legitimate
https://secure-login-262.info/account?id=7693,12,8,0,1,2,3,2,0,0,1,4.251,phishing
https://amazon-support-711.net/update?id=6524,14,7,0,1,2,3,1,0,0,1,3.77,phishing
https://github.edu/docs,6,5,0,1,1,0,0,0,0,0,2.433,legitimate
https://netflix.org/support,7,8,0,1,1,0,0,0,0,0,2.323,legitimate
https://paypal-secure-301.com/update?id=5593,13,7,0,1,2,1,2,0,0,1,4.107,phishing
https://banking-update-245.net/update?id=6156,14,7,0,1,2,2,3,0,0,1,4.267,phishing
https://example.org/support,7,8,0,1,1,0,0,0,0,0,3.11,legitimate
https://office365-login-459.info/reset?id=2801,15,6,0,1,2,2,1,0,0,1,4.283,phishing
https://paypal-secure-123.info/verify?id=4030,13,7,0,1,2,3,1,0,0,1,3.699,phishing
https://paypal-secure-710.net/update?id=5338,13,7,0,1,2,3,2,0,0,1,4.519,phishing
https://netflix.edu/api/v1,7,7,0,1,1,0,0,0,0,0,2.094,legitimate
https://example.com/api/v1,7,7,0,1,1,0,0,0,0,0,2.287,legitimate
https://paypal-secure-510.info/account?id=6864,13,8,0,1,2,1,4,0,0,1,4.507,phishing
https://banking-update-925.org/account?id=6635,14,8,0,1,2,1,1,0,0,1,4.038,phishing
https://secure-login-832.net/reset?id=6735,12,6,0,1,2,2,3,0,0,1,3.748,phishing
https://banking-update-943.com/reset?id=2324,14,6,0,1,2,3,2,0,0,1,3.719,phishing
https://amazon-support-420.info/verify?id=4603,14,7,0,1,2,3,4,0,0,1,4.318,phishing
https://microsoft.org/products,9,9,0,1,1,0,0,0,0,0,2.224,legitimate
https://microsoft.net/api/v1,9,7,0,1,1,0,0,0,0,0,2.297,legitimate
https://paypal-secure-783.net/login?id=6201,13,6,0,1,2,2,3,0,0,1,4.741,phishing
https://bankofamerica.net/about,13,6,0,1,1,0,0,0,0,0,3.06,legitimate
https://banking-update-363.com/reset?id=9613,14,6,0,1,2,1,4,0,0,1,3.828,phishing
https://secure-login-684.com/update?id=4834,12,7,0,1,2,1,4,0,0,1,3.585,phishing
https://bankofamerica.edu/docs,13,5,0,1,1,0,0,0,0,0,2.523,legitimate
https://paypal-secure-133.info/verify?id=6405,13,7,0,1,2,3,2,0,0,1,4.668,phishing
https://banking-update-792.org/account?id=2637,14,8,0,1,2,1,2,0,0,1,3.649,phishing
https://secure-login-614.com/verify?id=6638,12,7,0,1,2,1,3,0,0,1,4.24,phishing
https://amazon-support-404.net/update?id=7000,14,7,0,1,2,1,2,0,0,1,4.085,phishing
https://bankofamerica.com/api/v1,13,7,0,1,1,0,0,0,0,0,2.306,legitimate
https://amazon-support-577.org/update?id=4027,14,7,0,1,2,3,1,0,0,1,3.376,phishing
https://secure-login-743.com/verify?id=5239,12,7,0,1,2,1,1,0,0,1,4.034,phishing
https://github.org/products,6,9,0,1,1,0,0,0,0,0,3.06,legitimate
https://paypal-secure-780.com/account?id=8926,13,8,0,1,2,2,1,0,0,1,4.285,phishing
https://paypal-secure-799.org/account?id=2879,13,8,0,1,2,3,4,0,0,1,4.168,phishing
https://amazon-support-318.com/update?id=3649,14,7,0,1,2,3,1,0,0,1,4.547,phishing
https://secure-login-848.com/login?id=9248,12,6,0,1,2,2,2,0,0,1,4.512,phishing
https://paypal-secure-680.net/update?id=2237,13,7,0,1,2,2,4,0,0,1,3.549,phishing
https://banking-update-467.com/login?id=3243,14,6,0,1,2,3,4,0,0,1,3.98,phishing
https://amazon-support-858.info/reset?id=2326,14,6,0,1,2,2,2,0,0,1,3.29,phishing
https://paypal-secure-106.com/account?id=3145,13,8,0,1,2,3,4,0,0,1,4.388,phishing
https://secure-login-727.org/reset?id=1560,12,6,0,1,2,1,3,0,0,1,4.221,phishing
https://bankofamerica.edu/support,13,8,0,1,1,0,0,0,0,0,2.48,legitimate
https://example.org/docs,7,5,0,1,1,0,0,0,0,0,2.327,legitimate
https://office365-login-801.info/update?id=8524,15,7,0,1,2,3,3,0,0,1,3.676,phishing
https://office365-login-654.net/update?id=9273,15,7,0,1,2,1,1,0,0,1,3.321,phishing
https://secure-login-276.net/update?id=2174,12,7,0,1,2,1,3,0,0,1,3.36,phishing
https://banking-update-658.com/login?id=6087,14,6,0,1,2,1,2,0,0,1,3.205,phishing
https://secure-login-915.net/verify?id=4867,12,7,0,1,2,1,1,0,0,1,4.434,phishing
https://example.net/support,7,8,0,1,1,0,0,0,0,0,2.146,legitimate
https://microsoft.org/products,9,9,0,1,1,0,0,0,0,0,3.009,legitimate
https://secure-login-351.com/update?id=7232,12,7,0,1,2,3,1,0,0,1,3.945,phishing
https://amazon-support-593.org/update?id=4017,14,7,0,1,2,1,1,0,0,1,3.237,phishing
https://amazon-support-585.com/login?id=1144,14,6,0,1,2,2,1,0,0,1,3.894,phishing
https://amazon-support-958.com/reset?id=6253,14,6,0,1,2,1,2,0,0,1,3.547,phishing
https://amazon-support-899.com/login?id=2318,14,6,0,1,2,3,3,0,0,1,4.478,phishing
https://amazon-support-720.info/update?id=8743,14,7,0,1,2,1,4,0,0,1,3.751,phishing
https://paypal-secure-538.net/update?id=9167,13,7,0,1,2,1,2,0,0,1,3.903,phishing
https://example.net/api/v1,7,7,0,1,1,0,0,0,0,0,3.016,legitimate
https://amazon-support-237.org/login?id=7581,14,6,0,1,2,2,4,0,0,1,4.07,phishing
https://github.edu/products,6,9,0,1,1,0,0,0,0,0,2.249,legitimate
https://secure-login-942.org/verify?id=1762,12,7,0,1,2,1,2,0,0,1,3.548,phishing
https://amazon-support-409.org/login?id=5868,14,6,0,1,2,2,4,0,0,1,3.481,phishing
https://office365-login-796.com/verify?id=2809,15,7,0,1,2,1,4,0,0,1,3.866,phishing
https://amazon-support-483.net/login?id=4040,14,6,0,1,2,2,2,0,0,1,3.38,phishing
https://secure-login-525.org/account?id=5291,12,8,0,1,2,2,1,0,0,1,4.547,phishing
https://banking-update-622.org/reset?id=8914,14,6,0,1,2,1,2,0,0,1,3.804,phishing
https://office365-login-384.com/login?id=9868,15,6,0,1,2,1,4,0,0,1,4.293,phishing
https://bankofamerica.net/api/v1,13,7,0,1,1,0,0,0,0,0,2.828,legitimate
https://amazon-support-898.net/account?id=2861,14,8,0,1,2,3,2,0,0,1,3.972,phishing
https://amazon-support-165.net/verify?id=1715,14,7,0,1,2,2,1,0,0,1,3.803,phishing
https://bankofamerica.com/docs,13,5,0,1,1,0,0,0,0,0,2.652,legitimate
https://secure-login-591.net/verify?id=3032,12,7,0,1,2,3,2,0,0,1,3.233,phishing
https://banking-update-968.org/login?id=8871,14,6,0,1,2,2,4,0,0,1,4.041,phishing
https://netflix.edu/support,7,8,0,1,1,0,0,0,0,0,2.572,legitimate
https://secure-login-714.org/reset?id=1931,12,6,0,1,2,2,2,0,0,1,4.688,phishing
https://banking-update-385.com/login?id=9950,14,6,0,1,2,2,3,0,0,1,4.781,phishing
https://paypal-secure-543.com/login?id=2261,13,6,0,1,2,2,2,0,0,1,4.211,phishing
https://amazon-support-196.org/account?id=7683,14,8,0,1,2,1,1,0,0,1,3.469,phishing
https://amazon-support-937.info/update?id=3916,14,7,0,1,2,3,4,0,0,1,3.365,phishing
https://secure-login-599.org/account?id=9308,12,8,0,1,2,1,1,0,0,1,4.118,phishing
https://netflix.com/products,7,9,0,1,1,0,0,0,0,0,2.636,legitimate
https://example.com/api/v1,7,7,0,1,1,0,0,0,0,0,2.772,legitimate
https://paypal-secure-456.org/update?id=4088,13,7,0,1,2,3,2,0,0,1,3.384,phishing
https://office365-login-921.org/login?id=4966,15,6,0,1,2,1,4,0,0,1,4.182,phishing
https://amazon-support-417.com/login?id=1922,14,6,0,1,2,1,4,0,0,1,4.276,phishing
https://amazon-support-895.info/reset?id=6454,14,6,0,1,2,3,2,0,0,1,3.747,phishing
https://office365-login-593.com/account?id=5562,15,8,0,1,2,3,2,0,0,1,4.166,phishing
https://amazon-support-548.info/login?id=5461,14,6,0,1,2,1,2,0,0,1,3.716,phishing
https://example.edu/products,7,9,0,1,1,0,0,0,0,0,3.041,legitimate
https://example.org/api/v1,7,7,0,1,1,0,0,0,0,0,2.487,legitimate
https://secure-login-685.org/account?id=5278,12,8,0,1,2,2,3,0,0,1,3.356,phishing
https://secure-login-339.info/verify?id=2537,12,7,0,1,2,2,4,0,0,1,3.548,phishing
https://office365-login-712.com/update?id=7552,15,7,0,1,2,3,3,0,0,1,4.44,phishing
https://secure-login-471.org/verify?id=9820,12,7,0,1,2,2,2,0,0,1,4.207,phishing
https://example.org/docs,7,5,0,1,1,0,0,0,0,0,2.553,legitimate
https://office365-login-528.info/login?id=7561,15,6,0,1,2,3,1,0,0,1,3.306,phishing
https://secure-login-539.org/account?id=8419,12,8,0,1,2,1,4,0,0,1,4.308,phishing
https://office365-login-823.info/login?id=3953,15,6,0,1,2,2,2,0,0,1,4.241,phishing
https://amazon-support-637.com/reset?id=4760,14,6,0,1,2,1,4,0,0,1,4.278,phishing
https://office365-login-415.org/verify?id=1236,15,7,0,1,2,1,1,0,0,1,4.238,phishing
https://amazon-support-879.net/verify?id=5435,14,7,0,1,2,1,1,0,0,1,3.452,phishing
https://amazon-support-415.com/reset?id=8196,14,6,0,1,2,2,3,0,0,1,4.322,phishing
https://example.net/docs,7,5,0,1,1,0,0,0,0,0,3.176,legitimate
https://amazon-support-921.com/reset?id=5669,14,6,0,1,2,1,3,0,0,1,3.992,phishing
https://secure-login-578.com/account?id=1637,12,8,0,1,2,2,3,0,0,1,4.529,phishing
https://amazon-support-157.com/reset?id=9332,14,6,0,1,2,1,4,0,0,1,4.576,phishing
https://paypal-secure-425.com/account?id=7280,13,8,0,1,2,2,3,0,0,1,3.49,phishing
https://office365-login-347.com/account?id=8868,15,8,0,1,2,2,4,0,0,1,3.892,phishing
https://banking-update-683.net/account?id=6684,14,8,0,1,2,1,2,0,0,1,4.06,phishing
https://amazon-support-740.com/login?id=9876,14,6,0,1,2,1,1,0,0,1,4.537,phishing
https://github.org/about,6,6,0,1,1,0,0,0,0,0,2.784,legitimate
https://github.com/products,6,9,0,1,1,0,0,0,0,0,2.51,legitimate
https://office365-login-295.info/update?id=4302,15,7,0,1,2,2,2,0,0,1,4.724,phishing
https://banking-update-855.info/login?id=9631,14,6,0,1,2,2,4,0,0,1,4.644,phishing
https://paypal-secure-931.org/verify?id=5718,13,7,0,1,2,1,3,0,0,1,3.599,phishing
https://banking-update-437.net/reset?id=6628,14,6,0,1,2,1,4,0,0,1,3.63,phishing
https://paypal-secure-877.info/account?id=9569,13,8,0,1,2,3,3,0,0,1,4.174,phishing
https://microsoft.com/api/v1,9,7,0,1,1,0,0,0,0,0,2.683,legitimate
https://netflix.net/about,7,6,0,1,1,0,0,0,0,0,2.392,legitimate
https://paypal-secure-436.org/update?id=1734,13,7,0,1,2,2,4,0,0,1,3.399,phishing
https://office365-login-880.com/login?id=6574,15,6,0,1,2,2,2,0,0,1,4.081,phishing
https://bankofamerica.edu/about,13,6,0,1,1,0,0,0,0,0,2.887,legitimate
https://banking-update-544.org/reset?id=8040,14,6,0,1,2,2,3,0,0,1,3.931,phishing
https://paypal-secure-993.org/login?id=8098,13,6,0,1,2,3,1,0,0,1,3.336,phishing
https://banking-update-126.com/login?id=4520,14,6,0,1,2,3,3,0,0,1,4.474,phishing
https://microsoft.com/about,9,6,0,1,1,0,0,0,0,0,2.471,legitimate
https://microsoft.net/about,9,6,0,1,1,0,0,0,0,0,2.0,legitimate
https://secure-login-802.org/login?id=2571,12,6,0,1,2,2,4,0,0,1,4.259,phishing
https://office365-login-810.net/verify?id=4399,15,7,0,1,2,2,4,0,0,1,4.121,phishing
https://amazon-support-761.info/login?id=6490,14,6,0,1,2,2,4,0,0,1,4.571,phishing
https://office365-login-418.org/verify?id=1746,15,7,0,1,2,1,3,0,0,1,4.642,phishing
https://microsoft.com/products,9,9,0,1,1,0,0,0,0,0,2.998,legitimate
https://office365-login-227.info/update?id=5926,15,7,0,1,2,1,2,0,0,1,3.729,phishing
https://bankofamerica.edu/products,13,9,0,1,1,0,0,0,0,0,2.513,legitimate
https://banking-update-908.info/reset?id=2168,14,6,0,1,2,3,4,0,0,1,4.417,phishing
https://amazon-support-980.net/update?id=1848,14,7,0,1,2,3,4,0,0,1,3.513,phishing
https://office365-login-122.com/login?id=2301,15,6,0,1,2,1,4,0,0,1,4.079,phishing
https://amazon-support-764.com/reset?id=4414,14,6,0,1,2,1,3,0,0,1,4.228,phishing
https://amazon-support-570.net/update?id=6738,14,7,0,1,2,3,4,0,0,1,4.414,phishing
https://office365-login-524.org/verify?id=3403,15,7,0,1,2,1,2,0,0,1,4.396,phishing
https://amazon-support-743.info/account?id=5229,14,8,0,1,2,2,4,0,0,1,4.396,phishing
https://bankofamerica.com/support,13,8,0,1,1,0,0,0,0,0,2.086,legitimate
https://bankofamerica.org/about,13,6,0,1,1,0,0,0,0,0,2.528,legitimate
https://banking-update-325.com/update?id=3032,14,7,0,1,2,2,3,0,0,1,3.648,phishing
https://banking-update-791.org/account?id=7774,14,8,0,1,2,1,4,0,0,1,3.592,phishing
https://secure-login-621.info/login?id=9001,12,6,0,1,2,2,3,0,0,1,4.454,phishing
https://github.edu/about,6,6,0,1,1,0,0,0,0,0,2.78,legitimate
https://netflix.edu/api/v1,7,7,0,1,1,0,0,0,0,0,2.705,legitimate
https://microsoft.net/about,9,6,0,1,1,0,0,0,0,0,3.054,legitimate
https://bankofamerica.net/products,13,9,0,1,1,0,0,0,0,0,2.559,legitimate
https://amazon-support-993.com/verify?id=3462,14,7,0,1,2,1,4,0,0,1,3.874,phishing
https://amazon-support-304.org/verify?id=5883,14,7,0,1,2,1,1,0,0,1,3.707,phishing
https://office365-login-736.net/login?id=1953,15,6,0,1,2,1,1,0,0,1,4.114,phishing
https://paypal-secure-507.org/verify?id=6850,13,7,0,1,2,3,2,0,0,1,3.587,phishing
https://amazon-support-637.info/account?id=6464,14,8,0,1,2,3,4,0,0,1,3.785,phishing
https://office365-login-521.net/account?id=8042,15,8,0,1,2,1,1,0,0,1,4.579,phishing
https://banking-update-854.com/reset?id=2289,14,6,0,1,2,1,1,0,0,1,4.377,phishing
https://netflix.edu/products,7,9,0,1,1,0,0,0,0,0,2.093,legitimate
https://secure-login-182.org/verify?id=2421,12,7,0,1,2,3,1,0,0,1,4.293,phishing
https://office365-login-511.org/verify?id=7985,15,7,0,1,2,1,3,0,0,1,4.368,phishing
https://banking-update-758.com/reset?id=7690,14,6,0,1,2,3,4,0,0,1,4.27,phishing
https://banking-update-787.org/update?id=7281,14,7,0,1,2,3,2,0,0,1,4.333,phishing
https://amazon-support-513.net/verify?id=6621,14,7,0,1,2,3,3,0,0,1,3.227,phishing
https://paypal-secure-818.info/account?id=4812,13,8,0,1,2,3,2,0,0,1,3.206,phishing
https://office365-login-392.org/update?id=1284,15,7,0,1,2,2,3,0,0,1,4.541,phishing
https://secure-login-259.org/account?id=2099,12,8,0,1,2,2,1,0,0,1,3.767,phishing
https://paypal-secure-133.org/update?id=6051,13,7,0,1,2,2,3,0,0,1,3.922,phishing
https://secure-login-564.com/verify?id=9197,12,7,0,1,2,2,2,0,0,1,3.618,phishing
https://amazon-support-292.net/login?id=6362,14,6,0,1,2,3,3,0,0,1,3.651,phishing
https://office365-login-592.net/reset?id=4697,15,6,0,1,2,2,1,0,0,1,4.06,phishing
https://microsoft.net/about,9,6,0,1,1,0,0,0,0,0,3.111,legitimate
https://microsoft.edu/docs,9,5,0,1,1,0,0,0,0,0,2.245,legitimate
https://github.com/support,6,8,0,1,1,0,0,0,0,0,2.809,legitimate
https://amazon-support-373.info/account?id=7855,14,8,0,1,2,2,1,0,0,1,3.759,phishing
https://netflix.edu/api/v1,7,7,0,1,1,0,0,0,0,0,2.833,legitimate
https://secure-login-997.info/verify?id=1948,12,7,0,1,2,3,3,0,0,1,4.329,phishing
https://paypal-secure-484.net/reset?id=6411,13,6,0,1,2,2,1,0,0,1,3.803,phishing
https://secure-login-650.net/account?id=4367,12,8,0,1,2,1,2,0,0,1,3.698,phishing
https://netflix.com/support,7,8,0,1,1,0,0,0,0,0,3.07,legitimate
https://example.org/support,7,8,0,1,1,0,0,0,0,0,2.078,legitimate
https://banking-update-230.net/verify?id=3835,14,7,0,1,2,2,2,0,0,1,3.364,phishing
https://amazon-support-881.org/account?id=1852,14,8,0,1,2,3,1,0,0,1,3.477,phishing
https://office365-login-402.org/account?id=2485,15,8,0,1,2,1,3,0,0,1,4.358,phishing
https://office365-login-756.com/verify?id=6838,15,7,0,1,2,2,2,0,0,1,4.558,phishing
https://github.org/docs,6,5,0,1,1,0,0,0,0,0,2.228,legitimate
https://github.com/products,6,9,0,1,1,0,0,0,0,0,2.529,legitimate
https://paypal-secure-858.com/reset?id=7672,13,6,0,1,2,2,3,0,0,1,4.262,phishing
https://banking-update-343.org/update?id=6004,14,7,0,1,2,2,3,0,0,1,3.391,phishing
https://office365-login-516.com/account?id=5372,15,8,0,1,2,2,2,0,0,1,3.288,phishing
https://paypal-secure-529.com/login?id=2714,13,6,0,1,2,3,4,0,0,1,4.772,phishing
https://secure-login-160.com/login?id=9625,12,6,0,1,2,3,2,0,0,1,3.456,phishing
https://paypal-secure-244.org/reset?id=7838,13,6,0,1,2,3,2,0,0,1,3.443,phishing
https://banking-update-274.info/update?id=7242,14,7,0,1,2,3,4,0,0,1,4.727,phishing
https://office365-login-686.info/update?id=2414,15,7,0,1,2,3,1,0,0,1,3.218,phishing
https://office365-login-232.info/update?id=3173,15,7,0,1,2,3,4,0,0,1,3.279,phishing
https://office365-login-760.com/login?id=8590,15,6,0,1,2,2,3,0,0,1,4.185,phishing
https://github.org/support,6,8,0,1,1,0,0,0,0,0,2.556,legitimate
https://secure-login-402.info/login?id=6483,12,6,0,1,2,1,1,0,0,1,3.73,phishing
https://example.org/support,7,8,0,1,1,0,0,0,0,0,2.479,legitimate
https://example.edu/support,7,8,0,1,1,0,0,0,0,0,2.034,legitimate
https://bankofamerica.edu/docs,13,5,0,1,1,0,0,0,0,0,2.502,legitimate
https://amazon-support-561.org/verify?id=7539,14,7,0,1,2,3,3,0,0,1,3.267,phishing
https://amazon-support-846.com/reset?id=9274,14,6,0,1,2,2,4,0,0,1,3.827,phishing
https://office365-login-498.com/login?id=6394,15,6,0,1,2,3,3,0,0,1,3.89,phishing
https://secure-login-620.org/reset?id=9363,12,6,0,1,2,2,4,0,0,1,3.756,phishing
https://secure-login-310.net/login?id=7379,12,6,0,1,2,3,1,0,0,1,3.867,phishing
https://office365-login-200.com/login?id=4170,15,6,0,1,2,3,4,0,0,1,3.215,phishing
https://secure-login-181.info/update?id=1252,12,7,0,1,2,1,1,0,0,1,3.532,phishing
https://amazon-support-673.info/account?id=3760,14,8,0,1,2,3,3,0,0,1,3.693,phishing
https://paypal-secure-928.info/update?id=1782,13,7,0,1,2,2,2,0,0,1,3.692,phishing
https://office365-login-853.info/login?id=7698,15,6,0,1,2,2,2,0,0,1,4.223,phishing
https://github.org/api/v1,6,7,0,1,1,0,0,0,0,0,2.789,legitimate
https://paypal-secure-877.info/reset?id=9471,13,6,0,1,2,2,4,0,0,1,4.536,phishing
https://office365-login-892.net/verify?id=9762,15,7,0,1,2,3,2,0,0,1,4.596,phishing
https://office365-login-639.com/login?id=4577,15,6,0,1,2,1,2,0,0,1,3.798,phishing
https://secure-login-648.info/update?id=5882,12,7,0,1,2,3,4,0,0,1,3.976,phishing
https://banking-update-508.com/reset?id=5563,14,6,0,1,2,2,2,0,0,1,3.967,phishing
https://amazon-support-586.info/reset?id=6484,14,6,0,1,2,1,1,0,0,1,3.57,phishing
https://paypal-secure-452.org/verify?id=6402,13,7,0,1,2,3,2,0,0,1,4.678,phishing
https://microsoft.edu/support,9,8,0,1,1,0,0,0,0,0,2.85,legitimate
https://example.com/about,7,6,0,1,1,0,0,0,0,0,3.165,legitimate
https://office365-login-430.org/update?id=2971,15,7,0,1,2,3,1,0,0,1,4.464,phishing
https://banking-update-329.info/verify?id=5394,14,7,0,1,2,3,4,0,0,1,3.769,phishing
https://amazon-support-214.org/verify?id=7607,14,7,0,1,2,2,4,0,0,1,3.58,phishing
https://example.org/about,7,6,0,1,1,0,0,0,0,0,2.884,legitimate
https://example.com/products,7,9,0,1,1,0,0,0,0,0,2.941,legitimate
https://example.edu/support,7,8,0,1,1,0,0,0,0,0,2.57,legitimate
https://office365-login-229.info/account?id=9590,15,8,0,1,2,2,2,0,0,1,3.688,phishing
https://office365-login-520.org/update?id=1799,15,7,0,1,2,3,3,0,0,1,3.897,phishing
https://paypal-secure-108.com/verify?id=4342,13,7,0,1,2,1,3,0,0,1,4.086,phishing
https://amazon-support-865.net/update?id=4965,14,7,0,1,2,2,4,0,0,1,3.84,phishing
https://example.edu/about,7,6,0,1,1,0,0,0,0,0,2.313,legitimate
https://paypal-secure-699.info/account?id=3527,13,8,0,1,2,2,1,0,0,1,4.184,phishing
https://amazon-support-607.org/account?id=3228,14,8,0,1,2,1,3,0,0,1,4.399,phishing
https://amazon-support-713.com/login?id=3509,14,6,0,1,2,3,3,0,0,1,3.854,phishing
https://bankofamerica.edu/docs,13,5,0,1,1,0,0,0,0,0,2.205,legitimate
https://amazon-support-670.info/account?id=5028,14,8,0,1,2,1,4,0,0,1,3.926,phishing
https://netflix.org/docs,7,5,0,1,1,0,0,0,0,0,3.097,legitimate
https://banking-update-721.info/account?id=7074,14,8,0,1,2,2,4,0,0,1,4.226,phishing
https://banking-update-674.com/update?id=1366,14,7,0,1,2,2,3,0,0,1,3.331,phishing
https://netflix.com/support,7,8,0,1,1,0,0,0,0,0,2.606,legitimate
https://amazon-support-256.info/login?id=5543,14,6,0,1,2,2,1,0,0,1,4.47,phishing
https://office365-login-788.info/account?id=2643,15,8,0,1,2,2,3,0,0,1,4.192,phishing
https://office365-login-587.info/reset?id=5458,15,6,0,1,2,2,4,0,0,1,3.895,phishing
https://amazon-support-119.com/update?id=6925,14,7,0,1,2,2,3,0,0,1,4.36,phishing
https://office365-login-884.info/account?id=8076,15,8,0,1,2,3,4,0,0,1,4.252,phishing
https://banking-update-843.net/account?id=1043,14,8,0,1,2,3,3,0,0,1,4.428,phishing
https://example.net/products,7,9,0,1,1,0,0,0,0,0,3.136,legitimate
https://amazon-support-315.com/verify?id=6897,14,7,0,1,2,3,4,0,0,1,3.947,phishing
https://example.com/docs,7,5,0,1,1,0,0,0,0,0,3.14,legitimate
https://banking-update-884.org/account?id=5714,14,8,0,1,2,3,3,0,0,1,3.585,phishing
https://amazon-support-277.org/account?id=6773,14,8,0,1,2,2,4,0,0,1,4.739,phishing
https://amazon-support-450.com/account?id=5429,14,8,0,1,2,3,4,0,0,1,3.694,phishing
https://amazon-support-319.info/update?id=6145,14,7,0,1,2,1,2,0,0,1,4.577,phishing
https://amazon-support-118.info/reset?id=6636,14,6,0,1,2,2,3,0,0,1,4.533,phishing
https://secure-login-512.com/update?id=1725,12,7,0,1,2,1,3,0,0,1,4.205,phishing
https://office365-login-344.org/account?id=4496,15,8,0,1,2,3,3,0,0,1,3.91,phishing
https://banking-update-510.com/verify?id=8284,14,7,0,1,2,3,1,0,0,1,3.607,phishing
https://netflix.net/api/v1,7,7,0,1,1,0,0,0,0,0,3.169,legitimate
https://amazon-support-448.info/reset?id=1683,14,6,0,1,2,3,2,0,0,1,3.999,phishing
https://banking-update-572.com/login?id=1416,14,6,0,1,2,1,4,0,0,1,3.361,phishing
https://amazon-support-876.com/login?id=2718,14,6,0,1,2,2,1,0,0,1,4.704,phishing
https://amazon-support-656.com/update?id=8085,14,7,0,1,2,3,2,0,0,1,4.711,phishing
https://paypal-secure-212.org/account?id=6982,13,8,0,1,2,3,2,0,0,1,4.263,phishing
https://netflix.net/products,7,9,0,1,1,0,0,0,0,0,2.482,legitimate
https://office365-login-345.org/update?id=7029,15,7,0,1,2,3,3,0,0,1,4.325,phishing
https://paypal-secure-565.org/login?id=3098,13,6,0,1,2,1,2,0,0,1,3.632,phishing
https://office365-login-939.net/verify?id=2744,15,7,0,1,2,1,1,0,0,1,3.319,phishing
https://secure-login-268.org/verify?id=9069,12,7,0,1,2,3,3,0,0,1,4.761,phishing
https://banking-update-591.net/verify?id=7783,14,7,0,1,2,2,1,0,0,1,4.721,phishing
https://paypal-secure-780.net/login?id=1844,13,6,0,1,2,2,2,0,0,1,4.487,phishing
https://microsoft.edu/support,9,8,0,1,1,0,0,0,0,0,2.977,legitimate
https://paypal-secure-285.net/verify?id=7800,13,7,0,1,2,1,4,0,0,1,4.496,phishing
https://example.org/support,7,8,0,1,1,0,0,0,0,0,3.037,legitimate
https://banking-update-929.com/login?id=3068,14,6,0,1,2,3,2,0,0,1,4.731,phishing
https://bankofamerica.com/about,13,6,0,1,1,0,0,0,0,0,2.752,legitimate
https://office365-login-210.org/login?id=9015,15,6,0,1,2,3,2,0,0,1,4.549,phishing
https://github.net/about,6,6,0,1,1,0,0,0,0,0,2.542,legitimate
https://amazon-support-816.org/verify?id=4518,14,7,0,1,2,1,3,0,0,1,4.298,phishing
https://amazon-support-633.com/login?id=2598,14,6,0,1,2,3,3,0,0,1,3.337,phishing
https://banking-update-118.net/reset?id=6539,14,6,0,1,2,1,1,0,0,1,3.53,phishing
https://netflix.com/support,7,8,0,1,1,0,0,0,0,0,2.26,legitimate
https://microsoft.edu/docs,9,5,0,1,1,0,0,0,0,0,2.644,legitimate
https://microsoft.com/about,9,6,0,1,1,0,0,0,0,0,2.458,legitimate
https://paypal-secure-777.com/verify?id=9556,13,7,0,1,2,1,2,0,0,1,3.589,phishing
https://paypal-secure-289.com/login?id=8256,13,6,0,1,2,1,2,0,0,1,4.658,phishing
https://paypal-secure-398.org/update?id=8679,13,7,0,1,2,2,1,0,0,1,4.372,phishing
https://banking-update-211.org/update?id=9904,14,7,0,1,2,1,4,0,0,1,3.804,phishing
https://github.com/products,6,9,0,1,1,0,0,0,0,0,2.505,legitimate
https://paypal-secure-196.org/account?id=9175,13,8,0,1,2,1,1,0,0,1,3.651,phishing
https://secure-login-150.org/reset?id=5911,12,6,0,1,2,1,4,0,0,1,4.502,phishing
https://office365-login-965.net/update?id=5872,15,7,0,1,2,3,3,0,0,1,4.473,phishing
https://banking-update-211.org/verify?id=2365,14,7,0,1,2,2,1,0,0,1,3.717,phishing
https://bankofamerica.com/products,13,9,0,1,1,0,0,0,0,0,2.942,legitimate
https://secure-login-836.com/reset?id=8971,12,6,0,1,2,3,1,0,0,1,3.567,phishing
https://paypal-secure-226.org/login?id=2132,13,6,0,1,2,3,3,0,0,1,4.094,phishing
https://banking-update-500.net/reset?id=8611,14,6,0,1,2,1,4,0,0,1,3.644,phishing
https://amazon-support-712.net/login?id=5079,14,6,0,1,2,3,4,0,0,1,4.366,phishing
https://github.org/products,6,9,0,1,1,0,0,0,0,0,2.955,legitimate
https://paypal-secure-852.org/reset?id=1410,13,6,0,1,2,3,4,0,0,1,3.787,phishing
https://paypal-secure-337.net/reset?id=4260,13,6,0,1,2,2,2,0,0,1,4.41,phishing
https://bankofamerica.com/docs,13,5,0,1,1,0,0,0,0,0,2.49,legitimate
https://amazon-support-418.com/update?id=6538,14,7,0,1,2,2,4,0,0,1,4.118,phishing
https://github.com/docs,6,5,0,1,1,0,0,0,0,0,3.051,legitimate
https://github.com/docs,6,5,0,1,1,0,0,0,0,0,2.181,legitimate
https://office365-login-438.com/reset?id=7023,15,6,0,1,2,3,4,0,0,1,4.106,phishing
https://office365-login-564.info/reset?id=2637,15,6,0,1,2,2,4,0,0,1,3.33,phishing
https://paypal-secure-453.net/login?id=7730,13,6,0,1,2,3,4,0,0,1,4.652,phishing
https://github.com/api/v1,6,7,0,1,1,0,0,0,0,0,2.304,legitimate
https://microsoft.com/about,9,6,0,1,1,0,0,0,0,0,2.112,legitimate
https://secure-login-704.net/reset?id=6255,12,6,0,1,2,1,2,0,0,1,3.917,phishing
https://paypal-secure-568.org/update?id=8615,13,7,0,1,2,3,4,0,0,1,4.572,phishing
https://amazon-support-432.net/verify?id=8455,14,7,0,1,2,3,2,0,0,1,4.548,phishing
https://banking-update-333.net/login?id=4699,14,6,0,1,2,1,3,0,0,1,4.128,phishing
https://banking-update-370.info/update?id=6575,14,7,0,1,2,1,1,0,0,1,3.684,phishing
https://secure-login-410.com/reset?id=8189,12,6,0,1,2,3,2,0,0,1,4.55,phishing
https://amazon-support-977.org/login?id=6585,14,6,0,1,2,2,2,0,0,1,3.974,phishing
https://secure-login-835.info/reset?id=5897,12,6,0,1,2,2,4,0,0,1,4.531,phishing
https://paypal-secure-584.org/reset?id=7425,13,6,0,1,2,2,4,0,0,1,3.779,phishing
https://amazon-support-572.org/verify?id=3455,14,7,0,1,2,3,4,0,0,1,3.443,phishing
https://secure-login-619.net/verify?id=6535,12,7,0,1,2,2,1,0,0,1,4.413,phishing
https://secure-login-641.info/update?id=6715,12,7,0,1,2,3,4,0,0,1,3.218,phishing
https://secure-login-169.net/update?id=4579,12,7,0,1,2,3,2,0,0,1,4.69,phishing
https://microsoft.com/support,9,8,0,1,1,0,0,0,0,0,2.921,legitimate
https://banking-update-710.org/update?id=7137,14,7,0,1,2,2,1,0,0,1,4.411,phishing
https://secure-login-485.org/account?id=4650,12,8,0,1,2,2,4,0,0,1,4.143,phishing
https://microsoft.com/docs,9,5,0,1,1,0,0,0,0,0,2.066,legitimate
https://office365-login-233.info/login?id=7872,15,6,0,1,2,1,2,0,0,1,4.257,phishing
https://secure-login-306.net/verify?id=3686,12,7,0,1,2,1,2,0,0,1,4.295,phishing
https://example.org/api/v1,7,7,0,1,1,0,0,0,0,0,2.74,legitimate
https://github.edu/products,6,9,0,1,1,0,0,0,0,0,2.027,legitimate
https://paypal-secure-364.org/reset?id=4712,13,6,0,1,2,3,1,0,0,1,3.838,phishing
https://office365-login-548.net/verify?id=9809,15,7,0,1,2,2,3,0,0,1,4.446,phishing
https://paypal-secure-451.net/reset?id=4972,13,6,0,1,2,2,1,0,0,1,3.253,phishing
https://amazon-support-947.info/reset?id=6510,14,6,0,1,2,2,4,0,0,1,4.448,phishing
https://paypal-secure-746.com/reset?id=9524,13,6,0,1,2,1,3,0,0,1,3.467,phishing
https://amazon-support-921.net/reset?id=1105,14,6,0,1,2,2,2,0,0,1,4.759,phishing
https://amazon-support-441.net/verify?id=1489,14,7,0,1,2,2,4,0,0,1,4.081,phishing
https://banking-update-795.org/login?id=3956,14,6,0,1,2,1,2,0,0,1,4.355,phishing
https://bankofamerica.com/api/v1,13,7,0,1,1,0,0,0,0,0,3.065,legitimate
https://example.com/support,7,8,0,1,1,0,0,0,0,0,3.163,legitimate
https://netflix.net/products,7,9,0,1,1,0,0,0,0,0,3.107,legitimate
https://netflix.org/support,7,8,0,1,1,0,0,0,0,0,2.973,legitimate
https://banking-update-608.net/reset?id=4325,14,6,0,1,2,3,1,0,0,1,3.603,phishing
https://amazon-support-277.info/update?id=2853,14,7,0,1,2,2,4,0,0,1,3.696,phishing
https://paypal-secure-878.net/account?id=3994,13,8,0,1,2,3,1,0,0,1,3.954,phishing
https://paypal-secure-639.com/account?id=8989,13,8,0,1,2,2,3,0,0,1,4.296,phishing
https://paypal-secure-848.net/account?id=1059,13,8,0,1,2,1,4,0,0,1,3.777,phishing
https://amazon-support-382.com/update?id=9680,14,7,0,1,2,2,2,0,0,1,4.254,phishing
https://paypal-secure-525.info/update?id=3156,13,7,0,1,2,2,3,0,0,1,4.24,phishing
https://paypal-secure-515.info/account?id=8328,13,8,0,1,2,2,3,0,0,1,3.473,phishing
https://banking-update-647.com/update?id=6597,14,7,0,1,2,2,2,0,0,1,3.523,phishing
https://amazon-support-343.org/account?id=4541,14,8,0,1,2,2,1,0,0,1,3.882,phishing
https://github.edu/products,6,9,0,1,1,0,0,0,0,0,3.173,legitimate
https://office365-login-177.org/update?id=5389,15,7,0,1,2,3,3,0,0,1,4.0,phishing
https://banking-update-473.com/login?id=1725,14,6,0,1,2,3,1,0,0,1,4.105,phishing
https://banking-update-732.net/login?id=3115,14,6,0,1,2,2,1,0,0,1,4.114,phishing
https://secure-login-841.net/reset?id=6780,12,6,0,1,2,1,2,0,0,1,3.563,phishing
https://secure-login-951.org/login?id=5401,12,6,0,1,2,3,2,0,0,1,4.406,phishing
https://secure-login-205.net/reset?id=6630,12,6,0,1,2,3,3,0,0,1,4.663,phishing
https://example.net/api/v1,7,7,0,1,1,0,0,0,0,0,2.962,legitimate
https://paypal-secure-268.info/reset?id=1317,13,6,0,1,2,2,3,0,0,1,4.529,phishing
https://paypal-secure-406.info/account?id=8663,13,8,0,1,2,1,4,0,0,1,3.454,phishing
https://secure-login-658.com/reset?id=4895,12,6,0,1,2,3,1,0,0,1,3.485,phishing
https://banking-update-877.org/account?id=8114,14,8,0,1,2,3,4,0,0,1,3.968,phishing
https://github.edu/api/v1,6,7,0,1,1,0,0,0,0,0,2.762,legitimate
https://amazon-support-573.info/reset?id=9501,14,6,0,1,2,2,2,0,0,1,4.166,phishing
https://github.net/docs,6,5,0,1,1,0,0,0,0,0,2.405,legitimate
https://amazon-support-987.net/reset?id=1704,14,6,0,1,2,1,1,0,0,1,4.421,phishing
https://secure-login-228.com/verify?id=5800,12,7,0,1,2,2,4,0,0,1,4.738,phishing
https://paypal-secure-715.info/login?id=2078,13,6,0,1,2,2,3,0,0,1,3.973,phishing
https://office365-login-515.info/account?id=7257,15,8,0,1,2,3,2,0,0,1,3.401,phishing
https://office365-login-522.com/account?id=4783,15,8,0,1,2,1,1,0,0,1,4.349,phishing
https://paypal-secure-251.com/verify?id=8647,13,7,0,1,2,1,1,0,0,1,4.711,phishing
https://banking-update-505.net/account?id=6091,14,8,0,1,2,1,3,0,0,1,3.986,phishing
https://microsoft.com/docs,9,5,0,1,1,0,0,0,0,0,2.761,legitimate
https://office365-login-437.net/account?id=9642,15,8,0,1,2,3,3,0,0,1,3.917,phishing
https://office365-login-731.net/verify?id=7836,15,7,0,1,2,3,4,0,0,1,4.659,phishing
https://banking-update-355.com/verify?id=1325,14,7,0,1,2,1,2,0,0,1,3.89,phishing
https://github.net/api/v1,6,7,0,1,1,0,0,0,0,0,2.483,legitimate
https://office365-login-676.net/reset?id=1260,15,6,0,1,2,3,1,0,0,1,4.325,phishing
https://banking-update-516.info/update?id=2106,14,7,0,1,2,3,3,0,0,1,3.682,phishing
https://banking-update-425.net/verify?id=5256,14,7,0,1,2,3,1,0,0,1,4.343,phishing
https://office365-login-734.com/update?id=9072,15,7,0,1,2,3,2,0,0,1,4.359,phishing
https://microsoft.net/about,9,6,0,1,1,0,0,0,0,0,2.974,legitimate
https://secure-login-301.net/reset?id=6009,12,6,0,1,2,1,4,0,0,1,4.14,phishing
https://office365-login-278.net/verify?id=9411,15,7,0,1,2,2,2,0,0,1,3.735,phishing
https://secure-login-352.com/account?id=1322,12,8,0,1,2,2,2,0,0,1,3.644,phishing
https://office365-login-335.com/account?id=7932,15,8,0,1,2,2,1,0,0,1,4.552,phishing
https://banking-update-748.info/login?id=9826,14,6,0,1,2,2,2,0,0,1,4.343,phishing
https://paypal-secure-455.net/account?id=1734,13,8,0,1,2,2,1,0,0,1,3.84,phishing
https://office365-login-938.info/login?id=1464,15,6,0,1,2,2,1,0,0,1,3.785,phishing
https://secure-login-923.org/login?id=5370,12,6,0,1,2,3,1,0,0,1,3.637,phishing
https://amazon-support-412.info/update?id=2166,14,7,0,1,2,1,2,0,0,1,3.794,phishing
https://paypal-secure-338.net/verify?id=9367,13,7,0,1,2,1,4,0,0,1,4.433,phishing
https://paypal-secure-121.net/verify?id=6722,13,7,0,1,2,3,2,0,0,1,4.367,phishing
https://amazon-support-830.com/reset?id=8707,14,6,0,1,2,1,3,0,0,1,4.307,phishing
https://github.edu/products,6,9,0,1,1,0,0,0,0,0,3.139,legitimate
https://microsoft.net/api/v1,9,7,0,1,1,0,0,0,0,0,2.208,legitimate
https://office365-login-351.info/update?id=1285,15,7,0,1,2,2,1,0,0,1,4.392,phishing
https://paypal-secure-343.info/update?id=6176,13,7,0,1,2,1,1,0,0,1,4.598,phishing
https://banking-update-142.com/verify?id=5737,14,7,0,1,2,1,1,0,0,1,3.703,phishing
https://banking-update-709.info/update?id=8297,14,7,0,1,2,2,1,0,0,1,3.69,phishing
https://banking-update-143.com/reset?id=1621,14,6,0,1,2,1,1,0,0,1,3.326,phishing
https://banking-update-850.com/login?id=4547,14,6,0,1,2,3,2,0,0,1,3.977,phishing
https://secure-login-708.com/reset?id=4393,12,6,0,1,2,1,3,0,0,1,4.479,phishing
https://example.net/api/v1,7,7,0,1,1,0,0,0,0,0,2.666,legitimate
https://secure-login-851.org/reset?id=6772,12,6,0,1,2,1,3,0,0,1,4.692,phishing
https://example.edu/docs,7,5,0,1,1,0,0,0,0,0,2.793,legitimate
https://banking-update-590.net/update?id=3885,14,7,0,1,2,3,1,0,0,1,3.219,phishing
https://microsoft.org/docs,9,5,0,1,1,0,0,0,0,0,2.869,legitimate
https://example.edu/products,7,9,0,1,1,0,0,0,0,0,2.185,legitimate
https://office365-login-389.info/update?id=1290,15,7,0,1,2,2,2,0,0,1,4.363,phishing
https://example.org/docs,7,5,0,1,1,0,0,0,0,0,2.922,legitimate
https://secure-login-756.info/login?id=5182,12,6,0,1,2,2,3,0,0,1,4.172,phishing
https://banking-update-496.com/verify?id=8877,14,7,0,1,2,2,1,0,0,1,4.71,phishing
https://secure-login-481.org/update?id=2120,12,7,0,1,2,3,3,0,0,1,4.421,phishing
https://example.net/about,7,6,0,1,1,0,0,0,0,0,2.425,legitimate
https://secure-login-312.info/update?id=5975,12,7,0,1,2,1,1,0,0,1,4.006,phishing
https://microsoft.org/support,9,8,0,1,1,0,0,0,0,0,3.118,legitimate
https://paypal-secure-641.net/verify?id=6670,13,7,0,1,2,2,3,0,0,1,4.413,phishing
https://banking-update-913.org/update?id=4964,14,7,0,1,2,1,2,0,0,1,3.359,phishing
https://secure-login-706.org/login?id=3635,12,6,0,1,2,2,1,0,0,1,3.794,phishing
https://office365-login-247.com/login?id=5302,15,6,0,1,2,3,1,0,0,1,3.422,phishing
https://amazon-support-124.info/verify?id=1947,14,7,0,1,2,2,3,0,0,1,4.144,phishing
https://paypal-secure-966.net/reset?id=9126,13,6,0,1,2,2,4,0,0,1,3.579,phishing
https://office365-login-199.info/update?id=7418,15,7,0,1,2,1,1,0,0,1,3.524,phishing
https://github.org/support,6,8,0,1,1,0,0,0,0,0,2.264,legitimate
https://paypal-secure-181.com/reset?id=5768,13,6,0,1,2,1,3,0,0,1,3.452,phishing
https://office365-login-808.com/update?id=5554,15,7,0,1,2,1,4,0,0,1,4.787,phishing
https://banking-update-523.info/verify?id=7348,14,7,0,1,2,1,4,0,0,1,4.309,phishing
https://secure-login-248.org/account?id=6518,12,8,0,1,2,1,4,0,0,1,4.445,phishing
https://paypal-secure-230.com/account?id=5092,13,8,0,1,2,1,2,0,0,1,3.559,phishing
https://example.edu/products,7,9,0,1,1,0,0,0,0,0,2.892,legitimate
https://paypal-secure-180.net/verify?id=7045,13,7,0,1,2,3,1,0,0,1,4.522,phishing
https://secure-login-112.net/reset?id=6518,12,6,0,1,2,1,4,0,0,1,3.844,phishing
https://secure-login-322.com/account?id=3082,12,8,0,1,2,2,3,0,0,1,4.434,phishing
https://secure-login-670.com/reset?id=7252,12,6,0,1,2,1,4,0,0,1,3.333,phishing
https://banking-update-929.info/reset?id=5617,14,6,0,1,2,2,3,0,0,1,3.448,phishing
https://amazon-support-649.net/verify?id=9916,14,7,0,1,2,2,2,0,0,1,4.359,phishing
https://banking-update-178.net/update?id=5918,14,7,0,1,2,2,1,0,0,1,3.562,phishing
https://paypal-secure-489.com/account?id=7236,13,8,0,1,2,3,1,0,0,1,4.672,phishing
https://netflix.org/support,7,8,0,1,1,0,0,0,0,0,2.491,legitimate
https://paypal-secure-901.info/update?id=2515,13,7,0,1,2,3,1,0,0,1,4.529,phishing
https://netflix.org/about,7,6,0,1,1,0,0,0,0,0,3.016,legitimate
https://secure-login-843.net/verify?id=8965,12,7,0,1,2,2,2,0,0,1,3.663,phishing
https://bankofamerica.edu/docs,13,5,0,1,1,0,0,0,0,0,2.337,legitimate
https://paypal-secure-978.com/login?id=2696,13,6,0,1,2,2,1,0,0,1,4.718,phishing
https://paypal-secure-422.net/account?id=2897,13,8,0,1,2,2,1,0,0,1,3.696,phishing
https://secure-login-101.info/update?id=5503,12,7,0,1,2,1,4,0,0,1,3.925,phishing
https://secure-login-317.org/reset?id=2133,12,6,0,1,2,1,2,0,0,1,3.367,phishing
https://github.net/about,6,6,0,1,1,0,0,0,0,0,2.378,legitimate
https://office365-login-777.org/verify?id=8739,15,7,0,1,2,3,3,0,0,1,4.465,phishing
https://amazon-support-319.com/account?id=8368,14,8,0,1,2,2,3,0,0,1,4.189,phishing
https://secure-login-718.org/login?id=4762,12,6,0,1,2,1,1,0,0,1,4.333,phishing
https://secure-login-290.info/login?id=7627,12,6,0,1,2,2,1,0,0,1,3.207,phishing
https://office365-login-877.net/update?id=8387,15,7,0,1,2,2,2,0,0,1,4.704,phishing
https://netflix.com/about,7,6,0,1,1,0,0,0,0,0,2.587,legitimate
https://bankofamerica.com/docs,13,5,0,1,1,0,0,0,0,0,2.097,legitimate
https://netflix.net/about,7,6,0,1,1,0,0,0,0,0,2.354,legitimate
https://bankofamerica.edu/api/v1,13,7,0,1,1,0,0,0,0,0,2.475,legitimate
https://amazon-support-387.com/login?id=8222,14,6,0,1,2,2,4,0,0,1,3.942,phishing
https://secure-login-935.org/reset?id=9500,12,6,0,1,2,3,3,0,0,1,4.014,phishing
https://banking-update-515.com/account?id=2745,14,8,0,1,2,1,1,0,0,1,4.674,phishing
https://banking-update-555.com/login?id=8967,14,6,0,1,2,1,4,0,0,1,3.701,phishing
https://netflix.org/api/v1,7,7,0,1,1,0,0,0,0,0,2.979,legitimate
https://microsoft.com/docs,9,5,0,1,1,0,0,0,0,0,3.118,legitimate
https://paypal-secure-137.org/login?id=5555,13,6,0,1,2,3,1,0,0,1,3.472,phishing
https://amazon-support-929.info/login?id=6843,14,6,0,1,2,2,4,0,0,1,3.916,phishing
https://office365-login-847.info/reset?id=7670,15,6,0,1,2,3,3,0,0,1,3.798,phishing
https://secure-login-894.com/update?id=1434,12,7,0,1,2,1,2,0,0,1,3.776,phishing
https://example.edu/support,7,8,0,1,1,0,0,0,0,0,2.834,legitimate
https://office365-login-456.org/update?id=4513,15,7,0,1,2,3,4,0,0,1,4.348,phishing
https://netflix.net/products,7,9,0,1,1,0,0,0,0,0,2.282,legitimate
https://bankofamerica.edu/products,13,9,0,1,1,0,0,0,0,0,2.833,legitimate
https://secure-login-300.org/account?id=6717,12,8,0,1,2,3,4,0,0,1,4.573,phishing
https://bankofamerica.org/products,13,9,0,1,1,0,0,0,0,0,2.791,legitimate
https://banking-update-818.com/verify?id=2281,14,7,0,1,2,1,3,0,0,1,4.122,phishing
https://microsoft.net/products,9,9,0,1,1,0,0,0,0,0,3.125,legitimate
https://amazon-support-756.info/reset?id=2659,14,6,0,1,2,2,2,0,0,1,4.52,phishing
https://office365-login-497.com/login?id=3232,15,6,0,1,2,2,1,0,0,1,3.829,phishing
https://netflix.org/about,7,6,0,1,1,0,0,0,0,0,2.9,legitimate
https://banking-update-647.net/reset?id=8337,14,6,0,1,2,1,1,0,0,1,4.702,phishing
https://amazon-support-105.info/update?id=4781,14,7,0,1,2,3,2,0,0,1,3.601,phishing
https://paypal-secure-865.org/update?id=3472,13,7,0,1,2,2,3,0,0,1,3.402,phishing
https://example.edu/docs,7,5,0,1,1,0,0,0,0,0,2.745,legitimate
https://paypal-secure-782.com/login?id=2314,13,6,0,1,2,1,1,0,0,1,3.333,phishing
https://paypal-secure-966.org/login?id=8531,13,6,0,1,2,1,3,0,0,1,4.46,phishing
https://netflix.com/api/v1,7,7,0,1,1,0,0,0,0,0,3.137,legitimate
https://example.com/support,7,8,0,1,1,0,0,0,0,0,2.614,legitimate
https://office365-login-952.info/update?id=1839,15,7,0,1,2,3,4,0,0,1,3.965,phishing
https://office365-login-370.com/login?id=5299,15,6,0,1,2,3,1,0,0,1,3.99,phishing
https://microsoft.org/products,9,9,0,1,1,0,0,0,0,0,3.027,legitimate
https://github.net/docs,6,5,0,1,1,0,0,0,0,0,2.727,legitimate
https://paypal-secure-121.net/account?id=7728,13,8,0,1,2,1,1,0,0,1,4.042,phishing
https://github.com/products,6,9,0,1,1,0,0,0,0,0,2.461,legitimate
https://office365-login-294.com/account?id=7774,15,8,0,1,2,2,1,0,0,1,4.304,phishing
https://office365-login-293.org/reset?id=6191,15,6,0,1,2,3,1,0,0,1,3.862,phishing
https://amazon-support-250.com/account?id=4691,14,8,0,1,2,3,1,0,0,1,4.341,phishing
https://bankofamerica.edu/api/v1,13,7,0,1,1,0,0,0,0,0,2.946,legitimate
https://banking-update-279.org/login?id=7234,14,6,0,1,2,3,2,0,0,1,3.938,phishing
https://secure-login-290.info/account?id=6128,12,8,0,1,2,1,4,0,0,1,4.419,phishing
https://secure-login-920.info/account?id=8032,12,8,0,1,2,3,4,0,0,1,4.012,phishing
https://example.com/about,7,6,0,1,1,0,0,0,0,0,2.94,legitimate
https://paypal-secure-124.org/verify?id=9515,13,7,0,1,2,1,3,0,0,1,4.099,phishing
https://amazon-support-708.info/verify?id=1914,14,7,0,1,2,3,4,0,0,1,4.318,phishing
https://banking-update-153.org/reset?id=3813,14,6,0,1,2,2,1,0,0,1,4.301,phishing
https://amazon-support-579.org/account?id=3757,14,8,0,1,2,1,4,0,0,1,3.486,phishing
https://microsoft.net/docs,9,5,0,1,1,0,0,0,0,0,2.26,legitimate
https://secure-login-648.info/login?id=1109,12,6,0,1,2,1,3,0,0,1,3.752,phishing
https://secure-login-888.org/update?id=4725,12,7,0,1,2,3,4,0,0,1,4.752,phishing
https://bankofamerica.edu/products,13,9,0,1,1,0,0,0,0,0,3.023,legitimate
https://amazon-support-758.com/reset?id=3392,14,6,0,1,2,2,4,0,0,1,3.631,phishing
https://paypal-secure-500.org/account?id=8471,13,8,0,1,2,1,2,0,0,1,4.337,phishing
https://amazon-support-983.org/update?id=8062,14,7,0,1,2,1,1,0,0,1,3.457,phishing
https://github.org/api/v1,6,7,0,1,1,0,0,0,0,0,2.25,legitimate
https://netflix.com/about,7,6,0,1,1,0,0,0,0,0,2.478,legitimate
https://secure-login-270.net/reset?id=5140,12,6,0,1,2,3,2,0,0,1,4.018,phishing
https://office365-login-583.com/login?id=9547,15,6,0,1,2,3,2,0,0,1,3.333,phishing
https://office365-login-880.org/verify?id=5761,15,7,0,1,2,3,3,0,0,1,3.439,phishing
https://office365-login-731.com/login?id=8359,15,6,0,1,2,1,3,0,0,1,3.42,phishing
https://paypal-secure-601.org/account?id=8043,13,8,0,1,2,1,4,0,0,1,3.722,phishing
https://amazon-support-193.info/verify?id=1319,14,7,0,1,2,1,3,0,0,1,4.616,phishing
https://paypal-secure-887.info/reset?id=5193,13,6,0,1,2,3,2,0,0,1,3.406,phishing
https://bankofamerica.com/docs,13,5,0,1,1,0,0,0,0,0,2.252,legitimate
https://banking-update-346.net/account?id=6279,14,8,0,1,2,1,2,0,0,1,4.393,phishing
https://paypal-secure-799.net/verify?id=3332,13,7,0,1,2,3,3,0,0,1,3.516,phishing
https://office365-login-885.com/update?id=3319,15,7,0,1,2,3,1,0,0,1,4.583,phishing
https://banking-update-226.org/account?id=7914,14,8,0,1,2,2,4,0,0,1,4.538,phishing
https://amazon-support-311.com/account?id=1023,14,8,0,1,2,2,3,0,0,1,3.646,phishing
https://paypal-secure-546.org/login?id=7405,13,6,0,1,2,2,4,0,0,1,3.207,phishing
https://amazon-support-665.info/verify?id=1450,14,7,0,1,2,1,3,0,0,1,4.366,phishing
https://banking-update-694.info/account?id=7764,14,8,0,1,2,3,2,0,0,1,4.025,phishing
https://amazon-support-467.com/login?id=1099,14,6,0,1,2,2,1,0,0,1,4.247,phishing
https://microsoft.net/docs,9,5,0,1,1,0,0,0,0,0,2.877,legitimate
https://example.edu/api/v1,7,7,0,1,1,0,0,0,0,0,2.85,legitimate
https://office365-login-776.net/account?id=1786,15,8,0,1,2,2,2,0,0,1,4.775,phishing
https://amazon-support-377.net/verify?id=1938,14,7,0,1,2,3,3,0,0,1,3.995,phishing
https://amazon-support-472.net/reset?id=1765,14,6,0,1,2,1,1,0,0,1,3.385,phishing
https://office365-login-618.info/verify?id=8133,15,7,0,1,2,1,4,0,0,1,3.913,phishing
https://secure-login-141.net/update?id=4621,12,7,0,1,2,1,4,0,0,1,3.642,phishing
https://office365-login-467.com/verify?id=9743,15,7,0,1,2,3,1,0,0,1,4.331,phishing
https://paypal-secure-918.org/login?id=6070,13,6,0,1,2,1,2,0,0,1,4.175,phishing
https://github.edu/about,6,6,0,1,1,0,0,0,0,0,2.793,legitimate
https://office365-login-854.com/verify?id=6777,15,7,0,1,2,3,4,0,0,1,3.909,phishing
https://secure-login-796.com/login?id=4086,12,6,0,1,2,2,2,0,0,1,3.229,phishing
https://amazon-support-246.org/update?id=8244,14,7,0,1,2,2,3,0,0,1,4.427,phishing
https://paypal-secure-662.org/login?id=6843,13,6,0,1,2,3,4,0,0,1,4.659,phishing
https://paypal-secure-285.info/account?id=2905,13,8,0,1,2,1,2,0,0,1,3.806,phishing
https://banking-update-626.com/login?id=4207,14,6,0,1,2,2,4,0,0,1,3.892,phishing
https://bankofamerica.org/docs,13,5,0,1,1,0,0,0,0,0,2.824,legitimate
https://github.net/docs,6,5,0,1,1,0,0,0,0,0,2.889,legitimate
https://netflix.net/support,7,8,0,1,1,0,0,0,0,0,3.061,legitimate
https://bankofamerica.net/docs,13,5,0,1,1,0,0,0,0,0,2.76,legitimate
https://microsoft.com/api/v1,9,7,0,1,1,0,0,0,0,0,2.253,legitimate
https://secure-login-625.info/account?id=6988,12,8,0,1,2,3,4,0,0,1,4.02,phishing
https://amazon-support-578.net/reset?id=7486,14,6,0,1,2,3,2,0,0,1,3.282,phishing
https://netflix.com/docs,7,5,0,1,1,0,0,0,0,0,2.564,legitimate
https://amazon-support-420.info/verify?id=8578,14,7,0,1,2,3,3,0,0,1,4.591,phishing
https://paypal-secure-512.com/update?id=3791,13,7,0,1,2,3,4,0,0,1,3.417,phishing
https://amazon-support-404.info/account?id=8404,14,8,0,1,2,2,1,0,0,1,4.303,phishing
https://amazon-support-693.net/verify?id=9444,14,7,0,1,2,1,3,0,0,1,4.728,phishing
https://secure-login-931.com/update?id=8031,12,7,0,1,2,2,3,0,0,1,3.921,phishing
https://microsoft.edu/products,9,9,0,1,1,0,0,0,0,0,2.799,legitimate
https://example.net/products,7,9,0,1,1,0,0,0,0,0,2.631,legitimate
https://bankofamerica.edu/docs,13,5,0,1,1,0,0,0,0,0,2.587,legitimate
https://bankofamerica.com/products,13,9,0,1,1,0,0,0,0,0,2.783,legitimate
https://banking-update-196.org/update?id=4167,14,7,0,1,2,2,1,0,0,1,4.227,phishing
https://secure-login-697.net/update?id=3567,12,7,0,1,2,1,2,0,0,1,3.516,phishing
https://github.edu/docs,6,5,0,1,1,0,0,0,0,0,2.284,legitimate
https://secure-login-667.info/account?id=6456,12,8,0,1,2,3,1,0,0,1,4.365,phishing
https://office365-login-300.org/verify?id=3598,15,7,0,1,2,2,2,0,0,1,3.702,phishing
https://amazon-support-738.com/verify?id=8380,14,7,0,1,2,1,3,0,0,1,4.151,phishing
https://office365-login-374.net/account?id=8898,15,8,0,1,2,2,1,0,0,1,3.667,phishing
https://github.com/support,6,8,0,1,1,0,0,0,0,0,2.292,legitimate
https://amazon-support-142.info/update?id=3437,14,7,0,1,2,1,1,0,0,1,3.858,phishing
https://paypal-secure-416.net/update?id=5349,13,7,0,1,2,2,3,0,0,1,4.479,phishing
https://example.org/docs,7,5,0,1,1,0,0,0,0,0,2.661,legitimate
https://secure-login-589.com/account?id=1233,12,8,0,1,2,2,3,0,0,1,3.247,phishing
https://example.org/api/v1,7,7,0,1,1,0,0,0,0,0,3.043,legitimate
https://netflix.org/docs,7,5,0,1,1,0,0,0,0,0,2.438,legitimate
https://banking-update-787.info/account?id=1071,14,8,0,1,2,2,3,0,0,1,3.792,phishing
https://github.edu/docs,6,5,0,1,1,0,0,0,0,0,2.151,legitimate
https://amazon-support-611.org/login?id=9166,14,6,0,1,2,2,3,0,0,1,4.677,phishing
https://office365-login-978.org/update?id=4140,15,7,0,1,2,3,1,0,0,1,3.621,phishing
https://example.com/support,7,8,0,1,1,0,0,0,0,0,2.214,legitimate
https://bankofamerica.net/support,13,8,0,1,1,0,0,0,0,0,2.452,legitimate
https://office365-login-117.org/reset?id=4010,15,6,0,1,2,3,2,0,0,1,3.439,phishing
https://amazon-support-510.info/login?id=2706,14,6,0,1,2,2,1,0,0,1,3.891,phishing
https://microsoft.com/docs,9,5,0,1,1,0,0,0,0,0,3.147,legitimate
https://office365-login-312.com/login?id=4420,15,6,0,1,2,2,3,0,0,1,4.179,phishing
https://secure-login-217.org/account?id=7265,12,8,0,1,2,1,1,0,0,1,4.082,phishing
https://office365-login-852.net/reset?id=2188,15,6,0,1,2,3,2,0,0,1,4.125,phishing
https://secure-login-102.net/login?id=6524,12,6,0,1,2,1,1,0,0,1,3.969,phishing
https://banking-update-672.com/login?id=3063,14,6,0,1,2,1,2,0,0,1,4.244,phishing
https://amazon-support-898.net/update?id=1887,14,7,0,1,2,2,3,0,0,1,4.193,phishing
https://secure-login-660.org/account?id=3380,12,8,0,1,2,1,4,0,0,1,3.51,phishing
https://secure-login-271.com/login?id=7904,12,6,0,1,2,3,1,0,0,1,4.642,phishing
https://banking-update-693.info/reset?id=6309,14,6,0,1,2,1,3,0,0,1,3.986,phishing
https://secure-login-762.org/login?id=7989,12,6,0,1,2,2,4,0,0,1,3.449,phishing
https://amazon-support-572.net/verify?id=4563,14,7,0,1,2,2,4,0,0,1,4.312,phishing
https://secure-login-552.info/login?id=1059,12,6,0,1,2,3,3,0,0,1,3.867,phishing
https://banking-update-188.com/update?id=3331,14,7,0,1,2,3,4,0,0,1,4.726,phishing
https://amazon-support-634.net/update?id=2004,14,7,0,1,2,3,2,0,0,1,4.02,phishing
https://microsoft.com/products,9,9,0,1,1,0,0,0,0,0,2.309,legitimate
https://paypal-secure-986.info/account?id=9072,13,8,0,1,2,1,4,0,0,1,3.253,phishing
https://banking-update-176.com/account?id=7576,14,8,0,1,2,2,3,0,0,1,4.799,phishing
https://netflix.edu/docs,7,5,0,1,1,0,0,0,0,0,2.173,legitimate
https://office365-login-879.com/account?id=5300,15,8,0,1,2,1,3,0,0,1,3.581,phishing
https://amazon-support-910.com/update?id=1295,14,7,0,1,2,1,1,0,0,1,4.763,phishing
https://amazon-support-550.com/reset?id=1045,14,6,0,1,2,3,1,0,0,1,3.954,phishing
https://banking-update-475.org/login?id=3794,14,6,0,1,2,1,4,0,0,1,3.948,phishing
https://paypal-secure-159.org/verify?id=5669,13,7,0,1,2,1,2,0,0,1,3.879,phishing
https://amazon-support-488.org/reset?id=8422,14,6,0,1,2,3,2,0,0,1,4.237,phishing
https://paypal-secure-168.com/verify?id=2500,13,7,0,1,2,1,1,0,0,1,3.282,phishing
https://paypal-secure-854.org/reset?id=6932,13,6,0,1,2,1,2,0,0,1,3.219,phishing
https://amazon-support-584.info/reset?id=3678,14,6,0,1,2,3,2,0,0,1,4.325,phishing
https://paypal-secure-790.com/login?id=3820,13,6,0,1,2,3,4,0,0,1,3.783,phishing
https://secure-login-763.org/verify?id=8548,12,7,0,1,2,3,3,0,0,1,4.224,phishing
https://microsoft.edu/support,9,8,0,1,1,0,0,0,0,0,3.04,legitimate
https://github.edu/api/v1,6,7,0,1,1,0,0,0,0,0,2.416,legitimate
https://secure-login-157.info/account?id=5608,12,8,0,1,2,1,4,0,0,1,3.655,phishing
https://office365-login-140.org/verify?id=7002,15,7,0,1,2,1,2,0,0,1,3.581,phishing
https://netflix.org/products,7,9,0,1,1,0,0,0,0,0,2.947,legitimate
https://microsoft.net/products,9,9,0,1,1,0,0,0,0,0,2.64,legitimate
https://microsoft.com/support,9,8,0,1,1,0,0,0,0,0,2.384,legitimate
https://paypal-secure-713.org/verify?id=1760,13,7,0,1,2,2,3,0,0,1,4.185,phishing
https://secure-login-379.com/verify?id=1571,12,7,0,1,2,3,1,0,0,1,3.538,phishing
https://github.net/api/v1,6,7,0,1,1,0,0,0,0,0,2.34,legitimate
https://amazon-support-371.org/verify?id=6418,14,7,0,1,2,1,4,0,0,1,3.535,phishing
https://office365-login-551.info/account?id=2790,15,8,0,1,2,1,1,0,0,1,3.345,phishing
https://netflix.edu/docs,7,5,0,1,1,0,0,0,0,0,3.155,legitimate
https://banking-update-327.info/reset?id=3718,14,6,0,1,2,1,2,0,0,1,3.771,phishing
https://paypal-secure-938.net/login?id=8437,13,6,0,1,2,3,2,0,0,1,4.241,phishing
https://secure-login-259.com/login?id=3421,12,6,0,1,2,3,4,0,0,1,3.624,phishing
https://banking-update-442.net/login?id=6437,14,6,0,1,2,2,2,0,0,1,4.516,phishing
https://banking-update-244.com/reset?id=2052,14,6,0,1,2,2,4,0,0,1,4.755,phishing
https://secure-login-412.info/update?id=7333,12,7,0,1,2,1,3,0,0,1,3.479,phishing
https://banking-update-838.com/update?id=9972,14,7,0,1,2,2,4,0,0,1,4.779,phishing
https://example.edu/products,7,9,0,1,1,0,0,0,0,0,2.094,legitimate
https://amazon-support-452.com/verify?id=3360,14,7,0,1,2,3,2,0,0,1,3.878,phishing
https://microsoft.net/support,9,8,0,1,1,0,0,0,0,0,3.192,legitimate
https://banking-update-385.info/verify?id=6396,14,7,0,1,2,3,3,0,0,1,4.614,phishing
https://example.org/about,7,6,0,1,1,0,0,0,0,0,2.005,legitimate
https://bankofamerica.org/products,13,9,0,1,1,0,0,0,0,0,3.194,legitimate
https://github.net/api/v1,6,7,0,1,1,0,0,0,0,0,2.834,legitimate
https://paypal-secure-485.net/verify?id=5082,13,7,0,1,2,3,1,0,0,1,3.377,phishing
https://netflix.edu/about,7,6,0,1,1,0,0,0,0,0,2.574,legitimate
https://amazon-support-171.org/login?id=6900,14,6,0,1,2,2,4,0,0,1,3.418,phishing
https://office365-login-128.com/update?id=7863,15,7,0,1,2,2,3,0,0,1,4.03,phishing
https://bankofamerica.com/products,13,9,0,1,1,0,0,0,0,0,2.042,legitimate
https://microsoft.edu/api/v1,9,7,0,1,1,0,0,0,0,0,2.298,legitimate
https://banking-update-169.net/update?id=9796,14,7,0,1,2,2,2,0,0,1,3.655,phishing
https://amazon-support-982.org/account?id=2026,14,8,0,1,2,1,2,0,0,1,4.201,phishing
https://paypal-secure-967.org/reset?id=4047,13,6,0,1,2,3,4,0,0,1,4.063,phishing
https://microsoft.net/docs,9,5,0,1,1,0,0,0,0,0,2.383,legitimate
https://github.edu/support,6,8,0,1,1,0,0,0,0,0,2.482,legitimate
https://banking-update-181.info/verify?id=9566,14,7,0,1,2,1,2,0,0,1,4.206,phishing
https://secure-login-242.net/verify?id=2245,12,7,0,1,2,1,4,0,0,1,3.892,phishing
https://amazon-support-703.info/update?id=9617,14,7,0,1,2,2,2,0,0,1,4.059,phishing
https://netflix.edu/products,7,9,0,1,1,0,0,0,0,0,3.06,legitimate
https://paypal-secure-785.net/login?id=4608,13,6,0,1,2,3,2,0,0,1,4.503,phishing
https://banking-update-314.com/account?id=3610,14,8,0,1,2,1,2,0,0,1,4.588,phishing
https://netflix.net/about,7,6,0,1,1,0,0,0,0,0,2.152,legitimate
https://banking-update-537.org/account?id=9873,14,8,0,1,2,3,3,0,0,1,3.498,phishing
https://banking-update-839.org/login?id=4984,14,6,0,1,2,1,1,0,0,1,4.009,phishing
https://microsoft.org/about,9,6,0,1,1,0,0,0,0,0,2.525,legitimate
https://paypal-secure-781.org/account?id=9797,13,8,0,1,2,1,2,0,0,1,3.626,phishing
https://amazon-support-450.org/account?id=7967,14,8,0,1,2,1,2,0,0,1,4.726,phishing
https://banking-update-157.org/login?id=5172,14,6,0,1,2,2,2,0,0,1,3.743,phishing
https://secure-login-162.org/account?id=3061,12,8,0,1,2,2,2,0,0,1,4.393,phishing
https://office365-login-452.net/reset?id=8342,15,6,0,1,2,1,3,0,0,1,4.335,phishing
https://example.org/about,7,6,0,1,1,0,0,0,0,0,2.411,legitimate
https://banking-update-914.net/reset?id=8370,14,6,0,1,2,2,1,0,0,1,3.669,phishing
https://banking-update-907.com/verify?id=7903,14,7,0,1,2,3,3,0,0,1,3.84,phishing
https://office365-login-489.org/verify?id=1166,15,7,0,1,2,2,3,0,0,1,4.024,phishing
https://github.net/products,6,9,0,1,1,0,0,0,0,0,2.895,legitimate
https://office365-login-390.com/account?id=9918,15,8,0,1,2,3,3,0,0,1,3.764,phishing
https://banking-update-775.com/login?id=7934,14,6,0,1,2,1,2,0,0,1,4.284,phishing
https://amazon-support-531.info/account?id=5498,14,8,0,1,2,1,4,0,0,1,3.86,phishing
https://secure-login-160.info/account?id=2394,12,8,0,1,2,1,1,0,0,1,3.561,phishing
https://netflix.com/docs,7,5,0,1,1,0,0,0,0,0,2.29,legitimate
https://microsoft.com/products,9,9,0,1,1,0,0,0,0,0,2.173,legitimate
https://amazon-support-739.org/reset?id=1873,14,6,0,1,2,2,1,0,0,1,3.261,phishing
https://paypal-secure-311.info/account?id=8488,13,8,0,1,2,2,2,0,0,1,3.722,phishing
https://office365-login-269.org/update?id=9380,15,7,0,1,2,2,1,0,0,1,4.797,phishing
https://github.net/support,6,8,0,1,1,0,0,0,0,0,2.442,legitimate
https://secure-login-606.info/verify?id=6580,12,7,0,1,2,3,3,0,0,1,4.179,phishing
https://amazon-support-431.com/verify?id=4932,14,7,0,1,2,3,4,0,0,1,3.414,phishing
https://example.net/docs,7,5,0,1,1,0,0,0,0,0,2.36,legitimate
https://amazon-support-329.com/reset?id=6652,14,6,0,1,2,1,3,0,0,1,3.41,phishing
https://github.org/docs,6,5,0,1,1,0,0,0,0,0,3.131,legitimate
https://netflix.org/docs,7,5,0,1,1,0,0,0,0,0,2.473,legitimate
https://paypal-secure-406.net/login?id=7131,13,6,0,1,2,2,3,0,0,1,4.337,phishing
https://paypal-secure-908.net/login?id=3220,13,6,0,1,2,2,4,0,0,1,4.424,phishing
https://microsoft.org/docs,9,5,0,1,1,0,0,0,0,0,2.615,legitimate
https://bankofamerica.edu/docs,13,5,0,1,1,0,0,0,0,0,2.226,legitimate
https://bankofamerica.org/docs,13,5,0,1,1,0,0,0,0,0,2.943,legitimate
https://github.edu/docs,6,5,0,1,1,0,0,0,0,0,2.884,legitimate
https://office365-login-396.org/account?id=1361,15,8,0,1,2,3,3,0,0,1,3.344,phishing
https://example.com/about,7,6,0,1,1,0,0,0,0,0,2.862,legitimate
https://amazon-support-424.org/reset?id=2001,14,6,0,1,2,3,1,0,0,1,3.652,phishing
https://netflix.edu/docs,7,5,0,1,1,0,0,0,0,0,2.164,legitimate
https://bankofamerica.org/about,13,6,0,1,1,0,0,0,0,0,2.363,legitimate
https://secure-login-308.com/login?id=5957,12,6,0,1,2,3,2,0,0,1,3.619,phishing
https://amazon-support-306.org/login?id=4511,14,6,0,1,2,3,4,0,0,1,4.307,phishing
https://microsoft.net/docs,9,5,0,1,1,0,0,0,0,0,2.223,legitimate
https://office365-login-254.com/login?id=1424,15,6,0,1,2,1,1,0,0,1,4.613,phishing
https://netflix.com/api/v1,7,7,0,1,1,0,0,0,0,0,2.047,legitimate
https://amazon-support-732.com/account?id=9612,14,8,0,1,2,3,1,0,0,1,4.09,phishing
https://paypal-secure-409.org/update?id=6905,13,7,0,1,2,1,2,0,0,1,3.387,phishing
https://secure-login-257.com/reset?id=2148,12,6,0,1,2,3,2,0,0,1,3.508,phishing
https://secure-login-552.net/login?id=3483,12,6,0,1,2,1,4,0,0,1,4.61,phishing
https://banking-update-828.com/verify?id=2133,14,7,0,1,2,2,1,0,0,1,3.218,phishing
https://secure-login-217.com/reset?id=9293,12,6,0,1,2,2,3,0,0,1,3.257,phishing
https://example.com/api/v1,7,7,0,1,1,0,0,0,0,0,2.867,legitimate
https://example.org/about,7,6,0,1,1,0,0,0,0,0,3.143,legitimate
https://amazon-support-604.org/login?id=2255,14,6,0,1,2,2,4,0,0,1,4.432,phishing
https://banking-update-869.org/verify?id=3514,14,7,0,1,2,2,4,0,0,1,3.443,phishing
https://banking-update-503.net/login?id=1427,14,6,0,1,2,1,4,0,0,1,4.735,phishing
https://paypal-secure-423.com/login?id=8200,13,6,0,1,2,1,2,0,0,1,4.416,phishing
https://banking-update-534.net/login?id=7536,14,6,0,1,2,2,1,0,0,1,3.222,phishing
https://amazon-support-983.org/reset?id=7502,14,6,0,1,2,2,2,0,0,1,4.578,phishing
https://office365-login-160.net/update?id=1479,15,7,0,1,2,2,1,0,0,1,4.388,phishing
https://paypal-secure-607.com/reset?id=2076,13,6,0,1,2,2,1,0,0,1,4.095,phishing
https://office365-login-320.net/verify?id=1501,15,7,0,1,2,2,3,0,0,1,4.623,phishing
https://github.edu/support,6,8,0,1,1,0,0,0,0,0,2.832,legitimate
https://secure-login-579.net/account?id=6489,12,8,0,1,2,3,1,0,0,1,4.545,phishing
https://office365-login-958.info/reset?id=3316,15,6,0,1,2,3,3,0,0,1,4.081,phishing
https://amazon-support-991.info/verify?id=2844,14,7,0,1,2,1,1,0,0,1,4.631,phishing
https://example.org/about,7,6,0,1,1,0,0,0,0,0,2.623,legitimate
https://office365-login-655.org/update?id=4378,15,7,0,1,2,3,4,0,0,1,3.513,phishing
https://bankofamerica.org/api/v1,13,7,0,1,1,0,0,0,0,0,2.638,legitimate
https://office365-login-549.org/verify?id=6965,15,7,0,1,2,3,3,0,0,1,3.861,phishing
https://github.net/products,6,9,0,1,1,0,0,0,0,0,3.132,legitimate
https://banking-update-885.net/update?id=2447,14,7,0,1,2,1,1,0,0,1,3.841,phishing
https://amazon-support-688.info/account?id=8246,14,8,0,1,2,2,4,0,0,1,3.26,phishing
https://secure-login-625.info/login?id=2694,12,6,0,1,2,1,3,0,0,1,3.605,phishing
https://banking-update-215.net/reset?id=6105,14,6,0,1,2,3,2,0,0,1,4.325,phishing
https://example.net/support,7,8,0,1,1,0,0,0,0,0,2.457,legitimate
https://banking-update-998.com/account?id=7144,14,8,0,1,2,1,1,0,0,1,4.026,phishing
https://paypal-secure-447.info/verify?id=5417,13,7,0,1,2,2,3,0,0,1,4.656,phishing
https://banking-update-618.net/update?id=5185,14,7,0,1,2,1,4,0,0,1,3.923,phishing
https://example.org/about,7,6,0,1,1,0,0,0,0,0,3.053,legitimate
https://amazon-support-967.info/verify?id=6802,14,7,0,1,2,3,4,0,0,1,4.461,phishing
https://office365-login-194.com/login?id=7777,15,6,0,1,2,3,2,0,0,1,3.444,phishing
https://bankofamerica.net/support,13,8,0,1,1,0,0,0,0,0,2.566,legitimate
https://office365-login-861.com/update?id=4402,15,7,0,1,2,2,2,0,0,1,4.056,phishing
https://paypal-secure-121.info/update?id=4173,13,7,0,1,2,2,1,0,0,1,4.449,phishing
https://paypal-secure-133.org/verify?id=9906,13,7,0,1,2,1,1,0,0,1,3.502,phishing
https://github.com/api/v1,6,7,0,1,1,0,0,0,0,0,2.33,legitimate
https://amazon-support-992.info/account?id=8763,14,8,0,1,2,2,1,0,0,1,3.225,phishing
https://banking-update-443.info/reset?id=3033,14,6,0,1,2,2,2,0,0,1,4.15,phishing
https://amazon-support-689.org/update?id=6395,14,7,0,1,2,2,2,0,0,1,4.536,phishing
https://microsoft.edu/products,9,9,0,1,1,0,0,0,0,0,2.157,legitimate
https://secure-login-214.com/login?id=7797,12,6,0,1,2,3,1,0,0,1,4.237,phishing
https://amazon-support-693.info/update?id=5662,14,7,0,1,2,3,3,0,0,1,4.136,phishing
https://paypal-secure-664.org/account?id=4734,13,8,0,1,2,1,4,0,0,1,3.646,phishing
https://netflix.net/docs,7,5,0,1,1,0,0,0,0,0,2.824,legitimate
https://paypal-secure-555.com/login?id=1209,13,6,0,1,2,2,1,0,0,1,3.401,phishing
https://github.edu/products,6,9,0,1,1,0,0,0,0,0,2.486,legitimate
https://office365-login-994.com/verify?id=5943,15,7,0,1,2,3,3,0,0,1,3.344,phishing
https://github.org/api/v1,6,7,0,1,1,0,0,0,0,0,2.376,legitimate
https://office365-login-594.net/account?id=3768,15,8,0,1,2,3,4,0,0,1,4.341,phishing
https://microsoft.com/api/v1,9,7,0,1,1,0,0,0,0,0,2.058,legitimate
https://amazon-support-752.org/verify?id=8476,14,7,0,1,2,3,4,0,0,1,3.353,phishing
https://secure-login-955.net/login?id=9596,12,6,0,1,2,2,1,0,0,1,4.28,phishing
https://secure-login-838.info/login?id=1033,12,6,0,1,2,2,1,0,0,1,3.386,phishing
https://paypal-secure-363.info/update?id=5171,13,7,0,1,2,2,1,0,0,1,4.749,phishing
https://netflix.org/docs,7,5,0,1,1,0,0,0,0,0,2.91,legitimate
https://amazon-support-994.net/verify?id=9019,14,7,0,1,2,1,3,0,0,1,4.752,phishing
https://banking-update-672.org/verify?id=9119,14,7,0,1,2,2,1,0,0,1,3.29,phishing
https://paypal-secure-348.net/verify?id=3827,13,7,0,1,2,2,1,0,0,1,3.451,phishing
https://netflix.com/support,7,8,0,1,1,0,0,0,0,0,3.163,legitimate
https://microsoft.net/support,9,8,0,1,1,0,0,0,0,0,3.166,legitimate
https://banking-update-845.org/update?id=1319,14,7,0,1,2,1,4,0,0,1,3.777,phishing
https://bankofamerica.org/support,13,8,0,1,1,0,0,0,0,0,2.776,legitimate
https://paypal-secure-512.org/verify?id=9677,13,7,0,1,2,1,1,0,0,1,4.43,phishing
https://paypal-secure-109.net/update?id=1346,13,7,0,1,2,2,1,0,0,1,4.497,phishing
https://paypal-secure-869.org/update?id=4683,13,7,0,1,2,1,1,0,0,1,3.998,phishing
https://example.org/about,7,6,0,1,1,0,0,0,0,0,2.606,legitimate
https://banking-update-653.org/verify?id=8213,14,7,0,1,2,2,2,0,0,1,4.185,phishing
https://banking-update-931.info/verify?id=6575,14,7,0,1,2,2,3,0,0,1,3.907,phishing
https://banking-update-191.info/verify?id=9353,14,7,0,1,2,1,1,0,0,1,3.915,phishing
https://banking-update-458.org/reset?id=1057,14,6,0,1,2,1,2,0,0,1,3.692,phishing
https://bankofamerica.com/api/v1,13,7,0,1,1,0,0,0,0,0,2.525,legitimate
https://secure-login-321.net/login?id=3048,12,6,0,1,2,3,4,0,0,1,4.261,phishing
https://github.org/about,6,6,0,1,1,0,0,0,0,0,3.143,legitimate
https://paypal-secure-871.com/update?id=5225,13,7,0,1,2,1,4,0,0,1,3.563,phishing
https://secure-login-762.info/account?id=3432,12,8,0,1,2,2,4,0,0,1,3.84,phishing
https://paypal-secure-825.net/verify?id=4278,13,7,0,1,2,2,1,0,0,1,3.299,phishing
https://bankofamerica.net/products,13,9,0,1,1,0,0,0,0,0,2.721,legitimate
https://office365-login-336.org/update?id=4556,15,7,0,1,2,2,2,0,0,1,3.439,phishing
https://microsoft.org/support,9,8,0,1,1,0,0,0,0,0,2.277,legitimate
https://office365-login-290.org/account?id=6521,15,8,0,1,2,3,2,0,0,1,3.363,phishing
https://office365-login-107.org/login?id=9900,15,6,0,1,2,3,3,0,0,1,3.428,phishing
https://paypal-secure-111.net/update?id=5376,13,7,0,1,2,1,2,0,0,1,3.573,phishing
https://example.org/support,7,8,0,1,1,0,0,0,0,0,2.337,legitimate
https://paypal-secure-761.net/verify?id=8976,13,7,0,1,2,3,1,0,0,1,3.631,phishing
https://paypal-secure-588.info/login?id=7897,13,6,0,1,2,3,4,0,0,1,4.065,phishing
https://microsoft.edu/about,9,6,0,1,1,0,0,0,0,0,3.013,legitimate
https://amazon-support-476.net/login?id=9019,14,6,0,1,2,3,2,0,0,1,3.942,phishing
https://banking-update-430.info/login?id=4379,14,6,0,1,2,3,2,0,0,1,4.207,phishing
https://secure-login-642.org/reset?id=6941,12,6,0,1,2,3,2,0,0,1,3.621,phishing
https://netflix.org/support,7,8,0,1,1,0,0,0,0,0,2.046,legitimate
https://secure-login-983.org/reset?id=4566,12,6,0,1,2,3,2,0,0,1,3.328,phishing
https://office365-login-708.net/login?id=9352,15,6,0,1,2,2,4,0,0,1,4.742,phishing
https://example.com/api/v1,7,7,0,1,1,0,0,0,0,0,2.398,legitimate
https://banking-update-512.org/login?id=8499,14,6,0,1,2,1,3,0,0,1,3.991,phishing
https://amazon-support-245.org/account?id=6871,14,8,0,1,2,3,1,0,0,1,4.625,phishing
https://secure-login-417.info/account?id=3402,12,8,0,1,2,2,4,0,0,1,3.47,phishing
https://amazon-support-793.org/account?id=8237,14,8,0,1,2,2,2,0,0,1,4.116,phishing
https://bankofamerica.edu/support,13,8,0,1,1,0,0,0,0,0,2.404,legitimate
https://paypal-secure-676.net/reset?id=6699,13,6,0,1,2,2,3,0,0,1,3.864,phishing
https://amazon-support-581.net/login?id=1953,14,6,0,1,2,3,4,0,0,1,3.548,phishing
https://paypal-secure-853.com/account?id=8663,13,8,0,1,2,1,4,0,0,1,4.274,phishing
https://office365-login-772.info/update?id=8556,15,7,0,1,2,1,2,0,0,1,3.472,phishing
https://github.net/about,6,6,0,1,1,0,0,0,0,0,2.677,legitimate
https://paypal-secure-105.org/update?id=2573,13,7,0,1,2,3,1,0,0,1,3.253,phishing
https://secure-login-837.org/update?id=1375,12,7,0,1,2,3,4,0,0,1,3.533,phishing
https://bankofamerica.net/about,13,6,0,1,1,0,0,0,0,0,2.365,legitimate
https://netflix.org/products,7,9,0,1,1,0,0,0,0,0,2.617,legitimate
https://amazon-support-541.com/update?id=1954,14,7,0,1,2,3,1,0,0,1,4.159,phishing
https://banking-update-753.info/verify?id=2760,14,7,0,1,2,1,3,0,0,1,3.76,phishing
https://office365-login-545.info/update?id=5917,15,7,0,1,2,2,4,0,0,1,4.468,phishing
https://office365-login-158.org/reset?id=6334,15,6,0,1,2,1,1,0,0,1,4.255,phishing
https://amazon-support-295.com/reset?id=8249,14,6,0,1,2,3,3,0,0,1,4.384,phishing
https://secure-login-380.net/update?id=5022,12,7,0,1,2,2,3,0,0,1,3.269,phishing
https://netflix.edu/support,7,8,0,1,1,0,0,0,0,0,2.257,legitimate
https://office365-login-253.info/login?id=4927,15,6,0,1,2,1,4,0,0,1,3.649,phishing
https://bankofamerica.edu/api/v1,13,7,0,1,1,0,0,0,0,0,2.358,legitimate
https://github.edu/support,6,8,0,1,1,0,0,0,0,0,2.487,legitimate
https://paypal-secure-802.net/login?id=6827,13,6,0,1,2,2,1,0,0,1,4.516,phishing
https://paypal-secure-659.com/reset?id=1737,13,6,0,1,2,1,3,0,0,1,4.588,phishing
https://amazon-support-100.org/update?id=5909,14,7,0,1,2,3,1,0,0,1,3.539,phishing
https://banking-update-540.info/update?id=3007,14,7,0,1,2,3,1,0,0,1,3.882,phishing
https://paypal-secure-872.info/login?id=4895,13,6,0,1,2,3,4,0,0,1,4.318,phishing
https://netflix.net/support,7,8,0,1,1,0,0,0,0,0,2.853,legitimate
https://netflix.com/docs,7,5,0,1,1,0,0,0,0,0,2.945,legitimate
https://amazon-support-321.net/account?id=7108,14,8,0,1,2,1,4,0,0,1,4.343,phishing
https://paypal-secure-627.com/account?id=6141,13,8,0,1,2,2,1,0,0,1,4.426,phishing
https://secure-login-297.info/update?id=9497,12,7,0,1,2,1,1,0,0,1,4.786,phishing
https://example.org/about,7,6,0,1,1,0,0,0,0,0,2.973,legitimate
https://example.com/about,7,6,0,1,1,0,0,0,0,0,2.671,legitimate
https://paypal-secure-681.info/reset?id=2899,13,6,0,1,2,1,4,0,0,1,4.201,phishing
https://example.edu/about,7,6,0,1,1,0,0,0,0,0,2.145,legitimate
https://secure-login-521.net/reset?id=9720,12,6,0,1,2,2,1,0,0,1,4.003,phishing
https://microsoft.com/products,9,9,0,1,1,0,0,0,0,0,2.009,legitimate
https://amazon-support-971.net/reset?id=4342,14,6,0,1,2,3,2,0,0,1,4.402,phishing
https://netflix.edu/docs,7,5,0,1,1,0,0,0,0,0,2.588,legitimate
https://example.net/docs,7,5,0,1,1,0,0,0,0,0,2.184,legitimate
https://office365-login-880.net/login?id=4190,15,6,0,1,2,2,3,0,0,1,3.461,phishing
https://secure-login-781.info/login?id=1854,12,6,0,1,2,1,4,0,0,1,4.596,phishing
https://banking-update-634.org/verify?id=6714,14,7,0,1,2,2,2,0,0,1,4.346,phishing
https://paypal-secure-208.org/update?id=2118,13,7,0,1,2,3,2,0,0,1,4.648,phishing
https://bankofamerica.com/api/v1,13,7,0,1,1,0,0,0,0,0,3.1,legitimate
https://netflix.edu/docs,7,5,0,1,1,0,0,0,0,0,2.515,legitimate
https://paypal-secure-220.net/login?id=8071,13,6,0,1,2,1,1,0,0,1,4.067,phishing
https://bankofamerica.org/support,13,8,0,1,1,0,0,0,0,0,3.013,legitimate
https://bankofamerica.com/api/v1,13,7,0,1,1,0,0,0,0,0,2.389,legitimate
https://secure-login-837.org/reset?id=3222,12,6,0,1,2,1,4,0,0,1,4.461,phishing
https://amazon-support-540.info/reset?id=9272,14,6,0,1,2,3,1,0,0,1,4.553,phishing
https://microsoft.com/support,9,8,0,1,1,0,0,0,0,0,2.915,legitimate
https://example.edu/about,7,6,0,1,1,0,0,0,0,0,2.037,legitimate
https://paypal-secure-962.net/login?id=4557,13,6,0,1,2,2,1,0,0,1,4.03,phishing
https://amazon-support-887.com/reset?id=1218,14,6,0,1,2,2,3,0,0,1,4.395,phishing
https://example.com/support,7,8,0,1,1,0,0,0,0,0,2.599,legitimate
https://paypal-secure-535.net/verify?id=6335,13,7,0,1,2,2,3,0,0,1,4.106,phishing
https://banking-update-796.com/reset?id=6446,14,6,0,1,2,3,1,0,0,1,3.862,phishing
https://banking-update-507.info/verify?id=8081,14,7,0,1,2,3,2,0,0,1,4.295,phishing
https://amazon-support-364.com/update?id=3320,14,7,0,1,2,3,3,0,0,1,3.325,phishing
https://secure-login-735.com/verify?id=6883,12,7,0,1,2,2,4,0,0,1,4.652,phishing
https://office365-login-515.info/update?id=7398,15,7,0,1,2,3,1,0,0,1,4.605,phishing
https://bankofamerica.com/docs,13,5,0,1,1,0,0,0,0,0,2.469,legitimate
https://github.net/api/v1,6,7,0,1,1,0,0,0,0,0,2.629,legitimate
https://paypal-secure-788.org/verify?id=7149,13,7,0,1,2,3,3,0,0,1,4.132,phishing
https://banking-update-925.net/reset?id=8307,14,6,0,1,2,2,1,0,0,1,3.394,phishing
https://office365-login-108.org/update?id=4107,15,7,0,1,2,2,2,0,0,1,3.632,phishing
https://netflix.net/products,7,9,0,1,1,0,0,0,0,0,2.781,legitimate
https://amazon-support-959.org/account?id=9153,14,8,0,1,2,3,4,0,0,1,4.514,phishing
https://office365-login-941.com/verify?id=9146,15,7,0,1,2,1,2,0,0,1,3.339,phishing
https://github.org/about,6,6,0,1,1,0,0,0,0,0,2.215,legitimate
https://office365-login-951.info/update?id=1554,15,7,0,1,2,1,3,0,0,1,4.392,phishing
https://secure-login-499.info/reset?id=2024,12,6,0,1,2,2,2,0,0,1,3.373,phishing
https://example.edu/api/v1,7,7,0,1,1,0,0,0,0,0,2.01,legitimate
https://office365-login-885.info/account?id=2436,15,8,0,1,2,1,1,0,0,1,4.024,phishing
https://banking-update-727.com/verify?id=4767,14,7,0,1,2,2,2,0,0,1,3.588,phishing
https://paypal-secure-187.com/reset?id=3406,13,6,0,1,2,3,3,0,0,1,4.666,phishing
https://bankofamerica.com/about,13,6,0,1,1,0,0,0,0,0,3.091,legitimate
https://paypal-secure-926.info/login?id=9818,13,6,0,1,2,2,2,0,0,1,3.624,phishing
https://bankofamerica.net/products,13,9,0,1,1,0,0,0,0,0,2.71,legitimate
https://amazon-support-198.com/account?id=2880,14,8,0,1,2,2,2,0,0,1,3.565,phishing
https://secure-login-211.com/reset?id=1253,12,6,0,1,2,1,4,0,0,1,3.441,phishing
https://banking-update-631.info/update?id=8130,14,7,0,1,2,1,3,0,0,1,3.779,phishing
https://amazon-support-527.info/account?id=4493,14,8,0,1,2,3,3,0,0,1,4.004,phishing
https://bankofamerica.org/products,13,9,0,1,1,0,0,0,0,0,2.989,legitimate
https://amazon-support-231.info/account?id=6274,14,8,0,1,2,1,3,0,0,1,3.387,phishing
https://netflix.org/support,7,8,0,1,1,0,0,0,0,0,2.03,legitimate
https://office365-login-474.info/verify?id=4774,15,7,0,1,2,3,2,0,0,1,4.017,phishing
https://paypal-secure-506.info/update?id=8746,13,7,0,1,2,2,4,0,0,1,4.664,phishing
https://netflix.org/support,7,8,0,1,1,0,0,0,0,0,2.655,legitimate
https://amazon-support-840.org/login?id=3119,14,6,0,1,2,1,4,0,0,1,3.701,phishing
https://office365-login-468.org/reset?id=4106,15,6,0,1,2,1,3,0,0,1,4.443,phishing
https://microsoft.org/docs,9,5,0,1,1,0,0,0,0,0,2.788,legitimate
https://amazon-support-909.com/verify?id=5314,14,7,0,1,2,1,1,0,0,1,4.217,phishing
https://banking-update-393.com/verify?id=6824,14,7,0,1,2,1,4,0,0,1,4.69,phishing
https://banking-update-309.info/verify?id=4498,14,7,0,1,2,1,4,0,0,1,3.355,phishing
https://amazon-support-938.net/account?id=4981,14,8,0,1,2,2,4,0,0,1,3.463,phishing
https://secure-login-194.org/login?id=1412,12,6,0,1,2,1,2,0,0,1,4.467,phishing
https://amazon-support-714.info/reset?id=9131,14,6,0,1,2,2,3,0,0,1,4.502,phishing
https://example.com/products,7,9,0,1,1,0,0,0,0,0,2.614,legitimate
https://office365-login-686.com/verify?id=3514,15,7,0,1,2,2,3,0,0,1,3.548,phishing
https://office365-login-395.net/update?id=1737,15,7,0,1,2,1,2,0,0,1,3.388,phishing
https://office365-login-670.info/verify?id=1671,15,7,0,1,2,2,1,0,0,1,3.664,phishing
https://paypal-secure-323.info/reset?id=7493,13,6,0,1,2,3,4,0,0,1,3.695,phishing
https://banking-update-570.info/login?id=1294,14,6,0,1,2,1,4,0,0,1,3.816,phishing
https://github.net/docs,6,5,0,1,1,0,0,0,0,0,2.004,legitimate
https://microsoft.org/api/v1,9,7,0,1,1,0,0,0,0,0,3.026,legitimate
https://office365-login-906.com/account?id=9827,15,8,0,1,2,1,1,0,0,1,4.13,phishing
https://netflix.net/support,7,8,0,1,1,0,0,0,0,0,2.198,legitimate
https://amazon-support-536.org/account?id=5283,14,8,0,1,2,3,2,0,0,1,4.158,phishing
https://paypal-secure-759.info/verify?id=8059,13,7,0,1,2,3,2,0,0,1,4.26,phishing
https://banking-update-133.org/update?id=5475,14,7,0,1,2,3,3,0,0,1,4.782,phishing
https://office365-login-310.info/verify?id=6571,15,7,0,1,2,3,3,0,0,1,4.125,phishing
https://example.com/support,7,8,0,1,1,0,0,0,0,0,2.789,legitimate
https://microsoft.edu/docs,9,5,0,1,1,0,0,0,0,0,2.185,legitimate
https://paypal-secure-867.com/update?id=4850,13,7,0,1,2,2,1,0,0,1,3.958,phishing
https://github.org/products,6,9,0,1,1,0,0,0,0,0,2.303,legitimate
https://example.com/products,7,9,0,1,1,0,0,0,0,0,2.872,legitimate
https://amazon-support-364.info/reset?id=3734,14,6,0,1,2,1,2,0,0,1,3.999,phishing
https://example.org/products,7,9,0,1,1,0,0,0,0,0,2.232,legitimate
https://amazon-support-600.org/account?id=7549,14,8,0,1,2,2,4,0,0,1,4.031,phishing
https://amazon-support-907.net/verify?id=7965,14,7,0,1,2,1,2,0,0,1,4.534,phishing
https://banking-update-174.info/reset?id=6669,14,6,0,1,2,1,1,0,0,1,4.736,phishing
https://amazon-support-905.net/update?id=9050,14,7,0,1,2,1,2,0,0,1,3.521,phishing
https://banking-update-472.org/login?id=1451,14,6,0,1,2,1,1,0,0,1,3.32,phishing
https://paypal-secure-638.info/verify?id=1003,13,7,0,1,2,2,3,0,0,1,3.493,phishing
https://amazon-support-260.org/reset?id=2222,14,6,0,1,2,2,1,0,0,1,3.339,phishing
https://netflix.net/docs,7,5,0,1,1,0,0,0,0,0,2.96,legitimate
https://amazon-support-118.org/reset?id=6109,14,6,0,1,2,3,1,0,0,1,3.748,phishing
https://bankofamerica.com/products,13,9,0,1,1,0,0,0,0,0,2.545,legitimate
https://microsoft.net/api/v1,9,7,0,1,1,0,0,0,0,0,2.465,legitimate
https://paypal-secure-146.org/login?id=3969,13,6,0,1,2,1,4,0,0,1,3.49,phishing
https://office365-login-621.com/verify?id=7339,15,7,0,1,2,3,4,0,0,1,4.769,phishing
https://github.net/docs,6,5,0,1,1,0,0,0,0,0,2.797,legitimate
https://github.edu/products,6,9,0,1,1,0,0,0,0,0,2.742,legitimate
https://banking-update-221.org/login?id=2894,14,6,0,1,2,3,3,0,0,1,3.693,phishing
https://banking-update-740.org/account?id=3996,14,8,0,1,2,3,4,0,0,1,3.207,phishing
https://microsoft.edu/products,9,9,0,1,1,0,0,0,0,0,2.61,legitimate
https://secure-login-135.org/login?id=9581,12,6,0,1,2,2,4,0,0,1,3.521,phishing
https://banking-update-400.org/reset?id=4482,14,6,0,1,2,3,2,0,0,1,4.789,phishing
https://amazon-support-272.org/login?id=7269,14,6,0,1,2,1,2,0,0,1,3.984,phishing
https://microsoft.edu/support,9,8,0,1,1,0,0,0,0,0,2.472,legitimate
https://github.edu/support,6,8,0,1,1,0,0,0,0,0,2.533,legitimate
https://microsoft.edu/support,9,8,0,1,1,0,0,0,0,0,2.76,legitimate
https://example.edu/about,7,6,0,1,1,0,0,0,0,0,3.01,legitimate
https://bankofamerica.edu/products,13,9,0,1,1,0,0,0,0,0,3.089,legitimate
https://example.org/about,7,6,0,1,1,0,0,0,0,0,2.028,legitimate
https://banking-update-714.org/account?id=1091,14,8,0,1,2,3,3,0,0,1,4.287,phishing
https://netflix.net/about,7,6,0,1,1,0,0,0,0,0,3.054,legitimate
https://amazon-support-342.info/login?id=8224,14,6,0,1,2,2,3,0,0,1,4.086,phishing
https://microsoft.com/about,9,6,0,1,1,0,0,0,0,0,2.275,legitimate
https://secure-login-694.info/update?id=4088,12,7,0,1,2,1,1,0,0,1,3.596,phishing
https://amazon-support-930.com/verify?id=1478,14,7,0,1,2,2,2,0,0,1,3.934,phishing
https://amazon-support-101.com/verify?id=7329,14,7,0,1,2,1,2,0,0,1,4.497,phishing
https://example.edu/docs,7,5,0,1,1,0,0,0,0,0,2.055,legitimate
https://bankofamerica.net/about,13,6,0,1,1,0,0,0,0,0,2.62,legitimate
https://microsoft.net/api/v1,9,7,0,1,1,0,0,0,0,0,2.243,legitimate
https://banking-update-763.org/verify?id=7996,14,7,0,1,2,2,4,0,0,1,4.582,phishing
https://bankofamerica.org/api/v1,13,7,0,1,1,0,0,0,0,0,3.084,legitimate
https://secure-login-214.org/verify?id=6499,12,7,0,1,2,3,2,0,0,1,4.452,phishing
https://netflix.edu/docs,7,5,0,1,1,0,0,0,0,0,2.064,legitimate
https://office365-login-145.org/update?id=8912,15,7,0,1,2,3,1,0,0,1,4.291,phishing
https://paypal-secure-630.org/verify?id=5298,13,7,0,1,2,3,4,0,0,1,3.961,phishing
https://office365-login-983.net/account?id=1355,15,8,0,1,2,2,1,0,0,1,3.622,phishing
https://amazon-support-376.org/verify?id=8750,14,7,0,1,2,3,2,0,0,1,4.568,phishing
https://amazon-support-132.net/update?id=4042,14,7,0,1,2,2,1,0,0,1,4.362,phishing
https://microsoft.edu/products,9,9,0,1,1,0,0,0,0,0,2.907,legitimate
https://paypal-secure-714.com/account?id=3987,13,8,0,1,2,1,4,0,0,1,4.676,phishing
https://netflix.com/api/v1,7,7,0,1,1,0,0,0,0,0,2.225,legitimate
https://amazon-support-816.info/login?id=4393,14,6,0,1,2,1,4,0,0,1,3.858,phishing
https://paypal-secure-897.info/reset?id=1191,13,6,0,1,2,2,1,0,0,1,4.414,phishing
https://banking-update-130.info/login?id=8001,14,6,0,1,2,2,1,0,0,1,3.994,phishing
https://netflix.org/support,7,8,0,1,1,0,0,0,0,0,2.817,legitimate
https://secure-login-300.info/reset?id=1174,12,6,0,1,2,1,3,0,0,1,4.028,phishing
https://microsoft.org/products,9,9,0,1,1,0,0,0,0,0,3.116,legitimate
https://amazon-support-998.com/verify?id=5297,14,7,0,1,2,3,2,0,0,1,3.967,phishing
https://secure-login-220.com/account?id=8400,12,8,0,1,2,3,2,0,0,1,4.467,phishing
https://github.org/docs,6,5,0,1,1,0,0,0,0,0,2.514,legitimate
https://github.edu/about,6,6,0,1,1,0,0,0,0,0,3.193,legitimate
https://netflix.edu/support,7,8,0,1,1,0,0,0,0,0,2.259,legitimate
https://office365-login-741.com/update?id=7090,15,7,0,1,2,2,1,0,0,1,4.552,phishing
https://bankofamerica.net/support,13,8,0,1,1,0,0,0,0,0,2.75,legitimate
https://amazon-support-953.net/account?id=1618,14,8,0,1,2,1,4,0,0,1,3.81,phishing
https://secure-login-466.net/account?id=7546,12,8,0,1,2,2,3,0,0,1,4.75,phishing
https://example.net/support,7,8,0,1,1,0,0,0,0,0,2.771,legitimate
https://amazon-support-923.info/login?id=3949,14,6,0,1,2,3,4,0,0,1,3.534,phishing
https://paypal-secure-465.net/reset?id=4522,13,6,0,1,2,1,3,0,0,1,3.207,phishing
https://office365-login-243.com/reset?id=1638,15,6,0,1,2,3,4,0,0,1,4.693,phishing
https://paypal-secure-995.info/reset?id=3038,13,6,0,1,2,3,1,0,0,1,4.107,phishing
https://example.edu/about,7,6,0,1,1,0,0,0,0,0,2.637,legitimate
https://bankofamerica.edu/products,13,9,0,1,1,0,0,0,0,0,2.908,legitimate
https://banking-update-930.net/reset?id=9608,14,6,0,1,2,3,2,0,0,1,3.633,phishing
https://github.org/support,6,8,0,1,1,0,0,0,0,0,2.996,legitimate
https://paypal-secure-248.net/update?id=4076,13,7,0,1,2,3,2,0,0,1,3.899,phishing
https://office365-login-616.info/login?id=6624,15,6,0,1,2,1,3,0,0,1,3.784,phishing
https://banking-update-446.com/verify?id=1672,14,7,0,1,2,1,1,0,0,1,4.699,phishing
https://banking-update-368.info/verify?id=9221,14,7,0,1,2,2,4,0,0,1,3.365,phishing
https://example.edu/support,7,8,0,1,1,0,0,0,0,0,2.665,legitimate
https://paypal-secure-622.info/login?id=3231,13,6,0,1,2,3,3,0,0,1,3.661,phishing
https://example.org/about,7,6,0,1,1,0,0,0,0,0,2.032,legitimate
https://microsoft.edu/about,9,6,0,1,1,0,0,0,0,0,2.941,legitimate
https://office365-login-620.info/verify?id=9368,15,7,0,1,2,1,1,0,0,1,4.012,phishing
https://bankofamerica.net/products,13,9,0,1,1,0,0,0,0,0,2.931,legitimate
https://banking-update-378.org/update?id=7096,14,7,0,1,2,3,2,0,0,1,3.792,phishing
https://example.org/api/v1,7,7,0,1,1,0,0,0,0,0,2.617,legitimate
https://amazon-support-710.net/update?id=8699,14,7,0,1,2,3,1,0,0,1,3.227,phishing
https://amazon-support-714.info/verify?id=5656,14,7,0,1,2,3,3,0,0,1,4.111,phishing
https://microsoft.edu/docs,9,5,0,1,1,0,0,0,0,0,2.524,legitimate
https://secure-login-774.info/update?id=9004,12,7,0,1,2,1,2,0,0,1,3.728,phishing
https://amazon-support-895.com/account?id=8379,14,8,0,1,2,2,4,0,0,1,3.622,phishing
https://example.net/about,7,6,0,1,1,0,0,0,0,0,2.149,legitimate
https://office365-login-795.org/account?id=8908,15,8,0,1,2,2,3,0,0,1,3.516,phishing
https://amazon-support-810.info/login?id=4308,14,6,0,1,2,2,1,0,0,1,3.994,phishing
https://example.com/about,7,6,0,1,1,0,0,0,0,0,2.34,legitimate
https://secure-login-461.net/verify?id=6826,12,7,0,1,2,3,3,0,0,1,4.62,phishing
https://banking-update-534.net/login?id=4517,14,6,0,1,2,1,3,0,0,1,4.471,phishing
https://microsoft.net/products,9,9,0,1,1,0,0,0,0,0,2.611,legitimate
https://secure-login-408.info/login?id=2501,12,6,0,1,2,1,4,0,0,1,4.415,phishing
https://office365-login-190.com/update?id=7071,15,7,0,1,2,2,4,0,0,1,4.095,phishing
https://example.net/support,7,8,0,1,1,0,0,0,0,0,2.278,legitimate
https://banking-update-798.com/reset?id=4974,14,6,0,1,2,1,4,0,0,1,3.258,phishing
https://secure-login-190.info/login?id=1547,12,6,0,1,2,2,3,0,0,1,4.464,phishing
https://secure-login-210.com/login?id=7052,12,6,0,1,2,1,2,0,0,1,3.27,phishing
https://paypal-secure-825.com/reset?id=4110,13,6,0,1,2,3,2,0,0,1,4.332,phishing
https://microsoft.org/products,9,9,0,1,1,0,0,0,0,0,2.705,legitimate
https://paypal-secure-673.net/reset?id=8332,13,6,0,1,2,3,2,0,0,1,4.71,phishing
https://example.org/support,7,8,0,1,1,0,0,0,0,0,2.357,legitimate
https://microsoft.com/products,9,9,0,1,1,0,0,0,0,0,2.928,legitimate
https://office365-login-856.info/account?id=1129,15,8,0,1,2,3,2,0,0,1,3.678,phishing
https://office365-login-860.info/account?id=7631,15,8,0,1,2,2,3,0,0,1,3.969,phishing
https://banking-update-968.info/verify?id=1491,14,7,0,1,2,2,4,0,0,1,4.237,phishing
https://office365-login-940.org/reset?id=8112,15,6,0,1,2,2,2,0,0,1,3.908,phishing
https://github.com/support,6,8,0,1,1,0,0,0,0,0,2.569,legitimate
https://github.edu/support,6,8,0,1,1,0,0,0,0,0,2.68,legitimate
https://secure-login-413.org/login?id=5214,12,6,0,1,2,2,2,0,0,1,4.772,phishing
https://amazon-support-929.net/login?id=6358,14,6,0,1,2,2,4,0,0,1,3.845,phishing
https://office365-login-256.info/login?id=7207,15,6,0,1,2,3,1,0,0,1,4.555,phishing
https://microsoft.edu/support,9,8,0,1,1,0,0,0,0,0,2.466,legitimate
https://secure-login-777.com/login?id=9810,12,6,0,1,2,1,2,0,0,1,4.122,phishing
https://bankofamerica.org/about,13,6,0,1,1,0,0,0,0,0,2.46,legitimate
https://office365-login-578.com/account?id=4404,15,8,0,1,2,1,4,0,0,1,4.331,phishing
https://example.net/docs,7,5,0,1,1,0,0,0,0,0,2.245,legitimate
https://amazon-support-613.info/update?id=5007,14,7,0,1,2,1,3,0,0,1,4.46,phishing
https://banking-update-778.info/update?id=7543,14,7,0,1,2,3,3,0,0,1,4.521,phishing
https://banking-update-461.com/login?id=6526,14,6,0,1,2,1,2,0,0,1,4.667,phishing
https://banking-update-754.org/verify?id=5185,14,7,0,1,2,3,3,0,0,1,3.544,phishing
https://office365-login-137.net/update?id=7023,15,7,0,1,2,2,1,0,0,1,3.609,phishing
https://office365-login-281.info/verify?id=1693,15,7,0,1,2,1,3,0,0,1,3.441,phishing
https://netflix.net/products,7,9,0,1,1,0,0,0,0,0,2.3,legitimate
https://github.org/docs,6,5,0,1,1,0,0,0,0,0,2.299,legitimate
https://secure-login-640.com/reset?id=6695,12,6,0,1,2,3,1,0,0,1,4.487,phishing
https://paypal-secure-424.net/account?id=9967,13,8,0,1,2,2,1,0,0,1,4.069,phishing
https://office365-login-826.net/account?id=9203,15,8,0,1,2,2,4,0,0,1,3.857,phishing
https://bankofamerica.net/support,13,8,0,1,1,0,0,0,0,0,2.83,legitimate
https://amazon-support-309.net/account?id=9977,14,8,0,1,2,1,1,0,0,1,3.844,phishing
https://netflix.com/products,7,9,0,1,1,0,0,0,0,0,2.052,legitimate
https://office365-login-373.com/reset?id=6727,15,6,0,1,2,2,3,0,0,1,4.129,phishing
https://github.com/about,6,6,0,1,1,0,0,0,0,0,3.017,legitimate
https://office365-login-735.info/reset?id=8032,15,6,0,1,2,1,1,0,0,1,4.483,phishing
https://secure-login-419.net/login?id=1102,12,6,0,1,2,3,4,0,0,1,3.967,phishing
https://github.com/api/v1,6,7,0,1,1,0,0,0,0,0,2.048,legitimate
https://secure-login-211.net/account?id=7577,12,8,0,1,2,3,4,0,0,1,3.66,phishing
https://bankofamerica.net/docs,13,5,0,1,1,0,0,0,0,0,2.339,legitimate
https://office365-login-351.com/verify?id=2354,15,7,0,1,2,3,2,0,0,1,3.91,phishing
https://paypal-secure-535.net/update?id=7737,13,7,0,1,2,2,4,0,0,1,4.569,phishing
https://office365-login-523.org/login?id=6829,15,6,0,1,2,2,1,0,0,1,3.87,phishing
https://banking-update-446.info/verify?id=3454,14,7,0,1,2,2,4,0,0,1,4.704,phishing
https://bankofamerica.net/products,13,9,0,1,1,0,0,0,0,0,2.897,legitimate
https://amazon-support-107.com/login?id=6836,14,6,0,1,2,3,4,0,0,1,4.08,phishing
https://secure-login-573.com/verify?id=2245,12,7,0,1,2,1,2,0,0,1,3.333,phishing
https://banking-update-307.org/reset?id=3952,14,6,0,1,2,1,3,0,0,1,4.479,phishing
https://office365-login-744.net/login?id=7071,15,6,0,1,2,2,3,0,0,1,4.375,phishing
https://example.net/about,7,6,0,1,1,0,0,0,0,0,2.568,legitimate
https://banking-update-248.info/account?id=2773,14,8,0,1,2,3,2,0,0,1,3.251,phishing
https://banking-update-867.info/update?id=9656,14,7,0,1,2,2,3,0,0,1,4.383,phishing
https://office365-login-170.com/verify?id=2061,15,7,0,1,2,2,3,0,0,1,4.071,phishing
https://amazon-support-721.com/login?id=4626,14,6,0,1,2,1,3,0,0,1,3.826,phishing
https://office365-login-307.net/update?id=4901,15,7,0,1,2,1,3,0,0,1,3.971,phishing
https://github.org/products,6,9,0,1,1,0,0,0,0,0,2.841,legitimate
https://secure-login-515.info/login?id=5317,12,6,0,1,2,1,4,0,0,1,4.687,phishing
https://office365-login-110.com/update?id=5416,15,7,0,1,2,2,1,0,0,1,3.378,phishing
https://secure-login-796.net/reset?id=4669,12,6,0,1,2,1,4,0,0,1,3.348,phishing
https://secure-login-641.info/update?id=2776,12,7,0,1,2,2,4,0,0,1,4.168,phishing
https://amazon-support-857.com/update?id=4878,14,7,0,1,2,3,2,0,0,1,3.249,phishing
https://example.edu/about,7,6,0,1,1,0,0,0,0,0,3.071,legitimate
https://banking-update-834.net/account?id=2206,14,8,0,1,2,2,2,0,0,1,4.792,phishing
https://banking-update-716.com/reset?id=5222,14,6,0,1,2,3,3,0,0,1,3.269,phishing
https://amazon-support-857.info/account?id=6473,14,8,0,1,2,3,2,0,0,1,4.69,phishing
https://paypal-secure-985.org/update?id=7040,13,7,0,1,2,1,3,0,0,1,3.827,phishing
https://microsoft.edu/products,9,9,0,1,1,0,0,0,0,0,2.177,legitimate
https://bankofamerica.net/docs,13,5,0,1,1,0,0,0,0,0,2.697,legitimate
https://microsoft.com/api/v1,9,7,0,1,1,0,0,0,0,0,3.174,legitimate
https://microsoft.com/docs,9,5,0,1,1,0,0,0,0,0,2.673,legitimate
https://paypal-secure-720.com/login?id=4609,13,6,0,1,2,2,1,0,0,1,4.14,phishing
https://amazon-support-168.com/reset?id=8657,14,6,0,1,2,1,1,0,0,1,4.596,phishing
https://microsoft.net/api/v1,9,7,0,1,1,0,0,0,0,0,2.633,legitimate
https://secure-login-943.org/update?id=9043,12,7,0,1,2,2,1,0,0,1,3.335,phishing
https://banking-update-618.net/update?id=3120,14,7,0,1,2,1,1,0,0,1,4.101,phishing
https://secure-login-544.org/verify?id=1461,12,7,0,1,2,2,4,0,0,1,3.524,phishing
https://secure-login-812.info/update?id=2836,12,7,0,1,2,3,2,0,0,1,3.439,phishing
https://paypal-secure-510.net/verify?id=4934,13,7,0,1,2,3,4,0,0,1,4.475,phishing
https://netflix.org/about,7,6,0,1,1,0,0,0,0,0,2.054,legitimate
https://paypal-secure-864.org/update?id=5352,13,7,0,1,2,3,4,0,0,1,4.222,phishing
https://secure-login-233.com/reset?id=2851,12,6,0,1,2,2,4,0,0,1,3.619,phishing
https://amazon-support-721.org/update?id=4911,14,7,0,1,2,2,3,0,0,1,4.247,phishing
https://secure-login-495.net/verify?id=8695,12,7,0,1,2,1,2,0,0,1,3.761,phishing
https://example.org/docs,7,5,0,1,1,0,0,0,0,0,2.836,legitimate
https://microsoft.com/api/v1,9,7,0,1,1,0,0,0,0,0,2.458,legitimate
https://secure-login-530.com/reset?id=4099,12,6,0,1,2,1,3,0,0,1,3.582,phishing
https://paypal-secure-589.net/reset?id=4551,13,6,0,1,2,1,3,0,0,1,4.226,phishing
https://secure-login-337.org/verify?id=4857,12,7,0,1,2,2,3,0,0,1,3.485,phishing
https://paypal-secure-791.net/reset?id=5534,13,6,0,1,2,3,4,0,0,1,3.606,phishing
https://paypal-secure-261.net/reset?id=7606,13,6,0,1,2,3,2,0,0,1,3.665,phishing
https://banking-update-269.net/reset?id=3089,14,6,0,1,2,1,2,0,0,1,3.332,phishing
https://secure-login-108.org/verify?id=5002,12,7,0,1,2,3,3,0,0,1,4.297,phishing
https://microsoft.edu/docs,9,5,0,1,1,0,0,0,0,0,2.38,legitimate
https://microsoft.net/support,9,8,0,1,1,0,0,0,0,0,2.095,legitimate
https://paypal-secure-316.net/verify?id=5944,13,7,0,1,2,3,3,0,0,1,3.53,phishing
https://paypal-secure-606.com/verify?id=6762,13,7,0,1,2,1,2,0,0,1,4.64,phishing
https://paypal-secure-135.info/reset?id=4081,13,6,0,1,2,2,3,0,0,1,3.921,phishing
https://banking-update-362.net/reset?id=4228,14,6,0,1,2,1,1,0,0,1,3.851,phishing
https://banking-update-649.com/reset?id=6167,14,6,0,1,2,2,1,0,0,1,3.84,phishing
https://bankofamerica.edu/about,13,6,0,1,1,0,0,0,0,0,2.962,legitimate
https://paypal-secure-249.com/verify?id=8975,13,7,0,1,2,3,4,0,0,1,3.617,phishing
https://amazon-support-101.net/login?id=2749,14,6,0,1,2,3,1,0,0,1,4.008,phishing
https://netflix.net/support,7,8,0,1,1,0,0,0,0,0,3.072,legitimate
https://paypal-secure-880.net/account?id=5020,13,8,0,1,2,2,4,0,0,1,4.754,phishing
https://secure-login-749.info/reset?id=2270,12,6,0,1,2,1,1,0,0,1,3.72,phishing
https://office365-login-478.info/update?id=7481,15,7,0,1,2,1,1,0,0,1,4.593,phishing
https://github.org/products,6,9,0,1,1,0,0,0,0,0,2.225,legitimate
https://github.edu/about,6,6,0,1,1,0,0,0,0,0,2.499,legitimate
https://office365-login-449.com/account?id=5106,15,8,0,1,2,2,2,0,0,1,3.431,phishing
https://amazon-support-956.com/update?id=2365,14,7,0,1,2,2,2,0,0,1,4.266,phishing
https://banking-update-920.org/login?id=6579,14,6,0,1,2,2,4,0,0,1,4.296,phishing
https://example.net/docs,7,5,0,1,1,0,0,0,0,0,2.955,legitimate
https://secure-login-552.com/login?id=6856,12,6,0,1,2,1,4,0,0,1,3.504,phishing
https://amazon-support-100.com/account?id=3792,14,8,0,1,2,1,3,0,0,1,4.213,phishing
https://banking-update-626.com/update?id=1681,14,7,0,1,2,3,3,0,0,1,3.898,phishing
https://paypal-secure-224.info/verify?id=4141,13,7,0,1,2,1,2,0,0,1,3.896,phishing
https://paypal-secure-448.net/reset?id=2103,13,6,0,1,2,2,4,0,0,1,4.315,phishing
https://netflix.com/products,7,9,0,1,1,0,0,0,0,0,2.776,legitimate
https://amazon-support-274.org/reset?id=1975,14,6,0,1,2,3,3,0,0,1,3.484,phishing
https://netflix.org/api/v1,7,7,0,1,1,0,0,0,0,0,2.103,legitimate
https://paypal-secure-263.com/verify?id=5429,13,7,0,1,2,3,1,0,0,1,3.664,phishing
https://paypal-secure-470.net/reset?id=7500,13,6,0,1,2,3,2,0,0,1,4.129,phishing
https://office365-login-257.org/verify?id=1093,15,7,0,1,2,1,2,0,0,1,4.513,phishing
https://banking-update-255.info/login?id=1846,14,6,0,1,2,3,3,0,0,1,4.323,phishing
https://secure-login-472.org/update?id=5870,12,7,0,1,2,3,1,0,0,1,4.306,phishing
https://office365-login-777.com/account?id=7317,15,8,0,1,2,2,3,0,0,1,4.719,phishing
https://microsoft.edu/about,9,6,0,1,1,0,0,0,0,0,2.833,legitimate
https://amazon-support-836.net/account?id=2862,14,8,0,1,2,3,1,0,0,1,4.628,phishing
https://paypal-secure-322.info/account?id=2676,13,8,0,1,2,2,4,0,0,1,4.526,phishing
https://office365-login-287.net/verify?id=9898,15,7,0,1,2,2,1,0,0,1,4.364,phishing
https://amazon-support-502.org/account?id=8808,14,8,0,1,2,1,2,0,0,1,4.799,phishing
https://office365-login-955.info/account?id=5147,15,8,0,1,2,1,2,0,0,1,4.059,phishing
https://paypal-secure-494.org/update?id=1485,13,7,0,1,2,2,2,0,0,1,4.191,phishing
https://netflix.net/products,7,9,0,1,1,0,0,0,0,0,2.85,legitimate
https://github.com/support,6,8,0,1,1,0,0,0,0,0,2.841,legitimate
https://microsoft.net/api/v1,9,7,0,1,1,0,0,0,0,0,2.09,legitimate
https://amazon-support-963.net/verify?id=1848,14,7,0,1,2,1,2,0,0,1,4.532,phishing
https://amazon-support-804.com/login?id=9078,14,6,0,1,2,1,3,0,0,1,4.477,phishing
https://bankofamerica.edu/about,13,6,0,1,1,0,0,0,0,0,2.219,legitimate
https://paypal-secure-706.org/reset?id=4397,13,6,0,1,2,3,2,0,0,1,3.977,phishing
https://bankofamerica.edu/api/v1,13,7,0,1,1,0,0,0,0,0,2.263,legitimate
https://secure-login-690.net/reset?id=4124,12,6,0,1,2,2,2,0,0,1,4.752,phishing
https://banking-update-121.org/reset?id=8833,14,6,0,1,2,3,1,0,0,1,3.639,phishing
https://office365-login-891.info/update?id=4784,15,7,0,1,2,1,3,0,0,1,4.126,phishing
https://paypal-secure-707.org/reset?id=4065,13,6,0,1,2,3,1,0,0,1,4.241,phishing
https://amazon-support-454.org/login?id=1112,14,6,0,1,2,2,1,0,0,1,3.993,phishing
https://secure-login-389.info/reset?id=7545,12,6,0,1,2,1,3,0,0,1,3.93,phishing
https://banking-update-343.net/login?id=9959,14,6,0,1,2,1,3,0,0,1,4.659,phishing
https://secure-login-386.info/reset?id=6881,12,6,0,1,2,2,2,0,0,1,3.461,phishing
https://amazon-support-300.info/login?id=4095,14,6,0,1,2,3,1,0,0,1,4.388,phishing
https://amazon-support-695.info/login?id=7774,14,6,0,1,2,1,3,0,0,1,3.376,phishing
https://example.com/support,7,8,0,1,1,0,0,0,0,0,2.493,legitimate
https://paypal-secure-334.net/update?id=7584,13,7,0,1,2,2,1,0,0,1,4.708,phishing
https://paypal-secure-603.info/login?id=4888,13,6,0,1,2,2,2,0,0,1,3.425,phishing
https://banking-update-905.org/reset?id=8636,14,6,0,1,2,1,2,0,0,1,4.614,phishing
https://bankofamerica.org/support,13,8,0,1,1,0,0,0,0,0,2.134,legitimate
https://banking-update-935.com/reset?id=4769,14,6,0,1,2,2,3,0,0,1,4.28,phishing
https://github.org/docs,6,5,0,1,1,0,0,0,0,0,2.085,legitimate
https://amazon-support-875.org/account?id=9159,14,8,0,1,2,1,1,0,0,1,3.34,phishing
https://office365-login-116.net/login?id=9766,15,6,0,1,2,3,4,0,0,1,3.459,phishing
https://banking-update-365.info/reset?id=1431,14,6,0,1,2,1,2,0,0,1,4.502,phishing
https://secure-login-821.com/account?id=7840,12,8,0,1,2,2,3,0,0,1,4.344,phishing
https://paypal-secure-612.net/login?id=3507,13,6,0,1,2,2,1,0,0,1,4.33,phishing
https://paypal-secure-237.org/login?id=9483,13,6,0,1,2,2,4,0,0,1,3.3,phishing
https://banking-update-288.org/account?id=2052,14,8,0,1,2,2,4,0,0,1,4.579,phishing
https://bankofamerica.org/docs,13,5,0,1,1,0,0,0,0,0,2.336,legitimate
https://banking-update-841.info/account?id=4357,14,8,0,1,2,2,3,0,0,1,3.408,phishing
https://amazon-support-924.com/login?id=1340,14,6,0,1,2,2,4,0,0,1,3.203,phishing
https://amazon-support-224.com/account?id=4840,14,8,0,1,2,2,3,0,0,1,3.734,phishing
https://netflix.edu/api/v1,7,7,0,1,1,0,0,0,0,0,2.057,legitimate
https://office365-login-711.net/account?id=6854,15,8,0,1,2,2,4,0,0,1,3.409,phishing
https://banking-update-919.com/reset?id=9139,14,6,0,1,2,3,4,0,0,1,3.986,phishing
https://banking-update-322.info/login?id=9193,14,6,0,1,2,2,4,0,0,1,4.25,phishing
https://office365-login-687.com/reset?id=4657,15,6,0,1,2,3,4,0,0,1,4.229,phishing
https://example.edu/support,7,8,0,1,1,0,0,0,0,0,2.572,legitimate
https://amazon-support-358.com/reset?id=6227,14,6,0,1,2,2,4,0,0,1,4.687,phishing
https://example.net/api/v1,7,7,0,1,1,0,0,0,0,0,2.337,legitimate
https://paypal-secure-773.org/reset?id=7598,13,6,0,1,2,2,1,0,0,1,3.597,phishing
https://paypal-secure-924.info/update?id=6226,13,7,0,1,2,3,3,0,0,1,4.192,phishing
https://example.edu/api/v1,7,7,0,1,1,0,0,0,0,0,2.794,legitimate
https://example.edu/about,7,6,0,1,1,0,0,0,0,0,2.993,legitimate
https://office365-login-183.net/update?id=6180,15,7,0,1,2,2,1,0,0,1,4.709,phishing
https://amazon-support-108.org/update?id=3298,14,7,0,1,2,1,4,0,0,1,4.742,phishing
https://amazon-support-672.net/update?id=5572,14,7,0,1,2,1,1,0,0,1,4.299,phishing
https://amazon-support-789.info/account?id=6236,14,8,0,1,2,2,3,0,0,1,4.699,phishing
https://microsoft.net/products,9,9,0,1,1,0,0,0,0,0,2.562,legitimate
https://netflix.org/api/v1,7,7,0,1,1,0,0,0,0,0,3.17,legitimate
https://example.com/products,7,9,0,1,1,0,0,0,0,0,2.936,legitimate
https://paypal-secure-887.info/login?id=6084,13,6,0,1,2,2,1,0,0,1,4.779,phishing
https://github.net/docs,6,5,0,1,1,0,0,0,0,0,2.826,legitimate
https://banking-update-197.com/verify?id=1376,14,7,0,1,2,3,3,0,0,1,4.083,phishing
https://paypal-secure-379.org/verify?id=3440,13,7,0,1,2,2,2,0,0,1,4.431,phishing
https://banking-update-676.com/verify?id=9988,14,7,0,1,2,2,4,0,0,1,3.331,phishing
https://example.net/products,7,9,0,1,1,0,0,0,0,0,2.934,legitimate
https://office365-login-895.info/update?id=1770,15,7,0,1,2,3,3,0,0,1,4.255,phishing
https://paypal-secure-237.org/account?id=6045,13,8,0,1,2,2,4,0,0,1,4.436,phishing
https://secure-login-715.org/verify?id=1980,12,7,0,1,2,1,1,0,0,1,3.617,phishing
https://netflix.com/products,7,9,0,1,1,0,0,0,0,0,2.531,legitimate
https://secure-login-513.net/verify?id=3635,12,7,0,1,2,2,4,0,0,1,3.236,phishing
https://example.com/api/v1,7,7,0,1,1,0,0,0,0,0,2.071,legitimate
https://amazon-support-353.net/account?id=2371,14,8,0,1,2,2,3,0,0,1,4.303,phishing
https://example.com/api/v1,7,7,0,1,1,0,0,0,0,0,2.556,legitimate
https://banking-update-351.com/login?id=5443,14,6,0,1,2,1,4,0,0,1,3.633,phishing
https://bankofamerica.edu/products,13,9,0,1,1,0,0,0,0,0,2.967,legitimate
https://paypal-secure-489.info/account?id=3262,13,8,0,1,2,2,1,0,0,1,4.601,phishing
https://office365-login-941.com/login?id=6514,15,6,0,1,2,2,1,0,0,1,4.219,phishing
https://paypal-secure-488.net/login?id=1189,13,6,0,1,2,2,1,0,0,1,3.597,phishing
https://secure-login-902.net/login?id=1541,12,6,0,1,2,2,2,0,0,1,3.482,phishing
https://github.edu/api/v1,6,7,0,1,1,0,0,0,0,0,2.776,legitimate
https://banking-update-935.net/verify?id=4279,14,7,0,1,2,3,3,0,0,1,4.272,phishing
https://banking-update-952.com/login?id=7706,14,6,0,1,2,1,3,0,0,1,4.269,phishing
https://secure-login-852.info/verify?id=3321,12,7,0,1,2,2,1,0,0,1,4.054,phishing
https://github.edu/api/v1,6,7,0,1,1,0,0,0,0,0,2.526,legitimate
https://github.org/products,6,9,0,1,1,0,0,0,0,0,2.636,legitimate
https://netflix.edu/docs,7,5,0,1,1,0,0,0,0,0,2.641,legitimate
https://secure-login-287.info/login?id=4137,12,6,0,1,2,1,2,0,0,1,3.756,phishing
https://office365-login-157.info/reset?id=4379,15,6,0,1,2,3,3,0,0,1,4.601,phishing
https://secure-login-128.com/verify?id=9123,12,7,0,1,2,2,1,0,0,1,4.597,phishing
https://netflix.com/support,7,8,0,1,1,0,0,0,0,0,2.823,legitimate
https://microsoft.org/about,9,6,0,1,1,0,0,0,0,0,2.311,legitimate
https://github.org/about,6,6,0,1,1,0,0,0,0,0,2.217,legitimate
https://microsoft.net/products,9,9,0,1,1,0,0,0,0,0,2.579,legitimate
https://amazon-support-913.org/verify?id=5018,14,7,0,1,2,1,3,0,0,1,3.883,phishing
https://example.net/docs,7,5,0,1,1,0,0,0,0,0,2.464,legitimate
https://secure-login-404.net/update?id=9951,12,7,0,1,2,2,2,0,0,1,4.736,phishing
https://amazon-support-608.info/account?id=8579,14,8,0,1,2,3,2,0,0,1,4.456,phishing
https://netflix.edu/about,7,6,0,1,1,0,0,0,0,0,2.784,legitimate
https://secure-login-224.com/account?id=1362,12,8,0,1,2,2,1,0,0,1,3.948,phishing
https://github.edu/api/v1,6,7,0,1,1,0,0,0,0,0,2.724,legitimate
https://banking-update-953.com/reset?id=4646,14,6,0,1,2,1,3,0,0,1,3.95,phishing
https://office365-login-469.org/account?id=2706,15,8,0,1,2,3,4,0,0,1,3.675,phishing
https://banking-update-234.com/account?id=7090,14,8,0,1,2,1,2,0,0,1,4.399,phishing
https://netflix.edu/api/v1,7,7,0,1,1,0,0,0,0,0,2.809,legitimate
https://secure-login-258.info/verify?id=8535,12,7,0,1,2,3,3,0,0,1,3.448,phishing
https://microsoft.com/products,9,9,0,1,1,0,0,0,0,0,2.71,legitimate
https://banking-update-917.info/verify?id=6018,14,7,0,1,2,3,3,0,0,1,4.338,phishing
https://banking-update-559.com/account?id=4162,14,8,0,1,2,3,1,0,0,1,3.989,phishing
https://bankofamerica.net/docs,13,5,0,1,1,0,0,0,0,0,2.635,legitimate
https://office365-login-265.info/login?id=4494,15,6,0,1,2,3,2,0,0,1,3.831,phishing
https://office365-login-204.org/update?id=8563,15,7,0,1,2,2,3,0,0,1,4.337,phishing
https://github.com/about,6,6,0,1,1,0,0,0,0,0,2.874,legitimate
https://amazon-support-267.com/login?id=7189,14,6,0,1,2,1,1,0,0,1,4.731,phishing
https://github.com/api/v1,6,7,0,1,1,0,0,0,0,0,2.849,legitimate
https://netflix.org/docs,7,5,0,1,1,0,0,0,0,0,2.572,legitimate
https://amazon-support-912.info/account?id=9616,14,8,0,1,2,3,2,0,0,1,3.908,phishing
https://microsoft.net/products,9,9,0,1,1,0,0,0,0,0,2.954,legitimate
https://secure-login-815.net/verify?id=5341,12,7,0,1,2,1,2,0,0,1,4.512,phishing
https://microsoft.org/api/v1,9,7,0,1,1,0,0,0,0,0,2.859,legitimate
https://office365-login-291.org/reset?id=2307,15,6,0,1,2,2,1,0,0,1,3.266,phishing
https://paypal-secure-874.org/update?id=3705,13,7,0,1,2,1,3,0,0,1,3.51,phishing
https://amazon-support-782.org/reset?id=7269,14,6,0,1,2,2,2,0,0,1,4.599,phishing
https://amazon-support-214.org/account?id=1431,14,8,0,1,2,2,2,0,0,1,3.207,phishing
https://office365-login-564.com/reset?id=4636,15,6,0,1,2,1,3,0,0,1,3.283,phishing
https://office365-login-970.org/update?id=4731,15,7,0,1,2,1,2,0,0,1,4.18,phishing
https://github.com/about,6,6,0,1,1,0,0,0,0,0,2.621,legitimate
https://office365-login-721.org/verify?id=1439,15,7,0,1,2,3,2,0,0,1,3.859,phishing
https://example.com/products,7,9,0,1,1,0,0,0,0,0,2.181,legitimate
https://banking-update-871.com/account?id=2986,14,8,0,1,2,3,3,0,0,1,3.755,phishing
https://amazon-support-234.org/login?id=4843,14,6,0,1,2,1,1,0,0,1,4.501,phishing
https://netflix.net/about,7,6,0,1,1,0,0,0,0,0,2.138,legitimate
https://secure-login-271.com/account?id=4221,12,8,0,1,2,1,1,0,0,1,4.471,phishing
https://netflix.edu/docs,7,5,0,1,1,0,0,0,0,0,2.558,legitimate
https://amazon-support-124.com/account?id=1771,14,8,0,1,2,2,4,0,0,1,3.99,phishing
https://banking-update-799.info/verify?id=9867,14,7,0,1,2,2,1,0,0,1,4.14,phishing
https://paypal-secure-144.info/verify?id=5860,13,7,0,1,2,3,4,0,0,1,3.482,phishing
https://banking-update-231.info/update?id=8296,14,7,0,1,2,1,4,0,0,1,4.729,phishing
https://paypal-secure-140.info/account?id=6053,13,8,0,1,2,1,3,0,0,1,4.425,phishing
https://paypal-secure-249.info/update?id=2737,13,7,0,1,2,2,4,0,0,1,3.617,phishing
https://amazon-support-393.net/reset?id=2746,14,6,0,1,2,2,4,0,0,1,3.919,phishing
https://microsoft.net/support,9,8,0,1,1,0,0,0,0,0,2.613,legitimate
https://github.edu/products,6,9,0,1,1,0,0,0,0,0,2.325,legitimate
https://paypal-secure-761.com/update?id=8155,13,7,0,1,2,2,2,0,0,1,4.765,phishing
https://paypal-secure-341.org/reset?id=8373,13,6,0,1,2,3,3,0,0,1,3.547,phishing
https://paypal-secure-688.net/verify?id=4485,13,7,0,1,2,1,4,0,0,1,4.385,phishing
https://secure-login-352.net/verify?id=8185,12,7,0,1,2,3,1,0,0,1,3.633,phishing
https://paypal-secure-305.org/reset?id=7373,13,6,0,1,2,2,1,0,0,1,4.483,phishing
https://github.net/support,6,8,0,1,1,0,0,0,0,0,2.214,legitimate
https://secure-login-953.net/login?id=4613,12,6,0,1,2,3,2,0,0,1,3.951,phishing
https://amazon-support-244.org/login?id=6967,14,6,0,1,2,2,4,0,0,1,4.784,phishing
https://bankofamerica.org/docs,13,5,0,1,1,0,0,0,0,0,2.032,legitimate
https://microsoft.edu/support,9,8,0,1,1,0,0,0,0,0,2.138,legitimate
https://amazon-support-894.net/verify?id=7362,14,7,0,1,2,2,1,0,0,1,3.211,phishing
https://paypal-secure-930.info/update?id=9809,13,7,0,1,2,1,4,0,0,1,4.245,phishing
https://office365-login-375.com/account?id=2198,15,8,0,1,2,1,4,0,0,1,3.741,phishing
https://secure-login-849.info/update?id=9783,12,7,0,1,2,2,4,0,0,1,4.585,phishing
https://example.net/docs,7,5,0,1,1,0,0,0,0,0,2.511,legitimate
https://amazon-support-951.org/login?id=5554,14,6,0,1,2,1,2,0,0,1,4.595,phishing
https://paypal-secure-181.info/reset?id=8998,13,6,0,1,2,2,3,0,0,1,3.515,phishing
https://paypal-secure-615.org/account?id=8510,13,8,0,1,2,2,2,0,0,1,4.6,phishing
https://microsoft.net/about,9,6,0,1,1,0,0,0,0,0,2.999,legitimate
https://github.edu/support,6,8,0,1,1,0,0,0,0,0,2.525,legitimate
https://office365-login-841.info/reset?id=9183,15,6,0,1,2,2,1,0,0,1,3.638,phishing
https://amazon-support-356.net/login?id=2783,14,6,0,1,2,3,4,0,0,1,3.477,phishing
https://amazon-support-748.net/login?id=3638,14,6,0,1,2,1,2,0,0,1,4.342,phishing
https://secure-login-421.net/login?id=1390,12,6,0,1,2,1,4,0,0,1,4.318,phishing
https://office365-login-835.com/verify?id=5474,15,7,0,1,2,3,3,0,0,1,4.677,phishing
https://banking-update-472.org/login?id=5356,14,6,0,1,2,1,4,0,0,1,4.24,phishing
https://paypal-secure-527.info/verify?id=9979,13,7,0,1,2,3,2,0,0,1,4.123,phishing
https://microsoft.edu/about,9,6,0,1,1,0,0,0,0,0,2.528,legitimate
https://banking-update-936.org/verify?id=8763,14,7,0,1,2,3,4,0,0,1,3.816,phishing
https://microsoft.net/docs,9,5,0,1,1,0,0,0,0,0,2.675,legitimate
https://secure-login-700.info/account?id=8139,12,8,0,1,2,2,3,0,0,1,4.609,phishing
https://example.net/about,7,6,0,1,1,0,0,0,0,0,2.074,legitimate
https://secure-login-237.org/reset?id=9212,12,6,0,1,2,2,2,0,0,1,3.949,phishing
https://amazon-support-105.net/account?id=8063,14,8,0,1,2,1,3,0,0,1,4.308,phishing
https://secure-login-946.net/reset?id=9785,12,6,0,1,2,2,2,0,0,1,4.233,phishing
https://amazon-support-489.com/login?id=8847,14,6,0,1,2,1,3,0,0,1,3.864,phishing
https://bankofamerica.com/api/v1,13,7,0,1,1,0,0,0,0,0,2.195,legitimate
https://github.org/docs,6,5,0,1,1,0,0,0,0,0,2.233,legitimate
https://office365-login-940.net/account?id=1324,15,8,0,1,2,1,1,0,0,1,4.675,phishing
https://netflix.edu/docs,7,5,0,1,1,0,0,0,0,0,2.481,legitimate
https://secure-login-635.info/verify?id=9161,12,7,0,1,2,2,3,0,0,1,3.413,phishing
https://office365-login-451.org/login?id=2225,15,6,0,1,2,2,2,0,0,1,3.859,phishing
https://amazon-support-824.info/update?id=9573,14,7,0,1,2,1,3,0,0,1,3.317,phishing
https://secure-login-567.net/reset?id=2458,12,6,0,1,2,3,2,0,0,1,3.725,phishing
https://microsoft.net/api/v1,9,7,0,1,1,0,0,0,0,0,2.788,legitimate
https://secure-login-547.info/reset?id=5101,12,6,0,1,2,1,4,0,0,1,4.245,phishing
https://github.net/docs,6,5,0,1,1,0,0,0,0,0,2.831,legitimate
https://secure-login-232.com/update?id=5321,12,7,0,1,2,2,3,0,0,1,4.214,phishing
https://office365-login-920.net/update?id=9792,15,7,0,1,2,2,2,0,0,1,3.891,phishing
https://example.net/support,7,8,0,1,1,0,0,0,0,0,2.549,legitimate
https://secure-login-932.com/login?id=1064,12,6,0,1,2,1,4,0,0,1,4.501,phishing
https://paypal-secure-956.info/account?id=1147,13,8,0,1,2,1,4,0,0,1,3.454,phishing
https://example.edu/docs,7,5,0,1,1,0,0,0,0,0,2.687,legitimate
https://amazon-support-946.org/account?id=5992,14,8,0,1,2,3,3,0,0,1,3.867,phishing
https://paypal-secure-444.com/update?id=7963,13,7,0,1,2,2,2,0,0,1,4.211,phishing
https://office365-login-634.info/login?id=3550,15,6,0,1,2,2,2,0,0,1,4.371,phishing
https://amazon-support-193.net/reset?id=5530,14,6,0,1,2,1,2,0,0,1,3.286,phishing
https://amazon-support-788.info/login?id=5483,14,6,0,1,2,1,1,0,0,1,3.426,phishing
https://amazon-support-150.net/verify?id=8993,14,7,0,1,2,2,3,0,0,1,3.223,phishing
https://netflix.org/api/v1,7,7,0,1,1,0,0,0,0,0,3.13,legitimate
https://secure-login-243.org/login?id=5341,12,6,0,1,2,2,1,0,0,1,3.684,phishing
https://example.com/support,7,8,0,1,1,0,0,0,0,0,2.014,legitimate
https://secure-login-793.net/account?id=6382,12,8,0,1,2,3,2,0,0,1,4.702,phishing
https://banking-update-601.org/account?id=8146,14,8,0,1,2,2,3,0,0,1,3.612,phishing
https://banking-update-465.net/update?id=8795,14,7,0,1,2,1,3,0,0,1,3.713,phishing
https://paypal-secure-199.info/update?id=3944,13,7,0,1,2,2,4,0,0,1,3.885,phishing
https://office365-login-862.net/reset?id=3089,15,6,0,1,2,3,3,0,0,1,3.487,phishing
https://bankofamerica.com/about,13,6,0,1,1,0,0,0,0,0,2.071,legitimate
https://office365-login-751.info/account?id=5088,15,8,0,1,2,3,1,0,0,1,3.899,phishing
https://secure-login-285.info/reset?id=5718,12,6,0,1,2,2,4,0,0,1,3.502,phishing
https://netflix.com/api/v1,7,7,0,1,1,0,0,0,0,0,2.724,legitimate
https://paypal-secure-214.net/update?id=2796,13,7,0,1,2,1,4,0,0,1,3.755,phishing
https://amazon-support-783.info/update?id=2434,14,7,0,1,2,2,2,0,0,1,3.335,phishing
https://microsoft.org/api/v1,9,7,0,1,1,0,0,0,0,0,2.04,legitimate
https://microsoft.edu/support,9,8,0,1,1,0,0,0,0,0,2.107,legitimate
https://amazon-support-503.info/account?id=5115,14,8,0,1,2,1,4,0,0,1,3.627,phishing
https://office365-login-195.org/reset?id=5143,15,6,0,1,2,1,2,0,0,1,4.304,phishing
https://example.com/products,7,9,0,1,1,0,0,0,0,0,2.755,legitimate
https://banking-update-344.org/reset?id=6228,14,6,0,1,2,1,4,0,0,1,4.014,phishing
https://netflix.net/support,7,8,0,1,1,0,0,0,0,0,2.384,legitimate
https://paypal-secure-653.net/account?id=7097,13,8,0,1,2,1,1,0,0,1,3.223,phishing
https://paypal-secure-749.org/account?id=3302,13,8,0,1,2,2,4,0,0,1,4.233,phishing
https://banking-update-512.info/verify?id=7056,14,7,0,1,2,3,4,0,0,1,3.393,phishing
https://amazon-support-347.org/login?id=5739,14,6,0,1,2,2,4,0,0,1,4.22,phishing
https://amazon-support-764.org/verify?id=7768,14,7,0,1,2,3,3,0,0,1,4.701,phishing
https://github.edu/products,6,9,0,1,1,0,0,0,0,0,2.882,legitimate
https://banking-update-308.info/update?id=6137,14,7,0,1,2,1,3,0,0,1,3.373,phishing
https://microsoft.net/support,9,8,0,1,1,0,0,0,0,0,2.81,legitimate
https://secure-login-518.info/reset?id=6360,12,6,0,1,2,2,1,0,0,1,3.267,phishing
https://bankofamerica.org/products,13,9,0,1,1,0,0,0,0,0,2.893,legitimate
https://secure-login-628.org/verify?id=5199,12,7,0,1,2,3,2,0,0,1,3.341,phishing
https://office365-login-194.net/verify?id=5351,15,7,0,1,2,2,3,0,0,1,3.968,phishing
https://amazon-support-756.net/update?id=3137,14,7,0,1,2,1,4,0,0,1,3.834,phishing
https://paypal-secure-539.info/account?id=6028,13,8,0,1,2,1,1,0,0,1,3.496,phishing
https://example.com/api/v1,7,7,0,1,1,0,0,0,0,0,2.948,legitimate
https://secure-login-116.net/login?id=4281,12,6,0,1,2,2,2,0,0,1,3.698,phishing
https://bankofamerica.org/api/v1,13,7,0,1,1,0,0,0,0,0,2.729,legitimate
https://paypal-secure-503.info/reset?id=3180,13,6,0,1,2,3,3,0,0,1,3.241,phishing
https://netflix.edu/api/v1,7,7,0,1,1,0,0,0,0,0,2.724,legitimate
https://microsoft.org/about,9,6,0,1,1,0,0,0,0,0,2.902,legitimate
https://secure-login-548.com/login?id=9286,12,6,0,1,2,1,3,0,0,1,3.686,phishing
https://banking-update-416.org/reset?id=4636,14,6,0,1,2,2,1,0,0,1,4.288,phishing
https://amazon-support-518.net/reset?id=9283,14,6,0,1,2,1,3,0,0,1,4.649,phishing
https://amazon-support-285.info/reset?id=6475,14,6,0,1,2,3,4,0,0,1,3.464,phishing
https://office365-login-679.org/update?id=3397,15,7,0,1,2,1,2,0,0,1,3.724,phishing
https://bankofamerica.net/api/v1,13,7,0,1,1,0,0,0,0,0,2.758,legitimate
https://banking-update-156.net/update?id=5431,14,7,0,1,2,2,2,0,0,1,3.508,phishing
https://office365-login-996.info/verify?id=8052,15,7,0,1,2,2,4,0,0,1,3.369,phishing
https://amazon-support-659.org/login?id=1789,14,6,0,1,2,2,4,0,0,1,3.47,phishing
https://microsoft.net/support,9,8,0,1,1,0,0,0,0,0,3.16,legitimate
https://amazon-support-872.info/login?id=5027,14,6,0,1,2,3,3,0,0,1,3.333,phishing
https://netflix.edu/products,7,9,0,1,1,0,0,0,0,0,2.96,legitimate
https://amazon-support-970.info/login?id=9851,14,6,0,1,2,1,2,0,0,1,4.59,phishing
https://secure-login-504.com/login?id=4123,12,6,0,1,2,2,4,0,0,1,3.873,phishing
https://office365-login-605.net/update?id=5058,15,7,0,1,2,3,1,0,0,1,3.346,phishing
https://office365-login-178.net/login?id=7316,15,6,0,1,2,1,1,0,0,1,4.002,phishing
https://paypal-secure-346.com/account?id=2628,13,8,0,1,2,2,2,0,0,1,3.546,phishing
https://bankofamerica.net/api/v1,13,7,0,1,1,0,0,0,0,0,2.815,legitimate
https://paypal-secure-271.net/login?id=8946,13,6,0,1,2,1,2,0,0,1,3.591,phishing
https://banking-update-135.org/account?id=2841,14,8,0,1,2,1,3,0,0,1,4.167,phishing
https://bankofamerica.com/products,13,9,0,1,1,0,0,0,0,0,2.583,legitimate
https://secure-login-815.com/login?id=1093,12,6,0,1,2,3,1,0,0,1,4.25,phishing
https://paypal-secure-989.org/update?id=6615,13,7,0,1,2,1,2,0,0,1,4.702,phishing
https://netflix.org/about,7,6,0,1,1,0,0,0,0,0,3.189,legitimate
https://netflix.net/docs,7,5,0,1,1,0,0,0,0,0,2.447,legitimate
https://amazon-support-545.org/verify?id=2888,14,7,0,1,2,1,4,0,0,1,4.762,phishing
https://secure-login-236.org/login?id=8907,12,6,0,1,2,1,2,0,0,1,4.65,phishing
https://example.com/support,7,8,0,1,1,0,0,0,0,0,2.285,legitimate
https://netflix.com/support,7,8,0,1,1,0,0,0,0,0,3.12,legitimate
https://secure-login-957.com/account?id=4357,12,8,0,1,2,1,1,0,0,1,3.809,phishing
https://paypal-secure-991.info/reset?id=4517,13,6,0,1,2,1,3,0,0,1,4.317,phishing
https://office365-login-828.info/account?id=8387,15,8,0,1,2,2,2,0,0,1,3.778,phishing
https://paypal-secure-325.net/login?id=2830,13,6,0,1,2,1,4,0,0,1,3.948,phishing
https://amazon-support-862.net/reset?id=4524,14,6,0,1,2,1,4,0,0,1,3.991,phishing
https://paypal-secure-617.org/update?id=2815,13,7,0,1,2,1,4,0,0,1,4.78,phishing
https://secure-login-712.org/account?id=1115,12,8,0,1,2,1,3,0,0,1,3.353,phishing
https://banking-update-542.info/account?id=8248,14,8,0,1,2,1,1,0,0,1,3.473,phishing
https://secure-login-594.info/login?id=6537,12,6,0,1,2,1,1,0,0,1,3.653,phishing
https://amazon-support-722.net/login?id=9550,14,6,0,1,2,2,1,0,0,1,3.297,phishing
https://banking-update-102.info/verify?id=9644,14,7,0,1,2,2,3,0,0,1,3.462,phishing
https://banking-update-338.org/login?id=9135,14,6,0,1,2,3,3,0,0,1,3.898,phishing
https://paypal-secure-770.com/reset?id=4722,13,6,0,1,2,1,4,0,0,1,3.828,phishing
https://paypal-secure-337.info/reset?id=6274,13,6,0,1,2,2,1,0,0,1,3.335,phishing
https://microsoft.org/products,9,9,0,1,1,0,0,0,0,0,2.769,legitimate
https://bankofamerica.org/support,13,8,0,1,1,0,0,0,0,0,2.225,legitimate
https://secure-login-111.net/account?id=6914,12,8,0,1,2,1,1,0,0,1,4.402,phishing
https://office365-login-537.info/login?id=4202,15,6,0,1,2,2,1,0,0,1,3.317,phishing
https://paypal-secure-283.info/login?id=5961,13,6,0,1,2,1,4,0,0,1,3.704,phishing
https://banking-update-921.info/update?id=2272,14,7,0,1,2,3,1,0,0,1,3.937,phishing
https://amazon-support-680.info/update?id=8137,14,7,0,1,2,3,4,0,0,1,4.723,phishing
https://paypal-secure-949.net/verify?id=1917,13,7,0,1,2,2,1,0,0,1,3.693,phishing
https://paypal-secure-773.net/reset?id=9539,13,6,0,1,2,1,1,0,0,1,4.662,phishing
https://amazon-support-611.info/update?id=7588,14,7,0,1,2,2,4,0,0,1,3.866,phishing
https://amazon-support-678.net/verify?id=7538,14,7,0,1,2,3,1,0,0,1,3.354,phishing
https://office365-login-532.com/update?id=6020,15,7,0,1,2,2,1,0,0,1,4.691,phishing
https://banking-update-256.com/account?id=4369,14,8,0,1,2,3,1,0,0,1,3.603,phishing
https://bankofamerica.edu/products,13,9,0,1,1,0,0,0,0,0,2.606,legitimate
https://banking-update-982.net/verify?id=4106,14,7,0,1,2,3,2,0,0,1,3.295,phishing
https://netflix.org/support,7,8,0,1,1,0,0,0,0,0,2.321,legitimate
https://banking-update-825.net/verify?id=9225,14,7,0,1,2,2,2,0,0,1,4.766,phishing
https://netflix.org/api/v1,7,7,0,1,1,0,0,0,0,0,2.754,legitimate
https://banking-update-816.com/account?id=5176,14,8,0,1,2,1,2,0,0,1,4.121,phishing
https://banking-update-919.net/reset?id=9659,14,6,0,1,2,2,4,0,0,1,3.658,phishing
https://office365-login-699.org/account?id=4809,15,8,0,1,2,2,4,0,0,1,4.474,phishing
https://office365-login-850.com/reset?id=7820,15,6,0,1,2,3,4,0,0,1,3.848,phishing
https://bankofamerica.net/api/v1,13,7,0,1,1,0,0,0,0,0,2.4,legitimate
https://bankofamerica.org/about,13,6,0,1,1,0,0,0,0,0,3.074,legitimate
https://bankofamerica.com/docs,13,5,0,1,1,0,0,0,0,0,2.493,legitimate
https://amazon-support-368.com/login?id=3182,14,6,0,1,2,1,3,0,0,1,3.837,phishing
https://amazon-support-316.net/update?id=7572,14,7,0,1,2,1,4,0,0,1,3.491,phishing
https://amazon-support-390.org/login?id=5520,14,6,0,1,2,2,3,0,0,1,3.781,phishing
https://github.org/about,6,6,0,1,1,0,0,0,0,0,3.046,legitimate
https://example.com/docs,7,5,0,1,1,0,0,0,0,0,2.561,legitimate
https://secure-login-681.info/verify?id=6446,12,7,0,1,2,2,3,0,0,1,3.467,phishing
https://netflix.edu/api/v1,7,7,0,1,1,0,0,0,0,0,3.028,legitimate
https://microsoft.org/support,9,8,0,1,1,0,0,0,0,0,2.132,legitimate
https://office365-login-517.com/login?id=5474,15,6,0,1,2,2,2,0,0,1,4.643,phishing
https://amazon-support-710.net/reset?id=9210,14,6,0,1,2,2,2,0,0,1,3.605,phishing
https://github.org/support,6,8,0,1,1,0,0,0,0,0,2.742,legitimate
https://github.com/about,6,6,0,1,1,0,0,0,0,0,2.288,legitimate
https://banking-update-367.info/login?id=7038,14,6,0,1,2,3,1,0,0,1,4.475,phishing
https://amazon-support-281.org/reset?id=4843,14,6,0,1,2,1,3,0,0,1,4.733,phishing
https://netflix.org/about,7,6,0,1,1,0,0,0,0,0,2.389,legitimate
https://paypal-secure-193.com/reset?id=3298,13,6,0,1,2,2,4,0,0,1,4.768,phishing
https://bankofamerica.net/support,13,8,0,1,1,0,0,0,0,0,2.768,legitimate
https://microsoft.org/about,9,6,0,1,1,0,0,0,0,0,2.247,legitimate
https://paypal-secure-113.info/update?id=7975,13,7,0,1,2,2,4,0,0,1,3.383,phishing
https://secure-login-867.org/account?id=8305,12,8,0,1,2,2,1,0,0,1,4.61,phishing
https://paypal-secure-816.org/reset?id=1605,13,6,0,1,2,2,3,0,0,1,3.214,phishing
https://amazon-support-458.org/login?id=1147,14,6,0,1,2,1,1,0,0,1,4.641,phishing
https://office365-login-525.net/login?id=1722,15,6,0,1,2,1,3,0,0,1,4.418,phishing
https://banking-update-930.net/reset?id=9865,14,6,0,1,2,2,2,0,0,1,4.222,phishing
https://office365-login-500.com/reset?id=2309,15,6,0,1,2,2,3,0,0,1,3.426,phishing
https://banking-update-732.org/update?id=8416,14,7,0,1,2,3,3,0,0,1,3.462,phishing
https://example.edu/docs,7,5,0,1,1,0,0,0,0,0,2.334,legitimate
https://amazon-support-757.org/login?id=8793,14,6,0,1,2,1,4,0,0,1,3.471,phishing
https://netflix.net/docs,7,5,0,1,1,0,0,0,0,0,2.862,legitimate
https://amazon-support-821.net/reset?id=6276,14,6,0,1,2,3,3,0,0,1,3.931,phishing
https://banking-update-871.org/account?id=9024,14,8,0,1,2,3,2,0,0,1,4.149,phishing
https://amazon-support-688.org/update?id=8687,14,7,0,1,2,3,2,0,0,1,3.824,phishing
https://banking-update-141.info/login?id=7045,14,6,0,1,2,3,2,0,0,1,4.168,phishing
https://netflix.com/about,7,6,0,1,1,0,0,0,0,0,2.005,legitimate
https://office365-login-449.com/account?id=8104,15,8,0,1,2,3,1,0,0,1,4.599,phishing
https://secure-login-747.org/reset?id=7276,12,6,0,1,2,2,1,0,0,1,4.567,phishing
https://amazon-support-502.info/update?id=1280,14,7,0,1,2,2,3,0,0,1,4.552,phishing
https://example.com/docs,7,5,0,1,1,0,0,0,0,0,2.6,legitimate
https://office365-login-418.net/update?id=5681,15,7,0,1,2,1,1,0,0,1,4.602,phishing
https://amazon-support-400.info/reset?id=1997,14,6,0,1,2,3,3,0,0,1,4.772,phishing
https://office365-login-482.info/update?id=4938,15,7,0,1,2,2,2,0,0,1,4.482,phishing
https://banking-update-438.org/reset?id=1623,14,6,0,1,2,2,4,0,0,1,4.674,phishing
https://github.net/api/v1,6,7,0,1,1,0,0,0,0,0,2.583,legitimate
https://netflix.edu/api/v1,7,7,0,1,1,0,0,0,0,0,2.396,legitimate
https://amazon-support-568.info/update?id=1841,14,7,0,1,2,1,4,0,0,1,4.489,phishing
https://bankofamerica.net/support,13,8,0,1,1,0,0,0,0,0,2.902,legitimate
https://netflix.edu/support,7,8,0,1,1,0,0,0,0,0,2.823,legitimate
https://microsoft.edu/api/v1,9,7,0,1,1,0,0,0,0,0,2.251,legitimate
https://banking-update-677.info/reset?id=1864,14,6,0,1,2,1,1,0,0,1,4.512,phishing
https://amazon-support-548.info/login?id=1015,14,6,0,1,2,1,3,0,0,1,4.415,phishing
https://paypal-secure-246.net/verify?id=7796,13,7,0,1,2,3,3,0,0,1,3.952,phishing
https://secure-login-824.info/login?id=4304,12,6,0,1,2,3,4,0,0,1,3.8,phishing
https://office365-login-172.info/update?id=6116,15,7,0,1,2,1,4,0,0,1,4.397,phishing
https://paypal-secure-122.info/account?id=7518,13,8,0,1,2,1,2,0,0,1,3.622,phishing
https://paypal-secure-607.org/reset?id=4094,13,6,0,1,2,2,2,0,0,1,4.034,phishing
https://amazon-support-808.net/account?id=9316,14,8,0,1,2,1,3,0,0,1,3.364,phishing
https://example.net/docs,7,5,0,1,1,0,0,0,0,0,2.965,legitimate
https://example.org/api/v1,7,7,0,1,1,0,0,0,0,0,3.182,legitimate
https://bankofamerica.com/support,13,8,0,1,1,0,0,0,0,0,2.978,legitimate
https://paypal-secure-529.info/account?id=8043,13,8,0,1,2,1,2,0,0,1,4.283,phishing
https://office365-login-582.com/account?id=9852,15,8,0,1,2,1,2,0,0,1,4.295,phishing
https://secure-login-597.net/update?id=7769,12,7,0,1,2,2,4,0,0,1,4.453,phishing
https://banking-update-486.info/update?id=6097,14,7,0,1,2,2,3,0,0,1,3.678,phishing
https://paypal-secure-616.net/verify?id=2815,13,7,0,1,2,3,3,0,0,1,4.489,phishing
https://office365-login-210.info/login?id=1827,15,6,0,1,2,1,4,0,0,1,4.199,phishing
https://amazon-support-942.net/account?id=1807,14,8,0,1,2,3,2,0,0,1,3.507,phishing
https://paypal-secure-795.net/verify?id=2144,13,7,0,1,2,2,3,0,0,1,3.738,phishing
https://microsoft.com/api/v1,9,7,0,1,1,0,0,0,0,0,2.452,legitimate
https://office365-login-494.org/login?id=8209,15,6,0,1,2,2,1,0,0,1,3.712,phishing
https://github.edu/support,6,8,0,1,1,0,0,0,0,0,2.573,legitimate
https://banking-update-350.info/reset?id=5177,14,6,0,1,2,3,2,0,0,1,3.925,phishing
https://netflix.net/api/v1,7,7,0,1,1,0,0,0,0,0,2.065,legitimate
https://paypal-secure-435.org/reset?id=8831,13,6,0,1,2,1,3,0,0,1,3.468,phishing
https://office365-login-734.info/reset?id=4379,15,6,0,1,2,2,4,0,0,1,4.429,phishing
https://secure-login-370.net/reset?id=9695,12,6,0,1,2,3,1,0,0,1,4.147,phishing
https://netflix.edu/support,7,8,0,1,1,0,0,0,0,0,2.43,legitimate
https://amazon-support-382.com/reset?id=6137,14,6,0,1,2,2,3,0,0,1,4.797,phishing
https://amazon-support-944.net/account?id=1096,14,8,0,1,2,1,3,0,0,1,3.316,phishing
https://amazon-support-484.net/reset?id=9118,14,6,0,1,2,3,3,0,0,1,3.728,phishing
https://paypal-secure-702.com/reset?id=8699,13,6,0,1,2,2,3,0,0,1,4.423,phishing
https://amazon-support-144.org/update?id=4743,14,7,0,1,2,2,4,0,0,1,3.429,phishing
https://amazon-support-615.com/account?id=1456,14,8,0,1,2,1,3,0,0,1,4.266,phishing
https://paypal-secure-376.org/account?id=7936,13,8,0,1,2,1,2,0,0,1,3.369,phishing
https://amazon-support-701.com/update?id=3089,14,7,0,1,2,3,1,0,0,1,3.817,phishing
https://banking-update-599.info/account?id=6657,14,8,0,1,2,2,2,0,0,1,4.348,phishing
https://bankofamerica.org/support,13,8,0,1,1,0,0,0,0,0,2.905,legitimate
https://secure-login-463.info/login?id=1855,12,6,0,1,2,2,4,0,0,1,4.034,phishing
https://amazon-support-212.info/update?id=6326,14,7,0,1,2,2,4,0,0,1,4.284,phishing
https://banking-update-696.org/reset?id=5940,14,6,0,1,2,1,2,0,0,1,3.873,phishing
https://microsoft.edu/products,9,9,0,1,1,0,0,0,0,0,2.767,legitimate
https://amazon-support-812.info/login?id=7771,14,6,0,1,2,1,1,0,0,1,3.551,phishing
https://banking-update-234.net/account?id=5272,14,8,0,1,2,2,1,0,0,1,4.017,phishing
https://secure-login-707.org/login?id=3107,12,6,0,1,2,1,2,0,0,1,4.226,phishing
https://secure-login-671.org/verify?id=7354,12,7,0,1,2,3,4,0,0,1,4.086,phishing
https://secure-login-187.org/account?id=7960,12,8,0,1,2,1,1,0,0,1,3.756,phishing
https://paypal-secure-498.info/account?id=4001,13,8,0,1,2,1,3,0,0,1,4.502,phishing
https://microsoft.edu/api/v1,9,7,0,1,1,0,0,0,0,0,2.282,legitimate
https://bankofamerica.net/about,13,6,0,1,1,0,0,0,0,0,2.486,legitimate
https://example.com/products,7,9,0,1,1,0,0,0,0,0,2.469,legitimate
https://netflix.com/support,7,8,0,1,1,0,0,0,0,0,2.991,legitimate
https://bankofamerica.net/docs,13,5,0,1,1,0,0,0,0,0,3.004,legitimate
https://amazon-support-104.net/update?id=7882,14,7,0,1,2,1,2,0,0,1,3.508,phishing
https://amazon-support-311.org/update?id=6780,14,7,0,1,2,2,4,0,0,1,3.798,phishing
https://amazon-support-633.net/reset?id=6069,14,6,0,1,2,1,1,0,0,1,4.479,phishing
https://example.org/api/v1,7,7,0,1,1,0,0,0,0,0,2.563,legitimate
https://office365-login-278.info/reset?id=8282,15,6,0,1,2,2,4,0,0,1,3.531,phishing
https://bankofamerica.org/about,13,6,0,1,1,0,0,0,0,0,3.007,legitimate
https://secure-login-348.net/login?id=9848,12,6,0,1,2,1,4,0,0,1,4.571,phishing
https://secure-login-782.info/reset?id=7767,12,6,0,1,2,1,1,0,0,1,4.099,phishing
https://paypal-secure-771.com/login?id=3680,13,6,0,1,2,3,1,0,0,1,3.947,phishing
https://example.org/products,7,9,0,1,1,0,0,0,0,0,2.509,legitimate
https://banking-update-279.info/update?id=9308,14,7,0,1,2,1,2,0,0,1,3.453,phishing
https://github.edu/about,6,6,0,1,1,0,0,0,0,0,2.012,legitimate
https://banking-update-783.com/account?id=5556,14,8,0,1,2,1,2,0,0,1,3.985,phishing
https://office365-login-259.com/account?id=5111,15,8,0,1,2,3,3,0,0,1,3.402,phishing
https://amazon-support-950.org/update?id=2607,14,7,0,1,2,3,3,0,0,1,3.276,phishing
https://bankofamerica.com/about,13,6,0,1,1,0,0,0,0,0,2.483,legitimate
https://paypal-secure-228.org/login?id=7521,13,6,0,1,2,2,2,0,0,1,3.654,phishing
https://github.com/support,6,8,0,1,1,0,0,0,0,0,2.427,legitimate
https://netflix.org/support,7,8,0,1,1,0,0,0,0,0,2.603,legitimate
https://paypal-secure-223.com/verify?id=5530,13,7,0,1,2,3,4,0,0,1,3.907,phishing
https://secure-login-509.com/account?id=2390,12,8,0,1,2,2,3,0,0,1,3.905,phishing
https://bankofamerica.org/api/v1,13,7,0,1,1,0,0,0,0,0,2.844,legitimate
https://microsoft.com/support,9,8,0,1,1,0,0,0,0,0,2.787,legitimate
https://secure-login-676.com/account?id=5995,12,8,0,1,2,3,3,0,0,1,4.129,phishing
https://amazon-support-591.info/update?id=7705,14,7,0,1,2,2,1,0,0,1,4.355,phishing
https://secure-login-740.org/verify?id=6569,12,7,0,1,2,1,1,0,0,1,4.331,phishing
https://paypal-secure-454.info/reset?id=7558,13,6,0,1,2,3,4,0,0,1,4.025,phishing
https://office365-login-874.info/reset?id=4084,15,6,0,1,2,2,1,0,0,1,4.678,phishing
https://amazon-support-752.com/account?id=8531,14,8,0,1,2,1,4,0,0,1,3.813,phishing
https://amazon-support-135.net/update?id=9700,14,7,0,1,2,2,1,0,0,1,4.792,phishing
https://paypal-secure-978.net/login?id=4661,13,6,0,1,2,3,2,0,0,1,4.081,phishing
https://paypal-secure-876.net/login?id=7994,13,6,0,1,2,2,4,0,0,1,3.886,phishing
https://office365-login-762.com/account?id=8271,15,8,0,1,2,1,3,0,0,1,4.439,phishing
https://banking-update-594.info/update?id=1015,14,7,0,1,2,2,1,0,0,1,4.127,phishing
https://amazon-support-602.org/verify?id=5702,14,7,0,1,2,1,4,0,0,1,3.983,phishing
https://amazon-support-306.org/update?id=4997,14,7,0,1,2,1,4,0,0,1,3.602,phishing
https://secure-login-535.info/verify?id=9727,12,7,0,1,2,2,2,0,0,1,4.35,phishing
https://amazon-support-227.org/reset?id=1952,14,6,0,1,2,1,3,0,0,1,3.54,phishing
https://secure-login-959.net/update?id=7874,12,7,0,1,2,1,3,0,0,1,3.635,phishing
https://secure-login-677.com/login?id=6370,12,6,0,1,2,3,1,0,0,1,3.689,phishing
https://github.net/docs,6,5,0,1,1,0,0,0,0,0,2.998,legitimate
https://banking-update-126.com/login?id=2152,14,6,0,1,2,3,1,0,0,1,4.746,phishing
https://microsoft.org/support,9,8,0,1,1,0,0,0,0,0,2.608,legitimate
https://banking-update-745.org/account?id=6063,14,8,0,1,2,3,4,0,0,1,3.653,phishing
https://netflix.org/support,7,8,0,1,1,0,0,0,0,0,2.763,legitimate
https://secure-login-315.info/login?id=2758,12,6,0,1,2,3,3,0,0,1,4.714,phishing
https://paypal-secure-211.net/account?id=4295,13,8,0,1,2,1,3,0,0,1,3.67,phishing
https://netflix.edu/api/v1,7,7,0,1,1,0,0,0,0,0,2.43,legitimate
https://paypal-secure-873.com/account?id=6789,13,8,0,1,2,3,3,0,0,1,4.576,phishing
https://amazon-support-389.net/reset?id=2033,14,6,0,1,2,1,3,0,0,1,4.104,phishing
https://secure-login-878.com/account?id=3285,12,8,0,1,2,1,4,0,0,1,4.287,phishing
https://microsoft.net/docs,9,5,0,1,1,0,0,0,0,0,3.192,legitimate
https://office365-login-306.info/login?id=6074,15,6,0,1,2,1,2,0,0,1,4.103,phishing
https://microsoft.org/support,9,8,0,1,1,0,0,0,0,0,2.553,legitimate
https://office365-login-202.com/reset?id=9364,15,6,0,1,2,1,4,0,0,1,3.582,phishing
https://secure-login-993.net/reset?id=8335,12,6,0,1,2,3,1,0,0,1,3.489,phishing
https://bankofamerica.org/docs,13,5,0,1,1,0,0,0,0,0,2.566,legitimate
https://amazon-support-433.com/reset?id=2920,14,6,0,1,2,1,2,0,0,1,4.52,phishing
https://banking-update-449.org/login?id=8171,14,6,0,1,2,2,4,0,0,1,4.548,phishing
https://secure-login-665.net/reset?id=3208,12,6,0,1,2,1,2,0,0,1,3.295,phishing
https://banking-update-376.info/update?id=1548,14,7,0,1,2,2,2,0,0,1,3.581,phishing
https://bankofamerica.net/docs,13,5,0,1,1,0,0,0,0,0,2.454,legitimate
https://banking-update-992.com/reset?id=3781,14,6,0,1,2,2,4,0,0,1,4.26,phishing
https://amazon-support-165.info/update?id=4102,14,7,0,1,2,2,3,0,0,1,4.122,phishing
https://amazon-support-811.info/login?id=6065,14,6,0,1,2,2,2,0,0,1,3.924,phishing
https://github.net/about,6,6,0,1,1,0,0,0,0,0,3.167,legitimate
https://secure-login-242.net/verify?id=7869,12,7,0,1,2,3,1,0,0,1,4.332,phishing
https://github.com/docs,6,5,0,1,1,0,0,0,0,0,2.983,legitimate
https://banking-update-906.org/account?id=4804,14,8,0,1,2,3,3,0,0,1,3.319,phishing
https://amazon-support-137.org/update?id=7033,14,7,0,1,2,1,4,0,0,1,4.401,phishing
https://netflix.com/support,7,8,0,1,1,0,0,0,0,0,2.654,legitimate
https://office365-login-328.com/reset?id=5246,15,6,0,1,2,2,3,0,0,1,4.324,phishing
https://banking-update-538.info/reset?id=1845,14,6,0,1,2,1,3,0,0,1,4.394,phishing
https://microsoft.org/api/v1,9,7,0,1,1,0,0,0,0,0,3.025,legitimate
https://netflix.org/api/v1,7,7,0,1,1,0,0,0,0,0,2.361,legitimate
https://github.org/about,6,6,0,1,1,0,0,0,0,0,2.923,legitimate
https://amazon-support-984.com/verify?id=6525,14,7,0,1,2,3,4,0,0,1,4.565,phishing
https://bankofamerica.net/api/v1,13,7,0,1,1,0,0,0,0,0,2.642,legitimate
https://office365-login-793.net/verify?id=3381,15,7,0,1,2,2,1,0,0,1,3.804,phishing
https://banking-update-747.net/reset?id=7190,14,6,0,1,2,3,4,0,0,1,4.734,phishing
https://banking-update-747.net/account?id=8690,14,8,0,1,2,1,2,0,0,1,4.295,phishing
https://amazon-support-875.org/reset?id=8272,14,6,0,1,2,3,2,0,0,1,3.861,phishing
https://office365-login-258.com/reset?id=3930,15,6,0,1,2,3,3,0,0,1,3.344,phishing
https://bankofamerica.org/api/v1,13,7,0,1,1,0,0,0,0,0,2.613,legitimate
https://banking-update-346.net/verify?id=5107,14,7,0,1,2,3,1,0,0,1,4.658,phishing
https://amazon-support-165.info/verify?id=9833,14,7,0,1,2,3,2,0,0,1,3.709,phishing
https://bankofamerica.com/about,13,6,0,1,1,0,0,0,0,0,2.919,legitimate
https://office365-login-330.info/update?id=1458,15,7,0,1,2,1,2,0,0,1,4.008,phishing
https://office365-login-991.info/verify?id=1148,15,7,0,1,2,2,4,0,0,1,4.127,phishing
https://microsoft.edu/products,9,9,0,1,1,0,0,0,0,0,2.12,legitimate
https://netflix.net/api/v1,7,7,0,1,1,0,0,0,0,0,2.111,legitimate
https://amazon-support-527.com/reset?id=3828,14,6,0,1,2,3,4,0,0,1,4.652,phishing
https://amazon-support-548.net/verify?id=7334,14,7,0,1,2,1,2,0,0,1,3.537,phishing
https://amazon-support-633.org/account?id=5742,14,8,0,1,2,2,4,0,0,1,4.693,phishing
https://banking-update-506.net/login?id=4315,14,6,0,1,2,1,1,0,0,1,4.563,phishing
https://paypal-secure-261.com/update?id=7457,13,7,0,1,2,1,1,0,0,1,3.577,phishing
https://banking-update-150.info/reset?id=9447,14,6,0,1,2,2,4,0,0,1,3.65,phishing
https://paypal-secure-360.org/account?id=4646,13,8,0,1,2,3,1,0,0,1,3.566,phishing
https://paypal-secure-340.org/update?id=7149,13,7,0,1,2,2,2,0,0,1,4.776,phishing
https://netflix.edu/about,7,6,0,1,1,0,0,0,0,0,3.005,legitimate
https://amazon-support-750.com/reset?id=6427,14,6,0,1,2,2,4,0,0,1,3.444,phishing
https://github.com/docs,6,5,0,1,1,0,0,0,0,0,2.761,legitimate
https://secure-login-137.org/login?id=7269,12,6,0,1,2,3,4,0,0,1,4.396,phishing
https://example.org/products,7,9,0,1,1,0,0,0,0,0,3.069,legitimate
https://secure-login-552.com/login?id=5290,12,6,0,1,2,3,3,0,0,1,3.519,phishing
https://netflix.com/products,7,9,0,1,1,0,0,0,0,0,3.069,legitimate
https://amazon-support-124.info/login?id=7822,14,6,0,1,2,2,4,0,0,1,4.073,phishing
https://banking-update-177.net/account?id=8054,14,8,0,1,2,2,1,0,0,1,4.6,phishing
https://github.org/api/v1,6,7,0,1,1,0,0,0,0,0,2.929,legitimate
https://amazon-support-967.info/verify?id=1229,14,7,0,1,2,2,1,0,0,1,4.48,phishing
https://paypal-secure-731.org/account?id=9451,13,8,0,1,2,2,1,0,0,1,3.47,phishing
https://paypal-secure-960.info/login?id=7973,13,6,0,1,2,2,4,0,0,1,3.351,phishing
https://office365-login-894.net/account?id=2999,15,8,0,1,2,2,1,0,0,1,3.608,phishing
https://amazon-support-853.info/verify?id=2081,14,7,0,1,2,1,2,0,0,1,3.668,phishing
https://bankofamerica.org/docs,13,5,0,1,1,0,0,0,0,0,2.985,legitimate
https://secure-login-905.com/verify?id=3965,12,7,0,1,2,1,3,0,0,1,3.422,phishing
https://microsoft.com/docs,9,5,0,1,1,0,0,0,0,0,3.167,legitimate
https://secure-login-442.org/account?id=1745,12,8,0,1,2,2,1,0,0,1,3.964,phishing
https://office365-login-164.info/reset?id=4795,15,6,0,1,2,3,3,0,0,1,3.582,phishing
https://office365-login-859.info/login?id=3758,15,6,0,1,2,2,3,0,0,1,4.161,phishing
https://bankofamerica.org/support,13,8,0,1,1,0,0,0,0,0,3.152,legitimate
https://office365-login-463.org/update?id=5208,15,7,0,1,2,1,3,0,0,1,3.447,phishing
https://github.com/api/v1,6,7,0,1,1,0,0,0,0,0,2.27,legitimate
https://banking-update-394.info/login?id=7741,14,6,0,1,2,3,2,0,0,1,4.527,phishing
https://paypal-secure-440.info/login?id=1937,13,6,0,1,2,2,4,0,0,1,4.257,phishing
https://paypal-secure-670.info/login?id=3052,13,6,0,1,2,1,4,0,0,1,3.981,phishing
https://secure-login-359.com/update?id=5733,12,7,0,1,2,2,4,0,0,1,4.116,phishing
https://paypal-secure-227.com/update?id=8936,13,7,0,1,2,2,1,0,0,1,3.247,phishing
https://github.net/support,6,8,0,1,1,0,0,0,0,0,2.816,legitimate
https://amazon-support-790.org/verify?id=8975,14,7,0,1,2,1,4,0,0,1,3.67,phishing
https://banking-update-105.org/update?id=8249,14,7,0,1,2,1,2,0,0,1,3.83,phishing
https://github.net/about,6,6,0,1,1,0,0,0,0,0,2.124,legitimate
https://paypal-secure-546.com/account?id=9466,13,8,0,1,2,3,2,0,0,1,4.002,phishing
https://office365-login-413.info/login?id=4538,15,6,0,1,2,3,2,0,0,1,4.438,phishing
https://paypal-secure-722.net/update?id=6383,13,7,0,1,2,2,4,0,0,1,3.798,phishing
https://banking-update-396.org/reset?id=1840,14,6,0,1,2,1,1,0,0,1,3.884,phishing
https://secure-login-422.com/update?id=3448,12,7,0,1,2,2,1,0,0,1,3.598,phishing
https://banking-update-724.info/account?id=9440,14,8,0,1,2,1,2,0,0,1,3.218,phishing
https://github.org/support,6,8,0,1,1,0,0,0,0,0,2.44,legitimate
https://microsoft.com/support,9,8,0,1,1,0,0,0,0,0,2.784,legitimate
https://bankofamerica.org/support,13,8,0,1,1,0,0,0,0,0,2.967,legitimate
https://bankofamerica.edu/docs,13,5,0,1,1,0,0,0,0,0,2.112,legitimate
https://secure-login-566.org/verify?id=6391,12,7,0,1,2,2,4,0,0,1,3.523,phishing
https://microsoft.net/docs,9,5,0,1,1,0,0,0,0,0,2.331,legitimate
https://secure-login-527.com/reset?id=8517,12,6,0,1,2,3,1,0,0,1,4.165,phishing
https://banking-update-590.info/reset?id=8384,14,6,0,1,2,1,4,0,0,1,3.351,phishing
https://bankofamerica.edu/docs,13,5,0,1,1,0,0,0,0,0,2.412,legitimate
https://banking-update-631.com/login?id=1330,14,6,0,1,2,2,1,0,0,1,4.329,phishing
https://amazon-support-754.org/reset?id=5553,14,6,0,1,2,1,1,0,0,1,3.958,phishing
https://bankofamerica.com/support,13,8,0,1,1,0,0,0,0,0,2.792,legitimate
https://banking-update-690.com/update?id=2652,14,7,0,1,2,2,3,0,0,1,4.01,phishing
https://banking-update-881.net/verify?id=2149,14,7,0,1,2,1,1,0,0,1,3.622,phishing
https://microsoft.net/products,9,9,0,1,1,0,0,0,0,0,3.12,legitimate
https://office365-login-928.org/verify?id=8816,15,7,0,1,2,3,2,0,0,1,4.079,phishing
https://office365-login-969.com/account?id=9037,15,8,0,1,2,3,3,0,0,1,4.659,phishing
https://secure-login-514.com/reset?id=1423,12,6,0,1,2,3,3,0,0,1,3.36,phishing
https://secure-login-297.info/verify?id=8621,12,7,0,1,2,3,2,0,0,1,3.299,phishing
https://bankofamerica.net/products,13,9,0,1,1,0,0,0,0,0,2.244,legitimate
https://amazon-support-122.org/update?id=9078,14,7,0,1,2,1,4,0,0,1,4.402,phishing
https://github.com/about,6,6,0,1,1,0,0,0,0,0,2.9,legitimate
https://paypal-secure-903.info/login?id=8283,13,6,0,1,2,2,4,0,0,1,3.272,phishing
https://paypal-secure-419.com/update?id=1661,13,7,0,1,2,2,4,0,0,1,3.454,phishing
https://office365-login-615.net/reset?id=6409,15,6,0,1,2,3,3,0,0,1,3.446,phishing
https://github.edu/support,6,8,0,1,1,0,0,0,0,0,2.853,legitimate
https://secure-login-217.net/verify?id=8871,12,7,0,1,2,3,2,0,0,1,4.5,phishing
https://amazon-support-850.info/update?id=7000,14,7,0,1,2,3,4,0,0,1,4.538,phishing
https://bankofamerica.net/docs,13,5,0,1,1,0,0,0,0,0,3.092,legitimate
https://github.org/support,6,8,0,1,1,0,0,0,0,0,2.894,legitimate
https://secure-login-809.com/update?id=9119,12,7,0,1,2,2,1,0,0,1,4.093,phishing
https://banking-update-586.com/login?id=5742,14,6,0,1,2,1,1,0,0,1,3.611,phishing
https://bankofamerica.edu/products,13,9,0,1,1,0,0,0,0,0,3.145,legitimate
https://amazon-support-201.com/account?id=7701,14,8,0,1,2,3,4,0,0,1,4.555,phishing
https://office365-login-548.org/login?id=2810,15,6,0,1,2,1,4,0,0,1,4.121,phishing
https://microsoft.com/products,9,9,0,1,1,0,0,0,0,0,2.516,legitimate
https://github.com/products,6,9,0,1,1,0,0,0,0,0,3.048,legitimate
https://bankofamerica.net/api/v1,13,7,0,1,1,0,0,0,0,0,2.683,legitimate
https://paypal-secure-624.info/account?id=9974,13,8,0,1,2,3,1,0,0,1,3.979,phishing
https://microsoft.net/api/v1,9,7,0,1,1,0,0,0,0,0,3.12,legitimate
https://banking-update-855.com/account?id=6697,14,8,0,1,2,2,2,0,0,1,4.721,phishing
https://office365-login-622.com/verify?id=6062,15,7,0,1,2,2,3,0,0,1,4.617,phishing
https://banking-update-493.com/verify?id=8657,14,7,0,1,2,3,2,0,0,1,4.77,phishing
https://office365-login-121.org/reset?id=7402,15,6,0,1,2,3,1,0,0,1,3.712,phishing
https://github.com/api/v1,6,7,0,1,1,0,0,0,0,0,2.471,legitimate
https://amazon-support-991.com/reset?id=8721,14,6,0,1,2,1,1,0,0,1,4.584,phishing
https://paypal-secure-549.org/update?id=8134,13,7,0,1,2,2,3,0,0,1,3.658,phishing
https://office365-login-260.net/verify?id=2866,15,7,0,1,2,3,4,0,0,1,4.765,phishing
https://amazon-support-612.net/account?id=8116,14,8,0,1,2,1,4,0,0,1,4.08,phishing
https://secure-login-631.com/account?id=1524,12,8,0,1,2,2,4,0,0,1,3.559,phishing
https://banking-update-875.org/reset?id=7305,14,6,0,1,2,2,3,0,0,1,3.732,phishing
https://banking-update-222.com/verify?id=1494,14,7,0,1,2,2,1,0,0,1,4.789,phishing
https://amazon-support-472.org/login?id=3563,14,6,0,1,2,3,3,0,0,1,3.258,phishing
https://banking-update-194.info/verify?id=3075,14,7,0,1,2,1,3,0,0,1,4.685,phishing
https://secure-login-425.org/account?id=7506,12,8,0,1,2,3,2,0,0,1,4.599,phishing
https://banking-update-492.com/login?id=4065,14,6,0,1,2,2,3,0,0,1,3.301,phishing
https://secure-login-177.org/verify?id=4289,12,7,0,1,2,2,3,0,0,1,4.141,phishing
https://office365-login-373.org/account?id=5115,15,8,0,1,2,2,1,0,0,1,4.27,phishing
https://banking-update-214.org/account?id=4233,14,8,0,1,2,2,4,0,0,1,4.421,phishing
https://banking-update-252.com/verify?id=8070,14,7,0,1,2,2,2,0,0,1,3.442,phishing
https://amazon-support-859.org/login?id=9356,14,6,0,1,2,1,1,0,0,1,3.372,phishing
https://paypal-secure-837.net/reset?id=8253,13,6,0,1,2,1,3,0,0,1,3.27,phishing
https://netflix.edu/api/v1,7,7,0,1,1,0,0,0,0,0,2.537,legitimate
https://github.com/api/v1,6,7,0,1,1,0,0,0,0,0,3.073,legitimate
https://banking-update-845.net/login?id=1232,14,6,0,1,2,3,1,0,0,1,3.718,phishing
https://secure-login-973.com/verify?id=9320,12,7,0,1,2,1,1,0,0,1,3.628,phishing
https://amazon-support-134.com/verify?id=2840,14,7,0,1,2,3,1,0,0,1,3.743,phishing
https://bankofamerica.edu/support,13,8,0,1,1,0,0,0,0,0,2.865,legitimate
https://secure-login-208.com/account?id=4865,12,8,0,1,2,1,1,0,0,1,3.857,phishing
https://amazon-support-240.org/login?id=2230,14,6,0,1,2,1,3,0,0,1,4.649,phishing
https://microsoft.edu/api/v1,9,7,0,1,1,0,0,0,0,0,2.607,legitimate
https://amazon-support-895.net/update?id=3600,14,7,0,1,2,1,4,0,0,1,4.509,phishing
https://secure-login-806.info/reset?id=6259,12,6,0,1,2,3,1,0,0,1,4.556,phishing
https://secure-login-350.net/login?id=4671,12,6,0,1,2,1,3,0,0,1,4.392,phishing
https://amazon-support-877.org/login?id=7874,14,6,0,1,2,2,3,0,0,1,3.986,phishing
https://netflix.com/api/v1,7,7,0,1,1,0,0,0,0,0,2.027,legitimate
https://netflix.edu/docs,7,5,0,1,1,0,0,0,0,0,2.364,legitimate
https://netflix.net/about,7,6,0,1,1,0,0,0,0,0,2.779,legitimate
https://amazon-support-494.com/reset?id=3362,14,6,0,1,2,3,3,0,0,1,3.504,phishing
https://bankofamerica.org/docs,13,5,0,1,1,0,0,0,0,0,2.566,legitimate
https://amazon-support-360.org/update?id=2540,14,7,0,1,2,1,4,0,0,1,3.358,phishing
https://secure-login-601.info/verify?id=5117,12,7,0,1,2,2,4,0,0,1,3.39,phishing
https://github.org/support,6,8,0,1,1,0,0,0,0,0,2.294,legitimate
https://example.org/about,7,6,0,1,1,0,0,0,0,0,2.326,legitimate
https://github.org/products,6,9,0,1,1,0,0,0,0,0,2.618,legitimate
https://secure-login-276.com/reset?id=1248,12,6,0,1,2,2,4,0,0,1,3.797,phishing
https://office365-login-524.info/reset?id=3327,15,6,0,1,2,2,4,0,0,1,4.301,phishing
https://banking-update-925.net/login?id=3851,14,6,0,1,2,2,3,0,0,1,3.569,phishing
https://secure-login-857.net/reset?id=6642,12,6,0,1,2,2,4,0,0,1,4.536,phishing
https://example.org/api/v1,7,7,0,1,1,0,0,0,0,0,3.073,legitimate
https://banking-update-794.org/login?id=1438,14,6,0,1,2,2,2,0,0,1,4.102,phishing
https://paypal-secure-776.net/update?id=5690,13,7,0,1,2,2,4,0,0,1,3.557,phishing
https://office365-login-959.info/login?id=5618,15,6,0,1,2,3,2,0,0,1,4.194,phishing
https://office365-login-853.net/account?id=3026,15,8,0,1,2,3,4,0,0,1,4.541,phishing
https://microsoft.com/products,9,9,0,1,1,0,0,0,0,0,2.506,legitimate
https://amazon-support-761.org/update?id=3224,14,7,0,1,2,1,1,0,0,1,3.327,phishing
https://github.com/support,6,8,0,1,1,0,0,0,0,0,2.277,legitimate
https://banking-update-118.net/update?id=2391,14,7,0,1,2,3,4,0,0,1,3.95,phishing
https://secure-login-292.info/account?id=5628,12,8,0,1,2,1,2,0,0,1,3.719,phishing
https://secure-login-370.net/account?id=3099,12,8,0,1,2,2,4,0,0,1,3.963,phishing
https://microsoft.net/about,9,6,0,1,1,0,0,0,0,0,2.435,legitimate
https://paypal-secure-774.net/login?id=9538,13,6,0,1,2,3,3,0,0,1,3.499,phishing
https://amazon-support-135.info/update?id=4723,14,7,0,1,2,3,4,0,0,1,3.503,phishing
https://banking-update-952.org/reset?id=9282,14,6,0,1,2,2,2,0,0,1,4.498,phishing
https://amazon-support-804.org/verify?id=5040,14,7,0,1,2,2,3,0,0,1,3.915,phishing
https://banking-update-281.net/reset?id=9621,14,6,0,1,2,2,2,0,0,1,3.409,phishing
https://office365-login-517.info/verify?id=2330,15,7,0,1,2,2,4,0,0,1,4.147,phishing
https://banking-update-780.org/reset?id=2118,14,6,0,1,2,3,4,0,0,1,3.544,phishing
https://paypal-secure-433.net/reset?id=5760,13,6,0,1,2,3,3,0,0,1,4.765,phishing
https://paypal-secure-443.com/reset?id=8179,13,6,0,1,2,1,2,0,0,1,4.725,phishing
https://paypal-secure-387.com/reset?id=8546,13,6,0,1,2,1,4,0,0,1,3.98,phishing
https://banking-update-900.net/reset?id=7210,14,6,0,1,2,2,3,0,0,1,4.425,phishing
https://secure-login-683.org/update?id=2407,12,7,0,1,2,3,4,0,0,1,4.086,phishing
https://office365-login-663.com/login?id=3020,15,6,0,1,2,1,1,0,0,1,3.356,phishing
https://secure-login-710.org/update?id=1945,12,7,0,1,2,2,2,0,0,1,3.712,phishing
https://amazon-support-359.info/login?id=1700,14,6,0,1,2,3,4,0,0,1,3.912,phishing
https://paypal-secure-830.com/login?id=5344,13,6,0,1,2,3,3,0,0,1,4.024,phishing
https://office365-login-774.info/account?id=3858,15,8,0,1,2,2,3,0,0,1,4.603,phishing
https://netflix.net/products,7,9,0,1,1,0,0,0,0,0,2.419,legitimate
https://secure-login-303.info/reset?id=1735,12,6,0,1,2,2,1,0,0,1,3.931,phishing
https://office365-login-284.info/login?id=4557,15,6,0,1,2,2,2,0,0,1,4.414,phishing
https://office365-login-482.org/update?id=8331,15,7,0,1,2,3,4,0,0,1,3.996,phishing
https://office365-login-644.org/verify?id=8898,15,7,0,1,2,2,1,0,0,1,3.531,phishing
https://amazon-support-194.org/reset?id=5206,14,6,0,1,2,1,4,0,0,1,4.66,phishing
https://office365-login-187.com/update?id=1577,15,7,0,1,2,2,3,0,0,1,4.794,phishing
https://banking-update-585.org/verify?id=3483,14,7,0,1,2,3,1,0,0,1,3.935,phishing
https://bankofamerica.edu/api/v1,13,7,0,1,1,0,0,0,0,0,2.442,legitimate
https://office365-login-257.com/account?id=6705,15,8,0,1,2,1,4,0,0,1,4.688,phishing
https://netflix.edu/api/v1,7,7,0,1,1,0,0,0,0,0,3.06,legitimate
https://banking-update-311.org/update?id=6245,14,7,0,1,2,3,1,0,0,1,3.959,phishing
https://paypal-secure-280.com/update?id=9562,13,7,0,1,2,3,2,0,0,1,4.244,phishing
https://banking-update-843.org/verify?id=7802,14,7,0,1,2,3,1,0,0,1,3.493,phishing
https://amazon-support-786.net/update?id=4875,14,7,0,1,2,1,4,0,0,1,3.482,phishing
https://microsoft.edu/products,9,9,0,1,1,0,0,0,0,0,2.838,legitimate
https://secure-login-426.com/reset?id=2042,12,6,0,1,2,3,3,0,0,1,3.829,phishing
https://bankofamerica.com/docs,13,5,0,1,1,0,0,0,0,0,2.782,legitimate
https://office365-login-467.com/login?id=2265,15,6,0,1,2,2,3,0,0,1,3.29,phishing
https://paypal-secure-210.info/reset?id=2481,13,6,0,1,2,1,3,0,0,1,4.424,phishing
https://bankofamerica.net/api/v1,13,7,0,1,1,0,0,0,0,0,2.725,legitimate
https://office365-login-883.org/account?id=6192,15,8,0,1,2,3,4,0,0,1,3.905,phishing
https://paypal-secure-405.info/verify?id=9467,13,7,0,1,2,3,1,0,0,1,3.959,phishing
https://netflix.net/support,7,8,0,1,1,0,0,0,0,0,2.919,legitimate
https://github.edu/support,6,8,0,1,1,0,0,0,0,0,2.22,legitimate
https://microsoft.com/docs,9,5,0,1,1,0,0,0,0,0,2.788,legitimate
https://office365-login-231.com/account?id=7407,15,8,0,1,2,3,2,0,0,1,3.954,phishing
https://paypal-secure-355.net/login?id=8119,13,6,0,1,2,3,3,0,0,1,3.321,phishing
https://paypal-secure-169.net/reset?id=9622,13,6,0,1,2,2,2,0,0,1,4.321,phishing
https://paypal-secure-870.info/update?id=2392,13,7,0,1,2,2,4,0,0,1,4.266,phishing
https://github.org/api/v1,6,7,0,1,1,0,0,0,0,0,2.264,legitimate
https://office365-login-602.info/reset?id=1423,15,6,0,1,2,2,2,0,0,1,3.209,phishing
https://office365-login-328.net/reset?id=4859,15,6,0,1,2,2,2,0,0,1,4.069,phishing
https://secure-login-483.org/login?id=4176,12,6,0,1,2,2,4,0,0,1,3.681,phishing
https://microsoft.edu/products,9,9,0,1,1,0,0,0,0,0,2.319,legitimate
https://amazon-support-565.info/login?id=3472,14,6,0,1,2,3,2,0,0,1,3.364,phishing
https://paypal-secure-638.info/login?id=9951,13,6,0,1,2,1,4,0,0,1,3.706,phishing
https://github.com/about,6,6,0,1,1,0,0,0,0,0,2.652,legitimate
https://amazon-support-101.com/login?id=7888,14,6,0,1,2,2,4,0,0,1,4.486,phishing
https://banking-update-702.org/login?id=4475,14,6,0,1,2,2,4,0,0,1,3.803,phishing
https://github.net/about,6,6,0,1,1,0,0,0,0,0,2.291,legitimate
https://amazon-support-383.org/update?id=7691,14,7,0,1,2,1,2,0,0,1,4.724,phishing
https://office365-login-274.net/update?id=9224,15,7,0,1,2,1,1,0,0,1,3.752,phishing
https://banking-update-662.info/account?id=9171,14,8,0,1,2,1,3,0,0,1,4.779,phishing
https://office365-login-396.com/reset?id=1142,15,6,0,1,2,2,1,0,0,1,3.604,phishing
https://banking-update-589.com/reset?id=7997,14,6,0,1,2,1,1,0,0,1,3.631,phishing
https://microsoft.net/api/v1,9,7,0,1,1,0,0,0,0,0,3.172,legitimate
https://paypal-secure-217.info/reset?id=2525,13,6,0,1,2,2,3,0,0,1,3.976,phishing
https://microsoft.net/about,9,6,0,1,1,0,0,0,0,0,2.246,legitimate
https://secure-login-561.info/reset?id=5906,12,6,0,1,2,3,3,0,0,1,4.645,phishing
https://microsoft.com/api/v1,9,7,0,1,1,0,0,0,0,0,2.136,legitimate
https://secure-login-370.info/verify?id=7394,12,7,0,1,2,1,4,0,0,1,3.589,phishing
https://office365-login-356.info/update?id=8822,15,7,0,1,2,2,4,0,0,1,3.644,phishing
https://office365-login-327.com/account?id=9316,15,8,0,1,2,2,4,0,0,1,3.911,phishing
https://paypal-secure-874.com/reset?id=9505,13,6,0,1,2,2,3,0,0,1,3.797,phishing
https://secure-login-848.net/account?id=4070,12,8,0,1,2,3,1,0,0,1,4.223,phishing
https://paypal-secure-112.info/reset?id=6237,13,6,0,1,2,2,3,0,0,1,4.383,phishing
https://banking-update-473.info/reset?id=5659,14,6,0,1,2,1,3,0,0,1,4.367,phishing
https://office365-login-289.info/verify?id=5758,15,7,0,1,2,2,2,0,0,1,4.576,phishing
https://microsoft.com/api/v1,9,7,0,1,1,0,0,0,0,0,2.226,legitimate
https://paypal-secure-342.org/verify?id=4312,13,7,0,1,2,2,2,0,0,1,4.603,phishing
https://banking-update-786.info/reset?id=9875,14,6,0,1,2,1,4,0,0,1,4.796,phishing
https://office365-login-513.com/reset?id=1001,15,6,0,1,2,3,4,0,0,1,4.096,phishing
https://github.net/support,6,8,0,1,1,0,0,0,0,0,2.782,legitimate
https://banking-update-972.net/update?id=7961,14,7,0,1,2,1,1,0,0,1,4.141,phishing
https://office365-login-965.net/update?id=7304,15,7,0,1,2,2,1,0,0,1,4.111,phishing
https://banking-update-111.info/verify?id=1905,14,7,0,1,2,3,3,0,0,1,3.644,phishing
https://paypal-secure-715.org/account?id=7549,13,8,0,1,2,1,1,0,0,1,4.298,phishing
https://banking-update-806.net/account?id=3417,14,8,0,1,2,2,3,0,0,1,3.436,phishing
https://amazon-support-343.info/update?id=1257,14,7,0,1,2,2,3,0,0,1,4.273,phishing
https://microsoft.net/docs,9,5,0,1,1,0,0,0,0,0,2.081,legitimate
https://office365-login-384.org/account?id=6172,15,8,0,1,2,3,1,0,0,1,4.347,phishing
https://secure-login-618.org/login?id=9205,12,6,0,1,2,2,1,0,0,1,3.992,phishing
https://bankofamerica.com/about,13,6,0,1,1,0,0,0,0,0,2.235,legitimate
https://secure-login-547.org/account?id=9545,12,8,0,1,2,1,3,0,0,1,3.253,phishing
https://paypal-secure-916.info/login?id=4111,13,6,0,1,2,1,4,0,0,1,4.17,phishing
https://paypal-secure-209.net/reset?id=6203,13,6,0,1,2,2,2,0,0,1,4.084,phishing
https://bankofamerica.net/support,13,8,0,1,1,0,0,0,0,0,3.124,legitimate
https://secure-login-395.net/login?id=3795,12,6,0,1,2,2,1,0,0,1,3.556,phishing
https://office365-login-805.com/update?id=4149,15,7,0,1,2,3,1,0,0,1,4.526,phishing
https://secure-login-517.net/login?id=5273,12,6,0,1,2,3,2,0,0,1,4.764,phishing
https://secure-login-553.com/update?id=3652,12,7,0,1,2,1,4,0,0,1,3.881,phishing
https://paypal-secure-592.org/update?id=7084,13,7,0,1,2,2,3,0,0,1,3.918,phishing
https://amazon-support-930.info/login?id=1049,14,6,0,1,2,2,4,0,0,1,3.97,phishing
https://amazon-support-140.com/verify?id=3930,14,7,0,1,2,2,1,0,0,1,3.241,phishing
https://amazon-support-558.info/reset?id=3478,14,6,0,1,2,1,3,0,0,1,3.975,phishing
https://amazon-support-147.org/account?id=9624,14,8,0,1,2,1,2,0,0,1,3.661,phishing
https://amazon-support-160.com/verify?id=8649,14,7,0,1,2,3,3,0,0,1,4.128,phishing
https://banking-update-787.com/reset?id=2947,14,6,0,1,2,2,1,0,0,1,3.338,phishing
https://banking-update-336.org/login?id=5661,14,6,0,1,2,1,3,0,0,1,3.905,phishing
https://paypal-secure-992.com/login?id=6109,13,6,0,1,2,2,3,0,0,1,3.254,phishing
https://secure-login-741.net/account?id=8824,12,8,0,1,2,1,4,0,0,1,4.599,phishing
https://paypal-secure-721.org/verify?id=6042,13,7,0,1,2,3,2,0,0,1,3.731,phishing
https://secure-login-907.com/account?id=7451,12,8,0,1,2,1,2,0,0,1,3.846,phishing
https://office365-login-433.info/verify?id=9355,15,7,0,1,2,3,1,0,0,1,3.975,phishing
https://office365-login-166.net/verify?id=5862,15,7,0,1,2,3,2,0,0,1,3.617,phishing
https://secure-login-819.org/update?id=5059,12,7,0,1,2,3,1,0,0,1,4.433,phishing
https://github.edu/api/v1,6,7,0,1,1,0,0,0,0,0,2.71,legitimate
https://netflix.com/about,7,6,0,1,1,0,0,0,0,0,2.842,legitimate
https://netflix.net/products,7,9,0,1,1,0,0,0,0,0,2.758,legitimate
https://example.edu/docs,7,5,0,1,1,0,0,0,0,0,2.825,legitimate
https://banking-update-693.com/reset?id=9224,14,6,0,1,2,2,2,0,0,1,3.318,phishing
https://netflix.com/products,7,9,0,1,1,0,0,0,0,0,3.164,legitimate
https://netflix.com/api/v1,7,7,0,1,1,0,0,0,0,0,3.072,legitimate
https://secure-login-717.info/update?id=2779,12,7,0,1,2,3,2,0,0,1,4.079,phishing
https://paypal-secure-433.org/verify?id=5278,13,7,0,1,2,2,4,0,0,1,4.793,phishing
https://office365-login-986.com/account?id=6720,15,8,0,1,2,1,4,0,0,1,3.373,phishing
https://secure-login-276.org/update?id=3650,12,7,0,1,2,3,3,0,0,1,4.685,phishing
https://netflix.edu/products,7,9,0,1,1,0,0,0,0,0,2.336,legitimate
https://paypal-secure-577.org/login?id=4793,13,6,0,1,2,3,2,0,0,1,3.343,phishing
https://banking-update-137.com/update?id=5550,14,7,0,1,2,1,4,0,0,1,4.701,phishing
https://github.edu/products,6,9,0,1,1,0,0,0,0,0,2.105,legitimate
https://paypal-secure-884.info/verify?id=2716,13,7,0,1,2,2,2,0,0,1,3.888,phishing
https://amazon-support-910.net/reset?id=7784,14,6,0,1,2,3,3,0,0,1,4.365,phishing
https://paypal-secure-847.com/account?id=8584,13,8,0,1,2,3,1,0,0,1,3.607,phishing
https://banking-update-717.net/login?id=4102,14,6,0,1,2,3,2,0,0,1,3.911,phishing
https://amazon-support-277.net/verify?id=8786,14,7,0,1,2,3,4,0,0,1,3.204,phishing
https://github.com/about,6,6,0,1,1,0,0,0,0,0,2.524,legitimate
https://github.com/api/v1,6,7,0,1,1,0,0,0,0,0,2.522,legitimate
https://amazon-support-258.net/verify?id=6333,14,7,0,1,2,2,3,0,0,1,3.817,phishing
https://office365-login-951.org/account?id=2446,15,8,0,1,2,1,3,0,0,1,4.702,phishing
https://github.edu/docs,6,5,0,1,1,0,0,0,0,0,3.011,legitimate
https://amazon-support-991.info/account?id=6931,14,8,0,1,2,1,4,0,0,1,3.743,phishing
https://secure-login-380.com/reset?id=9611,12,6,0,1,2,1,1,0,0,1,3.902,phishing
https://office365-login-310.org/account?id=6027,15,8,0,1,2,1,2,0,0,1,4.251,phishing
https://secure-login-255.com/account?id=7663,12,8,0,1,2,2,2,0,0,1,3.922,phishing
https://banking-update-557.net/update?id=8037,14,7,0,1,2,2,3,0,0,1,3.895,phishing
https://secure-login-749.com/reset?id=5798,12,6,0,1,2,2,4,0,0,1,4.224,phishing
https://amazon-support-396.net/reset?id=5398,14,6,0,1,2,3,2,0,0,1,4.46,phishing
https://banking-update-260.info/update?id=7607,14,7,0,1,2,2,3,0,0,1,4.335,phishing
https://paypal-secure-514.info/account?id=7925,13,8,0,1,2,2,2,0,0,1,4.421,phishing
https://paypal-secure-830.org/login?id=4381,13,6,0,1,2,1,4,0,0,1,3.92,phishing
https://office365-login-312.info/login?id=9749,15,6,0,1,2,1,2,0,0,1,3.52,phishing
https://paypal-secure-507.com/login?id=7599,13,6,0,1,2,2,1,0,0,1,3.452,phishing
https://secure-login-992.com/login?id=4638,12,6,0,1,2,3,3,0,0,1,4.728,phishing
https://amazon-support-676.info/account?id=8930,14,8,0,1,2,3,1,0,0,1,3.775,phishing
https://paypal-secure-922.info/reset?id=2383,13,6,0,1,2,1,4,0,0,1,4.44,phishing
https://banking-update-832.net/account?id=7226,14,8,0,1,2,2,1,0,0,1,3.664,phishing
https://office365-login-929.org/account?id=3351,15,8,0,1,2,2,4,0,0,1,4.084,phishing
https://office365-login-753.info/login?id=3398,15,6,0,1,2,2,1,0,0,1,4.708,phishing
https://github.com/products,6,9,0,1,1,0,0,0,0,0,2.15,legitimate
https://amazon-support-430.com/login?id=8865,14,6,0,1,2,3,4,0,0,1,4.677,phishing
https://office365-login-677.com/login?id=8825,15,6,0,1,2,3,3,0,0,1,3.494,phishing
https://netflix.net/products,7,9,0,1,1,0,0,0,0,0,3.119,legitimate
https://secure-login-665.net/update?id=2522,12,7,0,1,2,2,2,0,0,1,3.382,phishing
https://office365-login-155.org/account?id=9609,15,8,0,1,2,3,4,0,0,1,3.332,phishing
https://office365-login-733.com/account?id=1164,15,8,0,1,2,3,2,0,0,1,3.242,phishing
https://banking-update-915.net/update?id=1648,14,7,0,1,2,2,1,0,0,1,4.212,phishing
https://github.net/about,6,6,0,1,1,0,0,0,0,0,2.616,legitimate
https://banking-update-336.net/login?id=3756,14,6,0,1,2,2,2,0,0,1,4.053,phishing
https://bankofamerica.org/support,13,8,0,1,1,0,0,0,0,0,2.942,legitimate
https://office365-login-889.org/account?id=6373,15,8,0,1,2,2,1,0,0,1,3.379,phishing
https://office365-login-889.info/update?id=7026,15,7,0,1,2,2,2,0,0,1,4.225,phishing
https://banking-update-714.info/verify?id=5395,14,7,0,1,2,2,1,0,0,1,3.292,phishing
https://netflix.org/about,7,6,0,1,1,0,0,0,0,0,2.904,legitimate
https://banking-update-962.net/update?id=6740,14,7,0,1,2,2,3,0,0,1,4.237,phishing
https://amazon-support-604.net/reset?id=6912,14,6,0,1,2,1,1,0,0,1,4.599,phishing
https://banking-update-695.com/reset?id=1888,14,6,0,1,2,3,2,0,0,1,3.385,phishing
https://example.com/api/v1,7,7,0,1,1,0,0,0,0,0,2.919,legitimate
https://netflix.com/about,7,6,0,1,1,0,0,0,0,0,2.232,legitimate
https://amazon-support-530.org/reset?id=5335,14,6,0,1,2,1,1,0,0,1,3.278,phishing
https://paypal-secure-793.com/reset?id=4275,13,6,0,1,2,1,3,0,0,1,3.497,phishing
https://microsoft.org/api/v1,9,7,0,1,1,0,0,0,0,0,2.971,legitimate
https://secure-login-497.net/login?id=5527,12,6,0,1,2,1,4,0,0,1,3.838,phishing
https://bankofamerica.com/products,13,9,0,1,1,0,0,0,0,0,2.113,legitimate
https://secure-login-207.net/account?id=1127,12,8,0,1,2,1,4,0,0,1,3.337,phishing
https://secure-login-576.info/verify?id=5096,12,7,0,1,2,1,3,0,0,1,4.42,phishing
https://secure-login-667.info/login?id=2205,12,6,0,1,2,3,1,0,0,1,3.209,phishing
https://github.net/products,6,9,0,1,1,0,0,0,0,0,2.958,legitimate
https://amazon-support-331.net/update?id=6976,14,7,0,1,2,3,3,0,0,1,3.339,phishing
https://bankofamerica.edu/api/v1,13,7,0,1,1,0,0,0,0,0,2.316,legitimate
https://paypal-secure-925.net/account?id=9638,13,8,0,1,2,2,4,0,0,1,4.791,phishing
https://banking-update-122.info/update?id=3761,14,7,0,1,2,2,2,0,0,1,4.747,phishing
https://banking-update-394.org/update?id=2329,14,7,0,1,2,3,3,0,0,1,4.128,phishing
https://paypal-secure-296.org/verify?id=3476,13,7,0,1,2,1,4,0,0,1,4.582,phishing
https://secure-login-267.org/verify?id=7451,12,7,0,1,2,1,3,0,0,1,4.043,phishing
https://netflix.com/products,7,9,0,1,1,0,0,0,0,0,2.979,legitimate
https://office365-login-208.com/update?id=6197,15,7,0,1,2,1,1,0,0,1,3.307,phishing
https://amazon-support-399.com/account?id=9204,14,8,0,1,2,2,3,0,0,1,4.619,phishing
https://microsoft.org/docs,9,5,0,1,1,0,0,0,0,0,3.098,legitimate
https://microsoft.com/products,9,9,0,1,1,0,0,0,0,0,3.075,legitimate
https://github.com/support,6,8,0,1,1,0,0,0,0,0,3.07,legitimate
https://banking-update-428.org/reset?id=6083,14,6,0,1,2,2,1,0,0,1,4.068,phishing
https://paypal-secure-107.net/verify?id=3002,13,7,0,1,2,3,1,0,0,1,4.693,phishing
https://paypal-secure-496.org/login?id=2708,13,6,0,1,2,1,1,0,0,1,3.381,phishing
https://banking-update-326.net/reset?id=2482,14,6,0,1,2,3,1,0,0,1,3.928,phishing
https://office365-login-701.info/update?id=7237,15,7,0,1,2,2,4,0,0,1,3.615,phishing
https://secure-login-397.com/verify?id=3127,12,7,0,1,2,2,1,0,0,1,4.335,phishing
https://netflix.org/about,7,6,0,1,1,0,0,0,0,0,2.09,legitimate
https://amazon-support-880.net/verify?id=3826,14,7,0,1,2,2,1,0,0,1,4.538,phishing
https://banking-update-774.info/verify?id=7484,14,7,0,1,2,2,2,0,0,1,3.64,phishing
https://bankofamerica.org/api/v1,13,7,0,1,1,0,0,0,0,0,3.143,legitimate
https://banking-update-860.info/account?id=2200,14,8,0,1,2,1,4,0,0,1,4.673,phishing
https://paypal-secure-926.net/reset?id=6696,13,6,0,1,2,1,3,0,0,1,4.181,phishing
https://banking-update-250.org/verify?id=2058,14,7,0,1,2,2,3,0,0,1,3.88,phishing
https://office365-login-870.com/update?id=5429,15,7,0,1,2,3,3,0,0,1,3.215,phishing
https://amazon-support-198.info/login?id=4492,14,6,0,1,2,2,1,0,0,1,4.69,phishing
https://amazon-support-747.org/account?id=2723,14,8,0,1,2,3,1,0,0,1,4.714,phishing
https://paypal-secure-538.org/reset?id=6263,13,6,0,1,2,2,4,0,0,1,3.286,phishing
https://secure-login-380.net/login?id=2744,12,6,0,1,2,3,3,0,0,1,4.214,phishing
https://github.net/about,6,6,0,1,1,0,0,0,0,0,3.005,legitimate
https://amazon-support-770.net/verify?id=8680,14,7,0,1,2,1,4,0,0,1,4.414,phishing
https://paypal-secure-890.org/reset?id=6902,13,6,0,1,2,1,3,0,0,1,4.539,phishing
https://banking-update-360.info/login?id=1067,14,6,0,1,2,3,2,0,0,1,3.958,phishing
https://paypal-secure-507.info/reset?id=8334,13,6,0,1,2,2,1,0,0,1,4.38,phishing
https://secure-login-841.com/verify?id=6804,12,7,0,1,2,1,3,0,0,1,3.973,phishing
https://secure-login-373.com/reset?id=8322,12,6,0,1,2,3,2,0,0,1,3.825,phishing
https://banking-update-720.net/reset?id=3816,14,6,0,1,2,2,1,0,0,1,3.882,phishing
https://paypal-secure-136.info/verify?id=7246,13,7,0,1,2,1,4,0,0,1,4.02,phishing
https://netflix.com/support,7,8,0,1,1,0,0,0,0,0,3.172,legitimate
https://example.net/support,7,8,0,1,1,0,0,0,0,0,2.959,legitimate
https://paypal-secure-571.net/login?id=6443,13,6,0,1,2,3,2,0,0,1,4.605,phishing
https://office365-login-183.net/account?id=4037,15,8,0,1,2,2,4,0,0,1,3.978,phishing
https://paypal-secure-971.net/reset?id=6636,13,6,0,1,2,2,1,0,0,1,3.879,phishing
https://paypal-secure-294.info/login?id=5575,13,6,0,1,2,1,4,0,0,1,4.244,phishing
https://office365-login-766.net/verify?id=9059,15,7,0,1,2,1,4,0,0,1,4.581,phishing
https://paypal-secure-112.info/account?id=5139,13,8,0,1,2,1,1,0,0,1,3.903,phishing
https://banking-update-478.info/login?id=9326,14,6,0,1,2,2,1,0,0,1,4.188,phishing
https://office365-login-980.info/login?id=6395,15,6,0,1,2,3,2,0,0,1,4.261,phishing
https://github.org/docs,6,5,0,1,1,0,0,0,0,0,3.036,legitimate
https://amazon-support-722.org/update?id=4665,14,7,0,1,2,2,3,0,0,1,4.274,phishing
https://office365-login-456.org/reset?id=8435,15,6,0,1,2,1,2,0,0,1,4.033,phishing
https://banking-update-696.com/account?id=3434,14,8,0,1,2,1,2,0,0,1,3.713,phishing
https://paypal-secure-151.net/account?id=2751,13,8,0,1,2,1,4,0,0,1,3.725,phishing
https://paypal-secure-514.net/verify?id=5569,13,7,0,1,2,3,3,0,0,1,4.338,phishing
https://bankofamerica.org/api/v1,13,7,0,1,1,0,0,0,0,0,2.987,legitimate
https://office365-login-671.net/login?id=8931,15,6,0,1,2,1,3,0,0,1,4.618,phishing
https://microsoft.com/support,9,8,0,1,1,0,0,0,0,0,2.365,legitimate
https://paypal-secure-112.net/update?id=9630,13,7,0,1,2,2,4,0,0,1,4.734,phishing
https://secure-login-330.net/login?id=2828,12,6,0,1,2,2,2,0,0,1,3.425,phishing
https://secure-login-929.com/reset?id=4426,12,6,0,1,2,2,1,0,0,1,3.796,phishing
https://paypal-secure-408.org/reset?id=5422,13,6,0,1,2,3,2,0,0,1,4.064,phishing
https://amazon-support-656.org/account?id=3020,14,8,0,1,2,1,2,0,0,1,4.469,phishing
https://amazon-support-273.info/update?id=6016,14,7,0,1,2,2,3,0,0,1,3.694,phishing
https://banking-update-428.com/login?id=4811,14,6,0,1,2,2,3,0,0,1,4.24,phishing
https://office365-login-665.net/verify?id=2656,15,7,0,1,2,3,1,0,0,1,4.446,phishing
https://secure-login-767.net/reset?id=4806,12,6,0,1,2,3,3,0,0,1,3.293,phishing
https://netflix.edu/products,7,9,0,1,1,0,0,0,0,0,2.577,legitimate
https://bankofamerica.edu/support,13,8,0,1,1,0,0,0,0,0,2.584,legitimate
https://banking-update-536.com/verify?id=5829,14,7,0,1,2,1,3,0,0,1,4.615,phishing
https://bankofamerica.org/docs,13,5,0,1,1,0,0,0,0,0,2.535,legitimate
https://banking-update-162.org/update?id=7579,14,7,0,1,2,1,2,0,0,1,3.345,phishing
https://paypal-secure-206.org/login?id=6445,13,6,0,1,2,2,2,0,0,1,3.241,phishing
https://office365-login-361.com/account?id=1935,15,8,0,1,2,1,4,0,0,1,3.989,phishing
https://banking-update-597.com/account?id=4460,14,8,0,1,2,1,4,0,0,1,3.356,phishing
https://office365-login-393.com/login?id=7079,15,6,0,1,2,3,2,0,0,1,3.272,phishing
https://paypal-secure-948.org/account?id=5428,13,8,0,1,2,2,3,0,0,1,3.403,phishing
https://amazon-support-250.org/account?id=6901,14,8,0,1,2,2,1,0,0,1,4.428,phishing
https://bankofamerica.com/about,13,6,0,1,1,0,0,0,0,0,2.86,legitimate
https://banking-update-124.com/account?id=8377,14,8,0,1,2,1,1,0,0,1,4.194,phishing
https://secure-login-421.com/account?id=6256,12,8,0,1,2,1,1,0,0,1,4.109,phishing
https://microsoft.edu/about,9,6,0,1,1,0,0,0,0,0,2.386,legitimate
https://banking-update-369.com/update?id=5823,14,7,0,1,2,1,1,0,0,1,4.752,phishing
https://amazon-support-807.com/verify?id=6338,14,7,0,1,2,2,4,0,0,1,4.476,phishing
https://secure-login-219.net/login?id=7448,12,6,0,1,2,3,4,0,0,1,4.478,phishing
https://secure-login-124.net/login?id=2172,12,6,0,1,2,1,3,0,0,1,4.583,phishing
https://paypal-secure-153.info/reset?id=7350,13,6,0,1,2,3,4,0,0,1,3.231,phishing
https://amazon-support-467.info/update?id=6068,14,7,0,1,2,3,3,0,0,1,3.209,phishing
https://paypal-secure-123.info/login?id=5798,13,6,0,1,2,3,4,0,0,1,3.608,phishing
https://secure-login-641.org/update?id=4457,12,7,0,1,2,2,4,0,0,1,3.762,phishing
https://paypal-secure-694.info/reset?id=3326,13,6,0,1,2,2,4,0,0,1,3.88,phishing
https://banking-update-297.com/login?id=9689,14,6,0,1,2,1,4,0,0,1,4.164,phishing
https://example.com/api/v1,7,7,0,1,1,0,0,0,0,0,2.801,legitimate
https://banking-update-797.info/account?id=7109,14,8,0,1,2,1,1,0,0,1,3.789,phishing
https://paypal-secure-211.info/account?id=6541,13,8,0,1,2,1,4,0,0,1,4.589,phishing
https://example.net/about,7,6,0,1,1,0,0,0,0,0,2.085,legitimate
https://amazon-support-977.org/update?id=7345,14,7,0,1,2,1,1,0,0,1,4.201,phishing
https://office365-login-224.net/account?id=8513,15,8,0,1,2,2,4,0,0,1,3.293,phishing
https://banking-update-622.com/update?id=5161,14,7,0,1,2,2,3,0,0,1,3.808,phishing
https://amazon-support-799.net/verify?id=6051,14,7,0,1,2,1,2,0,0,1,3.496,phishing
https://example.com/api/v1,7,7,0,1,1,0,0,0,0,0,3.037,legitimate
https://amazon-support-829.info/update?id=3574,14,7,0,1,2,3,4,0,0,1,4.397,phishing
https://secure-login-954.com/verify?id=5904,12,7,0,1,2,3,3,0,0,1,3.232,phishing
https://amazon-support-971.org/verify?id=9919,14,7,0,1,2,2,4,0,0,1,3.575,phishing
https://netflix.org/about,7,6,0,1,1,0,0,0,0,0,2.672,legitimate
https://netflix.net/support,7,8,0,1,1,0,0,0,0,0,2.022,legitimate
https://bankofamerica.net/products,13,9,0,1,1,0,0,0,0,0,2.799,legitimate
https://banking-update-974.org/verify?id=8700,14,7,0,1,2,1,4,0,0,1,4.05,phishing
https://amazon-support-214.net/verify?id=2632,14,7,0,1,2,3,4,0,0,1,3.396,phishing
https://secure-login-552.org/verify?id=8130,12,7,0,1,2,2,4,0,0,1,3.88,phishing
https://example.com/support,7,8,0,1,1,0,0,0,0,0,2.145,legitimate
https://amazon-support-958.net/update?id=5147,14,7,0,1,2,1,3,0,0,1,4.123,phishing
https://office365-login-545.com/update?id=9130,15,7,0,1,2,1,3,0,0,1,3.873,phishing
https://github.com/docs,6,5,0,1,1,0,0,0,0,0,2.754,legitimate
https://microsoft.org/support,9,8,0,1,1,0,0,0,0,0,2.783,legitimate
https://microsoft.net/docs,9,5,0,1,1,0,0,0,0,0,2.794,legitimate
https://microsoft.net/products,9,9,0,1,1,0,0,0,0,0,3.1,legitimate
https://github.com/about,6,6,0,1,1,0,0,0,0,0,2.966,legitimate
https://microsoft.com/api/v1,9,7,0,1,1,0,0,0,0,0,3.163,legitimate
https://example.com/about,7,6,0,1,1,0,0,0,0,0,2.442,legitimate
https://secure-login-755.info/login?id=9818,12,6,0,1,2,2,4,0,0,1,4.5,phishing
https://banking-update-364.net/update?id=5376,14,7,0,1,2,3,3,0,0,1,3.771,phishing
https://microsoft.net/products,9,9,0,1,1,0,0,0,0,0,2.253,legitimate
https://github.org/docs,6,5,0,1,1,0,0,0,0,0,2.85,legitimate
https://example.edu/api/v1,7,7,0,1,1,0,0,0,0,0,2.936,legitimate
https://office365-login-233.org/update?id=9650,15,7,0,1,2,3,2,0,0,1,3.96,phishing
https://secure-login-834.org/login?id=5467,12,6,0,1,2,1,4,0,0,1,4.507,phishing
https://banking-update-653.org/reset?id=1509,14,6,0,1,2,3,2,0,0,1,4.445,phishing
https://amazon-support-276.info/reset?id=5677,14,6,0,1,2,1,3,0,0,1,3.274,phishing
https://netflix.net/docs,7,5,0,1,1,0,0,0,0,0,2.519,legitimate
https://banking-update-362.org/reset?id=3286,14,6,0,1,2,2,4,0,0,1,3.37,phishing
https://netflix.com/support,7,8,0,1,1,0,0,0,0,0,2.134,legitimate
https://banking-update-975.info/login?id=8712,14,6,0,1,2,1,3,0,0,1,4.172,phishing
https://paypal-secure-175.org/reset?id=6712,13,6,0,1,2,2,4,0,0,1,4.048,phishing
https://secure-login-154.net/account?id=8835,12,8,0,1,2,3,1,0,0,1,3.234,phishing
https://office365-login-118.info/reset?id=3317,15,6,0,1,2,1,4,0,0,1,3.679,phishing
https://banking-update-738.net/verify?id=5610,14,7,0,1,2,1,1,0,0,1,3.344,phishing
https://secure-login-727.info/reset?id=2930,12,6,0,1,2,1,2,0,0,1,4.116,phishing
https://amazon-support-169.com/account?id=2752,14,8,0,1,2,3,2,0,0,1,4.085,phishing
https://example.edu/products,7,9,0,1,1,0,0,0,0,0,3.098,legitimate
https://paypal-secure-128.com/account?id=4089,13,8,0,1,2,1,1,0,0,1,4.788,phishing
https://banking-update-761.org/update?id=5158,14,7,0,1,2,1,2,0,0,1,4.118,phishing
https://bankofamerica.org/products,13,9,0,1,1,0,0,0,0,0,2.429,legitimate
https://github.org/support,6,8,0,1,1,0,0,0,0,0,2.601,legitimate
https://banking-update-413.org/account?id=6316,14,8,0,1,2,1,2,0,0,1,3.216,phishing
https://bankofamerica.net/products,13,9,0,1,1,0,0,0,0,0,2.948,legitimate
https://paypal-secure-309.org/reset?id=2222,13,6,0,1,2,2,2,0,0,1,3.772,phishing
https://github.edu/api/v1,6,7,0,1,1,0,0,0,0,0,2.19,legitimate
https://secure-login-982.net/verify?id=6000,12,7,0,1,2,3,2,0,0,1,4.306,phishing
https://secure-login-703.org/update?id=4941,12,7,0,1,2,3,3,0,0,1,4.577,phishing
https://office365-login-269.org/update?id=9297,15,7,0,1,2,2,4,0,0,1,3.611,phishing
https://microsoft.com/docs,9,5,0,1,1,0,0,0,0,0,2.353,legitimate
https://office365-login-913.org/reset?id=7240,15,6,0,1,2,2,2,0,0,1,4.536,phishing
https://amazon-support-176.org/account?id=9417,14,8,0,1,2,1,2,0,0,1,3.229,phishing
https://paypal-secure-925.com/update?id=2675,13,7,0,1,2,3,1,0,0,1,3.415,phishing
https://github.org/api/v1,6,7,0,1,1,0,0,0,0,0,2.548,legitimate
https://bankofamerica.net/about,13,6,0,1,1,0,0,0,0,0,2.525,legitimate
https://github.net/api/v1,6,7,0,1,1,0,0,0,0,0,2.96,legitimate
https://paypal-secure-314.net/verify?id=2033,13,7,0,1,2,3,1,0,0,1,3.249,phishing
https://amazon-support-505.info/verify?id=8256,14,7,0,1,2,1,1,0,0,1,4.5,phishing
https://paypal-secure-381.com/update?id=4122,13,7,0,1,2,1,4,0,0,1,3.775,phishing
https://microsoft.org/docs,9,5,0,1,1,0,0,0,0,0,2.222,legitimate
https://banking-update-318.net/update?id=4867,14,7,0,1,2,3,4,0,0,1,4.498,phishing
https://paypal-secure-776.com/login?id=5741,13,6,0,1,2,3,2,0,0,1,3.862,phishing
https://secure-login-843.net/account?id=5277,12,8,0,1,2,1,1,0,0,1,3.865,phishing
https://banking-update-966.info/verify?id=7985,14,7,0,1,2,2,1,0,0,1,3.474,phishing
https://paypal-secure-449.info/account?id=9888,13,8,0,1,2,3,1,0,0,1,4.535,phishing
https://example.com/support,7,8,0,1,1,0,0,0,0,0,2.853,legitimate
https://paypal-secure-153.info/verify?id=2358,13,7,0,1,2,2,2,0,0,1,4.676,phishing
https://netflix.edu/support,7,8,0,1,1,0,0,0,0,0,3.16,legitimate
https://microsoft.com/api/v1,9,7,0,1,1,0,0,0,0,0,2.578,legitimate
https://office365-login-596.info/update?id=8160,15,7,0,1,2,2,1,0,0,1,4.556,phishing
https://secure-login-253.info/update?id=6190,12,7,0,1,2,2,3,0,0,1,3.213,phishing
https://office365-login-985.info/update?id=5275,15,7,0,1,2,1,4,0,0,1,4.145,phishing
https://secure-login-899.org/login?id=9061,12,6,0,1,2,2,3,0,0,1,4.608,phishing
https://bankofamerica.net/products,13,9,0,1,1,0,0,0,0,0,2.131,legitimate
https://secure-login-156.com/update?id=7047,12,7,0,1,2,3,1,0,0,1,4.716,phishing
https://amazon-support-143.info/update?id=3791,14,7,0,1,2,2,4,0,0,1,4.381,phishing
https://amazon-support-377.com/verify?id=5746,14,7,0,1,2,1,3,0,0,1,4.65,phishing
https://office365-login-866.info/account?id=7625,15,8,0,1,2,2,1,0,0,1,4.048,phishing
https://amazon-support-436.com/login?id=3029,14,6,0,1,2,1,4,0,0,1,4.271,phishing
https://office365-login-358.org/reset?id=8278,15,6,0,1,2,1,3,0,0,1,3.429,phishing
https://secure-login-253.com/verify?id=1091,12,7,0,1,2,2,4,0,0,1,4.255,phishing
https://paypal-secure-647.com/update?id=2274,13,7,0,1,2,2,2,0,0,1,3.881,phishing
https://office365-login-866.net/reset?id=8659,15,6,0,1,2,2,4,0,0,1,4.38,phishing
https://amazon-support-986.info/login?id=8520,14,6,0,1,2,1,3,0,0,1,3.26,phishing
https://microsoft.com/docs,9,5,0,1,1,0,0,0,0,0,2.825,legitimate
https://github.com/support,6,8,0,1,1,0,0,0,0,0,3.057,legitimate
https://banking-update-356.org/reset?id=3933,14,6,0,1,2,3,3,0,0,1,4.758,phishing
https://banking-update-740.com/reset?id=8010,14,6,0,1,2,2,4,0,0,1,4.479,phishing
https://banking-update-718.net/login?id=3610,14,6,0,1,2,1,2,0,0,1,3.679,phishing
https://github.org/docs,6,5,0,1,1,0,0,0,0,0,3.141,legitimate
https://office365-login-262.com/verify?id=8413,15,7,0,1,2,1,3,0,0,1,4.195,phishing
https://office365-login-387.org/update?id=1891,15,7,0,1,2,3,1,0,0,1,3.473,phishing
https://github.edu/about,6,6,0,1,1,0,0,0,0,0,2.826,legitimate
https://banking-update-280.com/login?id=3706,14,6,0,1,2,2,4,0,0,1,4.476,phishing
https://office365-login-860.org/login?id=1238,15,6,0,1,2,3,1,0,0,1,3.438,phishing
https://paypal-secure-995.com/update?id=3759,13,7,0,1,2,3,1,0,0,1,4.376,phishing
https://office365-login-331.org/login?id=7089,15,6,0,1,2,2,3,0,0,1,4.616,phishing
https://amazon-support-548.com/update?id=7206,14,7,0,1,2,1,4,0,0,1,4.328,phishing
https://secure-login-654.org/verify?id=7497,12,7,0,1,2,3,2,0,0,1,3.817,phishing
https://bankofamerica.edu/api/v1,13,7,0,1,1,0,0,0,0,0,3.177,legitimate
https://banking-update-928.net/account?id=1993,14,8,0,1,2,3,2,0,0,1,3.484,phishing
https://github.com/support,6,8,0,1,1,0,0,0,0,0,3.193,legitimate
https://microsoft.edu/docs,9,5,0,1,1,0,0,0,0,0,2.735,legitimate
https://banking-update-609.net/reset?id=2587,14,6,0,1,2,3,2,0,0,1,4.218,phishing
https://paypal-secure-755.com/login?id=1073,13,6,0,1,2,2,4,0,0,1,3.716,phishing
https://amazon-support-336.net/reset?id=1447,14,6,0,1,2,1,3,0,0,1,3.889,phishing
https://amazon-support-825.org/login?id=9743,14,6,0,1,2,3,4,0,0,1,4.62,phishing
https://secure-login-481.net/update?id=1087,12,7,0,1,2,2,3,0,0,1,3.948,phishing
https://paypal-secure-941.info/reset?id=4974,13,6,0,1,2,1,3,0,0,1,3.952,phishing
https://secure-login-969.com/account?id=8462,12,8,0,1,2,2,3,0,0,1,3.789,phishing
https://example.com/about,7,6,0,1,1,0,0,0,0,0,3.105,legitimate
https://example.edu/products,7,9,0,1,1,0,0,0,0,0,2.394,legitimate
https://secure-login-389.com/reset?id=3948,12,6,0,1,2,2,3,0,0,1,3.239,phishing
https://office365-login-555.info/login?id=3683,15,6,0,1,2,2,3,0,0,1,3.558,phishing
https://office365-login-427.info/login?id=7058,15,6,0,1,2,1,1,0,0,1,3.502,phishing
https://banking-update-920.com/login?id=8171,14,6,0,1,2,3,4,0,0,1,4.276,phishing
https://github.com/about,6,6,0,1,1,0,0,0,0,0,2.147,legitimate
https://netflix.com/support,7,8,0,1,1,0,0,0,0,0,2.762,legitimate
https://paypal-secure-941.info/login?id=5743,13,6,0,1,2,1,2,0,0,1,3.235,phishing
https://example.net/about,7,6,0,1,1,0,0,0,0,0,2.758,legitimate
https://amazon-support-439.info/login?id=8009,14,6,0,1,2,3,2,0,0,1,3.546,phishing
https://microsoft.net/support,9,8,0,1,1,0,0,0,0,0,2.174,legitimate
https://netflix.edu/products,7,9,0,1,1,0,0,0,0,0,2.271,legitimate
https://secure-login-680.net/login?id=3471,12,6,0,1,2,3,3,0,0,1,3.485,phishing
https://paypal-secure-475.org/login?id=7762,13,6,0,1,2,1,4,0,0,1,4.498,phishing
https://office365-login-308.info/login?id=8818,15,6,0,1,2,1,3,0,0,1,4.185,phishing
https://amazon-support-327.com/reset?id=8049,14,6,0,1,2,2,3,0,0,1,4.591,phishing
https://office365-login-794.org/verify?id=4194,15,7,0,1,2,1,3,0,0,1,4.642,phishing
https://netflix.edu/about,7,6,0,1,1,0,0,0,0,0,3.143,legitimate
https://paypal-secure-872.info/login?id=9897,13,6,0,1,2,3,3,0,0,1,4.788,phishing
https://microsoft.org/docs,9,5,0,1,1,0,0,0,0,0,2.641,legitimate
https://secure-login-899.org/update?id=4739,12,7,0,1,2,1,1,0,0,1,3.406,phishing
https://office365-login-932.net/account?id=4637,15,8,0,1,2,3,2,0,0,1,3.366,phishing
https://paypal-secure-127.net/verify?id=3515,13,7,0,1,2,2,1,0,0,1,3.614,phishing
https://amazon-support-545.net/reset?id=7218,14,6,0,1,2,2,3,0,0,1,3.948,phishing
https://bankofamerica.net/docs,13,5,0,1,1,0,0,0,0,0,2.886,legitimate
https://banking-update-307.org/update?id=7771,14,7,0,1,2,3,1,0,0,1,3.771,phishing
https://microsoft.org/support,9,8,0,1,1,0,0,0,0,0,2.069,legitimate
https://secure-login-294.net/account?id=1707,12,8,0,1,2,3,4,0,0,1,3.247,phishing
https://secure-login-575.net/verify?id=9191,12,7,0,1,2,1,4,0,0,1,3.779,phishing
https://banking-update-103.net/login?id=9306,14,6,0,1,2,3,4,0,0,1,4.543,phishing
https://secure-login-764.net/reset?id=2114,12,6,0,1,2,2,4,0,0,1,3.218,phishing
https://banking-update-598.com/account?id=1769,14,8,0,1,2,2,2,0,0,1,3.791,phishing
https://amazon-support-615.org/verify?id=1380,14,7,0,1,2,2,1,0,0,1,4.284,phishing
https://office365-login-781.info/login?id=8476,15,6,0,1,2,3,4,0,0,1,3.213,phishing
https://secure-login-317.com/reset?id=5331,12,6,0,1,2,3,1,0,0,1,4.188,phishing
https://github.edu/about,6,6,0,1,1,0,0,0,0,0,3.09,legitimate
https://netflix.com/about,7,6,0,1,1,0,0,0,0,0,3.077,legitimate
https://office365-login-915.info/update?id=6215,15,7,0,1,2,3,4,0,0,1,4.669,phishing
https://office365-login-287.org/login?id=2637,15,6,0,1,2,1,1,0,0,1,4.272,phishing
https://paypal-secure-865.org/update?id=7799,13,7,0,1,2,2,1,0,0,1,3.712,phishing
https://secure-login-327.org/verify?id=1398,12,7,0,1,2,3,4,0,0,1,4.36,phishing
https://office365-login-277.org/reset?id=6479,15,6,0,1,2,3,2,0,0,1,3.902,phishing
https://secure-login-394.org/login?id=2315,12,6,0,1,2,2,3,0,0,1,3.979,phishing
https://example.org/products,7,9,0,1,1,0,0,0,0,0,2.24,legitimate
https://office365-login-784.com/update?id=6541,15,7,0,1,2,2,2,0,0,1,3.632,phishing
https://amazon-support-301.info/account?id=2822,14,8,0,1,2,2,2,0,0,1,3.919,phishing
https://example.edu/support,7,8,0,1,1,0,0,0,0,0,2.573,legitimate
https://paypal-secure-551.info/login?id=9533,13,6,0,1,2,2,4,0,0,1,3.605,phishing
https://paypal-secure-559.info/update?id=5821,13,7,0,1,2,2,4,0,0,1,3.422,phishing
https://banking-update-451.info/update?id=3051,14,7,0,1,2,2,3,0,0,1,4.262,phishing
https://amazon-support-907.info/reset?id=7912,14,6,0,1,2,2,4,0,0,1,3.479,phishing
https://secure-login-265.com/update?id=3216,12,7,0,1,2,3,4,0,0,1,3.955,phishing
https://banking-update-421.com/login?id=5256,14,6,0,1,2,1,2,0,0,1,4.027,phishing
https://office365-login-638.org/reset?id=4582,15,6,0,1,2,1,2,0,0,1,4.486,phishing
https://netflix.net/api/v1,7,7,0,1,1,0,0,0,0,0,2.186,legitimate
https://amazon-support-857.org/reset?id=7902,14,6,0,1,2,1,4,0,0,1,4.63,phishing
https://example.org/about,7,6,0,1,1,0,0,0,0,0,2.482,legitimate
https://secure-login-419.com/reset?id=4289,12,6,0,1,2,2,1,0,0,1,4.33,phishing
https://netflix.org/products,7,9,0,1,1,0,0,0,0,0,2.175,legitimate
https://amazon-support-132.com/update?id=1856,14,7,0,1,2,3,1,0,0,1,3.438,phishing
https://amazon-support-699.org/login?id=8109,14,6,0,1,2,1,3,0,0,1,4.168,phishing
https://paypal-secure-711.com/login?id=2742,13,6,0,1,2,2,4,0,0,1,3.769,phishing
https://amazon-support-418.info/verify?id=5073,14,7,0,1,2,1,1,0,0,1,3.354,phishing
https://github.net/api/v1,6,7,0,1,1,0,0,0,0,0,2.785,legitimate
https://github.org/docs,6,5,0,1,1,0,0,0,0,0,3.094,legitimate
https://office365-login-684.info/reset?id=9297,15,6,0,1,2,2,2,0,0,1,3.29,phishing
https://bankofamerica.org/docs,13,5,0,1,1,0,0,0,0,0,2.494,legitimate
https://banking-update-867.com/login?id=8330,14,6,0,1,2,1,4,0,0,1,4.402,phishing
https://paypal-secure-318.org/login?id=5142,13,6,0,1,2,1,2,0,0,1,3.772,phishing
https://microsoft.edu/api/v1,9,7,0,1,1,0,0,0,0,0,2.177,legitimate
https://banking-update-417.info/account?id=6023,14,8,0,1,2,3,4,0,0,1,3.741,phishing
https://github.com/about,6,6,0,1,1,0,0,0,0,0,3.168,legitimate
https://banking-update-183.info/login?id=7737,14,6,0,1,2,1,2,0,0,1,4.013,phishing
https://github.org/support,6,8,0,1,1,0,0,0,0,0,2.645,legitimate
https://amazon-support-677.org/verify?id=4068,14,7,0,1,2,1,3,0,0,1,4.358,phishing
https://amazon-support-855.net/reset?id=3698,14,6,0,1,2,1,1,0,0,1,4.489,phishing
https://amazon-support-774.net/login?id=5032,14,6,0,1,2,3,2,0,0,1,4.165,phishing
https://amazon-support-332.info/verify?id=4733,14,7,0,1,2,3,2,0,0,1,4.149,phishing
https://banking-update-809.org/update?id=5626,14,7,0,1,2,3,1,0,0,1,3.672,phishing
https://microsoft.net/api/v1,9,7,0,1,1,0,0,0,0,0,2.314,legitimate
https://banking-update-592.info/reset?id=3463,14,6,0,1,2,3,2,0,0,1,4.258,phishing
https://secure-login-561.com/update?id=2220,12,7,0,1,2,1,1,0,0,1,4.154,phishing
https://amazon-support-728.info/account?id=9320,14,8,0,1,2,1,2,0,0,1,3.306,phishing
https://office365-login-614.com/account?id=3074,15,8,0,1,2,2,3,0,0,1,4.009,phishing
https://microsoft.com/api/v1,9,7,0,1,1,0,0,0,0,0,2.341,legitimate
https://paypal-secure-580.info/verify?id=2451,13,7,0,1,2,2,3,0,0,1,3.566,phishing
https://amazon-support-219.org/verify?id=3414,14,7,0,1,2,1,3,0,0,1,3.527,phishing
https://paypal-secure-626.org/login?id=1329,13,6,0,1,2,2,2,0,0,1,3.314,phishing
https://netflix.edu/support,7,8,0,1,1,0,0,0,0,0,2.778,legitimate
https://banking-update-734.info/verify?id=1336,14,7,0,1,2,3,4,0,0,1,3.535,phishing
https://paypal-secure-267.net/reset?id=2201,13,6,0,1,2,3,1,0,0,1,4.471,phishing
https://amazon-support-775.net/login?id=9370,14,6,0,1,2,1,3,0,0,1,3.61,phishing
https://netflix.org/products,7,9,0,1,1,0,0,0,0,0,2.763,legitimate
https://banking-update-976.com/verify?id=1463,14,7,0,1,2,2,1,0,0,1,4.195,phishing
https://example.net/api/v1,7,7,0,1,1,0,0,0,0,0,2.462,legitimate
https://banking-update-361.org/account?id=4312,14,8,0,1,2,1,4,0,0,1,3.736,phishing
https://banking-update-856.com/verify?id=9045,14,7,0,1,2,1,4,0,0,1,4.021,phishing
https://bankofamerica.net/support,13,8,0,1,1,0,0,0,0,0,3.11,legitimate
https://amazon-support-735.net/account?id=8121,14,8,0,1,2,1,4,0,0,1,4.105,phishing
https://secure-login-383.info/verify?id=5386,12,7,0,1,2,1,2,0,0,1,4.771,phishing
https://microsoft.org/support,9,8,0,1,1,0,0,0,0,0,2.199,legitimate
https://netflix.com/docs,7,5,0,1,1,0,0,0,0,0,2.503,legitimate
https://example.edu/support,7,8,0,1,1,0,0,0,0,0,2.868,legitimate
https://banking-update-972.info/update?id=9902,14,7,0,1,2,3,4,0,0,1,4.732,phishing
https://amazon-support-309.net/account?id=2157,14,8,0,1,2,3,4,0,0,1,4.119,phishing
https://example.org/about,7,6,0,1,1,0,0,0,0,0,2.981,legitimate
https://banking-update-951.com/reset?id=7930,14,6,0,1,2,3,1,0,0,1,4.575,phishing
https://paypal-secure-921.net/login?id=1334,13,6,0,1,2,1,1,0,0,1,3.474,phishing
https://amazon-support-786.info/reset?id=8603,14,6,0,1,2,1,1,0,0,1,3.762,phishing
https://amazon-support-767.net/reset?id=1875,14,6,0,1,2,3,4,0,0,1,3.509,phishing
https://paypal-secure-607.info/account?id=7276,13,8,0,1,2,3,2,0,0,1,3.473,phishing
https://secure-login-393.net/update?id=7304,12,7,0,1,2,1,2,0,0,1,3.832,phishing
https://secure-login-299.org/verify?id=2455,12,7,0,1,2,1,3,0,0,1,3.462,phishing
https://office365-login-979.org/account?id=1430,15,8,0,1,2,2,3,0,0,1,3.914,phishing
https://paypal-secure-357.info/verify?id=5385,13,7,0,1,2,1,4,0,0,1,4.256,phishing
https://secure-login-748.org/account?id=5304,12,8,0,1,2,3,2,0,0,1,4.085,phishing
https://secure-login-557.net/update?id=2219,12,7,0,1,2,2,4,0,0,1,4.566,phishing
https://banking-update-762.info/login?id=8285,14,6,0,1,2,1,3,0,0,1,4.278,phishing
https://bankofamerica.edu/docs,13,5,0,1,1,0,0,0,0,0,2.776,legitimate
https://paypal-secure-768.net/login?id=9704,13,6,0,1,2,2,4,0,0,1,3.409,phishing
https://amazon-support-384.com/verify?id=7115,14,7,0,1,2,2,4,0,0,1,4.722,phishing
https://banking-update-802.org/update?id=7167,14,7,0,1,2,1,1,0,0,1,4.352,phishing
https://amazon-support-101.net/verify?id=2329,14,7,0,1,2,1,2,0,0,1,3.828,phishing
https://banking-update-572.org/verify?id=7064,14,7,0,1,2,2,4,0,0,1,3.78,phishing
https://office365-login-758.net/reset?id=8808,15,6,0,1,2,2,3,0,0,1,3.334,phishing
https://paypal-secure-432.org/reset?id=1344,13,6,0,1,2,3,2,0,0,1,3.586,phishing
https://amazon-support-220.org/account?id=6089,14,8,0,1,2,3,4,0,0,1,4.218,phishing
https://example.net/about,7,6,0,1,1,0,0,0,0,0,2.264,legitimate
https://microsoft.org/docs,9,5,0,1,1,0,0,0,0,0,2.386,legitimate
https://github.org/support,6,8,0,1,1,0,0,0,0,0,2.716,legitimate
https://netflix.com/products,7,9,0,1,1,0,0,0,0,0,2.179,legitimate
https://secure-login-460.org/login?id=1920,12,6,0,1,2,2,1,0,0,1,4.574,phishing
https://banking-update-718.com/update?id=1894,14,7,0,1,2,1,4,0,0,1,4.556,phishing
https://amazon-support-221.com/verify?id=2959,14,7,0,1,2,2,4,0,0,1,3.909,phishing
https://office365-login-689.com/reset?id=5670,15,6,0,1,2,2,4,0,0,1,3.252,phishing
https://microsoft.com/support,9,8,0,1,1,0,0,0,0,0,2.553,legitimate
https://paypal-secure-719.net/account?id=9376,13,8,0,1,2,1,1,0,0,1,4.021,phishing
https://netflix.edu/products,7,9,0,1,1,0,0,0,0,0,2.543,legitimate
https://secure-login-896.net/verify?id=4551,12,7,0,1,2,2,3,0,0,1,4.195,phishing
https://microsoft.net/api/v1,9,7,0,1,1,0,0,0,0,0,2.536,legitimate
https://secure-login-112.net/account?id=1585,12,8,0,1,2,3,4,0,0,1,3.304,phishing
https://banking-update-463.info/reset?id=1261,14,6,0,1,2,1,2,0,0,1,4.563,phishing
https://bankofamerica.net/products,13,9,0,1,1,0,0,0,0,0,3.029,legitimate
https://example.com/about,7,6,0,1,1,0,0,0,0,0,2.458,legitimate
https://netflix.com/about,7,6,0,1,1,0,0,0,0,0,2.021,legitimate
https://secure-login-870.net/verify?id=7647,12,7,0,1,2,2,1,0,0,1,4.225,phishing
https://banking-update-681.info/login?id=5563,14,6,0,1,2,3,2,0,0,1,4.262,phishing
https://example.edu/support,7,8,0,1,1,0,0,0,0,0,2.49,legitimate
https://secure-login-220.com/account?id=2027,12,8,0,1,2,2,1,0,0,1,4.02,phishing
https://office365-login-922.org/reset?id=1383,15,6,0,1,2,1,3,0,0,1,4.644,phishing
https://amazon-support-388.org/verify?id=5288,14,7,0,1,2,1,3,0,0,1,4.292,phishing
https://amazon-support-878.com/reset?id=4649,14,6,0,1,2,3,3,0,0,1,4.652,phishing
https://secure-login-737.com/login?id=3630,12,6,0,1,2,2,1,0,0,1,3.234,phishing
https://banking-update-946.com/update?id=9562,14,7,0,1,2,1,3,0,0,1,3.693,phishing
https://banking-update-205.org/login?id=8813,14,6,0,1,2,2,2,0,0,1,4.536,phishing
https://paypal-secure-151.org/update?id=1488,13,7,0,1,2,2,3,0,0,1,4.087,phishing
https://paypal-secure-763.info/reset?id=8858,13,6,0,1,2,2,3,0,0,1,4.323,phishing
https://paypal-secure-160.com/account?id=4232,13,8,0,1,2,1,3,0,0,1,3.303,phishing
https://microsoft.com/products,9,9,0,1,1,0,0,0,0,0,2.417,legitimate
https://banking-update-802.net/account?id=6080,14,8,0,1,2,3,3,0,0,1,4.214,phishing
https://amazon-support-376.com/reset?id=6672,14,6,0,1,2,3,2,0,0,1,3.49,phishing
https://secure-login-110.com/login?id=3232,12,6,0,1,2,2,2,0,0,1,3.54,phishing
https://bankofamerica.org/products,13,9,0,1,1,0,0,0,0,0,3.103,legitimate
https://banking-update-435.com/reset?id=6012,14,6,0,1,2,3,2,0,0,1,3.876,phishing
https://secure-login-370.info/verify?id=4252,12,7,0,1,2,3,3,0,0,1,3.61,phishing
https://example.org/support,7,8,0,1,1,0,0,0,0,0,2.76,legitimate
https://amazon-support-515.info/update?id=5529,14,7,0,1,2,1,3,0,0,1,4.592,phishing
https://secure-login-925.info/verify?id=5070,12,7,0,1,2,1,2,0,0,1,3.953,phishing
https://office365-login-220.org/account?id=8583,15,8,0,1,2,2,2,0,0,1,4.505,phishing
https://office365-login-340.net/verify?id=5114,15,7,0,1,2,3,2,0,0,1,3.354,phishing
https://amazon-support-542.org/reset?id=6339,14,6,0,1,2,2,2,0,0,1,4.083,phishing
https://office365-login-112.info/login?id=7886,15,6,0,1,2,3,3,0,0,1,4.571,phishing
https://amazon-support-900.com/verify?id=9495,14,7,0,1,2,1,3,0,0,1,3.267,phishing
https://netflix.org/support,7,8,0,1,1,0,0,0,0,0,2.455,legitimate
https://amazon-support-690.org/account?id=4101,14,8,0,1,2,3,4,0,0,1,3.237,phishing
https://office365-login-574.info/reset?id=4564,15,6,0,1,2,2,1,0,0,1,4.038,phishing
https://secure-login-528.net/account?id=3352,12,8,0,1,2,1,1,0,0,1,4.755,phishing
https://github.com/docs,6,5,0,1,1,0,0,0,0,0,2.101,legitimate
https://office365-login-894.org/login?id=4523,15,6,0,1,2,2,1,0,0,1,4.527,phishing
https://microsoft.net/about,9,6,0,1,1,0,0,0,0,0,2.909,legitimate
https://netflix.net/api/v1,7,7,0,1,1,0,0,0,0,0,2.883,legitimate
https://banking-update-637.org/login?id=1508,14,6,0,1,2,3,3,0,0,1,3.597,phishing
https://secure-login-821.com/account?id=3458,12,8,0,1,2,3,2,0,0,1,4.775,phishing
https://microsoft.edu/products,9,9,0,1,1,0,0,0,0,0,2.826,legitimate
https://office365-login-376.org/update?id=5721,15,7,0,1,2,2,1,0,0,1,3.454,phishing
https://banking-update-256.net/account?id=1197,14,8,0,1,2,3,2,0,0,1,4.456,phishing
https://github.edu/api/v1,6,7,0,1,1,0,0,0,0,0,2.706,legitimate
https://banking-update-630.com/account?id=1931,14,8,0,1,2,2,1,0,0,1,4.094,phishing
https://microsoft.com/products,9,9,0,1,1,0,0,0,0,0,2.684,legitimate
https://bankofamerica.edu/about,13,6,0,1,1,0,0,0,0,0,2.089,legitimate
https://netflix.org/support,7,8,0,1,1,0,0,0,0,0,2.865,legitimate
https://paypal-secure-696.org/account?id=9459,13,8,0,1,2,3,4,0,0,1,3.224,phishing
https://banking-update-914.info/update?id=2733,14,7,0,1,2,1,2,0,0,1,3.874,phishing
https://paypal-secure-712.info/update?id=6456,13,7,0,1,2,3,4,0,0,1,4.661,phishing
https://paypal-secure-407.org/reset?id=2201,13,6,0,1,2,1,2,0,0,1,3.711,phishing
https://secure-login-626.com/reset?id=9503,12,6,0,1,2,2,1,0,0,1,4.04,phishing
https://paypal-secure-389.org/login?id=3857,13,6,0,1,2,1,4,0,0,1,3.241,phishing
https://microsoft.com/support,9,8,0,1,1,0,0,0,0,0,2.78,legitimate
https://netflix.edu/about,7,6,0,1,1,0,0,0,0,0,2.938,legitimate
https://banking-update-960.net/login?id=4250,14,6,0,1,2,1,4,0,0,1,4.574,phishing
https://microsoft.net/products,9,9,0,1,1,0,0,0,0,0,2.255,legitimate
https://office365-login-177.com/reset?id=9262,15,6,0,1,2,1,3,0,0,1,3.573,phishing
https://bankofamerica.com/support,13,8,0,1,1,0,0,0,0,0,3.18,legitimate
https://banking-update-624.info/update?id=5283,14,7,0,1,2,1,1,0,0,1,4.089,phishing
https://paypal-secure-968.com/reset?id=8741,13,6,0,1,2,2,4,0,0,1,3.466,phishing
https://office365-login-263.com/login?id=7331,15,6,0,1,2,2,4,0,0,1,3.695,phishing
https://paypal-secure-209.net/account?id=3177,13,8,0,1,2,1,4,0,0,1,4.045,phishing
https://paypal-secure-820.info/account?id=5005,13,8,0,1,2,1,4,0,0,1,4.57,phishing
https://secure-login-645.com/login?id=6201,12,6,0,1,2,3,2,0,0,1,3.239,phishing
https://amazon-support-452.com/update?id=3134,14,7,0,1,2,2,2,0,0,1,4.603,phishing
https://secure-login-688.com/login?id=6638,12,6,0,1,2,1,1,0,0,1,4.695,phishing
https://paypal-secure-774.org/reset?id=3963,13,6,0,1,2,2,1,0,0,1,3.561,phishing
https://bankofamerica.org/api/v1,13,7,0,1,1,0,0,0,0,0,2.652,legitimate
https://office365-login-280.org/login?id=1489,15,6,0,1,2,3,1,0,0,1,4.532,phishing
https://paypal-secure-730.info/update?id=7349,13,7,0,1,2,1,2,0,0,1,4.506,phishing
https://banking-update-602.org/account?id=3567,14,8,0,1,2,1,3,0,0,1,3.783,phishing
https://secure-login-853.com/update?id=4353,12,7,0,1,2,3,3,0,0,1,3.566,phishing
https://github.com/docs,6,5,0,1,1,0,0,0,0,0,3.146,legitimate
https://microsoft.org/about,9,6,0,1,1,0,0,0,0,0,3.169,legitimate
https://secure-login-222.info/update?id=8951,12,7,0,1,2,1,1,0,0,1,4.606,phishing
https://paypal-secure-311.info/login?id=4626,13,6,0,1,2,3,2,0,0,1,3.247,phishing
https://office365-login-954.com/reset?id=3454,15,6,0,1,2,2,1,0,0,1,3.964,phishing
https://office365-login-746.info/reset?id=7874,15,6,0,1,2,2,3,0,0,1,3.582,phishing
https://office365-login-776.org/account?id=9478,15,8,0,1,2,2,4,0,0,1,3.645,phishing
https://paypal-secure-119.info/reset?id=1191,13,6,0,1,2,1,3,0,0,1,3.363,phishing
https://banking-update-144.org/verify?id=2515,14,7,0,1,2,3,3,0,0,1,3.889,phishing
https://paypal-secure-471.info/update?id=1089,13,7,0,1,2,1,2,0,0,1,4.124,phishing
https://github.edu/support,6,8,0,1,1,0,0,0,0,0,2.86,legitimate
https://github.net/about,6,6,0,1,1,0,0,0,0,0,2.771,legitimate
https://secure-login-121.com/reset?id=3301,12,6,0,1,2,1,2,0,0,1,3.204,phishing
https://amazon-support-634.com/reset?id=9971,14,6,0,1,2,3,1,0,0,1,3.85,phishing
https://secure-login-884.com/update?id=6718,12,7,0,1,2,1,4,0,0,1,4.75,phishing
https://secure-login-934.net/update?id=8560,12,7,0,1,2,2,3,0,0,1,4.484,phishing
https://paypal-secure-777.org/account?id=3381,13,8,0,1,2,3,3,0,0,1,4.787,phishing
https://microsoft.edu/products,9,9,0,1,1,0,0,0,0,0,2.646,legitimate
https://netflix.net/api/v1,7,7,0,1,1,0,0,0,0,0,2.012,legitimate
https://github.net/docs,6,5,0,1,1,0,0,0,0,0,3.068,legitimate
https://microsoft.edu/api/v1,9,7,0,1,1,0,0,0,0,0,2.341,legitimate
https://amazon-support-398.com/verify?id=3337,14,7,0,1,2,3,4,0,0,1,3.384,phishing
https://microsoft.edu/about,9,6,0,1,1,0,0,0,0,0,2.261,legitimate
https://github.edu/about,6,6,0,1,1,0,0,0,0,0,2.018,legitimate
https://paypal-secure-743.com/account?id=1302,13,8,0,1,2,2,3,0,0,1,3.688,phishing
https://amazon-support-238.org/verify?id=8357,14,7,0,1,2,3,2,0,0,1,4.15,phishing
https://paypal-secure-125.com/reset?id=9531,13,6,0,1,2,1,3,0,0,1,3.717,phishing
https://paypal-secure-780.info/update?id=5868,13,7,0,1,2,2,1,0,0,1,3.441,phishing
https://paypal-secure-215.org/verify?id=9060,13,7,0,1,2,1,4,0,0,1,3.22,phishing
https://office365-login-307.info/verify?id=2315,15,7,0,1,2,1,3,0,0,1,4.389,phishing
https://office365-login-128.net/reset?id=6675,15,6,0,1,2,2,1,0,0,1,3.987,phishing
https://paypal-secure-353.com/update?id=8358,13,7,0,1,2,3,1,0,0,1,3.762,phishing
https://secure-login-216.net/reset?id=8300,12,6,0,1,2,1,2,0,0,1,3.538,phishing
https://microsoft.com/docs,9,5,0,1,1,0,0,0,0,0,2.913,legitimate
https://netflix.org/support,7,8,0,1,1,0,0,0,0,0,2.508,legitimate
https://amazon-support-239.org/login?id=1997,14,6,0,1,2,2,3,0,0,1,3.818,phishing
https://microsoft.net/about,9,6,0,1,1,0,0,0,0,0,2.556,legitimate
https://microsoft.org/about,9,6,0,1,1,0,0,0,0,0,3.079,legitimate
https://amazon-support-764.com/login?id=6008,14,6,0,1,2,1,2,0,0,1,3.77,phishing
https://netflix.org/support,7,8,0,1,1,0,0,0,0,0,2.518,legitimate
https://secure-login-883.info/verify?id=2754,12,7,0,1,2,2,2,0,0,1,4.046,phishing
https://github.edu/api/v1,6,7,0,1,1,0,0,0,0,0,2.013,legitimate
https://secure-login-952.org/verify?id=2930,12,7,0,1,2,3,1,0,0,1,4.578,phishing
https://secure-login-290.com/verify?id=9684,12,7,0,1,2,1,1,0,0,1,4.56,phishing
https://paypal-secure-324.org/update?id=1245,13,7,0,1,2,3,2,0,0,1,4.499,phishing
https://secure-login-207.info/login?id=8057,12,6,0,1,2,3,4,0,0,1,3.942,phishing
https://office365-login-985.com/reset?id=3015,15,6,0,1,2,3,1,0,0,1,3.725,phishing
https://example.net/docs,7,5,0,1,1,0,0,0,0,0,2.722,legitimate
https://github.edu/about,6,6,0,1,1,0,0,0,0,0,3.123,legitimate
https://banking-update-353.com/verify?id=9353,14,7,0,1,2,2,4,0,0,1,3.953,phishing
https://amazon-support-890.net/login?id=6200,14,6,0,1,2,3,3,0,0,1,3.861,phishing
https://amazon-support-267.org/reset?id=7178,14,6,0,1,2,1,4,0,0,1,3.563,phishing
https://bankofamerica.org/about,13,6,0,1,1,0,0,0,0,0,3.137,legitimate
https://paypal-secure-180.net/reset?id=1660,13,6,0,1,2,2,4,0,0,1,3.849,phishing
https://paypal-secure-801.info/login?id=4826,13,6,0,1,2,2,2,0,0,1,3.234,phishing
https://secure-login-691.net/account?id=9306,12,8,0,1,2,2,4,0,0,1,4.497,phishing
https://banking-update-929.com/verify?id=2421,14,7,0,1,2,3,1,0,0,1,3.953,phishing
https://amazon-support-538.net/account?id=4937,14,8,0,1,2,2,3,0,0,1,4.366,phishing
https://office365-login-323.com/login?id=2232,15,6,0,1,2,3,3,0,0,1,3.508,phishing
https://amazon-support-924.org/login?id=8167,14,6,0,1,2,3,2,0,0,1,3.862,phishing
https://amazon-support-274.org/update?id=1412,14,7,0,1,2,2,2,0,0,1,3.609,phishing
https://office365-login-223.info/verify?id=5596,15,7,0,1,2,2,3,0,0,1,4.47,phishing
https://amazon-support-165.org/account?id=2600,14,8,0,1,2,2,3,0,0,1,4.148,phishing
https://office365-login-114.org/login?id=9936,15,6,0,1,2,3,3,0,0,1,3.558,phishing
https://paypal-secure-783.info/reset?id=6995,13,6,0,1,2,2,1,0,0,1,3.847,phishing
https://example.com/about,7,6,0,1,1,0,0,0,0,0,3.076,legitimate
https://secure-login-388.com/account?id=5658,12,8,0,1,2,2,2,0,0,1,4.089,phishing
https://microsoft.com/products,9,9,0,1,1,0,0,0,0,0,2.246,legitimate
https://paypal-secure-882.org/account?id=8109,13,8,0,1,2,1,1,0,0,1,3.619,phishing
https://paypal-secure-562.com/account?id=3190,13,8,0,1,2,1,2,0,0,1,4.032,phishing
https://github.edu/docs,6,5,0,1,1,0,0,0,0,0,2.78,legitimate
https://secure-login-681.net/verify?id=2834,12,7,0,1,2,3,1,0,0,1,3.843,phishing
https://amazon-support-302.net/update?id=7670,14,7,0,1,2,3,1,0,0,1,3.526,phishing
https://banking-update-750.net/account?id=8985,14,8,0,1,2,3,1,0,0,1,4.093,phishing
https://office365-login-804.net/verify?id=9255,15,7,0,1,2,3,2,0,0,1,3.255,phishing
https://office365-login-164.org/update?id=7686,15,7,0,1,2,1,2,0,0,1,3.591,phishing
https://banking-update-113.org/update?id=3531,14,7,0,1,2,3,4,0,0,1,3.696,phishing
https://microsoft.org/products,9,9,0,1,1,0,0,0,0,0,3.096,legitimate
https://secure-login-446.com/login?id=1496,12,6,0,1,2,1,1,0,0,1,3.868,phishing
https://office365-login-724.net/update?id=4627,15,7,0,1,2,3,3,0,0,1,4.649,phishing
https://paypal-secure-906.net/account?id=8340,13,8,0,1,2,3,1,0,0,1,3.638,phishing
https://office365-login-947.info/account?id=7909,15,8,0,1,2,3,2,0,0,1,3.589,phishing
https://bankofamerica.com/products,13,9,0,1,1,0,0,0,0,0,2.201,legitimate
https://secure-login-980.org/login?id=2400,12,6,0,1,2,2,4,0,0,1,4.48,phishing
https://office365-login-937.net/login?id=7370,15,6,0,1,2,2,1,0,0,1,3.303,phishing
https://banking-update-186.org/login?id=5537,14,6,0,1,2,3,1,0,0,1,4.558,phishing
https://paypal-secure-548.info/verify?id=2723,13,7,0,1,2,1,1,0,0,1,4.78,phishing
https://banking-update-661.net/verify?id=8314,14,7,0,1,2,2,3,0,0,1,3.844,phishing
https://banking-update-591.org/login?id=4626,14,6,0,1,2,1,4,0,0,1,3.935,phishing
https://banking-update-997.net/reset?id=6436,14,6,0,1,2,3,1,0,0,1,4.329,phishing
https://secure-login-468.com/update?id=8774,12,7,0,1,2,2,1,0,0,1,4.317,phishing
https://amazon-support-514.net/update?id=4992,14,7,0,1,2,3,2,0,0,1,3.961,phishing
https://github.net/docs,6,5,0,1,1,0,0,0,0,0,3.087,legitimate
https://amazon-support-593.net/verify?id=8420,14,7,0,1,2,2,4,0,0,1,4.623,phishing
https://office365-login-617.info/verify?id=4829,15,7,0,1,2,2,1,0,0,1,4.057,phishing
https://secure-login-398.net/update?id=6112,12,7,0,1,2,3,2,0,0,1,3.504,phishing
https://banking-update-233.com/verify?id=5401,14,7,0,1,2,2,3,0,0,1,3.207,phishing
https://banking-update-259.org/login?id=2974,14,6,0,1,2,2,2,0,0,1,4.189,phishing
https://netflix.com/products,7,9,0,1,1,0,0,0,0,0,2.911,legitimate
https://bankofamerica.net/products,13,9,0,1,1,0,0,0,0,0,2.25,legitimate
https://amazon-support-954.com/account?id=9321,14,8,0,1,2,3,1,0,0,1,3.686,phishing
https://paypal-secure-725.net/update?id=9993,13,7,0,1,2,1,4,0,0,1,3.71,phishing
https://example.net/docs,7,5,0,1,1,0,0,0,0,0,2.738,legitimate
https://paypal-secure-311.org/reset?id=4385,13,6,0,1,2,3,1,0,0,1,3.576,phishing
https://paypal-secure-913.net/update?id=7015,13,7,0,1,2,3,3,0,0,1,3.491,phishing
https://example.net/about,7,6,0,1,1,0,0,0,0,0,2.538,legitimate
https://banking-update-487.info/reset?id=4476,14,6,0,1,2,3,2,0,0,1,4.088,phishing
https://microsoft.com/about,9,6,0,1,1,0,0,0,0,0,2.473,legitimate
https://github.edu/products,6,9,0,1,1,0,0,0,0,0,2.252,legitimate
https://github.com/docs,6,5,0,1,1,0,0,0,0,0,2.687,legitimate
https://paypal-secure-947.org/update?id=2907,13,7,0,1,2,2,1,0,0,1,4.256,phishing
https://paypal-secure-515.org/update?id=1341,13,7,0,1,2,3,2,0,0,1,3.669,phishing
https://banking-update-193.org/reset?id=9360,14,6,0,1,2,1,3,0,0,1,3.541,phishing
https://microsoft.net/about,9,6,0,1,1,0,0,0,0,0,2.55,legitimate
https://github.edu/products,6,9,0,1,1,0,0,0,0,0,2.942,legitimate
https://office365-login-527.info/account?id=1350,15,8,0,1,2,2,2,0,0,1,3.577,phishing
https://office365-login-821.info/reset?id=8130,15,6,0,1,2,3,4,0,0,1,3.803,phishing
https://paypal-secure-629.org/verify?id=1593,13,7,0,1,2,2,1,0,0,1,3.663,phishing
https://banking-update-639.net/verify?id=8289,14,7,0,1,2,2,3,0,0,1,3.368,phishing
https://microsoft.com/support,9,8,0,1,1,0,0,0,0,0,3.056,legitimate
https://netflix.com/api/v1,7,7,0,1,1,0,0,0,0,0,2.19,legitimate
https://netflix.org/docs,7,5,0,1,1,0,0,0,0,0,2.721,legitimate
https://amazon-support-802.net/login?id=3675,14,6,0,1,2,1,2,0,0,1,3.639,phishing
https://github.edu/products,6,9,0,1,1,0,0,0,0,0,2.728,legitimate
https://paypal-secure-450.org/account?id=7571,13,8,0,1,2,2,4,0,0,1,3.41,phishing
https://banking-update-456.net/update?id=8319,14,7,0,1,2,3,2,0,0,1,3.907,phishing
https://amazon-support-391.com/login?id=2622,14,6,0,1,2,1,4,0,0,1,3.977,phishing
https://banking-update-469.org/reset?id=4305,14,6,0,1,2,3,2,0,0,1,4.351,phishing
https://secure-login-323.org/update?id=8666,12,7,0,1,2,1,4,0,0,1,3.955,phishing
https://banking-update-130.com/account?id=6009,14,8,0,1,2,2,3,0,0,1,4.272,phishing
https://netflix.edu/about,7,6,0,1,1,0,0,0,0,0,2.244,legitimate
https://netflix.org/products,7,9,0,1,1,0,0,0,0,0,3.009,legitimate
https://secure-login-341.info/login?id=7367,12,6,0,1,2,2,4,0,0,1,3.631,phishing
https://banking-update-992.org/reset?id=1133,14,6,0,1,2,3,4,0,0,1,4.029,phishing
https://paypal-secure-652.info/login?id=4921,13,6,0,1,2,2,1,0,0,1,4.393,phishing
https://github.com/about,6,6,0,1,1,0,0,0,0,0,2.948,legitimate
https://amazon-support-154.net/update?id=8417,14,7,0,1,2,1,3,0,0,1,3.68,phishing
https://office365-login-521.org/reset?id=2044,15,6,0,1,2,1,3,0,0,1,3.604,phishing
https://bankofamerica.net/about,13,6,0,1,1,0,0,0,0,0,3.086,legitimate
https://paypal-secure-226.net/reset?id=5137,13,6,0,1,2,2,1,0,0,1,3.583,phishing
https://secure-login-421.com/account?id=7781,12,8,0,1,2,3,1,0,0,1,4.282,phishing
https://amazon-support-570.org/update?id=1006,14,7,0,1,2,3,4,0,0,1,3.773,phishing
https://secure-login-742.net/reset?id=3840,12,6,0,1,2,2,4,0,0,1,4.749,phishing
https://secure-login-891.org/verify?id=7462,12,7,0,1,2,1,1,0,0,1,4.421,phishing
https://banking-update-512.com/reset?id=3970,14,6,0,1,2,2,4,0,0,1,4.37,phishing
https://netflix.net/docs,7,5,0,1,1,0,0,0,0,0,2.485,legitimate
https://office365-login-910.org/account?id=9751,15,8,0,1,2,1,2,0,0,1,3.217,phishing
https://banking-update-801.net/verify?id=9449,14,7,0,1,2,2,3,0,0,1,3.244,phishing
https://banking-update-680.info/verify?id=8970,14,7,0,1,2,2,1,0,0,1,4.444,phishing
https://amazon-support-936.info/account?id=5205,14,8,0,1,2,3,3,0,0,1,3.66,phishing
https://banking-update-149.org/account?id=9861,14,8,0,1,2,3,1,0,0,1,4.557,phishing
https://netflix.org/about,7,6,0,1,1,0,0,0,0,0,3.101,legitimate
https://paypal-secure-266.com/reset?id=1307,13,6,0,1,2,2,2,0,0,1,4.574,phishing
https://amazon-support-637.info/update?id=7984,14,7,0,1,2,3,4,0,0,1,4.158,phishing
https://paypal-secure-292.net/account?id=2465,13,8,0,1,2,2,2,0,0,1,4.49,phishing
https://amazon-support-752.com/verify?id=8473,14,7,0,1,2,2,3,0,0,1,4.312,phishing
https://banking-update-767.org/login?id=3859,14,6,0,1,2,2,4,0,0,1,4.503,phishing
https://netflix.org/api/v1,7,7,0,1,1,0,0,0,0,0,2.271,legitimate
https://microsoft.edu/api/v1,9,7,0,1,1,0,0,0,0,0,2.024,legitimate
https://amazon-support-503.info/update?id=7196,14,7,0,1,2,1,4,0,0,1,4.59,phishing
https://bankofamerica.edu/docs,13,5,0,1,1,0,0,0,0,0,2.878,legitimate
https://paypal-secure-647.net/login?id=6028,13,6,0,1,2,1,4,0,0,1,4.62,phishing
https://banking-update-317.info/account?id=5188,14,8,0,1,2,3,4,0,0,1,3.791,phishing
https://github.edu/products,6,9,0,1,1,0,0,0,0,0,2.897,legitimate
https://paypal-secure-387.net/reset?id=7739,13,6,0,1,2,2,2,0,0,1,3.897,phishing
https://paypal-secure-941.com/reset?id=9405,13,6,0,1,2,3,2,0,0,1,4.329,phishing
https://secure-login-795.com/verify?id=4443,12,7,0,1,2,2,2,0,0,1,3.743,phishing
https://github.org/about,6,6,0,1,1,0,0,0,0,0,2.756,legitimate
https://microsoft.org/support,9,8,0,1,1,0,0,0,0,0,2.802,legitimate
https://paypal-secure-186.org/reset?id=5064,13,6,0,1,2,3,3,0,0,1,4.75,phishing
https://amazon-support-856.com/account?id=5215,14,8,0,1,2,1,4,0,0,1,4.276,phishing
https://secure-login-483.info/login?id=9776,12,6,0,1,2,1,3,0,0,1,3.283,phishing
https://amazon-support-829.info/update?id=6756,14,7,0,1,2,1,2,0,0,1,3.295,phishing
https://banking-update-739.com/login?id=6714,14,6,0,1,2,3,4,0,0,1,3.55,phishing
https://amazon-support-337.net/login?id=2946,14,6,0,1,2,2,3,0,0,1,3.806,phishing
https://secure-login-953.info/verify?id=3092,12,7,0,1,2,3,1,0,0,1,4.301,phishing
https://paypal-secure-268.com/reset?id=4452,13,6,0,1,2,1,3,0,0,1,4.695,phishing
https://banking-update-115.org/account?id=6607,14,8,0,1,2,3,2,0,0,1,4.131,phishing
https://bankofamerica.edu/api/v1,13,7,0,1,1,0,0,0,0,0,3.135,legitimate
https://bankofamerica.net/api/v1,13,7,0,1,1,0,0,0,0,0,2.03,legitimate
https://amazon-support-842.info/verify?id=7268,14,7,0,1,2,1,3,0,0,1,4.171,phishing
https://amazon-support-808.org/reset?id=4598,14,6,0,1,2,1,2,0,0,1,4.164,phishing
https://bankofamerica.com/docs,13,5,0,1,1,0,0,0,0,0,2.694,legitimate
https://secure-login-660.info/update?id=8207,12,7,0,1,2,3,2,0,0,1,4.456,phishing
https://paypal-secure-284.info/update?id=9351,13,7,0,1,2,1,4,0,0,1,4.029,phishing
https://paypal-secure-746.org/verify?id=9562,13,7,0,1,2,2,4,0,0,1,4.409,phishing
https://paypal-secure-449.org/verify?id=7873,13,7,0,1,2,1,3,0,0,1,4.286,phishing
https://banking-update-260.com/account?id=8331,14,8,0,1,2,1,4,0,0,1,3.771,phishing
https://amazon-support-665.com/reset?id=1522,14,6,0,1,2,3,2,0,0,1,3.255,phishing
https://office365-login-509.com/verify?id=1769,15,7,0,1,2,2,3,0,0,1,3.533,phishing
https://banking-update-357.info/reset?id=8864,14,6,0,1,2,2,2,0,0,1,4.182,phishing
https://amazon-support-113.info/verify?id=8826,14,7,0,1,2,1,1,0,0,1,4.119,phishing
https://secure-login-169.com/login?id=3963,12,6,0,1,2,1,2,0,0,1,4.412,phishing
https://office365-login-733.com/update?id=5139,15,7,0,1,2,1,4,0,0,1,3.332,phishing
https://banking-update-381.org/update?id=8920,14,7,0,1,2,1,1,0,0,1,3.982,phishing
https://amazon-support-449.net/update?id=7886,14,7,0,1,2,2,2,0,0,1,4.782,phishing
https://netflix.org/docs,7,5,0,1,1,0,0,0,0,0,3.144,legitimate
https://bankofamerica.com/docs,13,5,0,1,1,0,0,0,0,0,2.09,legitimate
https://secure-login-192.net/account?id=6415,12,8,0,1,2,1,1,0,0,1,3.295,phishing
https://github.com/products,6,9,0,1,1,0,0,0,0,0,3.052,legitimate
https://github.org/docs,6,5,0,1,1,0,0,0,0,0,2.66,legitimate
https://amazon-support-977.net/reset?id=4852,14,6,0,1,2,1,4,0,0,1,3.985,phishing
https://amazon-support-387.org/verify?id=8769,14,7,0,1,2,1,1,0,0,1,3.809,phishing
https://example.net/products,7,9,0,1,1,0,0,0,0,0,3.151,legitimate
https://banking-update-361.net/login?id=3002,14,6,0,1,2,3,1,0,0,1,3.263,phishing
https://secure-login-776.com/reset?id=5214,12,6,0,1,2,2,1,0,0,1,4.362,phishing
https://banking-update-885.com/verify?id=7401,14,7,0,1,2,2,4,0,0,1,4.22,phishing
https://amazon-support-874.info/update?id=6974,14,7,0,1,2,2,1,0,0,1,4.618,phishing
https://bankofamerica.net/products,13,9,0,1,1,0,0,0,0,0,3.045,legitimate
https://secure-login-717.info/update?id=2361,12,7,0,1,2,1,2,0,0,1,4.388,phishing
https://netflix.edu/support,7,8,0,1,1,0,0,0,0,0,2.859,legitimate
https://office365-login-650.net/login?id=1073,15,6,0,1,2,2,3,0,0,1,4.543,phishing
https://office365-login-726.com/verify?id=9922,15,7,0,1,2,1,1,0,0,1,4.46,phishing
https://example.com/api/v1,7,7,0,1,1,0,0,0,0,0,2.471,legitimate
https://github.edu/about,6,6,0,1,1,0,0,0,0,0,2.536,legitimate
https://secure-login-908.org/verify?id=2464,12,7,0,1,2,2,2,0,0,1,4.046,phishing
https://paypal-secure-939.org/account?id=4314,13,8,0,1,2,1,2,0,0,1,4.548,phishing
https://office365-login-920.com/update?id=3871,15,7,0,1,2,2,2,0,0,1,4.296,phishing
https://netflix.com/about,7,6,0,1,1,0,0,0,0,0,2.664,legitimate
https://example.net/docs,7,5,0,1,1,0,0,0,0,0,2.129,legitimate
https://netflix.com/about,7,6,0,1,1,0,0,0,0,0,2.365,legitimate
https://example.net/about,7,6,0,1,1,0,0,0,0,0,2.818,legitimate
https://microsoft.org/docs,9,5,0,1,1,0,0,0,0,0,2.12,legitimate
https://banking-update-678.com/login?id=9696,14,6,0,1,2,1,4,0,0,1,4.799,phishing
https://bankofamerica.edu/api/v1,13,7,0,1,1,0,0,0,0,0,2.102,legitimate
https://banking-update-947.org/account?id=8399,14,8,0,1,2,1,1,0,0,1,3.22,phishing
https://microsoft.net/support,9,8,0,1,1,0,0,0,0,0,2.774,legitimate
https://amazon-support-584.com/verify?id=4853,14,7,0,1,2,2,3,0,0,1,3.884,phishing
https://office365-login-290.org/verify?id=6616,15,7,0,1,2,1,3,0,0,1,3.935,phishing
https://netflix.net/products,7,9,0,1,1,0,0,0,0,0,2.973,legitimate
https://secure-login-497.info/login?id=7320,12,6,0,1,2,1,2,0,0,1,4.36,phishing
https://bankofamerica.net/docs,13,5,0,1,1,0,0,0,0,0,2.12,legitimate
https://paypal-secure-795.info/login?id=8207,13,6,0,1,2,3,1,0,0,1,3.762,phishing
https://example.net/api/v1,7,7,0,1,1,0,0,0,0,0,2.169,legitimate
https://amazon-support-254.org/update?id=6517,14,7,0,1,2,3,4,0,0,1,3.32,phishing
https://secure-login-335.info/account?id=9275,12,8,0,1,2,2,1,0,0,1,3.83,phishing
https://netflix.com/products,7,9,0,1,1,0,0,0,0,0,2.222,legitimate
https://netflix.com/about,7,6,0,1,1,0,0,0,0,0,2.864,legitimate
https://microsoft.com/api/v1,9,7,0,1,1,0,0,0,0,0,2.032,legitimate
https://netflix.com/about,7,6,0,1,1,0,0,0,0,0,3.13,legitimate
https://office365-login-380.info/account?id=4355,15,8,0,1,2,2,2,0,0,1,3.715,phishing
https://secure-login-730.org/update?id=5076,12,7,0,1,2,2,4,0,0,1,3.432,phishing
https://github.com/products,6,9,0,1,1,0,0,0,0,0,2.557,legitimate
https://secure-login-347.org/verify?id=1337,12,7,0,1,2,3,4,0,0,1,3.658,phishing
https://secure-login-500.net/account?id=9655,12,8,0,1,2,1,3,0,0,1,4.036,phishing
https://office365-login-530.info/login?id=3765,15,6,0,1,2,3,1,0,0,1,4.09,phishing
https://secure-login-243.net/update?id=8177,12,7,0,1,2,2,2,0,0,1,3.557,phishing
https://bankofamerica.edu/support,13,8,0,1,1,0,0,0,0,0,2.115,legitimate
https://secure-login-512.org/update?id=4652,12,7,0,1,2,2,1,0,0,1,3.61,phishing
https://banking-update-578.info/verify?id=7968,14,7,0,1,2,2,2,0,0,1,4.56,phishing
https://banking-update-917.org/reset?id=6424,14,6,0,1,2,1,4,0,0,1,4.148,phishing
https://amazon-support-206.com/update?id=5055,14,7,0,1,2,2,2,0,0,1,4.206,phishing
https://amazon-support-828.org/login?id=6359,14,6,0,1,2,1,1,0,0,1,3.767,phishing
https://github.edu/support,6,8,0,1,1,0,0,0,0,0,3.146,legitimate
https://banking-update-570.info/reset?id=9481,14,6,0,1,2,2,1,0,0,1,3.561,phishing
https://paypal-secure-546.net/update?id=1761,13,7,0,1,2,2,2,0,0,1,3.514,phishing
https://secure-login-362.net/account?id=6936,12,8,0,1,2,1,3,0,0,1,4.522,phishing
https://netflix.com/products,7,9,0,1,1,0,0,0,0,0,3.047,legitimate
https://amazon-support-210.net/verify?id=8982,14,7,0,1,2,2,3,0,0,1,3.698,phishing
https://amazon-support-760.com/login?id=2789,14,6,0,1,2,1,1,0,0,1,3.669,phishing
https://bankofamerica.com/api/v1,13,7,0,1,1,0,0,0,0,0,2.994,legitimate
https://office365-login-356.info/reset?id=5615,15,6,0,1,2,3,1,0,0,1,4.279,phishing
https://banking-update-553.com/account?id=9025,14,8,0,1,2,3,1,0,0,1,4.663,phishing
https://secure-login-947.info/account?id=1073,12,8,0,1,2,3,1,0,0,1,4.29,phishing
https://banking-update-638.info/login?id=1032,14,6,0,1,2,3,2,0,0,1,3.246,phishing
https://netflix.org/api/v1,7,7,0,1,1,0,0,0,0,0,2.679,legitimate
https://banking-update-719.info/login?id=7374,14,6,0,1,2,2,3,0,0,1,3.253,phishing
https://office365-login-357.org/update?id=6274,15,7,0,1,2,1,4,0,0,1,4.224,phishing
https://office365-login-343.com/account?id=7305,15,8,0,1,2,2,4,0,0,1,3.485,phishing
https://paypal-secure-693.com/verify?id=9908,13,7,0,1,2,1,1,0,0,1,4.581,phishing
https://netflix.com/docs,7,5,0,1,1,0,0,0,0,0,2.839,legitimate
https://amazon-support-650.net/update?id=3519,14,7,0,1,2,3,4,0,0,1,4.584,phishing
https://bankofamerica.org/docs,13,5,0,1,1,0,0,0,0,0,3.09,legitimate
https://example.net/docs,7,5,0,1,1,0,0,0,0,0,2.074,legitimate
https://example.net/support,7,8,0,1,1,0,0,0,0,0,2.886,legitimate
https://bankofamerica.net/products,13,9,0,1,1,0,0,0,0,0,3.134,legitimate
https://paypal-secure-170.info/verify?id=6708,13,7,0,1,2,3,1,0,0,1,4.761,phishing
https://example.net/docs,7,5,0,1,1,0,0,0,0,0,3.006,legitimate
https://office365-login-734.org/account?id=3730,15,8,0,1,2,3,3,0,0,1,4.558,phishing
https://netflix.net/api/v1,7,7,0,1,1,0,0,0,0,0,2.399,legitimate
https://bankofamerica.edu/support,13,8,0,1,1,0,0,0,0,0,2.201,legitimate
https://bankofamerica.net/about,13,6,0,1,1,0,0,0,0,0,2.739,legitimate
https://paypal-secure-244.com/reset?id=4763,13,6,0,1,2,1,3,0,0,1,3.781,phishing
https://amazon-support-627.org/account?id=4621,14,8,0,1,2,2,4,0,0,1,4.248,phishing
https://secure-login-183.com/update?id=1438,12,7,0,1,2,2,3,0,0,1,4.736,phishing
https://amazon-support-814.net/login?id=3450,14,6,0,1,2,3,4,0,0,1,3.338,phishing
https://netflix.com/support,7,8,0,1,1,0,0,0,0,0,2.357,legitimate
https://secure-login-767.info/account?id=1690,12,8,0,1,2,1,4,0,0,1,4.153,phishing
https://netflix.com/about,7,6,0,1,1,0,0,0,0,0,2.394,legitimate
https://secure-login-675.com/login?id=2982,12,6,0,1,2,2,2,0,0,1,4.021,phishing
https://secure-login-856.info/reset?id=8924,12,6,0,1,2,2,3,0,0,1,3.269,phishing
https://office365-login-665.org/account?id=9466,15,8,0,1,2,2,3,0,0,1,4.376,phishing
https://microsoft.org/docs,9,5,0,1,1,0,0,0,0,0,2.994,legitimate
https://paypal-secure-921.info/update?id=1338,13,7,0,1,2,1,4,0,0,1,3.656,phishing
https://amazon-support-802.org/verify?id=3406,14,7,0,1,2,3,2,0,0,1,3.728,phishing
https://github.net/support,6,8,0,1,1,0,0,0,0,0,2.029,legitimate
https://amazon-support-846.org/reset?id=1217,14,6,0,1,2,1,1,0,0,1,3.743,phishing
https://paypal-secure-489.net/account?id=3496,13,8,0,1,2,2,2,0,0,1,3.669,phishing
https://amazon-support-104.org/login?id=3218,14,6,0,1,2,2,1,0,0,1,4.115,phishing
https://banking-update-811.net/verify?id=5412,14,7,0,1,2,2,1,0,0,1,4.194,phishing
https://banking-update-957.org/account?id=5706,14,8,0,1,2,3,4,0,0,1,3.975,phishing
https://office365-login-317.com/reset?id=6460,15,6,0,1,2,2,2,0,0,1,4.271,phishing
https://secure-login-137.com/login?id=7841,12,6,0,1,2,1,3,0,0,1,4.226,phishing
https://paypal-secure-893.com/verify?id=3205,13,7,0,1,2,1,2,0,0,1,3.451,phishing
https://secure-login-567.org/verify?id=5082,12,7,0,1,2,1,4,0,0,1,4.788,phishing
https://bankofamerica.net/products,13,9,0,1,1,0,0,0,0,0,2.413,legitimate
https://amazon-support-439.info/account?id=9338,14,8,0,1,2,2,3,0,0,1,4.705,phishing
https://github.com/products,6,9,0,1,1,0,0,0,0,0,2.915,legitimate
https://secure-login-271.org/reset?id=7567,12,6,0,1,2,2,4,0,0,1,3.379,phishing
https://paypal-secure-460.net/verify?id=5279,13,7,0,1,2,2,3,0,0,1,3.745,phishing
https://amazon-support-621.org/reset?id=6720,14,6,0,1,2,1,3,0,0,1,4.217,phishing
https://github.edu/products,6,9,0,1,1,0,0,0,0,0,2.007,legitimate
https://github.edu/docs,6,5,0,1,1,0,0,0,0,0,2.395,legitimate
https://bankofamerica.org/products,13,9,0,1,1,0,0,0,0,0,2.048,legitimate
https://amazon-support-635.com/login?id=2711,14,6,0,1,2,3,4,0,0,1,4.237,phishing
https://banking-update-456.info/reset?id=6336,14,6,0,1,2,3,3,0,0,1,3.462,phishing
https://paypal-secure-763.net/account?id=3486,13,8,0,1,2,2,1,0,0,1,4.186,phishing
https://banking-update-632.com/login?id=1095,14,6,0,1,2,1,4,0,0,1,3.906,phishing
https://github.org/products,6,9,0,1,1,0,0,0,0,0,2.062,legitimate
https://secure-login-632.com/reset?id=6436,12,6,0,1,2,3,2,0,0,1,3.902,phishing
https://bankofamerica.net/support,13,8,0,1,1,0,0,0,0,0,2.924,legitimate
https://secure-login-894.net/verify?id=8863,12,7,0,1,2,2,2,0,0,1,4.345,phishing
https://banking-update-781.com/reset?id=8872,14,6,0,1,2,2,4,0,0,1,3.691,phishing
https://netflix.com/support,7,8,0,1,1,0,0,0,0,0,2.351,legitimate
https://secure-login-266.org/verify?id=2103,12,7,0,1,2,3,4,0,0,1,4.54,phishing
https://example.edu/api/v1,7,7,0,1,1,0,0,0,0,0,2.796,legitimate
https://banking-update-426.com/verify?id=9029,14,7,0,1,2,2,1,0,0,1,3.424,phishing
https://secure-login-736.info/verify?id=7018,12,7,0,1,2,3,4,0,0,1,3.878,phishing
https://secure-login-525.com/account?id=9451,12,8,0,1,2,1,2,0,0,1,3.256,phishing
https://banking-update-900.net/login?id=9523,14,6,0,1,2,3,2,0,0,1,3.758,phishing
https://example.org/api/v1,7,7,0,1,1,0,0,0,0,0,2.918,legitimate
https://github.org/api/v1,6,7,0,1,1,0,0,0,0,0,2.212,legitimate
https://secure-login-395.com/account?id=6693,12,8,0,1,2,2,4,0,0,1,3.324,phishing
https://banking-update-376.net/update?id=4402,14,7,0,1,2,2,1,0,0,1,4.657,phishing
https://office365-login-237.org/account?id=9123,15,8,0,1,2,3,1,0,0,1,3.446,phishing
https://amazon-support-637.com/account?id=2216,14,8,0,1,2,1,4,0,0,1,3.205,phishing
https://banking-update-950.org/account?id=5861,14,8,0,1,2,2,2,0,0,1,3.532,phishing
https://paypal-secure-313.net/update?id=5024,13,7,0,1,2,3,3,0,0,1,3.837,phishing
https://banking-update-924.net/reset?id=9966,14,6,0,1,2,3,4,0,0,1,3.26,phishing
https://office365-login-838.com/verify?id=2444,15,7,0,1,2,2,2,0,0,1,4.715,phishing
https://example.net/api/v1,7,7,0,1,1,0,0,0,0,0,2.78,legitimate
https://secure-login-369.info/login?id=6111,12,6,0,1,2,3,3,0,0,1,3.471,phishing
https://office365-login-394.net/verify?id=8710,15,7,0,1,2,1,2,0,0,1,3.61,phishing
https://github.org/docs,6,5,0,1,1,0,0,0,0,0,2.917,legitimate
https://example.org/support,7,8,0,1,1,0,0,0,0,0,2.02,legitimate
https://secure-login-472.net/update?id=3705,12,7,0,1,2,1,3,0,0,1,3.282,phishing
https://amazon-support-913.org/reset?id=4694,14,6,0,1,2,1,3,0,0,1,3.786,phishing
https://office365-login-668.info/reset?id=2037,15,6,0,1,2,3,2,0,0,1,4.09,phishing
https://netflix.net/about,7,6,0,1,1,0,0,0,0,0,2.636,legitimate
https://secure-login-995.com/login?id=6656,12,6,0,1,2,3,3,0,0,1,3.981,phishing
https://bankofamerica.com/products,13,9,0,1,1,0,0,0,0,0,2.748,legitimate
https://bankofamerica.net/products,13,9,0,1,1,0,0,0,0,0,2.001,legitimate
https://paypal-secure-566.info/verify?id=7066,13,7,0,1,2,1,1,0,0,1,3.928,phishing
https://amazon-support-455.org/update?id=6295,14,7,0,1,2,3,1,0,0,1,4.233,phishing
https://banking-update-267.org/account?id=4308,14,8,0,1,2,1,3,0,0,1,3.491,phishing
https://paypal-secure-344.com/update?id=2049,13,7,0,1,2,3,1,0,0,1,4.588,phishing
https://netflix.net/docs,7,5,0,1,1,0,0,0,0,0,2.887,legitimate
https://office365-login-180.info/reset?id=2489,15,6,0,1,2,2,2,0,0,1,4.533,phishing
https://bankofamerica.net/docs,13,5,0,1,1,0,0,0,0,0,2.16,legitimate
https://office365-login-376.org/login?id=1032,15,6,0,1,2,3,2,0,0,1,4.218,phishing
https://github.org/api/v1,6,7,0,1,1,0,0,0,0,0,2.313,legitimate
https://office365-login-122.info/account?id=3435,15,8,0,1,2,1,2,0,0,1,4.438,phishing
https://paypal-secure-232.com/account?id=8333,13,8,0,1,2,3,2,0,0,1,4.071,phishing
https://amazon-support-162.net/verify?id=9000,14,7,0,1,2,3,1,0,0,1,4.343,phishing
https://office365-login-430.net/reset?id=7236,15,6,0,1,2,1,4,0,0,1,4.796,phishing
https://amazon-support-852.info/update?id=8998,14,7,0,1,2,2,3,0,0,1,3.29,phishing
https://netflix.net/products,7,9,0,1,1,0,0,0,0,0,2.696,legitimate
https://banking-update-103.com/verify?id=4100,14,7,0,1,2,1,4,0,0,1,3.264,phishing
https://office365-login-156.net/update?id=3111,15,7,0,1,2,2,2,0,0,1,4.656,phishing
https://github.net/products,6,9,0,1,1,0,0,0,0,0,3.007,legitimate
https://paypal-secure-539.org/account?id=4064,13,8,0,1,2,3,2,0,0,1,3.666,phishing
https://netflix.net/products,7,9,0,1,1,0,0,0,0,0,3.038,legitimate
https://office365-login-614.info/account?id=3559,15,8,0,1,2,1,3,0,0,1,3.891,phishing
https://office365-login-642.net/account?id=4655,15,8,0,1,2,1,1,0,0,1,3.515,phishing
https://github.org/api/v1,6,7,0,1,1,0,0,0,0,0,2.261,legitimate
https://paypal-secure-596.org/account?id=1449,13,8,0,1,2,3,3,0,0,1,4.671,phishing
https://example.com/about,7,6,0,1,1,0,0,0,0,0,2.359,legitimate
https://amazon-support-704.net/account?id=3536,14,8,0,1,2,2,3,0,0,1,3.821,phishing
https://secure-login-823.net/reset?id=4714,12,6,0,1,2,3,3,0,0,1,3.255,phishing
https://office365-login-758.net/account?id=8521,15,8,0,1,2,2,1,0,0,1,3.764,phishing
https://amazon-support-832.net/account?id=9557,14,8,0,1,2,2,3,0,0,1,4.46,phishing
https://secure-login-348.com/verify?id=1528,12,7,0,1,2,3,3,0,0,1,3.744,phishing
https://secure-login-620.info/login?id=4033,12,6,0,1,2,2,4,0,0,1,3.407,phishing
https://office365-login-593.com/login?id=1073,15,6,0,1,2,3,4,0,0,1,4.598,phishing
https://banking-update-945.info/reset?id=5882,14,6,0,1,2,2,4,0,0,1,3.656,phishing
https://github.org/support,6,8,0,1,1,0,0,0,0,0,2.118,legitimate
https://amazon-support-142.org/verify?id=7242,14,7,0,1,2,3,2,0,0,1,4.263,phishing
https://paypal-secure-938.net/verify?id=3132,13,7,0,1,2,3,3,0,0,1,4.485,phishing
https://amazon-support-863.com/login?id=2017,14,6,0,1,2,2,3,0,0,1,4.382,phishing
https://amazon-support-532.com/account?id=7687,14,8,0,1,2,2,4,0,0,1,4.634,phishing
https://secure-login-856.info/login?id=6129,12,6,0,1,2,3,4,0,0,1,3.684,phishing
https://office365-login-274.org/verify?id=5735,15,7,0,1,2,2,2,0,0,1,4.765,phishing
https://banking-update-970.info/verify?id=4685,14,7,0,1,2,1,4,0,0,1,4.214,phishing
https://office365-login-812.info/login?id=4403,15,6,0,1,2,2,1,0,0,1,3.752,phishing
https://github.org/docs,6,5,0,1,1,0,0,0,0,0,2.052,legitimate
https://banking-update-733.net/login?id=6982,14,6,0,1,2,1,1,0,0,1,4.396,phishing
https://amazon-support-382.net/update?id=8278,14,7,0,1,2,2,4,0,0,1,4.078,phishing
https://banking-update-388.org/verify?id=3675,14,7,0,1,2,3,4,0,0,1,4.204,phishing
https://example.net/docs,7,5,0,1,1,0,0,0,0,0,2.552,legitimate
https://paypal-secure-211.com/login?id=3215,13,6,0,1,2,2,3,0,0,1,4.038,phishing
https://banking-update-207.info/account?id=2842,14,8,0,1,2,3,4,0,0,1,3.692,phishing
https://paypal-secure-362.com/verify?id=2139,13,7,0,1,2,1,1,0,0,1,3.903,phishing
https://paypal-secure-277.info/reset?id=1504,13,6,0,1,2,2,2,0,0,1,3.226,phishing
https://github.com/about,6,6,0,1,1,0,0,0,0,0,2.103,legitimate
https://banking-update-801.com/verify?id=4390,14,7,0,1,2,1,1,0,0,1,4.481,phishing
https://paypal-secure-473.net/login?id=9555,13,6,0,1,2,3,4,0,0,1,4.079,phishing
https://banking-update-555.com/update?id=6860,14,7,0,1,2,3,1,0,0,1,3.628,phishing
https://office365-login-440.info/login?id=7605,15,6,0,1,2,1,3,0,0,1,3.393,phishing
https://microsoft.net/docs,9,5,0,1,1,0,0,0,0,0,2.822,legitimate
https://office365-login-207.org/login?id=6487,15,6,0,1,2,1,1,0,0,1,3.327,phishing
https://bankofamerica.net/docs,13,5,0,1,1,0,0,0,0,0,2.307,legitimate
https://netflix.org/about,7,6,0,1,1,0,0,0,0,0,2.134,legitimate
https://banking-update-746.info/login?id=5173,14,6,0,1,2,3,4,0,0,1,3.499,phishing
https://office365-login-608.com/login?id=4277,15,6,0,1,2,2,1,0,0,1,3.499,phishing
https://office365-login-658.info/login?id=6016,15,6,0,1,2,2,2,0,0,1,3.681,phishing
https://secure-login-857.org/login?id=8020,12,6,0,1,2,3,2,0,0,1,3.708,phishing
https://bankofamerica.net/docs,13,5,0,1,1,0,0,0,0,0,2.119,legitimate
https://secure-login-953.net/login?id=2611,12,6,0,1,2,3,3,0,0,1,4.436,phishing
https://secure-login-954.com/account?id=8400,12,8,0,1,2,3,1,0,0,1,4.79,phishing
https://office365-login-850.org/verify?id=2259,15,7,0,1,2,2,3,0,0,1,4.196,phishing
https://github.org/about,6,6,0,1,1,0,0,0,0,0,2.849,legitimate
https://bankofamerica.net/products,13,9,0,1,1,0,0,0,0,0,2.313,legitimate
https://office365-login-974.org/reset?id=7450,15,6,0,1,2,2,3,0,0,1,4.078,phishing
https://example.edu/docs,7,5,0,1,1,0,0,0,0,0,3.143,legitimate
https://office365-login-938.org/account?id=5441,15,8,0,1,2,1,1,0,0,1,4.377,phishing
https://banking-update-566.net/update?id=8516,14,7,0,1,2,3,1,0,0,1,3.219,phishing
https://office365-login-615.info/login?id=4655,15,6,0,1,2,3,3,0,0,1,3.333,phishing
https://office365-login-463.net/login?id=8444,15,6,0,1,2,3,2,0,0,1,3.288,phishing
https://office365-login-185.org/update?id=7346,15,7,0,1,2,3,2,0,0,1,3.226,phishing
https://office365-login-795.info/login?id=3300,15,6,0,1,2,2,4,0,0,1,3.293,phishing
https://banking-update-189.org/login?id=1326,14,6,0,1,2,3,3,0,0,1,3.203,phishing
https://paypal-secure-500.net/update?id=8920,13,7,0,1,2,1,4,0,0,1,3.233,phishing
https://office365-login-935.net/account?id=6676,15,8,0,1,2,1,4,0,0,1,3.826,phishing
https://banking-update-911.org/login?id=6576,14,6,0,1,2,2,1,0,0,1,4.042,phishing
https://paypal-secure-795.info/login?id=1873,13,6,0,1,2,3,2,0,0,1,3.269,phishing
https://office365-login-808.info/login?id=9274,15,6,0,1,2,1,3,0,0,1,4.774,phishing
https://microsoft.edu/about,9,6,0,1,1,0,0,0,0,0,2.96,legitimate
https://amazon-support-367.com/account?id=4460,14,8,0,1,2,2,1,0,0,1,3.828,phishing
https://office365-login-508.com/update?id=2510,15,7,0,1,2,3,1,0,0,1,4.42,phishing
https://amazon-support-605.net/update?id=9550,14,7,0,1,2,2,1,0,0,1,3.579,phishing
https://example.net/products,7,9,0,1,1,0,0,0,0,0,2.335,legitimate
https://example.com/products,7,9,0,1,1,0,0,0,0,0,2.523,legitimate
https://paypal-secure-292.com/verify?id=9088,13,7,0,1,2,2,2,0,0,1,4.38,phishing
https://banking-update-281.info/account?id=6279,14,8,0,1,2,1,2,0,0,1,4.517,phishing
https://office365-login-534.com/account?id=9121,15,8,0,1,2,2,4,0,0,1,3.907,phishing
https://banking-update-973.org/verify?id=4332,14,7,0,1,2,2,1,0,0,1,4.622,phishing
https://banking-update-712.info/account?id=3238,14,8,0,1,2,2,1,0,0,1,4.029,phishing
https://banking-update-312.com/login?id=9070,14,6,0,1,2,3,1,0,0,1,4.57,phishing
https://office365-login-614.net/login?id=3494,15,6,0,1,2,1,3,0,0,1,4.651,phishing
https://microsoft.com/support,9,8,0,1,1,0,0,0,0,0,2.822,legitimate
https://banking-update-821.info/update?id=9523,14,7,0,1,2,3,3,0,0,1,3.382,phishing
https://paypal-secure-505.com/update?id=5271,13,7,0,1,2,2,3,0,0,1,4.633,phishing
https://office365-login-834.info/update?id=2227,15,7,0,1,2,2,2,0,0,1,3.4,phishing
https://banking-update-541.org/account?id=2714,14,8,0,1,2,1,3,0,0,1,3.63,phishing
https://paypal-secure-119.net/update?id=3950,13,7,0,1,2,3,3,0,0,1,4.562,phishing
https://amazon-support-824.net/login?id=9690,14,6,0,1,2,3,3,0,0,1,3.813,phishing
https://banking-update-689.info/reset?id=4558,14,6,0,1,2,1,4,0,0,1,4.767,phishing
https://secure-login-143.com/reset?id=3887,12,6,0,1,2,1,3,0,0,1,4.09,phishing
https://amazon-support-329.info/verify?id=4679,14,7,0,1,2,3,4,0,0,1,4.646,phishing
https://paypal-secure-437.com/reset?id=8182,13,6,0,1,2,2,2,0,0,1,4.445,phishing
https://amazon-support-871.org/update?id=4540,14,7,0,1,2,1,2,0,0,1,4.246,phishing
https://secure-login-262.com/login?id=5677,12,6,0,1,2,3,2,0,0,1,4.228,phishing
https://amazon-support-402.net/account?id=7545,14,8,0,1,2,3,1,0,0,1,3.708,phishing
https://bankofamerica.com/products,13,9,0,1,1,0,0,0,0,0,2.59,legitimate
https://netflix.net/docs,7,5,0,1,1,0,0,0,0,0,2.106,legitimate
https://banking-update-736.info/reset?id=8303,14,6,0,1,2,3,2,0,0,1,4.329,phishing
https://amazon-support-665.org/verify?id=3142,14,7,0,1,2,3,2,0,0,1,4.091,phishing
https://paypal-secure-741.info/verify?id=6517,13,7,0,1,2,1,2,0,0,1,4.61,phishing
https://office365-login-486.net/verify?id=7390,15,7,0,1,2,3,1,0,0,1,4.037,phishing
https://github.net/docs,6,5,0,1,1,0,0,0,0,0,2.165,legitimate
https://github.org/api/v1,6,7,0,1,1,0,0,0,0,0,2.825,legitimate
https://bankofamerica.com/about,13,6,0,1,1,0,0,0,0,0,2.795,legitimate
https://banking-update-715.com/update?id=2710,14,7,0,1,2,3,1,0,0,1,4.473,phishing
https://microsoft.net/docs,9,5,0,1,1,0,0,0,0,0,2.091,legitimate
https://office365-login-928.net/verify?id=6222,15,7,0,1,2,1,2,0,0,1,4.17,phishing
https://amazon-support-871.info/verify?id=2424,14,7,0,1,2,3,2,0,0,1,3.519,phishing
https://secure-login-766.com/verify?id=9051,12,7,0,1,2,3,3,0,0,1,3.432,phishing
https://banking-update-638.info/account?id=3177,14,8,0,1,2,1,2,0,0,1,4.152,phishing
https://example.com/products,7,9,0,1,1,0,0,0,0,0,2.61,legitimate
https://amazon-support-135.info/login?id=6256,14,6,0,1,2,1,3,0,0,1,3.975,phishing
https://microsoft.com/api/v1,9,7,0,1,1,0,0,0,0,0,2.471,legitimate
https://office365-login-375.org/login?id=3961,15,6,0,1,2,2,4,0,0,1,3.649,phishing
https://example.net/api/v1,7,7,0,1,1,0,0,0,0,0,2.18,legitimate
https://banking-update-620.com/verify?id=3560,14,7,0,1,2,3,3,0,0,1,4.244,phishing
https://secure-login-554.info/login?id=9642,12,6,0,1,2,1,4,0,0,1,4.29,phishing
https://microsoft.org/docs,9,5,0,1,1,0,0,0,0,0,2.915,legitimate
https://banking-update-604.com/login?id=5176,14,6,0,1,2,1,4,0,0,1,3.691,phishing
https://example.com/support,7,8,0,1,1,0,0,0,0,0,2.186,legitimate
https://secure-login-714.net/verify?id=7989,12,7,0,1,2,1,4,0,0,1,4.032,phishing
https://secure-login-590.org/update?id=7265,12,7,0,1,2,2,3,0,0,1,3.2,phishing
https://banking-update-452.com/verify?id=2875,14,7,0,1,2,1,4,0,0,1,3.636,phishing
https://bankofamerica.org/products,13,9,0,1,1,0,0,0,0,0,2.982,legitimate
https://microsoft.edu/api/v1,9,7,0,1,1,0,0,0,0,0,2.684,legitimate
https://microsoft.net/about,9,6,0,1,1,0,0,0,0,0,2.466,legitimate
https://amazon-support-114.info/verify?id=4839,14,7,0,1,2,2,2,0,0,1,4.168,phishing
https://amazon-support-508.info/account?id=5888,14,8,0,1,2,3,2,0,0,1,3.49,phishing
https://secure-login-134.info/update?id=6434,12,7,0,1,2,2,3,0,0,1,3.992,phishing
https://secure-login-777.net/reset?id=1183,12,6,0,1,2,1,4,0,0,1,3.816,phishing
https://secure-login-163.net/update?id=5465,12,7,0,1,2,1,3,0,0,1,4.648,phishing
https://secure-login-971.org/login?id=6786,12,6,0,1,2,3,2,0,0,1,3.634,phishing
https://github.org/docs,6,5,0,1,1,0,0,0,0,0,2.158,legitimate
https://banking-update-425.net/reset?id=6091,14,6,0,1,2,2,2,0,0,1,4.485,phishing
https://secure-login-883.info/reset?id=1121,12,6,0,1,2,2,4,0,0,1,4.025,phishing
https://secure-login-829.com/reset?id=8395,12,6,0,1,2,2,2,0,0,1,4.621,phishing
https://bankofamerica.net/api/v1,13,7,0,1,1,0,0,0,0,0,2.369,legitimate
https://example.com/about,7,6,0,1,1,0,0,0,0,0,2.535,legitimate
https://banking-update-516.com/verify?id=3008,14,7,0,1,2,2,2,0,0,1,3.304,phishing
https://banking-update-340.org/login?id=9643,14,6,0,1,2,3,4,0,0,1,3.516,phishing
https://office365-login-807.com/reset?id=2922,15,6,0,1,2,2,4,0,0,1,3.865,phishing
https://example.net/api/v1,7,7,0,1,1,0,0,0,0,0,2.373,legitimate
https://banking-update-502.org/update?id=3822,14,7,0,1,2,3,1,0,0,1,4.004,phishing
https://banking-update-363.net/account?id=9094,14,8,0,1,2,2,4,0,0,1,3.904,phishing
https://microsoft.com/products,9,9,0,1,1,0,0,0,0,0,3.011,legitimate
https://amazon-support-724.info/update?id=3309,14,7,0,1,2,2,4,0,0,1,4.059,phishing
https://office365-login-711.info/account?id=9237,15,8,0,1,2,1,1,0,0,1,4.456,phishing
https://paypal-secure-344.net/update?id=5114,13,7,0,1,2,2,3,0,0,1,3.406,phishing
https://paypal-secure-996.com/verify?id=6155,13,7,0,1,2,3,2,0,0,1,4.572,phishing
https://netflix.com/support,7,8,0,1,1,0,0,0,0,0,2.4,legitimate
https://secure-login-942.com/update?id=1426,12,7,0,1,2,2,4,0,0,1,3.955,phishing
https://secure-login-314.net/login?id=2592,12,6,0,1,2,2,3,0,0,1,3.7,phishing
https://office365-login-265.org/verify?id=6714,15,7,0,1,2,2,1,0,0,1,4.568,phishing
https://bankofamerica.org/api/v1,13,7,0,1,1,0,0,0,0,0,2.978,legitimate
https://paypal-secure-407.net/verify?id=7610,13,7,0,1,2,2,3,0,0,1,4.431,phishing
https://amazon-support-881.info/reset?id=8356,14,6,0,1,2,2,1,0,0,1,3.572,phishing
https://microsoft.com/about,9,6,0,1,1,0,0,0,0,0,2.514,legitimate
https://office365-login-300.info/reset?id=4057,15,6,0,1,2,1,1,0,0,1,4.638,phishing
https://bankofamerica.edu/about,13,6,0,1,1,0,0,0,0,0,2.445,legitimate
https://bankofamerica.net/products,13,9,0,1,1,0,0,0,0,0,2.739,legitimate
https://office365-login-543.org/reset?id=4854,15,6,0,1,2,2,3,0,0,1,4.773,phishing
https://amazon-support-777.com/login?id=7615,14,6,0,1,2,1,2,0,0,1,4.454,phishing
https://bankofamerica.org/docs,13,5,0,1,1,0,0,0,0,0,2.452,legitimate
https://example.edu/api/v1,7,7,0,1,1,0,0,0,0,0,3.041,legitimate
https://office365-login-191.net/login?id=3865,15,6,0,1,2,2,4,0,0,1,3.62,phishing
https://amazon-support-716.com/update?id=8918,14,7,0,1,2,3,2,0,0,1,3.296,phishing
https://office365-login-995.org/account?id=2944,15,8,0,1,2,1,2,0,0,1,4.69,phishing
https://office365-login-874.net/reset?id=1670,15,6,0,1,2,1,3,0,0,1,4.622,phishing
https://github.edu/about,6,6,0,1,1,0,0,0,0,0,2.588,legitimate
https://banking-update-625.com/update?id=1564,14,7,0,1,2,1,1,0,0,1,3.697,phishing
https://example.com/about,7,6,0,1,1,0,0,0,0,0,2.819,legitimate
https://banking-update-923.com/login?id=4286,14,6,0,1,2,1,3,0,0,1,3.538,phishing
https://paypal-secure-368.info/update?id=4211,13,7,0,1,2,1,1,0,0,1,4.377,phishing
https://amazon-support-440.info/reset?id=3130,14,6,0,1,2,3,1,0,0,1,4.414,phishing
https://paypal-secure-918.org/reset?id=1773,13,6,0,1,2,3,1,0,0,1,3.576,phishing
https://banking-update-816.org/verify?id=3110,14,7,0,1,2,1,3,0,0,1,4.765,phishing
https://office365-login-683.org/login?id=1447,15,6,0,1,2,1,4,0,0,1,4.519,phishing
https://paypal-secure-859.info/account?id=7821,13,8,0,1,2,1,4,0,0,1,3.667,phishing
https://amazon-support-722.net/verify?id=9075,14,7,0,1,2,1,2,0,0,1,3.294,phishing
https://microsoft.com/docs,9,5,0,1,1,0,0,0,0,0,2.446,legitimate
https://paypal-secure-283.info/account?id=6634,13,8,0,1,2,2,2,0,0,1,4.683,phishing
https://secure-login-710.com/verify?id=9117,12,7,0,1,2,1,3,0,0,1,3.859,phishing
https://amazon-support-199.info/verify?id=7627,14,7,0,1,2,3,2,0,0,1,3.461,phishing
https://amazon-support-202.org/verify?id=2319,14,7,0,1,2,3,2,0,0,1,3.791,phishing
https://paypal-secure-759.net/reset?id=2205,13,6,0,1,2,3,4,0,0,1,4.503,phishing
https://banking-update-988.com/reset?id=6902,14,6,0,1,2,1,1,0,0,1,4.772,phishing
https://github.net/support,6,8,0,1,1,0,0,0,0,0,3.05,legitimate
https://office365-login-704.info/account?id=1229,15,8,0,1,2,1,2,0,0,1,3.722,phishing
https://netflix.edu/products,7,9,0,1,1,0,0,0,0,0,2.617,legitimate
https://secure-login-589.com/account?id=1388,12,8,0,1,2,1,4,0,0,1,3.954,phishing
https://bankofamerica.com/about,13,6,0,1,1,0,0,0,0,0,3.161,legitimate
https://microsoft.edu/support,9,8,0,1,1,0,0,0,0,0,2.426,legitimate
https://banking-update-569.info/reset?id=2272,14,6,0,1,2,1,3,0,0,1,4.76,phishing
https://github.com/about,6,6,0,1,1,0,0,0,0,0,2.017,legitimate
https://paypal-secure-827.com/account?id=7328,13,8,0,1,2,1,4,0,0,1,4.606,phishing
https://amazon-support-845.info/verify?id=2788,14,7,0,1,2,3,2,0,0,1,4.291,phishing
https://secure-login-995.com/login?id=5659,12,6,0,1,2,3,3,0,0,1,3.465,phishing
https://office365-login-430.org/account?id=6916,15,8,0,1,2,2,1,0,0,1,3.635,phishing
https://office365-login-164.org/login?id=1959,15,6,0,1,2,3,2,0,0,1,4.258,phishing
https://office365-login-608.info/login?id=8066,15,6,0,1,2,1,1,0,0,1,3.354,phishing
https://netflix.org/api/v1,7,7,0,1,1,0,0,0,0,0,2.301,legitimate
https://netflix.net/about,7,6,0,1,1,0,0,0,0,0,3.114,legitimate
https://banking-update-226.com/account?id=7357,14,8,0,1,2,2,3,0,0,1,4.026,phishing
https://example.com/docs,7,5,0,1,1,0,0,0,0,0,2.077,legitimate
https://bankofamerica.com/docs,13,5,0,1,1,0,0,0,0,0,2.504,legitimate
https://banking-update-740.info/verify?id=7392,14,7,0,1,2,3,4,0,0,1,4.649,phishing
https://secure-login-617.net/update?id=6036,12,7,0,1,2,1,3,0,0,1,3.585,phishing
https://office365-login-123.net/reset?id=8973,15,6,0,1,2,2,1,0,0,1,3.702,phishing
https://secure-login-847.com/verify?id=7016,12,7,0,1,2,1,3,0,0,1,3.459,phishing
https://banking-update-256.net/update?id=6428,14,7,0,1,2,2,4,0,0,1,3.487,phishing
https://secure-login-578.org/account?id=5697,12,8,0,1,2,1,1,0,0,1,4.532,phishing
https://paypal-secure-990.info/update?id=9338,13,7,0,1,2,3,1,0,0,1,3.797,phishing
https://secure-login-465.info/reset?id=7030,12,6,0,1,2,1,4,0,0,1,3.61,phishing
https://office365-login-595.net/login?id=4248,15,6,0,1,2,1,3,0,0,1,3.426,phishing
https://microsoft.org/support,9,8,0,1,1,0,0,0,0,0,2.642,legitimate
https://paypal-secure-177.net/reset?id=8519,13,6,0,1,2,1,4,0,0,1,3.703,phishing
https://office365-login-133.info/account?id=6117,15,8,0,1,2,3,3,0,0,1,4.546,phishing
https://paypal-secure-397.net/login?id=6945,13,6,0,1,2,2,2,0,0,1,4.355,phishing
https://office365-login-387.com/account?id=2070,15,8,0,1,2,1,1,0,0,1,3.224,phishing
https://paypal-secure-409.info/update?id=6036,13,7,0,1,2,1,1,0,0,1,3.651,phishing
https://banking-update-443.com/verify?id=3262,14,7,0,1,2,3,2,0,0,1,4.627,phishing
https://example.org/products,7,9,0,1,1,0,0,0,0,0,2.064,legitimate
https://banking-update-766.org/reset?id=8750,14,6,0,1,2,3,4,0,0,1,4.313,phishing
https://secure-login-179.org/verify?id=2042,12,7,0,1,2,1,3,0,0,1,3.225,phishing
https://banking-update-737.info/reset?id=7231,14,6,0,1,2,2,2,0,0,1,4.321,phishing
https://bankofamerica.org/support,13,8,0,1,1,0,0,0,0,0,2.493,legitimate
https://paypal-secure-208.org/login?id=5631,13,6,0,1,2,2,3,0,0,1,3.276,phishing
https://github.org/api/v1,6,7,0,1,1,0,0,0,0,0,2.055,legitimate
https://banking-update-245.com/verify?id=3106,14,7,0,1,2,3,3,0,0,1,4.691,phishing
https://bankofamerica.org/api/v1,13,7,0,1,1,0,0,0,0,0,2.917,legitimate
https://amazon-support-214.net/account?id=7656,14,8,0,1,2,1,4,0,0,1,4.776,phishing
https://netflix.net/about,7,6,0,1,1,0,0,0,0,0,2.814,legitimate
https://microsoft.net/docs,9,5,0,1,1,0,0,0,0,0,2.585,legitimate
https://secure-login-910.info/login?id=2801,12,6,0,1,2,1,3,0,0,1,3.991,phishing
https://bankofamerica.org/support,13,8,0,1,1,0,0,0,0,0,2.072,legitimate
https://paypal-secure-628.info/verify?id=7564,13,7,0,1,2,1,2,0,0,1,3.844,phishing
https://banking-update-447.net/verify?id=9347,14,7,0,1,2,3,3,0,0,1,4.338,phishing
https://bankofamerica.net/docs,13,5,0,1,1,0,0,0,0,0,2.975,legitimate
https://secure-login-985.org/verify?id=1422,12,7,0,1,2,3,1,0,0,1,3.771,phishing
https://paypal-secure-641.com/update?id=5229,13,7,0,1,2,3,3,0,0,1,3.647,phishing
https://banking-update-716.info/reset?id=5185,14,6,0,1,2,1,3,0,0,1,3.691,phishing
https://secure-login-499.net/update?id=8008,12,7,0,1,2,1,3,0,0,1,3.695,phishing
https://microsoft.com/docs,9,5,0,1,1,0,0,0,0,0,2.646,legitimate
https://paypal-secure-834.net/update?id=8217,13,7,0,1,2,3,2,0,0,1,3.673,phishing
https://amazon-support-630.org/update?id=5778,14,7,0,1,2,2,2,0,0,1,3.941,phishing
https://office365-login-949.com/reset?id=9519,15,6,0,1,2,1,3,0,0,1,3.865,phishing
https://amazon-support-910.com/account?id=6490,14,8,0,1,2,2,3,0,0,1,3.75,phishing
https://banking-update-715.com/update?id=1999,14,7,0,1,2,2,4,0,0,1,4.227,phishing
https://github.edu/api/v1,6,7,0,1,1,0,0,0,0,0,2.032,legitimate
https://banking-update-894.net/login?id=5295,14,6,0,1,2,1,2,0,0,1,3.953,phishing
https://netflix.org/docs,7,5,0,1,1,0,0,0,0,0,2.766,legitimate
https://secure-login-558.info/update?id=3083,12,7,0,1,2,2,1,0,0,1,3.787,phishing
https://office365-login-610.info/login?id=8686,15,6,0,1,2,2,3,0,0,1,3.89,phishing
https://banking-update-877.info/account?id=5418,14,8,0,1,2,1,4,0,0,1,3.692,phishing
https://office365-login-289.net/login?id=3083,15,6,0,1,2,1,3,0,0,1,3.317,phishing
https://secure-login-568.org/login?id=3653,12,6,0,1,2,2,3,0,0,1,3.45,phishing
https://paypal-secure-572.info/reset?id=7871,13,6,0,1,2,1,4,0,0,1,3.922,phishing
https://office365-login-156.info/login?id=4909,15,6,0,1,2,1,1,0,0,1,4.376,phishing
https://secure-login-160.net/account?id=7135,12,8,0,1,2,3,1,0,0,1,3.876,phishing
https://banking-update-789.org/login?id=6501,14,6,0,1,2,3,3,0,0,1,3.636,phishing
https://office365-login-694.org/verify?id=5331,15,7,0,1,2,1,1,0,0,1,4.649,phishing
https://paypal-secure-650.net/login?id=7148,13,6,0,1,2,2,4,0,0,1,4.395,phishing
https://banking-update-290.net/account?id=2582,14,8,0,1,2,2,1,0,0,1,4.314,phishing
https://github.com/support,6,8,0,1,1,0,0,0,0,0,2.452,legitimate
https://office365-login-445.org/login?id=9569,15,6,0,1,2,2,3,0,0,1,3.575,phishing
https://bankofamerica.edu/api/v1,13,7,0,1,1,0,0,0,0,0,2.215,legitimate
https://paypal-secure-180.info/account?id=1741,13,8,0,1,2,2,4,0,0,1,3.469,phishing
https://banking-update-711.info/reset?id=6447,14,6,0,1,2,3,2,0,0,1,4.374,phishing
https://amazon-support-845.net/reset?id=7512,14,6,0,1,2,1,1,0,0,1,3.978,phishing
https://banking-update-614.org/account?id=9453,14,8,0,1,2,1,1,0,0,1,3.366,phishing
https://example.edu/api/v1,7,7,0,1,1,0,0,0,0,0,2.824,legitimate
https://office365-login-268.net/verify?id=3423,15,7,0,1,2,1,4,0,0,1,3.99,phishing
https://amazon-support-768.com/update?id=4967,14,7,0,1,2,3,2,0,0,1,3.622,phishing
https://secure-login-356.org/reset?id=7713,12,6,0,1,2,1,3,0,0,1,4.551,phishing
https://bankofamerica.net/docs,13,5,0,1,1,0,0,0,0,0,2.475,legitimate
https://github.edu/api/v1,6,7,0,1,1,0,0,0,0,0,2.56,legitimate
https://secure-login-235.org/login?id=2978,12,6,0,1,2,2,4,0,0,1,3.324,phishing
https://paypal-secure-785.info/update?id=7226,13,7,0,1,2,1,1,0,0,1,3.438,phishing
https://banking-update-400.info/verify?id=2352,14,7,0,1,2,3,1,0,0,1,4.412,phishing
https://banking-update-270.org/login?id=7790,14,6,0,1,2,2,1,0,0,1,3.728,phishing
https://banking-update-561.net/account?id=4061,14,8,0,1,2,2,4,0,0,1,4.268,phishing
https://microsoft.com/about,9,6,0,1,1,0,0,0,0,0,2.645,legitimate
https://github.com/docs,6,5,0,1,1,0,0,0,0,0,2.702,legitimate
https://banking-update-849.info/update?id=4855,14,7,0,1,2,1,2,0,0,1,4.277,phishing
https://paypal-secure-933.com/login?id=9050,13,6,0,1,2,3,3,0,0,1,3.382,phishing
https://office365-login-915.org/account?id=2264,15,8,0,1,2,2,3,0,0,1,4.711,phishing
https://bankofamerica.org/about,13,6,0,1,1,0,0,0,0,0,2.296,legitimate
https://secure-login-909.org/verify?id=8838,12,7,0,1,2,2,1,0,0,1,3.984,phishing
https://banking-update-785.net/account?id=5232,14,8,0,1,2,2,2,0,0,1,3.898,phishing
https://secure-login-778.net/account?id=5630,12,8,0,1,2,1,2,0,0,1,4.373,phishing
https://microsoft.org/products,9,9,0,1,1,0,0,0,0,0,3.02,legitimate
https://secure-login-524.net/update?id=9559,12,7,0,1,2,2,4,0,0,1,4.231,phishing
https://paypal-secure-478.org/reset?id=7833,13,6,0,1,2,2,2,0,0,1,3.281,phishing
https://office365-login-113.org/verify?id=4304,15,7,0,1,2,3,4,0,0,1,4.254,phishing
https://banking-update-259.com/reset?id=1584,14,6,0,1,2,1,2,0,0,1,3.924,phishing
https://office365-login-923.com/account?id=8737,15,8,0,1,2,2,4,0,0,1,4.518,phishing
https://secure-login-279.net/reset?id=3357,12,6,0,1,2,3,4,0,0,1,4.783,phishing
https://netflix.edu/support,7,8,0,1,1,0,0,0,0,0,2.393,legitimate
https://banking-update-352.net/reset?id=5039,14,6,0,1,2,2,2,0,0,1,3.426,phishing
https://banking-update-187.net/reset?id=6662,14,6,0,1,2,3,1,0,0,1,4.209,phishing
https://paypal-secure-918.com/reset?id=9293,13,6,0,1,2,1,1,0,0,1,3.62,phishing
https://office365-login-548.org/account?id=3401,15,8,0,1,2,2,3,0,0,1,3.727,phishing
https://banking-update-365.info/reset?id=3229,14,6,0,1,2,2,4,0,0,1,3.572,phishing
https://banking-update-251.net/account?id=2669,14,8,0,1,2,2,3,0,0,1,3.581,phishing
https://paypal-secure-985.org/reset?id=4073,13,6,0,1,2,1,4,0,0,1,3.606,phishing
https://banking-update-532.info/login?id=1069,14,6,0,1,2,3,4,0,0,1,3.478,phishing
https://netflix.edu/docs,7,5,0,1,1,0,0,0,0,0,2.27,legitimate
https://banking-update-947.com/verify?id=8606,14,7,0,1,2,2,2,0,0,1,4.226,phishing
https://amazon-support-796.org/login?id=2531,14,6,0,1,2,3,1,0,0,1,3.54,phishing
https://example.net/api/v1,7,7,0,1,1,0,0,0,0,0,2.232,legitimate
https://secure-login-369.com/reset?id=7547,12,6,0,1,2,2,3,0,0,1,4.577,phishing
https://bankofamerica.net/support,13,8,0,1,1,0,0,0,0,0,2.834,legitimate
https://github.com/products,6,9,0,1,1,0,0,0,0,0,2.55,legitimate
https://microsoft.edu/about,9,6,0,1,1,0,0,0,0,0,2.744,legitimate
https://netflix.com/support,7,8,0,1,1,0,0,0,0,0,2.455,legitimate
https://netflix.net/products,7,9,0,1,1,0,0,0,0,0,2.074,legitimate
https://office365-login-413.org/verify?id=6692,15,7,0,1,2,3,1,0,0,1,4.556,phishing
https://paypal-secure-796.info/account?id=5127,13,8,0,1,2,1,3,0,0,1,4.171,phishing
https://bankofamerica.net/api/v1,13,7,0,1,1,0,0,0,0,0,2.144,legitimate
https://amazon-support-285.info/account?id=3377,14,8,0,1,2,1,2,0,0,1,4.288,phishing
https://paypal-secure-625.org/account?id=2517,13,8,0,1,2,3,1,0,0,1,4.667,phishing
https://office365-login-434.com/update?id=2653,15,7,0,1,2,1,2,0,0,1,4.145,phishing
https://office365-login-618.info/login?id=4371,15,6,0,1,2,1,2,0,0,1,3.958,phishing
https://amazon-support-189.net/verify?id=4564,14,7,0,1,2,2,4,0,0,1,4.371,phishing
https://github.org/docs,6,5,0,1,1,0,0,0,0,0,2.836,legitimate
https://netflix.com/products,7,9,0,1,1,0,0,0,0,0,2.276,legitimate
https://github.edu/products,6,9,0,1,1,0,0,0,0,0,2.754,legitimate
https://github.org/api/v1,6,7,0,1,1,0,0,0,0,0,3.124,legitimate
https://office365-login-210.info/verify?id=8942,15,7,0,1,2,2,2,0,0,1,4.303,phishing
https://banking-update-760.net/reset?id=5173,14,6,0,1,2,2,1,0,0,1,3.478,phishing
https://amazon-support-221.info/update?id=7842,14,7,0,1,2,3,1,0,0,1,4.41,phishing
https://secure-login-861.com/update?id=3883,12,7,0,1,2,2,3,0,0,1,4.155,phishing
https://amazon-support-847.info/account?id=7852,14,8,0,1,2,2,1,0,0,1,3.52,phishing
https://microsoft.com/api/v1,9,7,0,1,1,0,0,0,0,0,2.497,legitimate
https://banking-update-202.com/update?id=8034,14,7,0,1,2,1,3,0,0,1,3.636,phishing
https://paypal-secure-491.org/account?id=8694,13,8,0,1,2,1,2,0,0,1,3.997,phishing
https://paypal-secure-870.org/reset?id=7141,13,6,0,1,2,1,1,0,0,1,3.479,phishing
https://secure-login-778.info/login?id=7354,12,6,0,1,2,3,4,0,0,1,3.425,phishing
https://banking-update-379.net/login?id=2459,14,6,0,1,2,3,4,0,0,1,3.472,phishing
https://secure-login-554.com/update?id=8409,12,7,0,1,2,2,4,0,0,1,4.304,phishing
https://amazon-support-722.com/login?id=3356,14,6,0,1,2,3,3,0,0,1,3.751,phishing
https://microsoft.edu/about,9,6,0,1,1,0,0,0,0,0,2.959,legitimate
https://paypal-secure-402.org/login?id=4833,13,6,0,1,2,3,3,0,0,1,3.278,phishing
https://banking-update-588.net/update?id=6509,14,7,0,1,2,2,3,0,0,1,3.904,phishing
https://example.edu/docs,7,5,0,1,1,0,0,0,0,0,2.31,legitimate
https://paypal-secure-301.info/update?id=7695,13,7,0,1,2,3,1,0,0,1,3.549,phishing
https://amazon-support-873.net/reset?id=9566,14,6,0,1,2,1,2,0,0,1,3.385,phishing
https://secure-login-624.org/update?id=4541,12,7,0,1,2,2,2,0,0,1,4.694,phishing
https://amazon-support-574.com/reset?id=8637,14,6,0,1,2,2,2,0,0,1,4.02,phishing
https://banking-update-442.net/account?id=5419,14,8,0,1,2,1,4,0,0,1,4.308,phishing
https://banking-update-609.net/reset?id=2588,14,6,0,1,2,1,4,0,0,1,4.5,phishing
https://microsoft.edu/api/v1,9,7,0,1,1,0,0,0,0,0,3.158,legitimate
https://amazon-support-720.info/account?id=5412,14,8,0,1,2,2,1,0,0,1,3.88,phishing
https://secure-login-897.info/reset?id=3104,12,6,0,1,2,3,3,0,0,1,4.061,phishing
https://paypal-secure-633.org/account?id=6464,13,8,0,1,2,2,3,0,0,1,3.394,phishing
https://secure-login-187.info/account?id=6115,12,8,0,1,2,3,1,0,0,1,3.621,phishing
https://github.edu/about,6,6,0,1,1,0,0,0,0,0,2.867,legitimate
https://example.net/products,7,9,0,1,1,0,0,0,0,0,3.011,legitimate
https://office365-login-367.info/update?id=1540,15,7,0,1,2,2,1,0,0,1,4.718,phishing
https://banking-update-305.org/login?id=7032,14,6,0,1,2,2,4,0,0,1,3.89,phishing
https://bankofamerica.com/products,13,9,0,1,1,0,0,0,0,0,2.947,legitimate
https://banking-update-178.org/verify?id=1007,14,7,0,1,2,3,1,0,0,1,3.832,phishing
https://paypal-secure-599.info/login?id=3778,13,6,0,1,2,1,3,0,0,1,4.721,phishing
https://amazon-support-221.com/verify?id=2024,14,7,0,1,2,2,1,0,0,1,4.021,phishing
https://office365-login-246.com/reset?id=6205,15,6,0,1,2,1,2,0,0,1,4.189,phishing
https://secure-login-165.info/login?id=2534,12,6,0,1,2,2,4,0,0,1,3.611,phishing
https://banking-update-685.net/reset?id=1898,14,6,0,1,2,3,3,0,0,1,4.799,phishing
https://office365-login-292.org/reset?id=1457,15,6,0,1,2,2,4,0,0,1,3.752,phishing
https://github.edu/products,6,9,0,1,1,0,0,0,0,0,3.114,legitimate
https://office365-login-300.org/account?id=4452,15,8,0,1,2,1,3,0,0,1,4.615,phishing
https://github.com/support,6,8,0,1,1,0,0,0,0,0,3.103,legitimate
https://amazon-support-672.net/login?id=3258,14,6,0,1,2,2,1,0,0,1,3.534,phishing
https://paypal-secure-777.org/verify?id=5308,13,7,0,1,2,3,1,0,0,1,3.522,phishing
https://secure-login-221.net/verify?id=8951,12,7,0,1,2,3,4,0,0,1,4.383,phishing
https://office365-login-835.net/verify?id=4829,15,7,0,1,2,3,1,0,0,1,4.731,phishing
https://microsoft.com/support,9,8,0,1,1,0,0,0,0,0,2.864,legitimate
https://paypal-secure-920.net/login?id=7273,13,6,0,1,2,3,1,0,0,1,4.615,phishing
https://secure-login-168.net/account?id=9652,12,8,0,1,2,2,4,0,0,1,4.786,phishing
https://paypal-secure-657.com/login?id=1995,13,6,0,1,2,1,2,0,0,1,4.669,phishing
https://banking-update-888.org/login?id=3300,14,6,0,1,2,3,3,0,0,1,3.92,phishing
https://bankofamerica.edu/products,13,9,0,1,1,0,0,0,0,0,2.372,legitimate
https://paypal-secure-398.net/verify?id=8395,13,7,0,1,2,3,2,0,0,1,4.037,phishing
https://secure-login-413.org/account?id=1272,12,8,0,1,2,3,2,0,0,1,3.57,phishing
https://netflix.org/docs,7,5,0,1,1,0,0,0,0,0,2.271,legitimate
https://amazon-support-428.com/verify?id=1164,14,7,0,1,2,3,1,0,0,1,4.162,phishing
https://office365-login-241.info/update?id=9539,15,7,0,1,2,2,2,0,0,1,4.184,phishing
https://paypal-secure-970.com/update?id=8877,13,7,0,1,2,1,2,0,0,1,3.541,phishing
https://banking-update-939.org/verify?id=4545,14,7,0,1,2,2,1,0,0,1,4.575,phishing
https://secure-login-633.org/update?id=3806,12,7,0,1,2,1,3,0,0,1,4.077,phishing
https://bankofamerica.com/docs,13,5,0,1,1,0,0,0,0,0,2.002,legitimate
https://github.edu/about,6,6,0,1,1,0,0,0,0,0,2.929,legitimate
https://amazon-support-244.org/reset?id=1064,14,6,0,1,2,2,3,0,0,1,3.291,phishing
https://secure-login-293.org/login?id=3206,12,6,0,1,2,1,1,0,0,1,4.356,phishing
https://amazon-support-452.com/account?id=5114,14,8,0,1,2,3,2,0,0,1,4.119,phishing
https://office365-login-807.net/login?id=5494,15,6,0,1,2,1,1,0,0,1,3.567,phishing
https://secure-login-253.com/login?id=8436,12,6,0,1,2,1,3,0,0,1,4.508,phishing
https://amazon-support-541.com/account?id=4516,14,8,0,1,2,2,1,0,0,1,4.23,phishing
https://secure-login-312.org/account?id=1378,12,8,0,1,2,1,2,0,0,1,3.758,phishing
https://banking-update-737.org/reset?id=3855,14,6,0,1,2,1,2,0,0,1,3.983,phishing
https://paypal-secure-410.net/account?id=6970,13,8,0,1,2,3,3,0,0,1,4.099,phishing
https://amazon-support-507.org/verify?id=3615,14,7,0,1,2,1,2,0,0,1,4.157,phishing
https://netflix.com/support,7,8,0,1,1,0,0,0,0,0,3.075,legitimate
https://amazon-support-610.com/verify?id=6971,14,7,0,1,2,1,4,0,0,1,3.884,phishing
https://banking-update-527.net/verify?id=5785,14,7,0,1,2,3,3,0,0,1,4.069,phishing
https://microsoft.net/products,9,9,0,1,1,0,0,0,0,0,2.7,legitimate
https://github.net/products,6,9,0,1,1,0,0,0,0,0,2.867,legitimate
https://secure-login-951.org/verify?id=1856,12,7,0,1,2,2,4,0,0,1,4.159,phishing
https://microsoft.edu/about,9,6,0,1,1,0,0,0,0,0,2.08,legitimate
https://paypal-secure-240.info/reset?id=6429,13,6,0,1,2,2,4,0,0,1,3.204,phishing
https://microsoft.edu/products,9,9,0,1,1,0,0,0,0,0,3.149,legitimate
https://amazon-support-148.com/reset?id=5905,14,6,0,1,2,3,4,0,0,1,3.852,phishing
https://banking-update-821.net/reset?id=4007,14,6,0,1,2,3,3,0,0,1,3.251,phishing
https://banking-update-438.net/update?id=1000,14,7,0,1,2,3,2,0,0,1,3.244,phishing
https://office365-login-212.info/account?id=4021,15,8,0,1,2,1,1,0,0,1,3.479,phishing
https://github.edu/products,6,9,0,1,1,0,0,0,0,0,3.175,legitimate
https://bankofamerica.net/products,13,9,0,1,1,0,0,0,0,0,2.292,legitimate
https://example.edu/support,7,8,0,1,1,0,0,0,0,0,2.557,legitimate
https://banking-update-786.com/verify?id=2598,14,7,0,1,2,1,3,0,0,1,3.641,phishing
https://netflix.org/support,7,8,0,1,1,0,0,0,0,0,2.376,legitimate
https://bankofamerica.edu/support,13,8,0,1,1,0,0,0,0,0,3.036,legitimate
https://secure-login-704.com/update?id=6692,12,7,0,1,2,1,3,0,0,1,4.676,phishing
https://secure-login-236.info/account?id=8757,12,8,0,1,2,3,3,0,0,1,3.327,phishing
https://netflix.com/docs,7,5,0,1,1,0,0,0,0,0,2.658,legitimate
https://amazon-support-884.org/account?id=2036,14,8,0,1,2,1,1,0,0,1,3.659,phishing
https://office365-login-971.net/update?id=1417,15,7,0,1,2,3,1,0,0,1,4.687,phishing
https://paypal-secure-719.info/verify?id=7381,13,7,0,1,2,3,1,0,0,1,4.19,phishing
https://amazon-support-967.com/login?id=6933,14,6,0,1,2,3,4,0,0,1,3.787,phishing
https://amazon-support-714.info/verify?id=5465,14,7,0,1,2,1,1,0,0,1,3.226,phishing
https://paypal-secure-997.info/login?id=9416,13,6,0,1,2,1,4,0,0,1,3.713,phishing
https://banking-update-432.org/account?id=6389,14,8,0,1,2,1,3,0,0,1,3.697,phishing
https://paypal-secure-309.com/reset?id=8503,13,6,0,1,2,2,4,0,0,1,4.415,phishing
https://microsoft.net/docs,9,5,0,1,1,0,0,0,0,0,3.184,legitimate
https://paypal-secure-382.org/reset?id=2847,13,6,0,1,2,1,3,0,0,1,4.506,phishing
https://secure-login-309.info/reset?id=7223,12,6,0,1,2,3,3,0,0,1,4.765,phishing
https://netflix.edu/support,7,8,0,1,1,0,0,0,0,0,3.163,legitimate
https://paypal-secure-734.org/reset?id=3152,13,6,0,1,2,1,4,0,0,1,4.158,phishing
https://amazon-support-788.org/reset?id=5125,14,6,0,1,2,3,1,0,0,1,3.896,phishing
https://secure-login-534.net/update?id=3038,12,7,0,1,2,1,1,0,0,1,3.472,phishing
https://paypal-secure-738.net/login?id=5240,13,6,0,1,2,2,4,0,0,1,4.134,phishing
https://banking-update-715.net/verify?id=5282,14,7,0,1,2,1,3,0,0,1,4.684,phishing
https://office365-login-467.net/update?id=9387,15,7,0,1,2,3,3,0,0,1,4.148,phishing
https://secure-login-609.org/reset?id=1044,12,6,0,1,2,1,1,0,0,1,4.208,phishing
https://paypal-secure-339.com/account?id=8753,13,8,0,1,2,3,3,0,0,1,4.604,phishing
https://bankofamerica.org/docs,13,5,0,1,1,0,0,0,0,0,2.319,legitimate
https://paypal-secure-785.org/login?id=8623,13,6,0,1,2,1,2,0,0,1,3.983,phishing
https://secure-login-351.org/account?id=9354,12,8,0,1,2,2,1,0,0,1,4.547,phishing
https://bankofamerica.org/api/v1,13,7,0,1,1,0,0,0,0,0,2.884,legitimate
https://bankofamerica.org/docs,13,5,0,1,1,0,0,0,0,0,2.366,legitimate
https://office365-login-718.info/login?id=9041,15,6,0,1,2,3,1,0,0,1,3.865,phishing
https://amazon-support-922.org/login?id=1563,14,6,0,1,2,2,2,0,0,1,4.27,phishing
https://secure-login-820.com/login?id=4053,12,6,0,1,2,3,3,0,0,1,3.463,phishing
https://paypal-secure-823.org/login?id=3038,13,6,0,1,2,3,2,0,0,1,4.563,phishing
https://bankofamerica.net/products,13,9,0,1,1,0,0,0,0,0,2.811,legitimate
https://paypal-secure-959.net/login?id=6593,13,6,0,1,2,3,4,0,0,1,4.118,phishing
https://paypal-secure-328.org/account?id=5029,13,8,0,1,2,2,1,0,0,1,3.572,phishing
https://office365-login-743.com/login?id=6483,15,6,0,1,2,1,4,0,0,1,4.186,phishing
https://amazon-support-183.org/account?id=2514,14,8,0,1,2,2,4,0,0,1,3.214,phishing
https://office365-login-240.com/reset?id=2732,15,6,0,1,2,1,3,0,0,1,3.216,phishing
https://microsoft.net/about,9,6,0,1,1,0,0,0,0,0,2.863,legitimate
https://office365-login-948.org/account?id=3095,15,8,0,1,2,1,2,0,0,1,4.622,phishing
https://paypal-secure-377.com/account?id=5199,13,8,0,1,2,3,4,0,0,1,4.067,phishing
https://secure-login-704.info/login?id=3172,12,6,0,1,2,3,1,0,0,1,4.547,phishing
https://secure-login-378.info/verify?id=5554,12,7,0,1,2,3,4,0,0,1,3.425,phishing
https://office365-login-601.com/verify?id=5107,15,7,0,1,2,2,2,0,0,1,4.286,phishing
https://amazon-support-682.org/account?id=5212,14,8,0,1,2,3,1,0,0,1,4.706,phishing
https://github.com/about,6,6,0,1,1,0,0,0,0,0,2.361,legitimate
https://amazon-support-629.org/verify?id=2117,14,7,0,1,2,2,3,0,0,1,3.456,phishing
https://secure-login-488.org/verify?id=6210,12,7,0,1,2,1,2,0,0,1,4.632,phishing
https://paypal-secure-400.org/reset?id=3543,13,6,0,1,2,1,2,0,0,1,4.703,phishing
https://banking-update-366.org/verify?id=9633,14,7,0,1,2,1,2,0,0,1,3.98,phishing
https://office365-login-470.org/login?id=5118,15,6,0,1,2,1,2,0,0,1,3.612,phishing
https://amazon-support-972.com/account?id=9635,14,8,0,1,2,3,2,0,0,1,3.64,phishing
https://amazon-support-284.org/account?id=4761,14,8,0,1,2,2,2,0,0,1,3.27,phishing
https://paypal-secure-321.org/verify?id=8823,13,7,0,1,2,1,1,0,0,1,4.569,phishing
https://office365-login-314.org/update?id=4704,15,7,0,1,2,2,2,0,0,1,3.355,phishing
https://amazon-support-474.net/update?id=6838,14,7,0,1,2,3,2,0,0,1,4.751,phishing
https://bankofamerica.com/support,13,8,0,1,1,0,0,0,0,0,2.724,legitimate
https://github.com/docs,6,5,0,1,1,0,0,0,0,0,2.668,legitimate
https://secure-login-225.com/reset?id=2633,12,6,0,1,2,3,3,0,0,1,3.49,phishing
https://secure-login-238.net/verify?id=1033,12,7,0,1,2,2,3,0,0,1,3.504,phishing
https://secure-login-292.info/verify?id=6057,12,7,0,1,2,1,2,0,0,1,3.654,phishing
https://paypal-secure-740.org/account?id=1206,13,8,0,1,2,2,1,0,0,1,4.526,phishing
https://bankofamerica.org/about,13,6,0,1,1,0,0,0,0,0,2.178,legitimate
https://example.com/support,7,8,0,1,1,0,0,0,0,0,2.774,legitimate
https://banking-update-485.net/login?id=4157,14,6,0,1,2,1,2,0,0,1,3.669,phishing
https://secure-login-413.org/account?id=5169,12,8,0,1,2,2,2,0,0,1,4.542,phishing
https://microsoft.com/api/v1,9,7,0,1,1,0,0,0,0,0,2.1,legitimate
https://github.net/support,6,8,0,1,1,0,0,0,0,0,2.973,legitimate
https://microsoft.com/docs,9,5,0,1,1,0,0,0,0,0,2.176,legitimate
https://netflix.org/products,7,9,0,1,1,0,0,0,0,0,2.918,legitimate
https://github.edu/api/v1,6,7,0,1,1,0,0,0,0,0,3.199,legitimate
https://secure-login-246.com/verify?id=9854,12,7,0,1,2,1,1,0,0,1,3.344,phishing
https://microsoft.net/support,9,8,0,1,1,0,0,0,0,0,2.692,legitimate
https://banking-update-209.info/login?id=9763,14,6,0,1,2,1,1,0,0,1,3.796,phishing
https://paypal-secure-548.net/update?id=7387,13,7,0,1,2,1,1,0,0,1,4.265,phishing
https://paypal-secure-447.org/account?id=8722,13,8,0,1,2,2,1,0,0,1,3.239,phishing
https://office365-login-868.org/update?id=9805,15,7,0,1,2,2,4,0,0,1,4.578,phishing
https://banking-update-376.net/reset?id=8389,14,6,0,1,2,3,1,0,0,1,4.392,phishing
https://amazon-support-332.com/update?id=1777,14,7,0,1,2,1,1,0,0,1,3.478,phishing
https://netflix.org/api/v1,7,7,0,1,1,0,0,0,0,0,2.488,legitimate
https://microsoft.org/about,9,6,0,1,1,0,0,0,0,0,2.99,legitimate
https://secure-login-872.com/account?id=2416,12,8,0,1,2,1,2,0,0,1,3.809,phishing
https://paypal-secure-492.info/login?id=8444,13,6,0,1,2,3,3,0,0,1,4.091,phishing
https://github.org/api/v1,6,7,0,1,1,0,0,0,0,0,2.691,legitimate
https://banking-update-606.info/verify?id=7161,14,7,0,1,2,1,1,0,0,1,3.892,phishing
https://amazon-support-962.info/reset?id=1877,14,6,0,1,2,1,4,0,0,1,3.741,phishing
https://amazon-support-551.net/account?id=3608,14,8,0,1,2,2,4,0,0,1,3.879,phishing
https://bankofamerica.org/products,13,9,0,1,1,0,0,0,0,0,3.094,legitimate
https://paypal-secure-759.org/verify?id=8212,13,7,0,1,2,3,1,0,0,1,3.644,phishing
https://amazon-support-401.net/account?id=3796,14,8,0,1,2,3,1,0,0,1,3.776,phishing
https://github.org/about,6,6,0,1,1,0,0,0,0,0,2.347,legitimate
https://paypal-secure-334.org/verify?id=8901,13,7,0,1,2,1,4,0,0,1,3.264,phishing
https://amazon-support-170.org/account?id=2778,14,8,0,1,2,2,1,0,0,1,3.397,phishing
https://amazon-support-717.net/reset?id=7070,14,6,0,1,2,1,1,0,0,1,3.353,phishing
https://github.edu/api/v1,6,7,0,1,1,0,0,0,0,0,2.306,legitimate
https://paypal-secure-960.info/account?id=8623,13,8,0,1,2,3,1,0,0,1,4.326,phishing
https://secure-login-923.com/reset?id=9384,12,6,0,1,2,1,3,0,0,1,4.044,phishing
https://github.org/products,6,9,0,1,1,0,0,0,0,0,2.313,legitimate
https://secure-login-883.org/verify?id=8355,12,7,0,1,2,3,4,0,0,1,3.616,phishing
https://amazon-support-763.net/reset?id=1947,14,6,0,1,2,3,3,0,0,1,3.541,phishing
https://banking-update-627.info/update?id=5191,14,7,0,1,2,3,4,0,0,1,4.618,phishing
https://paypal-secure-982.org/reset?id=8063,13,6,0,1,2,2,2,0,0,1,4.421,phishing
https://secure-login-642.com/verify?id=1093,12,7,0,1,2,3,4,0,0,1,4.741,phishing
https://secure-login-210.info/verify?id=2761,12,7,0,1,2,3,2,0,0,1,4.287,phishing
https://github.net/products,6,9,0,1,1,0,0,0,0,0,2.085,legitimate
https://netflix.org/products,7,9,0,1,1,0,0,0,0,0,2.403,legitimate
https://paypal-secure-841.com/login?id=3406,13,6,0,1,2,3,3,0,0,1,4.59,phishing
https://office365-login-920.info/login?id=8960,15,6,0,1,2,2,4,0,0,1,3.289,phishing
https://office365-login-835.com/reset?id=5025,15,6,0,1,2,2,1,0,0,1,3.554,phishing
https://paypal-secure-926.info/verify?id=7674,13,7,0,1,2,2,1,0,0,1,4.195,phishing
https://secure-login-773.info/login?id=1939,12,6,0,1,2,1,4,0,0,1,3.989,phishing
https://paypal-secure-899.org/reset?id=4639,13,6,0,1,2,1,3,0,0,1,3.264,phishing
https://microsoft.com/api/v1,9,7,0,1,1,0,0,0,0,0,3.062,legitimate
https://microsoft.com/support,9,8,0,1,1,0,0,0,0,0,2.552,legitimate
https://banking-update-158.org/reset?id=8622,14,6,0,1,2,2,2,0,0,1,3.961,phishing
https://example.net/support,7,8,0,1,1,0,0,0,0,0,2.954,legitimate
https://secure-login-416.net/update?id=7779,12,7,0,1,2,1,1,0,0,1,3.269,phishing
https://netflix.net/products,7,9,0,1,1,0,0,0,0,0,2.35,legitimate
https://banking-update-625.com/login?id=4529,14,6,0,1,2,1,3,0,0,1,4.208,phishing
https://banking-update-657.org/login?id=1142,14,6,0,1,2,2,1,0,0,1,3.205,phishing
https://bankofamerica.net/docs,13,5,0,1,1,0,0,0,0,0,2.008,legitimate
https://paypal-secure-253.com/login?id=3301,13,6,0,1,2,1,1,0,0,1,3.471,phishing
https://office365-login-198.com/verify?id=1585,15,7,0,1,2,1,1,0,0,1,4.418,phishing
https://example.net/support,7,8,0,1,1,0,0,0,0,0,2.235,legitimate
https://secure-login-901.com/login?id=7259,12,6,0,1,2,2,4,0,0,1,4.186,phishing
https://example.com/docs,7,5,0,1,1,0,0,0,0,0,2.338,legitimate
https://paypal-secure-956.org/account?id=3940,13,8,0,1,2,3,2,0,0,1,4.39,phishing
https://secure-login-891.org/verify?id=3213,12,7,0,1,2,3,3,0,0,1,4.011,phishing
https://banking-update-211.org/account?id=2030,14,8,0,1,2,2,1,0,0,1,4.588,phishing
https://amazon-support-905.info/verify?id=7397,14,7,0,1,2,2,3,0,0,1,3.258,phishing
https://amazon-support-964.net/login?id=9491,14,6,0,1,2,3,2,0,0,1,4.665,phishing
https://github.com/about,6,6,0,1,1,0,0,0,0,0,2.834,legitimate
https://netflix.edu/docs,7,5,0,1,1,0,0,0,0,0,3.179,legitimate
https://office365-login-528.info/account?id=4526,15,8,0,1,2,1,3,0,0,1,3.487,phishing
https://banking-update-615.info/verify?id=8252,14,7,0,1,2,2,1,0,0,1,4.55,phishing
https://bankofamerica.com/api/v1,13,7,0,1,1,0,0,0,0,0,2.02,legitimate
https://office365-login-340.net/login?id=2734,15,6,0,1,2,3,4,0,0,1,3.919,phishing
https://microsoft.edu/about,9,6,0,1,1,0,0,0,0,0,2.622,legitimate
https://secure-login-111.org/reset?id=9175,12,6,0,1,2,1,1,0,0,1,3.27,phishing
https://github.net/api/v1,6,7,0,1,1,0,0,0,0,0,2.038,legitimate
https://banking-update-987.org/update?id=8358,14,7,0,1,2,2,2,0,0,1,4.108,phishing
https://office365-login-964.org/verify?id=2148,15,7,0,1,2,3,1,0,0,1,3.611,phishing
https://example.net/about,7,6,0,1,1,0,0,0,0,0,2.986,legitimate
https://amazon-support-969.info/reset?id=5336,14,6,0,1,2,3,3,0,0,1,4.655,phishing
https://banking-update-804.com/account?id=8376,14,8,0,1,2,1,3,0,0,1,3.516,phishing
https://secure-login-633.net/account?id=8606,12,8,0,1,2,1,2,0,0,1,4.7,phishing
https://microsoft.net/products,9,9,0,1,1,0,0,0,0,0,3.153,legitimate
https://secure-login-611.info/account?id=5999,12,8,0,1,2,3,3,0,0,1,4.769,phishing
https://amazon-support-293.info/login?id=1492,14,6,0,1,2,3,1,0,0,1,3.449,phishing
https://amazon-support-525.net/update?id=6347,14,7,0,1,2,3,3,0,0,1,3.775,phishing
https://netflix.org/api/v1,7,7,0,1,1,0,0,0,0,0,2.164,legitimate
https://amazon-support-457.net/account?id=7350,14,8,0,1,2,2,2,0,0,1,4.777,phishing
https://netflix.net/about,7,6,0,1,1,0,0,0,0,0,2.924,legitimate
https://amazon-support-906.net/login?id=4622,14,6,0,1,2,3,1,0,0,1,3.381,phishing
https://banking-update-911.org/login?id=2277,14,6,0,1,2,2,4,0,0,1,3.971,phishing
https://amazon-support-180.com/login?id=6834,14,6,0,1,2,3,1,0,0,1,4.219,phishing
https://bankofamerica.com/about,13,6,0,1,1,0,0,0,0,0,2.292,legitimate
https://secure-login-466.com/login?id=9935,12,6,0,1,2,2,4,0,0,1,3.741,phishing
https://paypal-secure-714.org/account?id=8348,13,8,0,1,2,3,3,0,0,1,3.236,phishing
https://netflix.org/docs,7,5,0,1,1,0,0,0,0,0,3.046,legitimate
https://paypal-secure-131.com/login?id=5338,13,6,0,1,2,2,2,0,0,1,3.224,phishing
https://banking-update-868.net/account?id=1231,14,8,0,1,2,3,4,0,0,1,3.737,phishing
https://office365-login-743.org/update?id=4091,15,7,0,1,2,3,1,0,0,1,4.535,phishing
https://banking-update-992.net/account?id=7448,14,8,0,1,2,2,4,0,0,1,4.379,phishing
https://paypal-secure-352.com/verify?id=2296,13,7,0,1,2,3,1,0,0,1,3.934,phishing
https://secure-login-382.org/login?id=2782,12,6,0,1,2,2,2,0,0,1,3.891,phishing
https://bankofamerica.org/docs,13,5,0,1,1,0,0,0,0,0,2.953,legitimate
https://amazon-support-388.org/login?id=4256,14,6,0,1,2,3,2,0,0,1,4.534,phishing
https://example.net/products,7,9,0,1,1,0,0,0,0,0,2.361,legitimate
https://netflix.edu/about,7,6,0,1,1,0,0,0,0,0,3.046,legitimate
https://amazon-support-352.org/verify?id=5797,14,7,0,1,2,2,3,0,0,1,3.414,phishing
https://secure-login-767.org/account?id=6000,12,8,0,1,2,2,4,0,0,1,4.66,phishing
https://secure-login-916.net/account?id=5714,12,8,0,1,2,2,3,0,0,1,4.307,phishing
https://amazon-support-121.net/login?id=1154,14,6,0,1,2,1,3,0,0,1,4.218,phishing
https://paypal-secure-556.com/update?id=9630,13,7,0,1,2,2,3,0,0,1,3.795,phishing
https://paypal-secure-820.info/update?id=9952,13,7,0,1,2,2,4,0,0,1,4.694,phishing
https://microsoft.org/api/v1,9,7,0,1,1,0,0,0,0,0,2.284,legitimate
https://office365-login-863.com/login?id=3094,15,6,0,1,2,3,3,0,0,1,4.381,phishing
https://netflix.edu/api/v1,7,7,0,1,1,0,0,0,0,0,3.04,legitimate
https://office365-login-784.org/update?id=4574,15,7,0,1,2,1,2,0,0,1,4.507,phishing
https://amazon-support-225.org/login?id=4618,14,6,0,1,2,1,1,0,0,1,3.3,phishing
https://banking-update-473.net/account?id=4213,14,8,0,1,2,2,2,0,0,1,4.627,phishing
https://bankofamerica.com/about,13,6,0,1,1,0,0,0,0,0,2.104,legitimate
https://amazon-support-666.info/account?id=9117,14,8,0,1,2,3,4,0,0,1,3.312,phishing
https://bankofamerica.edu/support,13,8,0,1,1,0,0,0,0,0,2.259,legitimate
https://netflix.com/docs,7,5,0,1,1,0,0,0,0,0,3.097,legitimate
https://github.org/about,6,6,0,1,1,0,0,0,0,0,2.52,legitimate
https://microsoft.org/support,9,8,0,1,1,0,0,0,0,0,2.509,legitimate
https://office365-login-184.com/update?id=3526,15,7,0,1,2,1,2,0,0,1,4.693,phishing
https://secure-login-400.org/reset?id=3509,12,6,0,1,2,3,4,0,0,1,3.97,phishing
https://office365-login-909.org/update?id=3240,15,7,0,1,2,1,4,0,0,1,4.578,phishing
https://github.com/products,6,9,0,1,1,0,0,0,0,0,2.451,legitimate
https://office365-login-630.info/update?id=6400,15,7,0,1,2,3,3,0,0,1,3.666,phishing
https://secure-login-201.net/account?id=2372,12,8,0,1,2,1,3,0,0,1,3.81,phishing
https://secure-login-129.info/verify?id=3787,12,7,0,1,2,2,2,0,0,1,3.359,phishing
https://paypal-secure-355.net/update?id=3781,13,7,0,1,2,1,3,0,0,1,4.384,phishing
https://office365-login-774.net/reset?id=2457,15,6,0,1,2,2,3,0,0,1,3.838,phishing
https://paypal-secure-918.org/account?id=9446,13,8,0,1,2,2,1,0,0,1,4.237,phishing
https://amazon-support-415.info/verify?id=4257,14,7,0,1,2,1,1,0,0,1,3.943,phishing
https://amazon-support-580.org/update?id=5767,14,7,0,1,2,1,3,0,0,1,4.638,phishing
https://github.com/support,6,8,0,1,1,0,0,0,0,0,2.252,legitimate
https://office365-login-327.net/verify?id=4968,15,7,0,1,2,3,4,0,0,1,3.515,phishing
https://amazon-support-933.org/reset?id=7221,14,6,0,1,2,2,1,0,0,1,3.925,phishing
https://amazon-support-836.com/update?id=7255,14,7,0,1,2,2,4,0,0,1,3.271,phishing
https://amazon-support-469.com/reset?id=3424,14,6,0,1,2,2,1,0,0,1,4.718,phishing
https://secure-login-454.org/verify?id=4427,12,7,0,1,2,1,4,0,0,1,4.421,phishing
https://amazon-support-165.com/verify?id=3959,14,7,0,1,2,3,3,0,0,1,3.222,phishing
https://github.org/support,6,8,0,1,1,0,0,0,0,0,2.523,legitimate
https://office365-login-906.info/reset?id=7353,15,6,0,1,2,1,1,0,0,1,3.209,phishing
https://office365-login-599.com/reset?id=2731,15,6,0,1,2,2,2,0,0,1,4.05,phishing
https://secure-login-746.net/reset?id=3377,12,6,0,1,2,2,1,0,0,1,4.106,phishing
https://secure-login-961.net/reset?id=2733,12,6,0,1,2,3,4,0,0,1,4.6,phishing
https://banking-update-199.info/login?id=9597,14,6,0,1,2,1,4,0,0,1,4.379,phishing
https://paypal-secure-132.com/reset?id=9518,13,6,0,1,2,2,4,0,0,1,4.294,phishing
https://office365-login-234.net/update?id=6016,15,7,0,1,2,3,1,0,0,1,3.734,phishing
https://secure-login-622.net/account?id=2758,12,8,0,1,2,2,4,0,0,1,3.739,phishing
https://microsoft.net/api/v1,9,7,0,1,1,0,0,0,0,0,2.093,legitimate
https://secure-login-683.org/verify?id=5030,12,7,0,1,2,1,2,0,0,1,3.722,phishing
https://microsoft.net/api/v1,9,7,0,1,1,0,0,0,0,0,2.94,legitimate
https://secure-login-533.net/update?id=7060,12,7,0,1,2,1,1,0,0,1,4.578,phishing
https://github.net/products,6,9,0,1,1,0,0,0,0,0,2.751,legitimate
https://banking-update-212.net/reset?id=8467,14,6,0,1,2,1,4,0,0,1,3.353,phishing
https://secure-login-276.net/update?id=9765,12,7,0,1,2,1,2,0,0,1,3.66,phishing
https://amazon-support-306.com/account?id=5640,14,8,0,1,2,2,1,0,0,1,4.342,phishing
https://secure-login-551.org/reset?id=6337,12,6,0,1,2,2,3,0,0,1,4.233,phishing
https://amazon-support-651.info/verify?id=3333,14,7,0,1,2,1,4,0,0,1,3.548,phishing
https://bankofamerica.com/api/v1,13,7,0,1,1,0,0,0,0,0,3.073,legitimate
https://netflix.net/products,7,9,0,1,1,0,0,0,0,0,2.335,legitimate
https://amazon-support-887.com/account?id=2066,14,8,0,1,2,2,1,0,0,1,3.533,phishing
https://microsoft.edu/docs,9,5,0,1,1,0,0,0,0,0,2.655,legitimate
https://amazon-support-676.org/reset?id=8025,14,6,0,1,2,3,2,0,0,1,4.073,phishing
https://github.net/products,6,9,0,1,1,0,0,0,0,0,2.094,legitimate
https://office365-login-756.info/account?id=9497,15,8,0,1,2,3,2,0,0,1,3.622,phishing
https://example.net/about,7,6,0,1,1,0,0,0,0,0,2.932,legitimate
https://bankofamerica.net/products,13,9,0,1,1,0,0,0,0,0,3.007,legitimate
https://office365-login-937.com/update?id=9172,15,7,0,1,2,3,1,0,0,1,4.587,phishing
https://bankofamerica.org/products,13,9,0,1,1,0,0,0,0,0,2.529,legitimate
https://banking-update-967.info/verify?id=2555,14,7,0,1,2,1,3,0,0,1,3.525,phishing
https://paypal-secure-290.com/reset?id=1900,13,6,0,1,2,1,2,0,0,1,4.274,phishing
https://example.org/about,7,6,0,1,1,0,0,0,0,0,2.884,legitimate
https://banking-update-302.com/update?id=3215,14,7,0,1,2,1,2,0,0,1,3.328,phishing
https://banking-update-546.org/verify?id=6892,14,7,0,1,2,1,3,0,0,1,3.96,phishing
https://microsoft.net/support,9,8,0,1,1,0,0,0,0,0,2.659,legitimate
https://github.net/support,6,8,0,1,1,0,0,0,0,0,2.879,legitimate
https://secure-login-201.org/login?id=5788,12,6,0,1,2,3,1,0,0,1,3.933,phishing
https://github.net/docs,6,5,0,1,1,0,0,0,0,0,2.777,legitimate
https://banking-update-753.net/account?id=6805,14,8,0,1,2,1,1,0,0,1,4.062,phishing
https://office365-login-786.net/update?id=9466,15,7,0,1,2,2,4,0,0,1,4.032,phishing
https://secure-login-118.info/account?id=1342,12,8,0,1,2,1,2,0,0,1,4.707,phishing
https://github.com/api/v1,6,7,0,1,1,0,0,0,0,0,3.195,legitimate
https://bankofamerica.edu/docs,13,5,0,1,1,0,0,0,0,0,2.116,legitimate
https://example.net/products,7,9,0,1,1,0,0,0,0,0,2.449,legitimate
https://office365-login-282.net/verify?id=5624,15,7,0,1,2,3,3,0,0,1,3.962,phishing
https://secure-login-131.org/login?id=9846,12,6,0,1,2,2,2,0,0,1,4.408,phishing
https://paypal-secure-310.info/verify?id=9544,13,7,0,1,2,2,4,0,0,1,3.837,phishing
https://secure-login-602.org/update?id=7172,12,7,0,1,2,1,1,0,0,1,4.72,phishing
https://bankofamerica.edu/about,13,6,0,1,1,0,0,0,0,0,2.757,legitimate
https://paypal-secure-971.info/account?id=2974,13,8,0,1,2,2,2,0,0,1,4.695,phishing
https://bankofamerica.edu/support,13,8,0,1,1,0,0,0,0,0,2.988,legitimate
https://secure-login-167.info/account?id=3920,12,8,0,1,2,1,1,0,0,1,4.032,phishing
https://paypal-secure-897.info/login?id=1483,13,6,0,1,2,1,3,0,0,1,3.366,phishing
https://paypal-secure-833.net/update?id=5121,13,7,0,1,2,1,2,0,0,1,4.477,phishing
https://bankofamerica.com/api/v1,13,7,0,1,1,0,0,0,0,0,2.359,legitimate
https://amazon-support-741.com/verify?id=8206,14,7,0,1,2,1,4,0,0,1,4.594,phishing
https://paypal-secure-720.org/update?id=5822,13,7,0,1,2,3,2,0,0,1,4.739,phishing
https://office365-login-935.com/login?id=2697,15,6,0,1,2,2,2,0,0,1,3.993,phishing
https://office365-login-188.com/verify?id=8866,15,7,0,1,2,2,1,0,0,1,4.371,phishing
https://secure-login-182.org/account?id=4684,12,8,0,1,2,1,3,0,0,1,4.3,phishing
https://amazon-support-737.org/login?id=7877,14,6,0,1,2,3,3,0,0,1,3.347,phishing
https://office365-login-382.org/login?id=6749,15,6,0,1,2,2,1,0,0,1,4.783,phishing
https://secure-login-546.org/reset?id=3669,12,6,0,1,2,1,4,0,0,1,4.018,phishing
https://banking-update-792.org/login?id=8587,14,6,0,1,2,1,2,0,0,1,3.305,phishing
https://office365-login-488.com/update?id=8836,15,7,0,1,2,1,4,0,0,1,4.219,phishing
https://office365-login-982.org/reset?id=7945,15,6,0,1,2,1,3,0,0,1,3.69,phishing
https://secure-login-100.info/account?id=1174,12,8,0,1,2,1,4,0,0,1,4.001,phishing
https://microsoft.edu/products,9,9,0,1,1,0,0,0,0,0,3.078,legitimate
https://secure-login-189.info/reset?id=9855,12,6,0,1,2,2,3,0,0,1,4.162,phishing
https://amazon-support-107.net/account?id=4432,14,8,0,1,2,3,2,0,0,1,3.467,phishing
https://banking-update-763.org/login?id=4391,14,6,0,1,2,2,3,0,0,1,3.795,phishing
https://microsoft.edu/about,9,6,0,1,1,0,0,0,0,0,2.393,legitimate
https://microsoft.edu/api/v1,9,7,0,1,1,0,0,0,0,0,2.005,legitimate
https://banking-update-118.info/account?id=9278,14,8,0,1,2,1,2,0,0,1,3.406,phishing
https://banking-update-364.info/login?id=2245,14,6,0,1,2,1,2,0,0,1,3.875,phishing
https://office365-login-685.info/login?id=5607,15,6,0,1,2,2,3,0,0,1,4.748,phishing
https://banking-update-393.net/login?id=3468,14,6,0,1,2,3,4,0,0,1,3.875,phishing
https://amazon-support-538.org/update?id=1039,14,7,0,1,2,1,2,0,0,1,4.489,phishing
https://example.net/docs,7,5,0,1,1,0,0,0,0,0,2.073,legitimate
https://amazon-support-215.org/verify?id=8533,14,7,0,1,2,3,2,0,0,1,4.157,phishing
https://netflix.net/support,7,8,0,1,1,0,0,0,0,0,2.294,legitimate
https://bankofamerica.org/api/v1,13,7,0,1,1,0,0,0,0,0,2.607,legitimate
https://netflix.net/products,7,9,0,1,1,0,0,0,0,0,2.665,legitimate
https://banking-update-625.net/verify?id=3011,14,7,0,1,2,2,2,0,0,1,4.092,phishing
https://netflix.com/products,7,9,0,1,1,0,0,0,0,0,2.418,legitimate
https://bankofamerica.edu/docs,13,5,0,1,1,0,0,0,0,0,2.589,legitimate
https://netflix.org/products,7,9,0,1,1,0,0,0,0,0,2.652,legitimate
https://amazon-support-693.net/login?id=9565,14,6,0,1,2,1,4,0,0,1,4.707,phishing
https://secure-login-782.org/login?id=4227,12,6,0,1,2,1,3,0,0,1,3.482,phishing
https://netflix.edu/docs,7,5,0,1,1,0,0,0,0,0,2.649,legitimate
https://office365-login-289.org/update?id=9758,15,7,0,1,2,1,1,0,0,1,3.919,phishing
https://banking-update-786.org/update?id=4750,14,7,0,1,2,3,4,0,0,1,3.32,phishing
https://netflix.com/about,7,6,0,1,1,0,0,0,0,0,2.782,legitimate
https://banking-update-133.net/account?id=6923,14,8,0,1,2,1,4,0,0,1,3.649,phishing
https://office365-login-497.info/account?id=2922,15,8,0,1,2,1,2,0,0,1,3.587,phishing
https://secure-login-292.org/update?id=7382,12,7,0,1,2,2,1,0,0,1,4.045,phishing
https://secure-login-649.com/reset?id=7698,12,6,0,1,2,2,1,0,0,1,3.538,phishing
https://paypal-secure-473.org/account?id=8742,13,8,0,1,2,1,3,0,0,1,3.947,phishing
https://netflix.edu/products,7,9,0,1,1,0,0,0,0,0,2.919,legitimate
https://netflix.edu/docs,7,5,0,1,1,0,0,0,0,0,2.013,legitimate
https://amazon-support-763.net/reset?id=6814,14,6,0,1,2,3,1,0,0,1,3.243,phishing
https://secure-login-803.org/update?id=3638,12,7,0,1,2,3,3,0,0,1,4.232,phishing
https://github.com/about,6,6,0,1,1,0,0,0,0,0,2.078,legitimate
https://paypal-secure-873.info/reset?id=8654,13,6,0,1,2,3,2,0,0,1,3.752,phishing
https://amazon-support-956.info/account?id=5703,14,8,0,1,2,2,2,0,0,1,4.786,phishing
https://netflix.net/docs,7,5,0,1,1,0,0,0,0,0,2.859,legitimate
https://secure-login-245.org/update?id=3449,12,7,0,1,2,1,2,0,0,1,4.316,phishing
https://banking-update-347.com/verify?id=4882,14,7,0,1,2,1,1,0,0,1,3.436,phishing
https://banking-update-976.info/login?id=8802,14,6,0,1,2,2,4,0,0,1,4.422,phishing
https://secure-login-808.net/reset?id=1634,12,6,0,1,2,2,1,0,0,1,3.603,phishing
https://secure-login-793.org/reset?id=1160,12,6,0,1,2,1,4,0,0,1,4.025,phishing
https://bankofamerica.com/products,13,9,0,1,1,0,0,0,0,0,2.41,legitimate
https://paypal-secure-979.org/reset?id=2325,13,6,0,1,2,2,3,0,0,1,4.048,phishing
https://netflix.org/support,7,8,0,1,1,0,0,0,0,0,3.072,legitimate
https://office365-login-426.info/verify?id=6831,15,7,0,1,2,2,3,0,0,1,3.492,phishing
https://paypal-secure-729.info/reset?id=6064,13,6,0,1,2,2,1,0,0,1,3.503,phishing
https://netflix.edu/docs,7,5,0,1,1,0,0,0,0,0,3.092,legitimate
https://secure-login-153.net/account?id=4907,12,8,0,1,2,3,1,0,0,1,3.707,phishing
https://secure-login-113.com/update?id=6721,12,7,0,1,2,3,4,0,0,1,4.156,phishing
https://example.net/api/v1,7,7,0,1,1,0,0,0,0,0,2.493,legitimate
https://paypal-secure-972.net/reset?id=8941,13,6,0,1,2,2,1,0,0,1,4.328,phishing
https://paypal-secure-947.com/update?id=4125,13,7,0,1,2,1,4,0,0,1,4.125,phishing
https://secure-login-382.net/login?id=6144,12,6,0,1,2,1,4,0,0,1,4.623,phishing
https://netflix.net/api/v1,7,7,0,1,1,0,0,0,0,0,2.606,legitimate
https://bankofamerica.com/api/v1,13,7,0,1,1,0,0,0,0,0,2.663,legitimate
https://office365-login-467.com/reset?id=1775,15,6,0,1,2,2,4,0,0,1,4.583,phishing
https://office365-login-198.com/reset?id=3453,15,6,0,1,2,3,4,0,0,1,3.285,phishing
https://netflix.edu/support,7,8,0,1,1,0,0,0,0,0,2.681,legitimate
https://secure-login-378.com/reset?id=5462,12,6,0,1,2,1,2,0,0,1,4.07,phishing
https://microsoft.edu/about,9,6,0,1,1,0,0,0,0,0,2.551,legitimate
https://office365-login-803.org/login?id=7107,15,6,0,1,2,2,4,0,0,1,3.69,phishing
https://amazon-support-256.org/update?id=4687,14,7,0,1,2,1,1,0,0,1,4.534,phishing
https://paypal-secure-741.info/verify?id=7411,13,7,0,1,2,1,3,0,0,1,3.217,phishing
https://office365-login-527.info/login?id=7467,15,6,0,1,2,3,3,0,0,1,4.576,phishing
https://paypal-secure-457.info/login?id=1341,13,6,0,1,2,3,3,0,0,1,4.23,phishing
https://banking-update-650.info/update?id=4485,14,7,0,1,2,2,2,0,0,1,4.134,phishing
https://github.net/about,6,6,0,1,1,0,0,0,0,0,2.271,legitimate
https://secure-login-433.com/account?id=3497,12,8,0,1,2,1,4,0,0,1,4.493,phishing
https://paypal-secure-566.com/account?id=7923,13,8,0,1,2,2,4,0,0,1,3.314,phishing
https://github.org/about,6,6,0,1,1,0,0,0,0,0,2.811,legitimate
https://paypal-secure-932.com/login?id=1805,13,6,0,1,2,1,4,0,0,1,4.237,phishing
https://bankofamerica.org/products,13,9,0,1,1,0,0,0,0,0,2.54,legitimate
https://netflix.com/api/v1,7,7,0,1,1,0,0,0,0,0,3.138,legitimate
https://example.org/docs,7,5,0,1,1,0,0,0,0,0,3.196,legitimate
https://office365-login-646.net/update?id=1214,15,7,0,1,2,1,3,0,0,1,3.817,phishing
https://bankofamerica.net/about,13,6,0,1,1,0,0,0,0,0,2.76,legitimate
https://microsoft.edu/products,9,9,0,1,1,0,0,0,0,0,3.157,legitimate
https://microsoft.net/support,9,8,0,1,1,0,0,0,0,0,2.041,legitimate
https://amazon-support-150.com/login?id=6903,14,6,0,1,2,3,3,0,0,1,4.673,phishing
https://office365-login-580.com/verify?id=7102,15,7,0,1,2,1,1,0,0,1,4.565,phishing
https://secure-login-653.info/update?id=2745,12,7,0,1,2,3,1,0,0,1,4.738,phishing
https://amazon-support-643.com/verify?id=9513,14,7,0,1,2,1,3,0,0,1,4.272,phishing
https://example.edu/about,7,6,0,1,1,0,0,0,0,0,2.513,legitimate
https://secure-login-213.info/verify?id=8440,12,7,0,1,2,1,1,0,0,1,3.206,phishing
https://github.net/api/v1,6,7,0,1,1,0,0,0,0,0,3.093,legitimate
https://secure-login-977.info/verify?id=6139,12,7,0,1,2,3,3,0,0,1,3.576,phishing
https://microsoft.org/products,9,9,0,1,1,0,0,0,0,0,3.117,legitimate
https://banking-update-735.info/reset?id=6770,14,6,0,1,2,3,1,0,0,1,3.47,phishing
https://amazon-support-921.net/account?id=2675,14,8,0,1,2,2,2,0,0,1,3.495,phishing
https://amazon-support-761.info/reset?id=2764,14,6,0,1,2,3,4,0,0,1,3.355,phishing
https://office365-login-323.net/update?id=6491,15,7,0,1,2,3,1,0,0,1,4.255,phishing
https://bankofamerica.com/about,13,6,0,1,1,0,0,0,0,0,2.098,legitimate
https://office365-login-216.info/update?id=2790,15,7,0,1,2,2,1,0,0,1,3.462,phishing
https://banking-update-414.net/verify?id=8475,14,7,0,1,2,3,2,0,0,1,3.913,phishing
https://bankofamerica.com/products,13,9,0,1,1,0,0,0,0,0,2.916,legitimate
https://banking-update-454.net/account?id=9556,14,8,0,1,2,3,3,0,0,1,4.266,phishing
https://amazon-support-320.net/login?id=6146,14,6,0,1,2,3,4,0,0,1,3.687,phishing
https://amazon-support-128.org/verify?id=8399,14,7,0,1,2,1,4,0,0,1,3.442,phishing
https://paypal-secure-517.org/verify?id=6595,13,7,0,1,2,2,4,0,0,1,4.144,phishing
https://example.net/docs,7,5,0,1,1,0,0,0,0,0,2.608,legitimate
https://amazon-support-436.info/account?id=3036,14,8,0,1,2,1,1,0,0,1,4.156,phishing
https://amazon-support-778.com/reset?id=3065,14,6,0,1,2,2,1,0,0,1,3.791,phishing
https://banking-update-660.net/verify?id=5114,14,7,0,1,2,1,1,0,0,1,4.74,phishing
https://example.net/docs,7,5,0,1,1,0,0,0,0,0,3.069,legitimate
https://banking-update-220.info/reset?id=5985,14,6,0,1,2,2,3,0,0,1,3.54,phishing
https://amazon-support-198.net/login?id=6888,14,6,0,1,2,2,1,0,0,1,3.642,phishing
https://example.net/about,7,6,0,1,1,0,0,0,0,0,3.192,legitimate
https://banking-update-586.net/account?id=7970,14,8,0,1,2,3,3,0,0,1,3.212,phishing
https://office365-login-744.info/login?id=9051,15,6,0,1,2,3,1,0,0,1,3.225,phishing
https://paypal-secure-757.info/update?id=2673,13,7,0,1,2,3,3,0,0,1,4.646,phishing
https://secure-login-386.info/login?id=6884,12,6,0,1,2,2,2,0,0,1,4.068,phishing
https://microsoft.com/products,9,9,0,1,1,0,0,0,0,0,2.21,legitimate
https://paypal-secure-363.com/reset?id=4952,13,6,0,1,2,3,1,0,0,1,3.812,phishing
https://secure-login-830.net/update?id=3783,12,7,0,1,2,1,1,0,0,1,4.517,phishing
https://banking-update-840.com/verify?id=7310,14,7,0,1,2,2,3,0,0,1,3.745,phishing
https://paypal-secure-367.org/login?id=6859,13,6,0,1,2,3,1,0,0,1,4.279,phishing
https://secure-login-590.com/reset?id=4780,12,6,0,1,2,1,1,0,0,1,3.246,phishing
https://banking-update-927.net/account?id=8487,14,8,0,1,2,1,2,0,0,1,3.531,phishing
https://banking-update-368.info/login?id=4400,14,6,0,1,2,1,4,0,0,1,4.625,phishing
https://paypal-secure-339.info/update?id=6843,13,7,0,1,2,1,3,0,0,1,4.549,phishing
https://amazon-support-310.info/reset?id=1858,14,6,0,1,2,2,2,0,0,1,4.738,phishing
https://office365-login-198.info/verify?id=4190,15,7,0,1,2,3,3,0,0,1,4.495,phishing
https://amazon-support-160.net/update?id=7223,14,7,0,1,2,1,1,0,0,1,4.176,phishing
https://banking-update-361.net/update?id=1181,14,7,0,1,2,3,3,0,0,1,3.344,phishing
https://office365-login-397.com/update?id=2493,15,7,0,1,2,1,1,0,0,1,4.322,phishing
https://banking-update-756.info/login?id=3562,14,6,0,1,2,3,3,0,0,1,4.679,phishing
https://bankofamerica.net/docs,13,5,0,1,1,0,0,0,0,0,2.051,legitimate
https://secure-login-293.net/account?id=9530,12,8,0,1,2,2,2,0,0,1,3.776,phishing
https://secure-login-761.net/reset?id=6229,12,6,0,1,2,3,3,0,0,1,3.788,phishing
https://netflix.org/api/v1,7,7,0,1,1,0,0,0,0,0,2.391,legitimate
https://amazon-support-280.org/verify?id=5436,14,7,0,1,2,3,4,0,0,1,3.933,phishing
https://amazon-support-627.com/account?id=9406,14,8,0,1,2,3,3,0,0,1,4.792,phishing
https://office365-login-517.org/update?id=7937,15,7,0,1,2,2,4,0,0,1,3.293,phishing
https://paypal-secure-230.com/account?id=2169,13,8,0,1,2,1,2,0,0,1,4.23,phishing
https://netflix.net/about,7,6,0,1,1,0,0,0,0,0,2.943,legitimate
https://amazon-support-408.net/login?id=5706,14,6,0,1,2,3,2,0,0,1,4.519,phishing
https://amazon-support-677.org/verify?id=9298,14,7,0,1,2,3,2,0,0,1,4.189,phishing
https://bankofamerica.org/about,13,6,0,1,1,0,0,0,0,0,2.181,legitimate
https://bankofamerica.com/support,13,8,0,1,1,0,0,0,0,0,3.029,legitimate
https://bankofamerica.edu/api/v1,13,7,0,1,1,0,0,0,0,0,3.157,legitimate
https://banking-update-908.net/verify?id=7222,14,7,0,1,2,2,1,0,0,1,4.705,phishing
https://secure-login-581.net/verify?id=2671,12,7,0,1,2,2,4,0,0,1,4.447,phishing
https://paypal-secure-147.com/reset?id=2258,13,6,0,1,2,1,2,0,0,1,4.511,phishing
https://paypal-secure-696.net/account?id=6541,13,8,0,1,2,2,1,0,0,1,3.486,phishing
https://microsoft.org/api/v1,9,7,0,1,1,0,0,0,0,0,2.229,legitimate
https://amazon-support-229.com/verify?id=3691,14,7,0,1,2,2,2,0,0,1,4.205,phishing
https://office365-login-370.com/verify?id=6233,15,7,0,1,2,1,4,0,0,1,3.37,phishing
https://amazon-support-954.info/login?id=7435,14,6,0,1,2,2,4,0,0,1,3.99,phishing
https://paypal-secure-754.com/login?id=6782,13,6,0,1,2,3,1,0,0,1,3.533,phishing
https://amazon-support-279.net/account?id=7442,14,8,0,1,2,1,3,0,0,1,3.769,phishing
https://secure-login-296.com/account?id=7338,12,8,0,1,2,3,2,0,0,1,3.338,phishing
https://github.net/docs,6,5,0,1,1,0,0,0,0,0,2.681,legitimate
https://office365-login-400.com/verify?id=6582,15,7,0,1,2,2,2,0,0,1,3.927,phishing
https://netflix.net/products,7,9,0,1,1,0,0,0,0,0,2.767,legitimate
https://banking-update-999.com/account?id=4526,14,8,0,1,2,2,4,0,0,1,3.655,phishing
https://netflix.org/docs,7,5,0,1,1,0,0,0,0,0,2.747,legitimate
https://netflix.net/support,7,8,0,1,1,0,0,0,0,0,2.728,legitimate
https://amazon-support-812.com/update?id=8153,14,7,0,1,2,2,4,0,0,1,4.111,phishing
https://office365-login-761.com/reset?id=3020,15,6,0,1,2,3,3,0,0,1,4.099,phishing
https://microsoft.edu/products,9,9,0,1,1,0,0,0,0,0,2.141,legitimate
https://paypal-secure-245.com/login?id=5736,13,6,0,1,2,1,3,0,0,1,3.739,phishing
https://amazon-support-563.org/account?id=4452,14,8,0,1,2,2,2,0,0,1,3.524,phishing
https://example.org/support,7,8,0,1,1,0,0,0,0,0,2.93,legitimate
https://banking-update-613.org/update?id=8090,14,7,0,1,2,3,3,0,0,1,4.502,phishing
https://github.org/docs,6,5,0,1,1,0,0,0,0,0,2.107,legitimate
https://paypal-secure-463.com/update?id=2380,13,7,0,1,2,2,3,0,0,1,4.548,phishing
https://secure-login-800.org/verify?id=5754,12,7,0,1,2,3,2,0,0,1,3.325,phishing
https://banking-update-778.org/login?id=1740,14,6,0,1,2,1,1,0,0,1,4.797,phishing
https://microsoft.edu/support,9,8,0,1,1,0,0,0,0,0,2.497,legitimate
https://secure-login-492.info/reset?id=8395,12,6,0,1,2,3,2,0,0,1,4.782,phishing
https://github.org/about,6,6,0,1,1,0,0,0,0,0,3.082,legitimate
https://amazon-support-271.info/verify?id=2661,14,7,0,1,2,1,3,0,0,1,4.332,phishing
https://netflix.net/docs,7,5,0,1,1,0,0,0,0,0,2.509,legitimate
https://paypal-secure-145.com/reset?id=5465,13,6,0,1,2,1,1,0,0,1,3.707,phishing
https://github.com/about,6,6,0,1,1,0,0,0,0,0,2.003,legitimate
https://netflix.edu/docs,7,5,0,1,1,0,0,0,0,0,2.798,legitimate
https://github.net/about,6,6,0,1,1,0,0,0,0,0,2.858,legitimate
https://microsoft.org/products,9,9,0,1,1,0,0,0,0,0,2.306,legitimate
https://bankofamerica.net/about,13,6,0,1,1,0,0,0,0,0,2.543,legitimate
https://amazon-support-857.net/reset?id=3921,14,6,0,1,2,2,3,0,0,1,3.539,phishing
https://microsoft.com/about,9,6,0,1,1,0,0,0,0,0,2.152,legitimate
https://paypal-secure-824.org/verify?id=5529,13,7,0,1,2,1,3,0,0,1,4.276,phishing
https://microsoft.edu/api/v1,9,7,0,1,1,0,0,0,0,0,2.543,legitimate
https://microsoft.org/docs,9,5,0,1,1,0,0,0,0,0,2.682,legitimate
https://secure-login-256.com/account?id=6024,12,8,0,1,2,2,4,0,0,1,3.397,phishing
https://office365-login-923.com/reset?id=8998,15,6,0,1,2,1,2,0,0,1,3.213,phishing
https://microsoft.com/support,9,8,0,1,1,0,0,0,0,0,2.522,legitimate
https://paypal-secure-179.info/reset?id=2225,13,6,0,1,2,2,3,0,0,1,4.239,phishing
https://banking-update-786.com/account?id=6739,14,8,0,1,2,1,2,0,0,1,3.998,phishing
https://secure-login-415.org/login?id=4861,12,6,0,1,2,2,4,0,0,1,4.674,phishing
https://office365-login-578.info/account?id=2415,15,8,0,1,2,2,2,0,0,1,3.257,phishing
https://office365-login-125.net/account?id=1121,15,8,0,1,2,1,2,0,0,1,3.739,phishing
https://banking-update-881.info/update?id=5119,14,7,0,1,2,1,2,0,0,1,4.678,phishing
https://paypal-secure-709.info/login?id=7792,13,6,0,1,2,3,2,0,0,1,4.176,phishing
https://github.org/api/v1,6,7,0,1,1,0,0,0,0,0,2.495,legitimate
https://paypal-secure-317.info/verify?id=1288,13,7,0,1,2,3,1,0,0,1,4.795,phishing
https://amazon-support-177.com/account?id=6829,14,8,0,1,2,2,3,0,0,1,3.514,phishing
https://microsoft.net/products,9,9,0,1,1,0,0,0,0,0,2.106,legitimate
https://banking-update-185.net/verify?id=5939,14,7,0,1,2,2,2,0,0,1,3.494,phishing
https://bankofamerica.org/api/v1,13,7,0,1,1,0,0,0,0,0,3.058,legitimate
https://amazon-support-943.info/account?id=8321,14,8,0,1,2,3,2,0,0,1,4.339,phishing
https://banking-update-567.info/update?id=6165,14,7,0,1,2,3,2,0,0,1,4.798,phishing
https://office365-login-608.com/reset?id=1002,15,6,0,1,2,3,4,0,0,1,3.671,phishing
https://github.com/api/v1,6,7,0,1,1,0,0,0,0,0,2.236,legitimate
https://paypal-secure-141.info/verify?id=3548,13,7,0,1,2,2,3,0,0,1,4.768,phishing
https://paypal-secure-114.org/verify?id=2753,13,7,0,1,2,2,2,0,0,1,3.427,phishing
https://office365-login-217.info/reset?id=5140,15,6,0,1,2,1,1,0,0,1,4.281,phishing
https://secure-login-940.org/account?id=7773,12,8,0,1,2,2,2,0,0,1,3.943,phishing
https://paypal-secure-367.net/update?id=6132,13,7,0,1,2,2,2,0,0,1,3.82,phishing
https://banking-update-774.org/update?id=6009,14,7,0,1,2,2,4,0,0,1,4.207,phishing
https://microsoft.net/api/v1,9,7,0,1,1,0,0,0,0,0,2.006,legitimate
https://bankofamerica.org/api/v1,13,7,0,1,1,0,0,0,0,0,2.159,legitimate
https://secure-login-949.net/login?id=8408,12,6,0,1,2,1,2,0,0,1,4.226,phishing
https://banking-update-680.com/reset?id=7304,14,6,0,1,2,1,3,0,0,1,4.571,phishing
https://paypal-secure-415.info/login?id=8531,13,6,0,1,2,2,4,0,0,1,4.721,phishing
https://example.org/support,7,8,0,1,1,0,0,0,0,0,2.34,legitimate
https://bankofamerica.net/docs,13,5,0,1,1,0,0,0,0,0,2.983,legitimate
https://office365-login-569.net/reset?id=6134,15,6,0,1,2,3,4,0,0,1,3.315,phishing
https://example.net/products,7,9,0,1,1,0,0,0,0,0,2.084,legitimate
https://netflix.org/support,7,8,0,1,1,0,0,0,0,0,3.056,legitimate
https://amazon-support-713.org/reset?id=1753,14,6,0,1,2,3,3,0,0,1,4.475,phishing
https://secure-login-156.com/account?id=4646,12,8,0,1,2,2,4,0,0,1,4.379,phishing
https://example.com/api/v1,7,7,0,1,1,0,0,0,0,0,2.059,legitimate
https://paypal-secure-994.net/account?id=9653,13,8,0,1,2,3,3,0,0,1,4.221,phishing
https://example.org/support,7,8,0,1,1,0,0,0,0,0,2.751,legitimate
https://example.net/api/v1,7,7,0,1,1,0,0,0,0,0,2.177,legitimate
https://office365-login-853.net/verify?id=3459,15,7,0,1,2,1,2,0,0,1,4.122,phishing
https://amazon-support-815.com/login?id=2965,14,6,0,1,2,1,4,0,0,1,4.421,phishing
https://office365-login-261.org/reset?id=8192,15,6,0,1,2,3,4,0,0,1,3.824,phishing
https://secure-login-500.net/account?id=1125,12,8,0,1,2,3,3,0,0,1,3.492,phishing
https://banking-update-206.org/verify?id=5990,14,7,0,1,2,2,3,0,0,1,4.474,phishing
https://banking-update-124.info/account?id=7601,14,8,0,1,2,1,1,0,0,1,3.811,phishing
https://secure-login-729.info/reset?id=3021,12,6,0,1,2,3,4,0,0,1,3.426,phishing
https://secure-login-313.com/login?id=1165,12,6,0,1,2,1,3,0,0,1,3.58,phishing
https://secure-login-186.com/verify?id=2903,12,7,0,1,2,1,4,0,0,1,4.145,phishing
https://office365-login-101.com/verify?id=8447,15,7,0,1,2,2,3,0,0,1,3.284,phishing
https://office365-login-199.net/update?id=3721,15,7,0,1,2,3,1,0,0,1,3.427,phishing
https://amazon-support-188.com/update?id=7189,14,7,0,1,2,3,2,0,0,1,4.766,phishing
https://bankofamerica.edu/docs,13,5,0,1,1,0,0,0,0,0,2.624,legitimate
https://amazon-support-338.com/update?id=3174,14,7,0,1,2,1,1,0,0,1,3.513,phishing
https://amazon-support-178.org/verify?id=1617,14,7,0,1,2,1,4,0,0,1,3.857,phishing
https://banking-update-374.info/reset?id=3001,14,6,0,1,2,3,3,0,0,1,3.406,phishing
https://netflix.org/support,7,8,0,1,1,0,0,0,0,0,2.42,legitimate
https://bankofamerica.edu/products,13,9,0,1,1,0,0,0,0,0,2.62,legitimate
https://example.net/about,7,6,0,1,1,0,0,0,0,0,2.945,legitimate
https://banking-update-381.org/reset?id=8845,14,6,0,1,2,1,2,0,0,1,3.473,phishing
https://example.com/docs,7,5,0,1,1,0,0,0,0,0,3.065,legitimate
https://example.edu/support,7,8,0,1,1,0,0,0,0,0,2.927,legitimate
https://github.com/docs,6,5,0,1,1,0,0,0,0,0,2.661,legitimate
https://paypal-secure-392.com/login?id=7291,13,6,0,1,2,1,2,0,0,1,3.506,phishing
https://bankofamerica.edu/support,13,8,0,1,1,0,0,0,0,0,3.166,legitimate
https://secure-login-903.com/login?id=5434,12,6,0,1,2,1,1,0,0,1,4.559,phishing
https://amazon-support-931.org/account?id=2336,14,8,0,1,2,2,4,0,0,1,4.507,phishing
https://office365-login-506.org/login?id=3950,15,6,0,1,2,2,3,0,0,1,4.593,phishing
https://banking-update-178.com/reset?id=4256,14,6,0,1,2,3,2,0,0,1,3.691,phishing
https://banking-update-190.com/verify?id=1206,14,7,0,1,2,3,3,0,0,1,3.959,phishing
https://netflix.com/api/v1,7,7,0,1,1,0,0,0,0,0,3.197,legitimate
https://paypal-secure-821.net/login?id=2288,13,6,0,1,2,3,3,0,0,1,4.542,phishing
https://paypal-secure-121.info/account?id=5489,13,8,0,1,2,2,3,0,0,1,3.811,phishing
https://secure-login-915.info/account?id=6368,12,8,0,1,2,3,4,0,0,1,3.554,phishing
https://paypal-secure-704.com/login?id=8398,13,6,0,1,2,2,2,0,0,1,3.595,phishing
https://paypal-secure-733.info/login?id=6964,13,6,0,1,2,1,1,0,0,1,3.517,phishing
https://paypal-secure-979.org/update?id=7392,13,7,0,1,2,1,4,0,0,1,3.207,phishing
https://example.net/products,7,9,0,1,1,0,0,0,0,0,2.668,legitimate
https://banking-update-790.info/reset?id=3219,14,6,0,1,2,3,1,0,0,1,4.69,phishing
https://office365-login-953.info/reset?id=2160,15,6,0,1,2,3,1,0,0,1,4.055,phishing
https://secure-login-899.net/account?id=5600,12,8,0,1,2,2,3,0,0,1,3.289,phishing
https://office365-login-874.info/update?id=8556,15,7,0,1,2,1,1,0,0,1,4.465,phishing
https://microsoft.org/products,9,9,0,1,1,0,0,0,0,0,2.183,legitimate
https://netflix.com/products,7,9,0,1,1,0,0,0,0,0,2.009,legitimate
https://amazon-support-588.info/login?id=3581,14,6,0,1,2,1,1,0,0,1,4.631,phishing
https://banking-update-533.com/update?id=9634,14,7,0,1,2,2,2,0,0,1,4.508,phishing
https://secure-login-689.info/reset?id=4530,12,6,0,1,2,2,3,0,0,1,4.363,phishing
https://example.edu/products,7,9,0,1,1,0,0,0,0,0,2.047,legitimate
https://github.net/docs,6,5,0,1,1,0,0,0,0,0,2.992,legitimate
https://microsoft.edu/products,9,9,0,1,1,0,0,0,0,0,3.154,legitimate
https://amazon-support-423.com/update?id=7472,14,7,0,1,2,2,4,0,0,1,3.932,phishing
https://paypal-secure-243.com/login?id=1638,13,6,0,1,2,2,1,0,0,1,3.367,phishing
https://paypal-secure-886.info/reset?id=4141,13,6,0,1,2,2,4,0,0,1,3.985,phishing
https://office365-login-470.org/account?id=6555,15,8,0,1,2,1,3,0,0,1,3.937,phishing
https://paypal-secure-455.net/account?id=9409,13,8,0,1,2,3,3,0,0,1,4.057,phishing
https://microsoft.com/support,9,8,0,1,1,0,0,0,0,0,2.517,legitimate
https://netflix.org/docs,7,5,0,1,1,0,0,0,0,0,2.983,legitimate
https://office365-login-717.net/reset?id=9126,15,6,0,1,2,3,3,0,0,1,3.547,phishing
https://example.com/docs,7,5,0,1,1,0,0,0,0,0,2.854,legitimate
https://secure-login-678.net/login?id=1224,12,6,0,1,2,2,1,0,0,1,3.276,phishing
https://banking-update-416.info/reset?id=1260,14,6,0,1,2,1,3,0,0,1,3.268,phishing
https://amazon-support-954.com/account?id=6766,14,8,0,1,2,2,4,0,0,1,3.26,phishing
https://netflix.com/support,7,8,0,1,1,0,0,0,0,0,2.39,legitimate
https://banking-update-500.com/verify?id=4160,14,7,0,1,2,2,1,0,0,1,4.444,phishing
https://example.org/support,7,8,0,1,1,0,0,0,0,0,2.504,legitimate
https://secure-login-236.net/update?id=7693,12,7,0,1,2,3,4,0,0,1,3.327,phishing
https://microsoft.net/products,9,9,0,1,1,0,0,0,0,0,3.063,legitimate
https://banking-update-712.info/account?id=7734,14,8,0,1,2,3,3,0,0,1,4.693,phishing
https://microsoft.com/about,9,6,0,1,1,0,0,0,0,0,3.026,legitimate
https://netflix.net/support,7,8,0,1,1,0,0,0,0,0,2.653,legitimate
https://amazon-support-364.com/account?id=6372,14,8,0,1,2,1,4,0,0,1,4.404,phishing
https://amazon-support-923.com/reset?id=8741,14,6,0,1,2,2,3,0,0,1,3.266,phishing
https://amazon-support-182.info/reset?id=9904,14,6,0,1,2,3,4,0,0,1,3.907,phishing
https://github.com/docs,6,5,0,1,1,0,0,0,0,0,2.271,legitimate
https://secure-login-572.net/reset?id=2019,12,6,0,1,2,2,3,0,0,1,4.541,phishing
https://office365-login-346.com/login?id=5529,15,6,0,1,2,3,3,0,0,1,3.539,phishing
https://bankofamerica.com/about,13,6,0,1,1,0,0,0,0,0,2.02,legitimate
https://amazon-support-547.org/reset?id=4211,14,6,0,1,2,2,4,0,0,1,4.683,phishing
https://banking-update-332.net/update?id=4810,14,7,0,1,2,1,1,0,0,1,3.587,phishing
https://amazon-support-771.info/update?id=9192,14,7,0,1,2,2,2,0,0,1,4.743,phishing
https://paypal-secure-429.com/reset?id=5848,13,6,0,1,2,3,4,0,0,1,4.099,phishing
https://banking-update-900.net/login?id=8737,14,6,0,1,2,3,1,0,0,1,4.117,phishing
https://secure-login-556.info/update?id=7870,12,7,0,1,2,1,4,0,0,1,3.231,phishing
https://paypal-secure-320.com/login?id=6752,13,6,0,1,2,2,2,0,0,1,3.71,phishing
https://office365-login-843.com/login?id=1551,15,6,0,1,2,1,1,0,0,1,3.754,phishing
https://netflix.edu/about,7,6,0,1,1,0,0,0,0,0,2.028,legitimate
https://github.edu/about,6,6,0,1,1,0,0,0,0,0,2.088,legitimate
https://banking-update-483.net/login?id=8353,14,6,0,1,2,1,4,0,0,1,3.797,phishing
https://office365-login-216.com/account?id=8389,15,8,0,1,2,2,2,0,0,1,4.516,phishing
https://secure-login-298.com/verify?id=8528,12,7,0,1,2,1,1,0,0,1,4.391,phishing
https://banking-update-289.com/update?id=1078,14,7,0,1,2,3,2,0,0,1,3.444,phishing
https://netflix.org/api/v1,7,7,0,1,1,0,0,0,0,0,2.273,legitimate
https://banking-update-603.info/update?id=8796,14,7,0,1,2,3,3,0,0,1,4.697,phishing
https://secure-login-950.info/account?id=4051,12,8,0,1,2,2,1,0,0,1,4.748,phishing
https://amazon-support-765.net/update?id=9327,14,7,0,1,2,3,1,0,0,1,4.62,phishing
https://banking-update-912.info/update?id=6644,14,7,0,1,2,3,3,0,0,1,4.283,phishing
https://amazon-support-475.org/verify?id=2437,14,7,0,1,2,3,2,0,0,1,3.643,phishing
https://office365-login-651.info/update?id=3087,15,7,0,1,2,3,3,0,0,1,3.346,phishing
https://office365-login-434.org/account?id=2767,15,8,0,1,2,1,4,0,0,1,3.969,phishing
https://amazon-support-391.com/verify?id=8838,14,7,0,1,2,3,4,0,0,1,3.906,phishing
https://banking-update-556.net/reset?id=2267,14,6,0,1,2,1,2,0,0,1,3.308,phishing
https://office365-login-994.org/update?id=7851,15,7,0,1,2,1,4,0,0,1,4.268,phishing
https://secure-login-783.org/update?id=5632,12,7,0,1,2,3,2,0,0,1,4.723,phishing
https://paypal-secure-647.info/update?id=5850,13,7,0,1,2,2,2,0,0,1,3.431,phishing
https://office365-login-438.info/update?id=2517,15,7,0,1,2,3,4,0,0,1,4.572,phishing
https://github.org/docs,6,5,0,1,1,0,0,0,0,0,2.159,legitimate
https://paypal-secure-228.net/reset?id=9221,13,6,0,1,2,3,4,0,0,1,4.198,phishing
https://banking-update-906.org/verify?id=2770,14,7,0,1,2,3,3,0,0,1,3.899,phishing
https://paypal-secure-114.com/update?id=6733,13,7,0,1,2,3,2,0,0,1,4.183,phishing
https://paypal-secure-808.info/verify?id=3702,13,7,0,1,2,1,4,0,0,1,3.693,phishing
https://github.net/about,6,6,0,1,1,0,0,0,0,0,2.402,legitimate
https://secure-login-674.info/update?id=8411,12,7,0,1,2,1,3,0,0,1,3.384,phishing
https://office365-login-262.com/account?id=8587,15,8,0,1,2,3,1,0,0,1,3.332,phishing
https://secure-login-246.com/login?id=2347,12,6,0,1,2,3,3,0,0,1,4.161,phishing
https://secure-login-802.info/update?id=6161,12,7,0,1,2,2,3,0,0,1,3.915,phishing
https://amazon-support-673.net/account?id=3956,14,8,0,1,2,1,1,0,0,1,3.501,phishing
https://example.org/products,7,9,0,1,1,0,0,0,0,0,2.468,legitimate
https://github.org/about,6,6,0,1,1,0,0,0,0,0,2.705,legitimate
https://secure-login-714.info/update?id=9453,12,7,0,1,2,2,2,0,0,1,3.421,phishing
https://microsoft.edu/support,9,8,0,1,1,0,0,0,0,0,2.327,legitimate
https://office365-login-763.org/login?id=4105,15,6,0,1,2,2,1,0,0,1,4.2,phishing
https://amazon-support-637.org/reset?id=5532,14,6,0,1,2,2,1,0,0,1,4.163,phishing
https://paypal-secure-637.info/update?id=4251,13,7,0,1,2,1,4,0,0,1,3.435,phishing
https://github.net/about,6,6,0,1,1,0,0,0,0,0,2.602,legitimate
https://secure-login-374.org/account?id=5389,12,8,0,1,2,2,4,0,0,1,4.653,phishing
https://example.org/support,7,8,0,1,1,0,0,0,0,0,2.821,legitimate
https://example.org/products,7,9,0,1,1,0,0,0,0,0,2.367,legitimate
https://secure-login-628.com/reset?id=2508,12,6,0,1,2,3,1,0,0,1,3.429,phishing
https://paypal-secure-241.info/login?id=9319,13,6,0,1,2,2,1,0,0,1,3.536,phishing
https://paypal-secure-960.info/verify?id=2772,13,7,0,1,2,3,4,0,0,1,4.271,phishing
https://office365-login-101.org/login?id=9805,15,6,0,1,2,2,4,0,0,1,3.962,phishing
https://paypal-secure-280.com/account?id=3595,13,8,0,1,2,3,4,0,0,1,3.243,phishing
https://banking-update-264.info/account?id=7982,14,8,0,1,2,2,3,0,0,1,4.609,phishing
https://amazon-support-895.net/login?id=2013,14,6,0,1,2,1,2,0,0,1,3.549,phishing
https://amazon-support-557.info/account?id=8121,14,8,0,1,2,2,2,0,0,1,3.288,phishing
https://amazon-support-735.net/login?id=7927,14,6,0,1,2,3,3,0,0,1,4.419,phishing
https://secure-login-252.org/reset?id=3270,12,6,0,1,2,2,2,0,0,1,3.349,phishing
https://paypal-secure-474.net/verify?id=9215,13,7,0,1,2,3,2,0,0,1,4.377,phishing
https://office365-login-656.com/update?id=2957,15,7,0,1,2,2,1,0,0,1,3.404,phishing
https://github.net/docs,6,5,0,1,1,0,0,0,0,0,2.796,legitimate
https://paypal-secure-951.org/update?id=4054,13,7,0,1,2,2,3,0,0,1,4.636,phishing
https://github.net/about,6,6,0,1,1,0,0,0,0,0,2.785,legitimate
https://example.com/api/v1,7,7,0,1,1,0,0,0,0,0,3.008,legitimate
https://banking-update-219.org/account?id=1679,14,8,0,1,2,1,3,0,0,1,3.452,phishing
https://github.net/api/v1,6,7,0,1,1,0,0,0,0,0,2.686,legitimate
https://banking-update-625.info/verify?id=4501,14,7,0,1,2,3,1,0,0,1,4.492,phishing
https://example.org/about,7,6,0,1,1,0,0,0,0,0,2.666,legitimate
https://banking-update-294.net/update?id=4071,14,7,0,1,2,3,4,0,0,1,3.76,phishing
https://microsoft.com/support,9,8,0,1,1,0,0,0,0,0,2.186,legitimate
https://paypal-secure-340.com/account?id=8190,13,8,0,1,2,1,1,0,0,1,3.982,phishing
https://banking-update-605.info/reset?id=1685,14,6,0,1,2,2,3,0,0,1,4.126,phishing
https://paypal-secure-325.org/verify?id=4926,13,7,0,1,2,2,4,0,0,1,3.43,phishing
https://paypal-secure-179.net/login?id=2978,13,6,0,1,2,3,4,0,0,1,3.209,phishing
https://paypal-secure-992.com/reset?id=3293,13,6,0,1,2,1,2,0,0,1,4.781,phishing
https://office365-login-654.net/login?id=4850,15,6,0,1,2,3,3,0,0,1,3.814,phishing
https://netflix.com/about,7,6,0,1,1,0,0,0,0,0,2.51,legitimate
https://banking-update-985.com/login?id=2509,14,6,0,1,2,2,4,0,0,1,4.581,phishing
https://banking-update-728.info/reset?id=2632,14,6,0,1,2,1,4,0,0,1,3.506,phishing
https://banking-update-159.org/verify?id=7600,14,7,0,1,2,3,3,0,0,1,3.939,phishing
https://paypal-secure-301.net/update?id=2984,13,7,0,1,2,2,1,0,0,1,3.582,phishing
https://example.org/about,7,6,0,1,1,0,0,0,0,0,3.08,legitimate
https://banking-update-859.net/account?id=8586,14,8,0,1,2,1,3,0,0,1,3.447,phishing
https://example.net/support,7,8,0,1,1,0,0,0,0,0,2.976,legitimate
https://github.net/about,6,6,0,1,1,0,0,0,0,0,2.458,legitimate
https://banking-update-521.org/verify?id=2967,14,7,0,1,2,2,2,0,0,1,4.343,phishing
https://paypal-secure-956.com/login?id=2797,13,6,0,1,2,1,4,0,0,1,3.621,phishing
https://amazon-support-117.org/login?id=8777,14,6,0,1,2,1,2,0,0,1,3.505,phishing
https://amazon-support-592.net/account?id=8004,14,8,0,1,2,1,2,0,0,1,4.593,phishing
https://office365-login-145.info/verify?id=2894,15,7,0,1,2,2,3,0,0,1,3.39,phishing
https://amazon-support-531.org/reset?id=8161,14,6,0,1,2,1,1,0,0,1,4.317,phishing
https://paypal-secure-188.info/reset?id=3008,13,6,0,1,2,3,4,0,0,1,3.46,phishing
https://microsoft.org/support,9,8,0,1,1,0,0,0,0,0,2.258,legitimate
https://github.com/about,6,6,0,1,1,0,0,0,0,0,2.067,legitimate
https://secure-login-188.org/account?id=6243,12,8,0,1,2,3,3,0,0,1,4.213,phishing
https://paypal-secure-592.com/reset?id=7070,13,6,0,1,2,2,3,0,0,1,3.937,phishing
https://office365-login-880.com/reset?id=4659,15,6,0,1,2,3,2,0,0,1,4.7,phishing
https://secure-login-362.info/verify?id=7359,12,7,0,1,2,3,3,0,0,1,3.226,phishing
https://secure-login-618.com/account?id=7010,12,8,0,1,2,3,3,0,0,1,4.564,phishing
https://amazon-support-331.net/reset?id=3635,14,6,0,1,2,2,3,0,0,1,4.785,phishing
https://paypal-secure-355.org/update?id=4744,13,7,0,1,2,2,1,0,0,1,3.307,phishing
https://office365-login-454.org/login?id=5825,15,6,0,1,2,3,4,0,0,1,3.333,phishing
https://office365-login-646.com/login?id=3552,15,6,0,1,2,2,2,0,0,1,4.236,phishing
https://amazon-support-720.org/reset?id=1004,14,6,0,1,2,2,1,0,0,1,3.681,phishing
https://secure-login-725.org/login?id=6888,12,6,0,1,2,2,4,0,0,1,4.582,phishing
https://secure-login-691.net/reset?id=3124,12,6,0,1,2,1,1,0,0,1,4.779,phishing
https://banking-update-469.info/account?id=4890,14,8,0,1,2,1,4,0,0,1,3.715,phishing
https://microsoft.org/docs,9,5,0,1,1,0,0,0,0,0,3.149,legitimate
https://office365-login-196.org/reset?id=9454,15,6,0,1,2,3,4,0,0,1,3.392,phishing
https://banking-update-356.org/account?id=6196,14,8,0,1,2,3,3,0,0,1,4.478,phishing
https://github.org/api/v1,6,7,0,1,1,0,0,0,0,0,2.034,legitimate
https://netflix.org/about,7,6,0,1,1,0,0,0,0,0,2.929,legitimate
https://office365-login-302.com/login?id=6729,15,6,0,1,2,3,1,0,0,1,4.262,phishing
https://microsoft.edu/products,9,9,0,1,1,0,0,0,0,0,2.752,legitimate
https://github.edu/support,6,8,0,1,1,0,0,0,0,0,2.116,legitimate
https://example.edu/api/v1,7,7,0,1,1,0,0,0,0,0,2.348,legitimate
https://secure-login-722.net/login?id=4054,12,6,0,1,2,2,2,0,0,1,4.697,phishing
https://microsoft.org/about,9,6,0,1,1,0,0,0,0,0,2.056,legitimate
https://office365-login-180.net/reset?id=2457,15,6,0,1,2,2,4,0,0,1,3.338,phishing
https://microsoft.com/docs,9,5,0,1,1,0,0,0,0,0,2.008,legitimate
https://office365-login-992.com/update?id=4584,15,7,0,1,2,2,1,0,0,1,3.997,phishing
https://amazon-support-741.com/update?id=2087,14,7,0,1,2,3,3,0,0,1,4.222,phishing
https://paypal-secure-997.com/login?id=2478,13,6,0,1,2,1,2,0,0,1,3.294,phishing
https://bankofamerica.com/about,13,6,0,1,1,0,0,0,0,0,2.989,legitimate
https://amazon-support-195.com/login?id=5050,14,6,0,1,2,3,2,0,0,1,3.374,phishing
https://secure-login-253.com/reset?id=8636,12,6,0,1,2,2,2,0,0,1,3.627,phishing
https://banking-update-430.org/verify?id=7183,14,7,0,1,2,1,3,0,0,1,3.882,phishing
https://paypal-secure-862.info/reset?id=4212,13,6,0,1,2,1,4,0,0,1,4.71,phishing
https://banking-update-145.info/update?id=2708,14,7,0,1,2,2,4,0,0,1,4.387,phishing
https://secure-login-871.net/reset?id=1244,12,6,0,1,2,3,2,0,0,1,3.556,phishing
https://office365-login-532.org/verify?id=2987,15,7,0,1,2,3,4,0,0,1,4.056,phishing
https://netflix.net/support,7,8,0,1,1,0,0,0,0,0,3.064,legitimate
https://banking-update-694.org/reset?id=2936,14,6,0,1,2,2,2,0,0,1,4.366,phishing
https://microsoft.com/support,9,8,0,1,1,0,0,0,0,0,2.974,legitimate
https://banking-update-910.info/update?id=5856,14,7,0,1,2,3,4,0,0,1,3.794,phishing
https://banking-update-575.info/reset?id=9035,14,6,0,1,2,2,4,0,0,1,3.542,phishing
https://secure-login-573.com/login?id=6211,12,6,0,1,2,1,4,0,0,1,4.039,phishing
https://office365-login-957.org/account?id=4669,15,8,0,1,2,3,2,0,0,1,3.646,phishing
https://example.org/products,7,9,0,1,1,0,0,0,0,0,2.599,legitimate
https://amazon-support-557.org/login?id=5028,14,6,0,1,2,3,3,0,0,1,3.618,phishing
https://amazon-support-570.net/login?id=4442,14,6,0,1,2,1,1,0,0,1,3.598,phishing
https://amazon-support-697.org/reset?id=3743,14,6,0,1,2,3,1,0,0,1,4.773,phishing
https://bankofamerica.edu/about,13,6,0,1,1,0,0,0,0,0,2.933,legitimate
https://microsoft.net/support,9,8,0,1,1,0,0,0,0,0,2.908,legitimate
https://secure-login-933.net/update?id=1522,12,7,0,1,2,2,1,0,0,1,4.532,phishing
https://paypal-secure-292.org/account?id=2361,13,8,0,1,2,2,3,0,0,1,3.56,phishing
https://secure-login-946.com/reset?id=9061,12,6,0,1,2,2,4,0,0,1,3.205,phishing
https://amazon-support-227.org/update?id=2831,14,7,0,1,2,3,4,0,0,1,4.407,phishing
https://secure-login-486.info/reset?id=4925,12,6,0,1,2,2,2,0,0,1,3.876,phishing
https://example.edu/docs,7,5,0,1,1,0,0,0,0,0,2.501,legitimate
https://banking-update-372.org/account?id=1177,14,8,0,1,2,3,4,0,0,1,3.462,phishing
https://paypal-secure-246.com/account?id=2655,13,8,0,1,2,2,4,0,0,1,3.878,phishing
https://secure-login-576.com/reset?id=2945,12,6,0,1,2,2,1,0,0,1,3.212,phishing
https://netflix.org/docs,7,5,0,1,1,0,0,0,0,0,2.572,legitimate
https://secure-login-276.com/account?id=2290,12,8,0,1,2,1,1,0,0,1,4.788,phishing
https://banking-update-135.com/verify?id=4126,14,7,0,1,2,2,4,0,0,1,3.374,phishing
https://example.net/api/v1,7,7,0,1,1,0,0,0,0,0,2.354,legitimate
https://microsoft.edu/docs,9,5,0,1,1,0,0,0,0,0,2.335,legitimate
https://github.edu/about,6,6,0,1,1,0,0,0,0,0,2.393,legitimate
https://bankofamerica.org/api/v1,13,7,0,1,1,0,0,0,0,0,3.12,legitimate
https://secure-login-912.com/update?id=5942,12,7,0,1,2,3,1,0,0,1,3.758,phishing
https://office365-login-491.com/account?id=4273,15,8,0,1,2,1,4,0,0,1,4.344,phishing
https://amazon-support-557.com/login?id=5826,14,6,0,1,2,2,2,0,0,1,3.721,phishing
https://github.com/docs,6,5,0,1,1,0,0,0,0,0,3.179,legitimate
https://amazon-support-365.net/update?id=8553,14,7,0,1,2,1,4,0,0,1,4.242,phishing
https://banking-update-740.org/reset?id=2623,14,6,0,1,2,1,3,0,0,1,3.303,phishing
https://bankofamerica.edu/about,13,6,0,1,1,0,0,0,0,0,2.657,legitimate
https://secure-login-321.com/verify?id=6670,12,7,0,1,2,1,1,0,0,1,4.27,phishing
https://amazon-support-383.com/reset?id=1643,14,6,0,1,2,2,2,0,0,1,4.158,phishing
https://amazon-support-200.org/verify?id=4349,14,7,0,1,2,1,4,0,0,1,3.337,phishing
https://secure-login-539.com/account?id=5591,12,8,0,1,2,1,3,0,0,1,4.41,phishing
https://netflix.com/support,7,8,0,1,1,0,0,0,0,0,2.961,legitimate
https://amazon-support-197.com/reset?id=7278,14,6,0,1,2,1,2,0,0,1,4.106,phishing
https://bankofamerica.org/products,13,9,0,1,1,0,0,0,0,0,2.152,legitimate
https://office365-login-538.net/reset?id=6919,15,6,0,1,2,2,1,0,0,1,3.378,phishing
https://secure-login-687.net/verify?id=2771,12,7,0,1,2,1,2,0,0,1,3.204,phishing
https://office365-login-215.net/reset?id=9394,15,6,0,1,2,1,2,0,0,1,3.629,phishing
https://banking-update-560.com/update?id=7553,14,7,0,1,2,1,4,0,0,1,3.213,phishing
https://paypal-secure-244.com/update?id=3446,13,7,0,1,2,1,2,0,0,1,4.713,phishing
https://netflix.com/api/v1,7,7,0,1,1,0,0,0,0,0,2.878,legitimate
https://paypal-secure-460.info/account?id=8074,13,8,0,1,2,1,4,0,0,1,4.351,phishing
https://github.com/about,6,6,0,1,1,0,0,0,0,0,2.862,legitimate
https://example.edu/docs,7,5,0,1,1,0,0,0,0,0,2.32,legitimate
https://banking-update-663.com/update?id=3716,14,7,0,1,2,3,2,0,0,1,3.324,phishing
https://amazon-support-660.info/update?id=3638,14,7,0,1,2,1,4,0,0,1,3.511,phishing
https://banking-update-635.com/account?id=8067,14,8,0,1,2,3,3,0,0,1,4.23,phishing
https://banking-update-833.net/account?id=3660,14,8,0,1,2,1,2,0,0,1,4.733,phishing
https://banking-update-991.net/update?id=4519,14,7,0,1,2,2,1,0,0,1,3.454,phishing
https://amazon-support-633.info/account?id=8948,14,8,0,1,2,3,3,0,0,1,3.963,phishing
https://amazon-support-389.info/update?id=2479,14,7,0,1,2,2,4,0,0,1,3.699,phishing
https://paypal-secure-569.com/verify?id=5907,13,7,0,1,2,3,1,0,0,1,3.819,phishing
https://amazon-support-692.net/account?id=5042,14,8,0,1,2,3,2,0,0,1,3.629,phishing
https://netflix.org/about,7,6,0,1,1,0,0,0,0,0,2.872,legitimate
https://secure-login-105.info/verify?id=8365,12,7,0,1,2,2,3,0,0,1,4.675,phishing
https://office365-login-784.com/verify?id=8380,15,7,0,1,2,1,4,0,0,1,3.878,phishing
https://paypal-secure-277.com/update?id=4067,13,7,0,1,2,1,3,0,0,1,3.512,phishing
https://microsoft.com/about,9,6,0,1,1,0,0,0,0,0,2.735,legitimate
https://banking-update-630.net/verify?id=5101,14,7,0,1,2,3,2,0,0,1,3.887,phishing
https://secure-login-430.net/login?id=7962,12,6,0,1,2,3,2,0,0,1,4.365,phishing
https://netflix.com/support,7,8,0,1,1,0,0,0,0,0,2.211,legitimate
https://netflix.com/support,7,8,0,1,1,0,0,0,0,0,2.602,legitimate
https://bankofamerica.com/support,13,8,0,1,1,0,0,0,0,0,2.993,legitimate
https://paypal-secure-380.com/reset?id=3362,13,6,0,1,2,1,3,0,0,1,4.286,phishing
https://paypal-secure-847.net/login?id=3569,13,6,0,1,2,2,2,0,0,1,4.14,phishing
https://example.org/about,7,6,0,1,1,0,0,0,0,0,2.104,legitimate
https://office365-login-712.net/update?id=3231,15,7,0,1,2,2,4,0,0,1,4.115,phishing
https://netflix.org/about,7,6,0,1,1,0,0,0,0,0,2.947,legitimate
https://amazon-support-541.net/account?id=1556,14,8,0,1,2,1,2,0,0,1,4.545,phishing
https://secure-login-584.com/update?id=1526,12,7,0,1,2,1,2,0,0,1,3.97,phishing
https://banking-update-150.com/verify?id=7222,14,7,0,1,2,3,3,0,0,1,3.437,phishing
https://secure-login-265.info/reset?id=1818,12,6,0,1,2,3,3,0,0,1,3.387,phishing
https://office365-login-526.net/reset?id=7278,15,6,0,1,2,1,1,0,0,1,4.742,phishing
https://banking-update-387.info/reset?id=2795,14,6,0,1,2,1,4,0,0,1,3.376,phishing
https://example.org/products,7,9,0,1,1,0,0,0,0,0,2.355,legitimate
https://microsoft.org/products,9,9,0,1,1,0,0,0,0,0,2.151,legitimate
https://paypal-secure-423.com/account?id=7980,13,8,0,1,2,3,3,0,0,1,4.034,phishing
https://office365-login-801.net/reset?id=8234,15,6,0,1,2,3,4,0,0,1,4.206,phishing
https://amazon-support-806.net/reset?id=6566,14,6,0,1,2,3,3,0,0,1,4.485,phishing
https://secure-login-787.info/update?id=9137,12,7,0,1,2,1,1,0,0,1,3.948,phishing
https://paypal-secure-475.com/account?id=4090,13,8,0,1,2,1,4,0,0,1,4.504,phishing
https://netflix.org/docs,7,5,0,1,1,0,0,0,0,0,2.751,legitimate
https://office365-login-446.info/login?id=2419,15,6,0,1,2,2,3,0,0,1,4.053,phishing
https://netflix.net/products,7,9,0,1,1,0,0,0,0,0,2.297,legitimate
https://github.org/support,6,8,0,1,1,0,0,0,0,0,2.56,legitimate
https://paypal-secure-249.info/verify?id=2898,13,7,0,1,2,1,3,0,0,1,4.179,phishing
https://paypal-secure-433.net/update?id=6501,13,7,0,1,2,1,4,0,0,1,3.528,phishing
https://banking-update-661.org/verify?id=2965,14,7,0,1,2,2,2,0,0,1,3.341,phishing
https://github.com/docs,6,5,0,1,1,0,0,0,0,0,2.84,legitimate
https://paypal-secure-104.com/login?id=7715,13,6,0,1,2,1,2,0,0,1,3.49,phishing
https://bankofamerica.org/products,13,9,0,1,1,0,0,0,0,0,2.417,legitimate
https://secure-login-782.info/login?id=9418,12,6,0,1,2,3,1,0,0,1,4.227,phishing
https://amazon-support-560.info/login?id=2847,14,6,0,1,2,2,3,0,0,1,4.596,phishing
https://secure-login-376.com/account?id=7015,12,8,0,1,2,3,3,0,0,1,4.054,phishing
https://paypal-secure-379.info/reset?id=1809,13,6,0,1,2,3,1,0,0,1,4.173,phishing
https://paypal-secure-433.org/reset?id=7565,13,6,0,1,2,3,1,0,0,1,4.165,phishing
https://bankofamerica.org/docs,13,5,0,1,1,0,0,0,0,0,2.477,legitimate
https://office365-login-394.org/update?id=1281,15,7,0,1,2,3,2,0,0,1,4.332,phishing
https://paypal-secure-938.info/reset?id=1443,13,6,0,1,2,3,4,0,0,1,3.645,phishing
https://paypal-secure-212.org/update?id=1940,13,7,0,1,2,3,1,0,0,1,3.907,phishing
https://paypal-secure-719.com/verify?id=3657,13,7,0,1,2,1,4,0,0,1,3.725,phishing
https://github.edu/about,6,6,0,1,1,0,0,0,0,0,2.829,legitimate
https://bankofamerica.org/docs,13,5,0,1,1,0,0,0,0,0,2.63,legitimate
https://microsoft.net/about,9,6,0,1,1,0,0,0,0,0,2.307,legitimate
https://office365-login-622.info/update?id=2736,15,7,0,1,2,1,4,0,0,1,4.028,phishing
https://paypal-secure-742.com/update?id=7158,13,7,0,1,2,3,2,0,0,1,3.481,phishing
https://banking-update-123.com/account?id=9036,14,8,0,1,2,3,1,0,0,1,3.943,phishing
https://office365-login-443.net/verify?id=9701,15,7,0,1,2,3,1,0,0,1,3.336,phishing
https://netflix.com/api/v1,7,7,0,1,1,0,0,0,0,0,2.885,legitimate
https://paypal-secure-658.info/login?id=1482,13,6,0,1,2,2,3,0,0,1,3.698,phishing
https://banking-update-162.org/login?id=5160,14,6,0,1,2,3,2,0,0,1,4.487,phishing
https://banking-update-608.org/verify?id=2514,14,7,0,1,2,1,3,0,0,1,3.611,phishing
https://netflix.edu/products,7,9,0,1,1,0,0,0,0,0,2.682,legitimate
https://github.com/support,6,8,0,1,1,0,0,0,0,0,2.469,legitimate
https://secure-login-949.com/login?id=5335,12,6,0,1,2,1,1,0,0,1,3.736,phishing
https://github.edu/support,6,8,0,1,1,0,0,0,0,0,2.507,legitimate
https://amazon-support-531.net/login?id=6723,14,6,0,1,2,1,4,0,0,1,4.507,phishing
https://bankofamerica.com/products,13,9,0,1,1,0,0,0,0,0,3.081,legitimate
https://banking-update-818.org/verify?id=3486,14,7,0,1,2,2,3,0,0,1,3.491,phishing
https://bankofamerica.com/about,13,6,0,1,1,0,0,0,0,0,2.577,legitimate
https://paypal-secure-902.org/verify?id=2076,13,7,0,1,2,1,2,0,0,1,3.644,phishing
https://microsoft.net/support,9,8,0,1,1,0,0,0,0,0,2.281,legitimate
https://paypal-secure-149.org/reset?id=2686,13,6,0,1,2,3,2,0,0,1,4.787,phishing
https://banking-update-311.org/account?id=4750,14,8,0,1,2,2,2,0,0,1,4.646,phishing
https://banking-update-979.org/account?id=7826,14,8,0,1,2,2,3,0,0,1,4.008,phishing
https://bankofamerica.org/products,13,9,0,1,1,0,0,0,0,0,2.118,legitimate
https://amazon-support-965.net/update?id=1089,14,7,0,1,2,1,2,0,0,1,3.542,phishing
https://office365-login-270.com/login?id=6313,15,6,0,1,2,3,2,0,0,1,3.269,phishing
https://microsoft.net/about,9,6,0,1,1,0,0,0,0,0,2.02,legitimate
https://secure-login-338.info/account?id=2854,12,8,0,1,2,1,3,0,0,1,3.846,phishing
https://office365-login-281.info/update?id=8548,15,7,0,1,2,2,2,0,0,1,4.298,phishing
https://github.org/api/v1,6,7,0,1,1,0,0,0,0,0,2.454,legitimate
https://paypal-secure-940.info/account?id=7798,13,8,0,1,2,2,3,0,0,1,4.722,phishing
https://paypal-secure-298.org/update?id=4428,13,7,0,1,2,3,1,0,0,1,3.532,phishing
https://paypal-secure-830.org/reset?id=9413,13,6,0,1,2,1,4,0,0,1,3.205,phishing
https://paypal-secure-601.info/verify?id=5306,13,7,0,1,2,3,1,0,0,1,4.636,phishing
https://github.com/api/v1,6,7,0,1,1,0,0,0,0,0,2.125,legitimate
https://office365-login-975.info/login?id=2277,15,6,0,1,2,2,1,0,0,1,4.149,phishing
https://amazon-support-547.info/update?id=7360,14,7,0,1,2,3,4,0,0,1,3.441,phishing
https://banking-update-597.com/login?id=3012,14,6,0,1,2,3,2,0,0,1,3.269,phishing
https://amazon-support-225.org/verify?id=8280,14,7,0,1,2,2,4,0,0,1,3.751,phishing
https://netflix.org/api/v1,7,7,0,1,1,0,0,0,0,0,3.193,legitimate
https://office365-login-282.net/verify?id=3114,15,7,0,1,2,1,4,0,0,1,3.346,phishing
https://github.org/api/v1,6,7,0,1,1,0,0,0,0,0,2.794,legitimate
https://amazon-support-737.com/reset?id=8399,14,6,0,1,2,3,2,0,0,1,4.669,phishing
https://amazon-support-265.net/reset?id=8240,14,6,0,1,2,1,2,0,0,1,4.361,phishing
https://banking-update-228.org/verify?id=1777,14,7,0,1,2,3,1,0,0,1,4.364,phishing
https://office365-login-179.com/login?id=1657,15,6,0,1,2,3,1,0,0,1,3.249,phishing
https://amazon-support-149.org/login?id=6432,14,6,0,1,2,1,1,0,0,1,3.698,phishing
https://banking-update-930.org/reset?id=7561,14,6,0,1,2,3,3,0,0,1,3.342,phishing
https://secure-login-583.info/account?id=3975,12,8,0,1,2,1,4,0,0,1,4.436,phishing
https://bankofamerica.org/support,13,8,0,1,1,0,0,0,0,0,2.01,legitimate
https://office365-login-374.net/verify?id=9663,15,7,0,1,2,3,1,0,0,1,3.987,phishing
https://netflix.net/about,7,6,0,1,1,0,0,0,0,0,2.555,legitimate
https://github.edu/api/v1,6,7,0,1,1,0,0,0,0,0,2.686,legitimate
https://bankofamerica.com/about,13,6,0,1,1,0,0,0,0,0,2.508,legitimate
https://bankofamerica.edu/about,13,6,0,1,1,0,0,0,0,0,2.82,legitimate
https://amazon-support-515.com/login?id=1558,14,6,0,1,2,3,3,0,0,1,4.286,phishing
https://paypal-secure-267.net/account?id=4497,13,8,0,1,2,3,3,0,0,1,4.286,phishing
https://amazon-support-907.info/update?id=5949,14,7,0,1,2,3,3,0,0,1,4.04,phishing
https://microsoft.edu/about,9,6,0,1,1,0,0,0,0,0,3.165,legitimate
https://amazon-support-744.net/login?id=7028,14,6,0,1,2,2,2,0,0,1,4.193,phishing
https://amazon-support-835.net/update?id=1908,14,7,0,1,2,2,1,0,0,1,3.551,phishing
https://example.edu/api/v1,7,7,0,1,1,0,0,0,0,0,3.084,legitimate
https://banking-update-218.info/update?id=3167,14,7,0,1,2,1,3,0,0,1,3.716,phishing
https://office365-login-896.info/reset?id=2831,15,6,0,1,2,1,4,0,0,1,3.476,phishing
https://microsoft.net/products,9,9,0,1,1,0,0,0,0,0,2.766,legitimate
https://paypal-secure-127.org/reset?id=4951,13,6,0,1,2,3,2,0,0,1,3.609,phishing
https://office365-login-451.com/update?id=4475,15,7,0,1,2,3,1,0,0,1,4.507,phishing
https://secure-login-261.net/reset?id=9470,12,6,0,1,2,3,1,0,0,1,4.016,phishing
https://github.com/products,6,9,0,1,1,0,0,0,0,0,2.283,legitimate
https://secure-login-111.info/verify?id=6951,12,7,0,1,2,1,4,0,0,1,4.015,phishing
https://paypal-secure-236.info/update?id=8546,13,7,0,1,2,3,3,0,0,1,3.832,phishing
https://microsoft.org/docs,9,5,0,1,1,0,0,0,0,0,2.563,legitimate
https://microsoft.org/products,9,9,0,1,1,0,0,0,0,0,3.051,legitimate
https://office365-login-375.com/verify?id=6940,15,7,0,1,2,2,3,0,0,1,3.333,phishing
https://github.net/about,6,6,0,1,1,0,0,0,0,0,2.244,legitimate
https://amazon-support-867.info/update?id=4480,14,7,0,1,2,1,3,0,0,1,3.714,phishing
https://paypal-secure-771.com/account?id=3331,13,8,0,1,2,1,1,0,0,1,4.652,phishing
https://netflix.edu/support,7,8,0,1,1,0,0,0,0,0,2.12,legitimate
https://paypal-secure-350.info/reset?id=1916,13,6,0,1,2,3,2,0,0,1,3.238,phishing
https://office365-login-829.net/account?id=1648,15,8,0,1,2,1,3,0,0,1,4.603,phishing
https://microsoft.net/support,9,8,0,1,1,0,0,0,0,0,2.526,legitimate
https://microsoft.org/support,9,8,0,1,1,0,0,0,0,0,2.191,legitimate
https://banking-update-161.org/verify?id=1301,14,7,0,1,2,3,1,0,0,1,4.157,phishing
https://microsoft.net/api/v1,9,7,0,1,1,0,0,0,0,0,2.393,legitimate
https://netflix.net/api/v1,7,7,0,1,1,0,0,0,0,0,2.438,legitimate
https://github.com/docs,6,5,0,1,1,0,0,0,0,0,2.169,legitimate
https://amazon-support-221.net/login?id=3650,14,6,0,1,2,2,2,0,0,1,3.604,phishing
https://microsoft.edu/products,9,9,0,1,1,0,0,0,0,0,2.515,legitimate
https://paypal-secure-749.org/update?id=6378,13,7,0,1,2,2,3,0,0,1,3.665,phishing
https://paypal-secure-279.info/reset?id=4006,13,6,0,1,2,1,1,0,0,1,4.191,phishing
https://amazon-support-119.org/account?id=6685,14,8,0,1,2,2,3,0,0,1,4.769,phishing
https://banking-update-424.info/verify?id=1013,14,7,0,1,2,1,4,0,0,1,4.518,phishing
https://amazon-support-635.com/verify?id=4416,14,7,0,1,2,3,4,0,0,1,3.286,phishing
https://secure-login-690.info/reset?id=4265,12,6,0,1,2,3,2,0,0,1,4.469,phishing
https://netflix.net/products,7,9,0,1,1,0,0,0,0,0,2.607,legitimate
https://paypal-secure-747.com/update?id=6579,13,7,0,1,2,3,2,0,0,1,4.048,phishing
https://amazon-support-421.net/login?id=3861,14,6,0,1,2,3,2,0,0,1,4.395,phishing
https://amazon-support-948.com/update?id=4826,14,7,0,1,2,3,4,0,0,1,3.229,phishing
https://banking-update-129.info/account?id=1738,14,8,0,1,2,3,3,0,0,1,3.285,phishing
https://amazon-support-683.com/update?id=4715,14,7,0,1,2,3,4,0,0,1,3.958,phishing
https://paypal-secure-620.com/verify?id=7052,13,7,0,1,2,3,1,0,0,1,4.701,phishing
https://example.edu/about,7,6,0,1,1,0,0,0,0,0,2.205,legitimate
https://netflix.net/support,7,8,0,1,1,0,0,0,0,0,2.339,legitimate
https://paypal-secure-206.info/update?id=5264,13,7,0,1,2,1,4,0,0,1,3.981,phishing
https://amazon-support-814.com/verify?id=7563,14,7,0,1,2,3,2,0,0,1,3.414,phishing
https://office365-login-134.org/reset?id=2033,15,6,0,1,2,2,3,0,0,1,4.279,phishing
https://banking-update-335.org/account?id=1187,14,8,0,1,2,3,3,0,0,1,3.954,phishing
https://paypal-secure-421.info/login?id=4046,13,6,0,1,2,3,3,0,0,1,3.422,phishing
https://microsoft.net/products,9,9,0,1,1,0,0,0,0,0,2.334,legitimate
https://office365-login-517.org/verify?id=7145,15,7,0,1,2,2,3,0,0,1,4.524,phishing
https://banking-update-403.com/update?id=4875,14,7,0,1,2,2,1,0,0,1,4.245,phishing
https://example.net/support,7,8,0,1,1,0,0,0,0,0,2.443,legitimate
https://bankofamerica.edu/docs,13,5,0,1,1,0,0,0,0,0,3.087,legitimate
https://secure-login-602.org/verify?id=9972,12,7,0,1,2,1,3,0,0,1,3.851,phishing
https://office365-login-189.net/verify?id=1164,15,7,0,1,2,1,1,0,0,1,3.243,phishing
https://secure-login-903.net/login?id=5389,12,6,0,1,2,3,1,0,0,1,3.632,phishing
https://paypal-secure-925.net/login?id=2338,13,6,0,1,2,3,4,0,0,1,4.5,phishing
https://secure-login-803.com/verify?id=8783,12,7,0,1,2,3,4,0,0,1,3.354,phishing
https://amazon-support-897.net/account?id=9202,14,8,0,1,2,1,2,0,0,1,4.382,phishing
https://amazon-support-976.net/verify?id=8828,14,7,0,1,2,3,1,0,0,1,4.014,phishing
https://banking-update-284.com/reset?id=8558,14,6,0,1,2,3,3,0,0,1,3.918,phishing
https://microsoft.edu/api/v1,9,7,0,1,1,0,0,0,0,0,2.396,legitimate
https://amazon-support-276.org/login?id=7327,14,6,0,1,2,3,1,0,0,1,4.207,phishing
https://github.net/products,6,9,0,1,1,0,0,0,0,0,2.524,legitimate
https://paypal-secure-685.org/account?id=8522,13,8,0,1,2,1,2,0,0,1,4.454,phishing
https://example.net/docs,7,5,0,1,1,0,0,0,0,0,2.611,legitimate
https://office365-login-873.net/verify?id=5532,15,7,0,1,2,2,2,0,0,1,4.131,phishing
https://example.org/support,7,8,0,1,1,0,0,0,0,0,3.072,legitimate
https://office365-login-817.info/update?id=9218,15,7,0,1,2,1,2,0,0,1,4.091,phishing
https://office365-login-304.org/reset?id=7879,15,6,0,1,2,3,2,0,0,1,4.254,phishing
https://amazon-support-801.info/login?id=5805,14,6,0,1,2,2,1,0,0,1,3.622,phishing
https://paypal-secure-602.info/account?id=3731,13,8,0,1,2,2,1,0,0,1,4.538,phishing
https://secure-login-799.net/account?id=9479,12,8,0,1,2,1,1,0,0,1,4.733,phishing
https://office365-login-108.org/reset?id=7901,15,6,0,1,2,3,4,0,0,1,4.369,phishing
https://amazon-support-746.org/verify?id=6136,14,7,0,1,2,1,1,0,0,1,4.175,phishing
https://office365-login-626.com/account?id=9971,15,8,0,1,2,1,4,0,0,1,4.197,phishing
https://amazon-support-834.net/account?id=3449,14,8,0,1,2,1,2,0,0,1,3.992,phishing
https://amazon-support-173.net/verify?id=7421,14,7,0,1,2,1,2,0,0,1,4.09,phishing
https://example.edu/support,7,8,0,1,1,0,0,0,0,0,2.701,legitimate
https://secure-login-319.net/account?id=4138,12,8,0,1,2,1,2,0,0,1,4.003,phishing
https://microsoft.net/docs,9,5,0,1,1,0,0,0,0,0,2.722,legitimate
https://paypal-secure-824.com/reset?id=2536,13,6,0,1,2,3,4,0,0,1,3.515,phishing
https://example.org/api/v1,7,7,0,1,1,0,0,0,0,0,2.535,legitimate
https://github.org/docs,6,5,0,1,1,0,0,0,0,0,2.935,legitimate
https://amazon-support-557.info/verify?id=3150,14,7,0,1,2,1,4,0,0,1,3.245,phishing
https://amazon-support-890.org/verify?id=5165,14,7,0,1,2,1,2,0,0,1,4.252,phishing
https://banking-update-323.net/login?id=9054,14,6,0,1,2,2,3,0,0,1,4.236,phishing
https://banking-update-248.info/account?id=1825,14,8,0,1,2,1,4,0,0,1,4.254,phishing
https://netflix.org/docs,7,5,0,1,1,0,0,0,0,0,2.767,legitimate
https://office365-login-594.org/update?id=6954,15,7,0,1,2,3,3,0,0,1,4.13,phishing
https://banking-update-579.com/verify?id=4839,14,7,0,1,2,1,2,0,0,1,3.732,phishing
https://office365-login-138.org/reset?id=4020,15,6,0,1,2,1,3,0,0,1,4.45,phishing
https://banking-update-488.info/update?id=2716,14,7,0,1,2,3,2,0,0,1,3.941,phishing
https://netflix.com/api/v1,7,7,0,1,1,0,0,0,0,0,2.892,legitimate
https://microsoft.net/api/v1,9,7,0,1,1,0,0,0,0,0,2.336,legitimate
https://secure-login-263.info/account?id=5295,12,8,0,1,2,3,2,0,0,1,4.407,phishing
https://paypal-secure-557.org/account?id=3477,13,8,0,1,2,1,1,0,0,1,3.961,phishing
https://example.com/docs,7,5,0,1,1,0,0,0,0,0,2.535,legitimate
https://amazon-support-570.org/update?id=5821,14,7,0,1,2,2,2,0,0,1,3.789,phishing
https://banking-update-987.org/verify?id=5867,14,7,0,1,2,2,1,0,0,1,4.457,phishing
https://paypal-secure-742.org/update?id=9055,13,7,0,1,2,3,1,0,0,1,3.576,phishing
https://github.org/api/v1,6,7,0,1,1,0,0,0,0,0,2.809,legitimate
https://example.org/api/v1,7,7,0,1,1,0,0,0,0,0,2.363,legitimate
https://microsoft.com/about,9,6,0,1,1,0,0,0,0,0,2.848,legitimate
https://example.org/support,7,8,0,1,1,0,0,0,0,0,2.75,legitimate
https://office365-login-869.com/account?id=7048,15,8,0,1,2,2,2,0,0,1,3.369,phishing
https://microsoft.org/docs,9,5,0,1,1,0,0,0,0,0,2.181,legitimate
https://github.com/about,6,6,0,1,1,0,0,0,0,0,2.661,legitimate
https://secure-login-654.com/reset?id=9169,12,6,0,1,2,3,3,0,0,1,4.104,phishing
https://microsoft.org/api/v1,9,7,0,1,1,0,0,0,0,0,2.833,legitimate
https://office365-login-139.org/reset?id=3347,15,6,0,1,2,3,2,0,0,1,4.612,phishing
https://netflix.net/api/v1,7,7,0,1,1,0,0,0,0,0,3.049,legitimate
https://paypal-secure-131.org/account?id=5529,13,8,0,1,2,2,4,0,0,1,4.099,phishing
https://example.org/support,7,8,0,1,1,0,0,0,0,0,2.076,legitimate
https://paypal-secure-502.info/reset?id=8859,13,6,0,1,2,1,4,0,0,1,4.238,phishing
https://secure-login-379.org/verify?id=5490,12,7,0,1,2,3,1,0,0,1,3.392,phishing
https://paypal-secure-369.com/verify?id=3727,13,7,0,1,2,2,2,0,0,1,3.717,phishing
https://bankofamerica.com/docs,13,5,0,1,1,0,0,0,0,0,3.19,legitimate
https://netflix.net/api/v1,7,7,0,1,1,0,0,0,0,0,2.405,legitimate
https://office365-login-265.com/account?id=8788,15,8,0,1,2,1,4,0,0,1,4.306,phishing
https://bankofamerica.com/about,13,6,0,1,1,0,0,0,0,0,3.011,legitimate
https://office365-login-986.net/login?id=2975,15,6,0,1,2,3,3,0,0,1,3.555,phishing
https://banking-update-655.org/account?id=3599,14,8,0,1,2,2,4,0,0,1,3.903,phishing
https://secure-login-576.org/account?id=8221,12,8,0,1,2,2,1,0,0,1,4.246,phishing
https://amazon-support-460.org/login?id=4091,14,6,0,1,2,3,3,0,0,1,4.724,phishing
https://github.net/about,6,6,0,1,1,0,0,0,0,0,3.076,legitimate
https://netflix.net/support,7,8,0,1,1,0,0,0,0,0,2.279,legitimate
https://secure-login-616.org/reset?id=9023,12,6,0,1,2,1,4,0,0,1,4.312,phishing
https://microsoft.org/support,9,8,0,1,1,0,0,0,0,0,2.151,legitimate
https://banking-update-498.org/account?id=1318,14,8,0,1,2,2,2,0,0,1,4.41,phishing
https://secure-login-900.com/login?id=1210,12,6,0,1,2,1,1,0,0,1,3.971,phishing
https://netflix.org/docs,7,5,0,1,1,0,0,0,0,0,3.19,legitimate
https://office365-login-588.org/account?id=5098,15,8,0,1,2,1,4,0,0,1,4.286,phishing
https://office365-login-157.net/verify?id=9441,15,7,0,1,2,1,2,0,0,1,3.569,phishing
https://office365-login-764.org/verify?id=5769,15,7,0,1,2,2,3,0,0,1,4.256,phishing
https://amazon-support-264.info/update?id=8269,14,7,0,1,2,3,4,0,0,1,4.334,phishing
https://github.edu/products,6,9,0,1,1,0,0,0,0,0,2.98,legitimate
https://microsoft.com/products,9,9,0,1,1,0,0,0,0,0,2.374,legitimate
https://banking-update-682.org/update?id=5273,14,7,0,1,2,1,1,0,0,1,4.29,phishing
https://office365-login-723.org/update?id=9714,15,7,0,1,2,1,2,0,0,1,3.924,phishing
https://secure-login-837.net/verify?id=4347,12,7,0,1,2,1,4,0,0,1,4.028,phishing
https://netflix.com/support,7,8,0,1,1,0,0,0,0,0,2.084,legitimate
https://paypal-secure-265.net/login?id=7649,13,6,0,1,2,1,3,0,0,1,4.477,phishing
https://netflix.com/about,7,6,0,1,1,0,0,0,0,0,2.521,legitimate
https://office365-login-274.org/account?id=6318,15,8,0,1,2,3,1,0,0,1,4.173,phishing
https://banking-update-985.net/reset?id=5720,14,6,0,1,2,2,2,0,0,1,3.98,phishing
https://secure-login-360.net/reset?id=1459,12,6,0,1,2,3,1,0,0,1,4.587,phishing
https://office365-login-371.com/login?id=5023,15,6,0,1,2,1,1,0,0,1,4.1,phishing
https://office365-login-398.com/account?id=8888,15,8,0,1,2,3,4,0,0,1,4.254,phishing
https://banking-update-297.net/login?id=2597,14,6,0,1,2,2,2,0,0,1,4.155,phishing
https://secure-login-458.net/update?id=2316,12,7,0,1,2,1,4,0,0,1,3.865,phishing
https://netflix.edu/support,7,8,0,1,1,0,0,0,0,0,2.135,legitimate
https://example.net/products,7,9,0,1,1,0,0,0,0,0,2.676,legitimate
https://example.edu/about,7,6,0,1,1,0,0,0,0,0,2.082,legitimate
https://secure-login-867.info/reset?id=7988,12,6,0,1,2,2,2,0,0,1,4.463,phishing
https://secure-login-482.info/login?id=7605,12,6,0,1,2,3,3,0,0,1,4.406,phishing
https://secure-login-155.net/verify?id=2625,12,7,0,1,2,1,4,0,0,1,3.782,phishing
https://banking-update-242.org/account?id=6565,14,8,0,1,2,2,3,0,0,1,3.276,phishing
https://github.org/docs,6,5,0,1,1,0,0,0,0,0,2.795,legitimate
https://bankofamerica.net/api/v1,13,7,0,1,1,0,0,0,0,0,2.447,legitimate
https://netflix.edu/about,7,6,0,1,1,0,0,0,0,0,2.75,legitimate
https://paypal-secure-424.org/reset?id=9943,13,6,0,1,2,1,3,0,0,1,3.602,phishing
https://banking-update-733.net/account?id=7146,14,8,0,1,2,2,4,0,0,1,4.032,phishing
https://banking-update-516.info/login?id=4302,14,6,0,1,2,3,1,0,0,1,3.841,phishing
https://banking-update-723.info/login?id=1630,14,6,0,1,2,2,2,0,0,1,3.947,phishing
https://secure-login-499.com/update?id=5492,12,7,0,1,2,3,1,0,0,1,3.548,phishing
https://amazon-support-125.info/verify?id=3986,14,7,0,1,2,3,1,0,0,1,4.661,phishing
https://banking-update-781.info/login?id=6323,14,6,0,1,2,3,3,0,0,1,4.097,phishing
https://amazon-support-650.net/account?id=4668,14,8,0,1,2,2,4,0,0,1,3.254,phishing
https://secure-login-165.net/verify?id=2343,12,7,0,1,2,3,4,0,0,1,4.437,phishing
https://netflix.net/api/v1,7,7,0,1,1,0,0,0,0,0,2.499,legitimate
https://secure-login-651.com/verify?id=5148,12,7,0,1,2,2,1,0,0,1,3.959,phishing
https://amazon-support-786.net/verify?id=2718,14,7,0,1,2,2,3,0,0,1,4.17,phishing
https://office365-login-134.org/login?id=9865,15,6,0,1,2,3,3,0,0,1,3.723,phishing
https://paypal-secure-798.info/update?id=7505,13,7,0,1,2,1,2,0,0,1,3.875,phishing
https://secure-login-443.org/verify?id=9284,12,7,0,1,2,2,2,0,0,1,4.62,phishing
https://banking-update-828.com/update?id=7869,14,7,0,1,2,3,1,0,0,1,4.198,phishing
https://paypal-secure-759.org/verify?id=5960,13,7,0,1,2,3,4,0,0,1,3.511,phishing
https://banking-update-883.org/reset?id=6291,14,6,0,1,2,2,3,0,0,1,3.938,phishing
https://microsoft.com/products,9,9,0,1,1,0,0,0,0,0,2.048,legitimate
https://github.edu/support,6,8,0,1,1,0,0,0,0,0,2.866,legitimate
https://amazon-support-390.info/update?id=4795,14,7,0,1,2,1,4,0,0,1,4.33,phishing
https://paypal-secure-472.info/update?id=3463,13,7,0,1,2,2,4,0,0,1,3.282,phishing
https://amazon-support-499.org/account?id=7569,14,8,0,1,2,3,1,0,0,1,4.064,phishing
https://bankofamerica.net/support,13,8,0,1,1,0,0,0,0,0,2.179,legitimate
https://amazon-support-343.info/update?id=2670,14,7,0,1,2,2,3,0,0,1,4.692,phishing
https://example.net/products,7,9,0,1,1,0,0,0,0,0,2.762,legitimate
https://office365-login-596.net/account?id=6484,15,8,0,1,2,2,2,0,0,1,4.024,phishing
https://office365-login-369.net/login?id=5079,15,6,0,1,2,3,2,0,0,1,3.772,phishing
https://amazon-support-920.net/reset?id=3848,14,6,0,1,2,3,1,0,0,1,4.705,phishing
https://microsoft.net/about,9,6,0,1,1,0,0,0,0,0,2.249,legitimate
https://banking-update-681.com/login?id=1348,14,6,0,1,2,1,2,0,0,1,4.551,phishing
https://example.com/docs,7,5,0,1,1,0,0,0,0,0,2.246,legitimate
https://banking-update-969.org/update?id=2475,14,7,0,1,2,2,1,0,0,1,4.013,phishing
https://banking-update-810.info/verify?id=2138,14,7,0,1,2,2,2,0,0,1,4.725,phishing
https://banking-update-251.info/login?id=5833,14,6,0,1,2,1,3,0,0,1,3.3,phishing
https://office365-login-306.com/verify?id=7036,15,7,0,1,2,1,4,0,0,1,3.724,phishing
https://office365-login-706.org/login?id=8602,15,6,0,1,2,2,4,0,0,1,4.653,phishing
https://amazon-support-870.net/reset?id=4111,14,6,0,1,2,1,1,0,0,1,3.375,phishing
https://banking-update-549.com/login?id=8552,14,6,0,1,2,2,3,0,0,1,3.834,phishing
https://amazon-support-688.org/verify?id=2918,14,7,0,1,2,2,3,0,0,1,3.215,phishing
https://office365-login-309.com/account?id=4647,15,8,0,1,2,1,3,0,0,1,4.566,phishing
https://secure-login-277.org/update?id=2688,12,7,0,1,2,2,3,0,0,1,3.314,phishing
https://office365-login-207.org/verify?id=5885,15,7,0,1,2,1,4,0,0,1,3.648,phishing
https://microsoft.net/support,9,8,0,1,1,0,0,0,0,0,2.822,legitimate
https://office365-login-763.org/account?id=3140,15,8,0,1,2,2,4,0,0,1,3.251,phishing
https://github.net/api/v1,6,7,0,1,1,0,0,0,0,0,3.065,legitimate
https://amazon-support-244.com/login?id=2087,14,6,0,1,2,3,1,0,0,1,3.62,phishing
https://secure-login-429.info/account?id=4134,12,8,0,1,2,2,3,0,0,1,3.579,phishing
https://secure-login-378.org/verify?id=8995,12,7,0,1,2,1,3,0,0,1,4.467,phishing
https://amazon-support-794.info/verify?id=2642,14,7,0,1,2,2,3,0,0,1,3.437,phishing
https://example.org/docs,7,5,0,1,1,0,0,0,0,0,2.768,legitimate
https://secure-login-746.org/login?id=8406,12,6,0,1,2,1,2,0,0,1,4.54,phishing
https://paypal-secure-168.info/account?id=3313,13,8,0,1,2,1,1,0,0,1,3.254,phishing
https://banking-update-247.org/verify?id=2324,14,7,0,1,2,1,1,0,0,1,4.042,phishing
https://amazon-support-455.info/account?id=6425,14,8,0,1,2,3,4,0,0,1,4.706,phishing
https://office365-login-732.net/account?id=1903,15,8,0,1,2,3,3,0,0,1,4.491,phishing
https://paypal-secure-118.org/login?id=6688,13,6,0,1,2,2,4,0,0,1,3.544,phishing
https://netflix.org/products,7,9,0,1,1,0,0,0,0,0,2.905,legitimate
https://microsoft.com/products,9,9,0,1,1,0,0,0,0,0,2.301,legitimate
https://banking-update-442.net/account?id=9592,14,8,0,1,2,3,2,0,0,1,4.715,phishing
https://secure-login-573.info/login?id=6969,12,6,0,1,2,3,2,0,0,1,3.287,phishing
https://paypal-secure-633.com/verify?id=4201,13,7,0,1,2,3,1,0,0,1,4.299,phishing
https://office365-login-998.org/account?id=3786,15,8,0,1,2,2,3,0,0,1,3.541,phishing
https://amazon-support-339.net/reset?id=3555,14,6,0,1,2,3,4,0,0,1,4.42,phishing
https://office365-login-535.info/login?id=4411,15,6,0,1,2,2,2,0,0,1,3.929,phishing
https://bankofamerica.org/docs,13,5,0,1,1,0,0,0,0,0,2.086,legitimate
https://microsoft.edu/products,9,9,0,1,1,0,0,0,0,0,2.579,legitimate
https://example.org/support,7,8,0,1,1,0,0,0,0,0,2.067,legitimate
https://amazon-support-654.info/login?id=6166,14,6,0,1,2,3,2,0,0,1,3.299,phishing
https://paypal-secure-808.com/login?id=1321,13,6,0,1,2,2,3,0,0,1,3.546,phishing
https://paypal-secure-701.com/reset?id=4955,13,6,0,1,2,2,1,0,0,1,4.262,phishing
https://example.com/support,7,8,0,1,1,0,0,0,0,0,3.108,legitimate
https://microsoft.edu/support,9,8,0,1,1,0,0,0,0,0,2.471,legitimate
https://amazon-support-459.net/account?id=4032,14,8,0,1,2,2,4,0,0,1,3.824,phishing
https://amazon-support-961.info/update?id=5804,14,7,0,1,2,2,2,0,0,1,4.13,phishing
https://amazon-support-717.com/login?id=4443,14,6,0,1,2,1,3,0,0,1,3.409,phishing
https://banking-update-386.info/reset?id=3254,14,6,0,1,2,1,2,0,0,1,3.344,phishing
https://secure-login-295.info/account?id=9342,12,8,0,1,2,1,3,0,0,1,4.175,phishing
https://amazon-support-848.net/login?id=4643,14,6,0,1,2,3,3,0,0,1,3.93,phishing
https://secure-login-281.net/login?id=5152,12,6,0,1,2,1,3,0,0,1,4.143,phishing
https://office365-login-872.org/account?id=4752,15,8,0,1,2,1,4,0,0,1,3.741,phishing
https://office365-login-746.org/account?id=5875,15,8,0,1,2,2,4,0,0,1,4.24,phishing
https://banking-update-464.info/reset?id=9344,14,6,0,1,2,1,4,0,0,1,4.612,phishing
https://amazon-support-976.info/update?id=2111,14,7,0,1,2,2,4,0,0,1,3.551,phishing
https://office365-login-428.org/reset?id=9642,15,6,0,1,2,1,3,0,0,1,4.271,phishing
https://amazon-support-636.net/reset?id=4267,14,6,0,1,2,2,4,0,0,1,3.856,phishing
https://banking-update-424.info/login?id=7485,14,6,0,1,2,1,1,0,0,1,4.688,phishing
https://amazon-support-144.info/login?id=9089,14,6,0,1,2,2,1,0,0,1,4.1,phishing
https://secure-login-188.org/login?id=7098,12,6,0,1,2,3,1,0,0,1,3.303,phishing
https://secure-login-706.org/account?id=8474,12,8,0,1,2,1,1,0,0,1,4.367,phishing
https://netflix.org/docs,7,5,0,1,1,0,0,0,0,0,2.427,legitimate
https://amazon-support-499.net/login?id=1795,14,6,0,1,2,2,1,0,0,1,4.445,phishing
https://banking-update-110.org/reset?id=6624,14,6,0,1,2,2,2,0,0,1,3.734,phishing
https://banking-update-719.net/login?id=5872,14,6,0,1,2,3,4,0,0,1,3.334,phishing
https://bankofamerica.org/api/v1,13,7,0,1,1,0,0,0,0,0,2.596,legitimate
https://banking-update-448.net/account?id=8400,14,8,0,1,2,2,2,0,0,1,3.393,phishing
https://paypal-secure-620.net/verify?id=2006,13,7,0,1,2,2,4,0,0,1,4.341,phishing
https://bankofamerica.com/products,13,9,0,1,1,0,0,0,0,0,2.165,legitimate
https://example.edu/products,7,9,0,1,1,0,0,0,0,0,2.251,legitimate
https://example.net/products,7,9,0,1,1,0,0,0,0,0,3.046,legitimate
https://secure-login-971.org/reset?id=4428,12,6,0,1,2,2,1,0,0,1,4.292,phishing
https://amazon-support-294.info/reset?id=2789,14,6,0,1,2,3,1,0,0,1,3.556,phishing
https://amazon-support-103.info/update?id=9185,14,7,0,1,2,1,3,0,0,1,4.517,phishing
https://paypal-secure-809.info/verify?id=1103,13,7,0,1,2,2,4,0,0,1,3.607,phishing
https://example.net/api/v1,7,7,0,1,1,0,0,0,0,0,2.756,legitimate
https://banking-update-190.com/account?id=5842,14,8,0,1,2,2,2,0,0,1,4.406,phishing
https://paypal-secure-899.org/account?id=1369,13,8,0,1,2,2,3,0,0,1,4.367,phishing
https://secure-login-648.info/verify?id=5936,12,7,0,1,2,1,2,0,0,1,3.411,phishing
https://banking-update-232.org/login?id=2569,14,6,0,1,2,3,1,0,0,1,3.878,phishing
https://banking-update-281.net/verify?id=8351,14,7,0,1,2,3,2,0,0,1,4.402,phishing
https://github.edu/about,6,6,0,1,1,0,0,0,0,0,2.421,legitimate
https://netflix.com/products,7,9,0,1,1,0,0,0,0,0,2.528,legitimate
https://office365-login-971.com/login?id=4150,15,6,0,1,2,1,4,0,0,1,3.534,phishing
https://office365-login-119.org/login?id=9500,15,6,0,1,2,2,2,0,0,1,3.731,phishing
https://github.edu/api/v1,6,7,0,1,1,0,0,0,0,0,2.974,legitimate
https://office365-login-804.info/account?id=5228,15,8,0,1,2,3,4,0,0,1,3.401,phishing
https://secure-login-733.org/reset?id=9350,12,6,0,1,2,3,2,0,0,1,3.465,phishing
https://bankofamerica.edu/docs,13,5,0,1,1,0,0,0,0,0,2.221,legitimate
https://microsoft.net/about,9,6,0,1,1,0,0,0,0,0,2.781,legitimate
https://paypal-secure-630.net/account?id=5174,13,8,0,1,2,2,1,0,0,1,3.552,phishing
https://paypal-secure-605.info/reset?id=9045,13,6,0,1,2,3,3,0,0,1,3.425,phishing
https://paypal-secure-134.net/login?id=6003,13,6,0,1,2,1,2,0,0,1,3.544,phishing
https://bankofamerica.com/api/v1,13,7,0,1,1,0,0,0,0,0,2.271,legitimate
https://microsoft.org/support,9,8,0,1,1,0,0,0,0,0,2.362,legitimate
https://bankofamerica.edu/docs,13,5,0,1,1,0,0,0,0,0,2.953,legitimate
https://amazon-support-656.org/account?id=4248,14,8,0,1,2,2,4,0,0,1,3.865,phishing
https://office365-login-619.org/verify?id=7148,15,7,0,1,2,3,3,0,0,1,4.186,phishing
https://banking-update-959.info/login?id=4602,14,6,0,1,2,3,3,0,0,1,3.67,phishing
https://amazon-support-710.net/account?id=7387,14,8,0,1,2,2,4,0,0,1,3.504,phishing
https://netflix.edu/api/v1,7,7,0,1,1,0,0,0,0,0,2.65,legitimate
https://secure-login-507.org/login?id=7861,12,6,0,1,2,2,2,0,0,1,3.59,phishing
https://secure-login-183.com/reset?id=2595,12,6,0,1,2,2,3,0,0,1,4.371,phishing
https://office365-login-912.info/reset?id=8608,15,6,0,1,2,2,1,0,0,1,4.41,phishing
https://amazon-support-790.com/login?id=5270,14,6,0,1,2,1,4,0,0,1,3.794,phishing
https://banking-update-197.org/verify?id=3973,14,7,0,1,2,2,4,0,0,1,4.295,phishing
https://github.com/products,6,9,0,1,1,0,0,0,0,0,2.428,legitimate
https://paypal-secure-354.net/reset?id=5271,13,6,0,1,2,2,4,0,0,1,3.463,phishing
https://office365-login-433.info/reset?id=7913,15,6,0,1,2,2,1,0,0,1,3.735,phishing
https://office365-login-708.net/login?id=5904,15,6,0,1,2,2,4,0,0,1,3.258,phishing
https://banking-update-786.org/verify?id=8090,14,7,0,1,2,1,2,0,0,1,3.637,phishing
https://bankofamerica.org/about,13,6,0,1,1,0,0,0,0,0,2.31,legitimate
https://banking-update-849.org/reset?id=4353,14,6,0,1,2,3,2,0,0,1,3.795,phishing
https://secure-login-758.com/verify?id=4665,12,7,0,1,2,2,2,0,0,1,4.406,phishing
https://office365-login-330.com/reset?id=2376,15,6,0,1,2,3,1,0,0,1,4.323,phishing
https://secure-login-806.org/update?id=5324,12,7,0,1,2,2,4,0,0,1,4.039,phishing
https://secure-login-234.org/account?id=1053,12,8,0,1,2,2,1,0,0,1,4.051,phishing
https://microsoft.edu/about,9,6,0,1,1,0,0,0,0,0,3.005,legitimate
https://office365-login-610.org/reset?id=2345,15,6,0,1,2,3,4,0,0,1,4.298,phishing
https://github.org/support,6,8,0,1,1,0,0,0,0,0,2.667,legitimate
https://paypal-secure-179.info/verify?id=2058,13,7,0,1,2,3,3,0,0,1,4.348,phishing
https://secure-login-966.info/login?id=3001,12,6,0,1,2,2,3,0,0,1,3.47,phishing
https://office365-login-417.net/update?id=1466,15,7,0,1,2,2,3,0,0,1,3.331,phishing
https://office365-login-679.info/reset?id=4582,15,6,0,1,2,3,4,0,0,1,3.248,phishing
https://office365-login-799.info/update?id=5523,15,7,0,1,2,1,1,0,0,1,4.091,phishing
https://example.com/about,7,6,0,1,1,0,0,0,0,0,2.775,legitimate
https://office365-login-137.info/update?id=2974,15,7,0,1,2,1,3,0,0,1,3.615,phishing
https://secure-login-509.org/account?id=4735,12,8,0,1,2,1,3,0,0,1,3.284,phishing
https://secure-login-552.org/update?id=1864,12,7,0,1,2,2,2,0,0,1,4.38,phishing
https://banking-update-429.com/account?id=5566,14,8,0,1,2,3,1,0,0,1,4.528,phishing
https://office365-login-972.net/account?id=6896,15,8,0,1,2,3,3,0,0,1,4.493,phishing
https://banking-update-778.org/reset?id=2289,14,6,0,1,2,3,4,0,0,1,3.652,phishing
https://netflix.edu/docs,7,5,0,1,1,0,0,0,0,0,3.189,legitimate
https://office365-login-488.info/reset?id=1572,15,6,0,1,2,2,2,0,0,1,4.412,phishing
https://banking-update-246.net/update?id=4699,14,7,0,1,2,2,2,0,0,1,3.826,phishing
https://bankofamerica.net/docs,13,5,0,1,1,0,0,0,0,0,2.133,legitimate
https://netflix.net/docs,7,5,0,1,1,0,0,0,0,0,2.849,legitimate
https://banking-update-619.net/reset?id=5590,14,6,0,1,2,2,3,0,0,1,4.666,phishing
https://paypal-secure-540.com/reset?id=5177,13,6,0,1,2,2,1,0,0,1,3.627,phishing
https://amazon-support-991.net/reset?id=6774,14,6,0,1,2,2,1,0,0,1,3.396,phishing
https://netflix.edu/support,7,8,0,1,1,0,0,0,0,0,3.102,legitimate
https://banking-update-850.info/account?id=3246,14,8,0,1,2,2,4,0,0,1,4.426,phishing
https://netflix.org/docs,7,5,0,1,1,0,0,0,0,0,2.272,legitimate
https://paypal-secure-487.net/account?id=1353,13,8,0,1,2,1,4,0,0,1,4.775,phishing
https://banking-update-988.info/account?id=4101,14,8,0,1,2,2,2,0,0,1,3.919,phishing
https://office365-login-578.org/login?id=2192,15,6,0,1,2,3,4,0,0,1,3.715,phishing
https://example.net/about,7,6,0,1,1,0,0,0,0,0,3.147,legitimate
https://bankofamerica.com/about,13,6,0,1,1,0,0,0,0,0,3.004,legitimate
https://amazon-support-544.org/verify?id=7387,14,7,0,1,2,1,4,0,0,1,4.399,phishing
https://office365-login-733.com/account?id=3342,15,8,0,1,2,3,2,0,0,1,4.615,phishing
https://paypal-secure-199.info/account?id=1928,13,8,0,1,2,1,4,0,0,1,4.151,phishing
https://netflix.org/docs,7,5,0,1,1,0,0,0,0,0,2.363,legitimate
https://secure-login-840.net/update?id=1752,12,7,0,1,2,1,2,0,0,1,3.571,phishing
https://banking-update-744.net/update?id=8719,14,7,0,1,2,3,3,0,0,1,4.155,phishing
https://secure-login-952.net/reset?id=3126,12,6,0,1,2,3,2,0,0,1,4.621,phishing
https://office365-login-862.org/login?id=5682,15,6,0,1,2,2,4,0,0,1,4.612,phishing
https://netflix.edu/docs,7,5,0,1,1,0,0,0,0,0,3.109,legitimate
https://github.com/docs,6,5,0,1,1,0,0,0,0,0,3.178,legitimate
https://secure-login-994.net/account?id=7741,12,8,0,1,2,3,4,0,0,1,4.398,phishing
https://secure-login-674.net/update?id=4674,12,7,0,1,2,1,2,0,0,1,4.078,phishing
https://office365-login-302.net/reset?id=4853,15,6,0,1,2,2,4,0,0,1,4.395,phishing
https://bankofamerica.net/docs,13,5,0,1,1,0,0,0,0,0,2.359,legitimate
https://github.net/products,6,9,0,1,1,0,0,0,0,0,2.092,legitimate
https://amazon-support-785.org/login?id=6235,14,6,0,1,2,3,1,0,0,1,4.008,phishing
https://paypal-secure-716.org/reset?id=5726,13,6,0,1,2,3,2,0,0,1,4.478,phishing
https://netflix.org/api/v1,7,7,0,1,1,0,0,0,0,0,3.117,legitimate
https://secure-login-693.org/reset?id=6618,12,6,0,1,2,3,2,0,0,1,4.231,phishing
https://paypal-secure-713.com/reset?id=9484,13,6,0,1,2,3,1,0,0,1,4.67,phishing
https://office365-login-769.net/account?id=9154,15,8,0,1,2,2,4,0,0,1,4.03,phishing
https://example.edu/about,7,6,0,1,1,0,0,0,0,0,2.148,legitimate
https://secure-login-879.net/verify?id=5414,12,7,0,1,2,2,2,0,0,1,3.743,phishing
https://office365-login-876.info/reset?id=5916,15,6,0,1,2,1,4,0,0,1,4.002,phishing
https://banking-update-259.org/login?id=4524,14,6,0,1,2,3,2,0,0,1,4.011,phishing
https://paypal-secure-167.com/reset?id=7130,13,6,0,1,2,2,1,0,0,1,4.155,phishing
https://amazon-support-555.net/reset?id=3866,14,6,0,1,2,1,3,0,0,1,4.64,phishing
https://office365-login-456.info/account?id=1754,15,8,0,1,2,2,4,0,0,1,3.525,phishing
https://banking-update-959.net/update?id=5807,14,7,0,1,2,2,1,0,0,1,4.713,phishing
https://banking-update-725.org/reset?id=7799,14,6,0,1,2,1,4,0,0,1,4.682,phishing
https://banking-update-527.net/reset?id=3053,14,6,0,1,2,3,1,0,0,1,3.682,phishing
https://microsoft.edu/support,9,8,0,1,1,0,0,0,0,0,2.754,legitimate
https://paypal-secure-148.info/login?id=1476,13,6,0,1,2,3,2,0,0,1,3.751,phishing
https://office365-login-496.net/login?id=6644,15,6,0,1,2,1,1,0,0,1,3.966,phishing
https://amazon-support-255.com/verify?id=9274,14,7,0,1,2,3,1,0,0,1,4.776,phishing
https://banking-update-380.com/verify?id=7863,14,7,0,1,2,3,1,0,0,1,3.797,phishing
https://amazon-support-586.info/login?id=1235,14,6,0,1,2,2,2,0,0,1,4.492,phishing
https://microsoft.org/docs,9,5,0,1,1,0,0,0,0,0,3.068,legitimate
https://netflix.net/about,7,6,0,1,1,0,0,0,0,0,3.114,legitimate
https://office365-login-993.net/reset?id=5166,15,6,0,1,2,2,1,0,0,1,3.573,phishing
https://amazon-support-799.com/account?id=2210,14,8,0,1,2,1,2,0,0,1,3.969,phishing
https://paypal-secure-945.net/account?id=4514,13,8,0,1,2,2,2,0,0,1,3.517,phishing
https://example.net/api/v1,7,7,0,1,1,0,0,0,0,0,2.562,legitimate
https://amazon-support-620.org/login?id=9696,14,6,0,1,2,1,2,0,0,1,4.012,phishing
https://paypal-secure-489.info/login?id=2637,13,6,0,1,2,2,2,0,0,1,3.747,phishing
https://amazon-support-686.com/reset?id=3477,14,6,0,1,2,2,3,0,0,1,4.263,phishing
https://amazon-support-840.org/verify?id=4811,14,7,0,1,2,1,2,0,0,1,3.29,phishing
https://bankofamerica.com/about,13,6,0,1,1,0,0,0,0,0,2.657,legitimate
https://paypal-secure-458.info/reset?id=4869,13,6,0,1,2,2,1,0,0,1,4.567,phishing
https://secure-login-958.net/verify?id=9771,12,7,0,1,2,3,1,0,0,1,4.374,phishing
https://secure-login-164.info/reset?id=5120,12,6,0,1,2,1,4,0,0,1,4.696,phishing
https://paypal-secure-992.net/reset?id=4353,13,6,0,1,2,3,4,0,0,1,4.386,phishing
https://github.net/support,6,8,0,1,1,0,0,0,0,0,2.409,legitimate
https://office365-login-753.net/login?id=9706,15,6,0,1,2,1,3,0,0,1,3.504,phishing
https://microsoft.org/products,9,9,0,1,1,0,0,0,0,0,2.713,legitimate
https://office365-login-433.info/update?id=2245,15,7,0,1,2,3,2,0,0,1,4.293,phishing
https://netflix.com/about,7,6,0,1,1,0,0,0,0,0,2.522,legitimate
https://paypal-secure-141.com/verify?id=8428,13,7,0,1,2,3,2,0,0,1,3.639,phishing
https://banking-update-746.com/update?id=1981,14,7,0,1,2,1,1,0,0,1,4.099,phishing
https://bankofamerica.com/products,13,9,0,1,1,0,0,0,0,0,2.966,legitimate
https://secure-login-279.org/account?id=2561,12,8,0,1,2,2,3,0,0,1,3.554,phishing
https://netflix.net/about,7,6,0,1,1,0,0,0,0,0,2.242,legitimate
https://amazon-support-484.net/reset?id=2639,14,6,0,1,2,1,2,0,0,1,3.609,phishing
https://paypal-secure-420.com/account?id=4232,13,8,0,1,2,2,3,0,0,1,4.571,phishing
https://office365-login-754.info/login?id=1739,15,6,0,1,2,1,2,0,0,1,4.097,phishing
https://github.com/support,6,8,0,1,1,0,0,0,0,0,2.71,legitimate
https://banking-update-334.info/account?id=6675,14,8,0,1,2,1,1,0,0,1,4.332,phishing
https://banking-update-213.info/account?id=5941,14,8,0,1,2,3,2,0,0,1,4.595,phishing
https://github.com/products,6,9,0,1,1,0,0,0,0,0,2.866,legitimate
https://github.edu/products,6,9,0,1,1,0,0,0,0,0,2.562,legitimate
https://office365-login-526.org/reset?id=4256,15,6,0,1,2,3,2,0,0,1,3.209,phishing
https://paypal-secure-105.info/update?id=5112,13,7,0,1,2,2,2,0,0,1,4.379,phishing
https://amazon-support-738.net/verify?id=5463,14,7,0,1,2,3,1,0,0,1,3.779,phishing
https://secure-login-628.net/update?id=8707,12,7,0,1,2,2,3,0,0,1,3.553,phishing
https://office365-login-745.com/verify?id=1185,15,7,0,1,2,1,1,0,0,1,3.564,phishing
https://secure-login-327.com/login?id=2487,12,6,0,1,2,1,1,0,0,1,4.229,phishing
https://amazon-support-579.info/reset?id=9807,14,6,0,1,2,2,2,0,0,1,3.315,phishing
https://office365-login-412.info/reset?id=5717,15,6,0,1,2,1,1,0,0,1,3.734,phishing
https://amazon-support-463.org/verify?id=1344,14,7,0,1,2,3,2,0,0,1,4.633,phishing
https://secure-login-182.com/update?id=4817,12,7,0,1,2,2,1,0,0,1,4.13,phishing
https://secure-login-331.com/update?id=3351,12,7,0,1,2,2,1,0,0,1,3.692,phishing
https://amazon-support-646.info/account?id=6004,14,8,0,1,2,2,4,0,0,1,3.544,phishing
https://netflix.net/api/v1,7,7,0,1,1,0,0,0,0,0,2.063,legitimate
https://bankofamerica.org/support,13,8,0,1,1,0,0,0,0,0,2.268,legitimate
https://office365-login-419.org/login?id=5285,15,6,0,1,2,1,2,0,0,1,3.963,phishing
https://paypal-secure-461.net/update?id=6617,13,7,0,1,2,3,3,0,0,1,4.187,phishing
https://secure-login-341.com/account?id=5060,12,8,0,1,2,1,1,0,0,1,4.012,phishing
https://amazon-support-864.com/verify?id=2522,14,7,0,1,2,2,2,0,0,1,4.255,phishing
https://office365-login-599.org/account?id=5367,15,8,0,1,2,3,1,0,0,1,4.138,phishing
https://amazon-support-646.org/login?id=2081,14,6,0,1,2,3,2,0,0,1,4.523,phishing
https://paypal-secure-173.org/account?id=5669,13,8,0,1,2,2,1,0,0,1,3.572,phishing
https://banking-update-583.net/account?id=1963,14,8,0,1,2,1,3,0,0,1,3.715,phishing
https://microsoft.org/about,9,6,0,1,1,0,0,0,0,0,2.756,legitimate
https://amazon-support-574.com/verify?id=8445,14,7,0,1,2,3,1,0,0,1,4.791,phishing
https://banking-update-238.info/reset?id=3359,14,6,0,1,2,3,2,0,0,1,4.19,phishing
https://amazon-support-749.net/reset?id=6991,14,6,0,1,2,3,1,0,0,1,4.222,phishing
https://paypal-secure-384.net/update?id=6195,13,7,0,1,2,3,4,0,0,1,3.64,phishing
https://secure-login-118.net/verify?id=8992,12,7,0,1,2,2,2,0,0,1,4.773,phishing
https://office365-login-967.org/verify?id=4296,15,7,0,1,2,2,2,0,0,1,3.993,phishing
https://amazon-support-154.org/account?id=9176,14,8,0,1,2,1,1,0,0,1,4.172,phishing
https://office365-login-275.com/verify?id=9835,15,7,0,1,2,2,2,0,0,1,3.439,phishing
https://office365-login-804.org/verify?id=6239,15,7,0,1,2,2,3,0,0,1,3.963,phishing
https://secure-login-502.net/update?id=9036,12,7,0,1,2,1,3,0,0,1,4.713,phishing
https://paypal-secure-147.net/verify?id=3735,13,7,0,1,2,3,4,0,0,1,4.488,phishing
https://netflix.org/support,7,8,0,1,1,0,0,0,0,0,2.244,legitimate
https://netflix.net/about,7,6,0,1,1,0,0,0,0,0,2.571,legitimate
https://bankofamerica.edu/api/v1,13,7,0,1,1,0,0,0,0,0,2.745,legitimate
https://github.net/api/v1,6,7,0,1,1,0,0,0,0,0,2.96,legitimate
https://github.org/products,6,9,0,1,1,0,0,0,0,0,2.16,legitimate
https://paypal-secure-852.net/update?id=8825,13,7,0,1,2,1,1,0,0,1,3.534,phishing
https://paypal-secure-549.org/update?id=4584,13,7,0,1,2,1,2,0,0,1,3.393,phishing
https://microsoft.net/about,9,6,0,1,1,0,0,0,0,0,2.708,legitimate
https://github.edu/products,6,9,0,1,1,0,0,0,0,0,2.575,legitimate
https://amazon-support-329.info/account?id=8248,14,8,0,1,2,3,4,0,0,1,4.142,phishing
https://netflix.com/products,7,9,0,1,1,0,0,0,0,0,2.165,legitimate
https://amazon-support-519.net/reset?id=1819,14,6,0,1,2,2,2,0,0,1,3.262,phishing
https://netflix.org/api/v1,7,7,0,1,1,0,0,0,0,0,2.85,legitimate
https://secure-login-612.com/update?id=9038,12,7,0,1,2,1,3,0,0,1,4.582,phishing
https://office365-login-615.com/login?id=8435,15,6,0,1,2,3,1,0,0,1,4.387,phishing
https://secure-login-325.org/update?id=6379,12,7,0,1,2,3,1,0,0,1,4.686,phishing
https://secure-login-406.org/account?id=5916,12,8,0,1,2,2,3,0,0,1,4.489,phishing
https://secure-login-731.info/update?id=5276,12,7,0,1,2,2,2,0,0,1,4.137,phishing
https://microsoft.com/products,9,9,0,1,1,0,0,0,0,0,3.026,legitimate
https://netflix.com/support,7,8,0,1,1,0,0,0,0,0,2.534,legitimate
https://bankofamerica.net/support,13,8,0,1,1,0,0,0,0,0,3.189,legitimate
https://banking-update-947.org/update?id=8007,14,7,0,1,2,1,4,0,0,1,3.817,phishing
https://bankofamerica.net/api/v1,13,7,0,1,1,0,0,0,0,0,2.484,legitimate
https://banking-update-111.info/verify?id=5207,14,7,0,1,2,1,3,0,0,1,3.383,phishing
https://secure-login-687.net/reset?id=1833,12,6,0,1,2,1,1,0,0,1,3.935,phishing
https://netflix.org/docs,7,5,0,1,1,0,0,0,0,0,2.973,legitimate
https://microsoft.com/products,9,9,0,1,1,0,0,0,0,0,2.58,legitimate
https://secure-login-628.org/login?id=3853,12,6,0,1,2,2,4,0,0,1,4.33,phishing
https://amazon-support-665.com/account?id=1060,14,8,0,1,2,1,1,0,0,1,3.432,phishing
https://bankofamerica.edu/about,13,6,0,1,1,0,0,0,0,0,3.009,legitimate
https://banking-update-584.info/login?id=6888,14,6,0,1,2,3,4,0,0,1,3.837,phishing
https://microsoft.edu/products,9,9,0,1,1,0,0,0,0,0,2.977,legitimate
https://office365-login-872.net/account?id=3876,15,8,0,1,2,1,3,0,0,1,3.24,phishing
https://paypal-secure-713.net/update?id=2272,13,7,0,1,2,2,4,0,0,1,4.426,phishing
https://amazon-support-403.org/update?id=3744,14,7,0,1,2,2,2,0,0,1,4.541,phishing
https://amazon-support-126.com/update?id=6274,14,7,0,1,2,2,4,0,0,1,3.447,phishing
https://bankofamerica.net/about,13,6,0,1,1,0,0,0,0,0,3.018,legitimate
https://amazon-support-522.net/reset?id=8525,14,6,0,1,2,3,3,0,0,1,4.643,phishing
https://secure-login-519.com/update?id=9857,12,7,0,1,2,1,4,0,0,1,3.572,phishing
https://example.com/docs,7,5,0,1,1,0,0,0,0,0,3.101,legitimate
https://banking-update-784.org/update?id=1761,14,7,0,1,2,1,2,0,0,1,3.456,phishing
https://office365-login-891.org/verify?id=3142,15,7,0,1,2,1,2,0,0,1,3.418,phishing
https://office365-login-716.net/login?id=6092,15,6,0,1,2,1,2,0,0,1,4.788,phishing
https://microsoft.org/docs,9,5,0,1,1,0,0,0,0,0,2.177,legitimate
https://example.org/about,7,6,0,1,1,0,0,0,0,0,2.309,legitimate
https://example.edu/docs,7,5,0,1,1,0,0,0,0,0,2.096,legitimate
https://banking-update-456.info/verify?id=3609,14,7,0,1,2,2,3,0,0,1,3.356,phishing
https://github.net/support,6,8,0,1,1,0,0,0,0,0,2.673,legitimate
https://secure-login-948.info/login?id=3895,12,6,0,1,2,2,2,0,0,1,4.018,phishing
https://banking-update-256.info/update?id=1972,14,7,0,1,2,3,2,0,0,1,4.339,phishing
https://office365-login-203.com/update?id=5905,15,7,0,1,2,1,2,0,0,1,4.016,phishing
https://netflix.edu/products,7,9,0,1,1,0,0,0,0,0,2.047,legitimate
https://paypal-secure-689.org/reset?id=9964,13,6,0,1,2,1,2,0,0,1,3.557,phishing
https://example.com/about,7,6,0,1,1,0,0,0,0,0,2.364,legitimate
https://paypal-secure-775.com/account?id=7917,13,8,0,1,2,2,4,0,0,1,4.065,phishing
https://banking-update-421.org/reset?id=9829,14,6,0,1,2,1,2,0,0,1,4.158,phishing
https://banking-update-906.org/reset?id=1609,14,6,0,1,2,2,2,0,0,1,4.739,phishing
https://banking-update-836.info/login?id=9307,14,6,0,1,2,3,3,0,0,1,3.54,phishing
https://bankofamerica.net/docs,13,5,0,1,1,0,0,0,0,0,2.276,legitimate
https://microsoft.net/api/v1,9,7,0,1,1,0,0,0,0,0,2.278,legitimate
https://paypal-secure-362.info/login?id=4173,13,6,0,1,2,1,4,0,0,1,4.366,phishing
https://secure-login-226.info/verify?id=1130,12,7,0,1,2,2,2,0,0,1,4.709,phishing
https://example.com/support,7,8,0,1,1,0,0,0,0,0,3.175,legitimate
https://banking-update-328.net/account?id=5252,14,8,0,1,2,3,4,0,0,1,4.038,phishing
https://amazon-support-165.net/login?id=5664,14,6,0,1,2,2,3,0,0,1,3.835,phishing
https://banking-update-818.net/account?id=6188,14,8,0,1,2,1,3,0,0,1,3.374,phishing
https://example.net/api/v1,7,7,0,1,1,0,0,0,0,0,3.037,legitimate
https://office365-login-846.net/login?id=8506,15,6,0,1,2,3,2,0,0,1,3.604,phishing
https://banking-update-380.com/update?id=1794,14,7,0,1,2,1,3,0,0,1,4.219,phishing
https://paypal-secure-492.com/verify?id=9531,13,7,0,1,2,2,1,0,0,1,4.569,phishing
https://office365-login-500.info/login?id=9034,15,6,0,1,2,2,3,0,0,1,3.387,phishing
https://bankofamerica.net/api/v1,13,7,0,1,1,0,0,0,0,0,2.862,legitimate
https://paypal-secure-664.info/login?id=3159,13,6,0,1,2,1,2,0,0,1,3.272,phishing
https://paypal-secure-999.net/account?id=8612,13,8,0,1,2,1,3,0,0,1,4.268,phishing
https://example.org/support,7,8,0,1,1,0,0,0,0,0,2.492,legitimate
https://office365-login-135.info/account?id=7720,15,8,0,1,2,1,4,0,0,1,3.5,phishing
https://paypal-secure-478.net/reset?id=2914,13,6,0,1,2,3,4,0,0,1,4.278,phishing
https://netflix.edu/about,7,6,0,1,1,0,0,0,0,0,2.651,legitimate
https://office365-login-995.com/update?id=1648,15,7,0,1,2,3,2,0,0,1,3.957,phishing
https://amazon-support-896.org/update?id=6924,14,7,0,1,2,3,4,0,0,1,4.763,phishing
https://bankofamerica.com/products,13,9,0,1,1,0,0,0,0,0,2.727,legitimate
https://github.org/docs,6,5,0,1,1,0,0,0,0,0,2.126,legitimate
https://secure-login-180.info/account?id=7516,12,8,0,1,2,1,3,0,0,1,3.812,phishing
https://secure-login-554.info/reset?id=2713,12,6,0,1,2,1,3,0,0,1,3.316,phishing
https://bankofamerica.org/support,13,8,0,1,1,0,0,0,0,0,2.822,legitimate
https://paypal-secure-971.info/account?id=4480,13,8,0,1,2,3,3,0,0,1,4.203,phishing
https://secure-login-805.org/verify?id=6860,12,7,0,1,2,2,3,0,0,1,3.269,phishing
https://amazon-support-630.info/reset?id=6503,14,6,0,1,2,3,1,0,0,1,3.819,phishing
https://office365-login-640.org/reset?id=9845,15,6,0,1,2,3,3,0,0,1,4.195,phishing
https://github.edu/docs,6,5,0,1,1,0,0,0,0,0,2.475,legitimate
https://banking-update-750.com/reset?id=6993,14,6,0,1,2,3,3,0,0,1,3.278,phishing
https://office365-login-639.com/reset?id=1302,15,6,0,1,2,1,1,0,0,1,4.472,phishing
https://banking-update-645.net/login?id=9240,14,6,0,1,2,1,3,0,0,1,3.568,phishing
https://secure-login-307.net/account?id=7346,12,8,0,1,2,2,4,0,0,1,3.297,phishing
https://banking-update-339.net/verify?id=9859,14,7,0,1,2,2,1,0,0,1,4.328,phishing
https://banking-update-246.com/account?id=7123,14,8,0,1,2,1,2,0,0,1,3.424,phishing
https://secure-login-411.info/login?id=2293,12,6,0,1,2,2,2,0,0,1,3.978,phishing
https://paypal-secure-190.net/login?id=6342,13,6,0,1,2,2,3,0,0,1,3.696,phishing
https://github.com/api/v1,6,7,0,1,1,0,0,0,0,0,2.813,legitimate
https://example.com/docs,7,5,0,1,1,0,0,0,0,0,2.467,legitimate
https://paypal-secure-352.org/login?id=8897,13,6,0,1,2,2,4,0,0,1,3.57,phishing
https://github.com/about,6,6,0,1,1,0,0,0,0,0,2.761,legitimate
https://example.net/api/v1,7,7,0,1,1,0,0,0,0,0,3.038,legitimate
https://amazon-support-750.com/account?id=3916,14,8,0,1,2,3,3,0,0,1,3.214,phishing
https://paypal-secure-177.com/account?id=8290,13,8,0,1,2,3,3,0,0,1,4.728,phishing
https://bankofamerica.edu/api/v1,13,7,0,1,1,0,0,0,0,0,2.48,legitimate
https://amazon-support-260.com/login?id=1259,14,6,0,1,2,2,2,0,0,1,3.333,phishing
https://banking-update-568.org/update?id=8186,14,7,0,1,2,2,4,0,0,1,3.67,phishing
https://netflix.org/products,7,9,0,1,1,0,0,0,0,0,2.29,legitimate
https://bankofamerica.com/support,13,8,0,1,1,0,0,0,0,0,2.339,legitimate
https://microsoft.edu/api/v1,9,7,0,1,1,0,0,0,0,0,2.102,legitimate
https://secure-login-583.com/reset?id=1544,12,6,0,1,2,1,3,0,0,1,3.809,phishing
https://microsoft.com/api/v1,9,7,0,1,1,0,0,0,0,0,2.572,legitimate
https://netflix.org/about,7,6,0,1,1,0,0,0,0,0,2.959,legitimate
https://office365-login-806.com/verify?id=7358,15,7,0,1,2,2,2,0,0,1,3.734,phishing
https://secure-login-244.net/account?id=5338,12,8,0,1,2,3,2,0,0,1,4.199,phishing
https://microsoft.edu/products,9,9,0,1,1,0,0,0,0,0,2.813,legitimate
https://office365-login-260.net/update?id=5189,15,7,0,1,2,3,2,0,0,1,4.167,phishing
https://office365-login-413.net/account?id=1087,15,8,0,1,2,2,1,0,0,1,4.027,phishing
https://amazon-support-466.org/login?id=7490,14,6,0,1,2,3,2,0,0,1,4.658,phishing
https://amazon-support-838.com/verify?id=7662,14,7,0,1,2,3,3,0,0,1,4.266,phishing
https://paypal-secure-197.org/reset?id=4271,13,6,0,1,2,2,2,0,0,1,4.206,phishing
https://paypal-secure-673.net/verify?id=1770,13,7,0,1,2,1,3,0,0,1,4.584,phishing
https://secure-login-586.org/verify?id=8140,12,7,0,1,2,1,3,0,0,1,4.372,phishing
https://office365-login-395.info/login?id=3399,15,6,0,1,2,3,4,0,0,1,3.704,phishing
https://paypal-secure-362.org/login?id=7617,13,6,0,1,2,2,2,0,0,1,3.243,phishing
https://microsoft.org/about,9,6,0,1,1,0,0,0,0,0,2.556,legitimate
https://banking-update-893.com/verify?id=4570,14,7,0,1,2,1,2,0,0,1,4.187,phishing
https://secure-login-390.net/update?id=8827,12,7,0,1,2,2,4,0,0,1,4.469,phishing
https://office365-login-845.org/update?id=8889,15,7,0,1,2,1,3,0,0,1,4.435,phishing
https://amazon-support-622.net/update?id=6110,14,7,0,1,2,3,1,0,0,1,3.482,phishing
https://banking-update-236.org/login?id=9268,14,6,0,1,2,1,4,0,0,1,4.76,phishing
https://secure-login-723.org/update?id=5695,12,7,0,1,2,3,1,0,0,1,4.133,phishing
https://paypal-secure-224.org/reset?id=3908,13,6,0,1,2,2,3,0,0,1,3.843,phishing
https://paypal-secure-672.info/login?id=7969,13,6,0,1,2,2,2,0,0,1,3.429,phishing
https://microsoft.edu/support,9,8,0,1,1,0,0,0,0,0,2.086,legitimate
https://office365-login-176.info/update?id=7343,15,7,0,1,2,2,4,0,0,1,4.185,phishing
https://secure-login-171.org/verify?id=3987,12,7,0,1,2,1,3,0,0,1,3.621,phishing
https://office365-login-613.com/update?id=7899,15,7,0,1,2,2,4,0,0,1,4.426,phishing
https://banking-update-116.org/account?id=3473,14,8,0,1,2,3,2,0,0,1,3.509,phishing
https://paypal-secure-886.org/verify?id=4999,13,7,0,1,2,3,1,0,0,1,3.533,phishing
https://secure-login-806.info/update?id=3254,12,7,0,1,2,1,3,0,0,1,3.671,phishing
https://paypal-secure-119.net/reset?id=6102,13,6,0,1,2,2,4,0,0,1,3.55,phishing
https://secure-login-397.info/account?id=1786,12,8,0,1,2,2,1,0,0,1,3.291,phishing
https://example.com/products,7,9,0,1,1,0,0,0,0,0,2.771,legitimate
https://example.edu/support,7,8,0,1,1,0,0,0,0,0,2.616,legitimate
https://secure-login-316.net/verify?id=9255,12,7,0,1,2,1,3,0,0,1,4.791,phishing
https://office365-login-483.net/account?id=9013,15,8,0,1,2,1,2,0,0,1,3.377,phishing
https://banking-update-264.org/login?id=9830,14,6,0,1,2,3,2,0,0,1,4.039,phishing
https://github.net/about,6,6,0,1,1,0,0,0,0,0,3.066,legitimate
https://netflix.com/products,7,9,0,1,1,0,0,0,0,0,2.662,legitimate
https://github.edu/support,6,8,0,1,1,0,0,0,0,0,2.838,legitimate
https://example.com/about,7,6,0,1,1,0,0,0,0,0,2.29,legitimate
https://banking-update-391.org/verify?id=4223,14,7,0,1,2,2,4,0,0,1,4.321,phishing
https://office365-login-540.info/account?id=8629,15,8,0,1,2,3,3,0,0,1,4.5,phishing
https://microsoft.com/docs,9,5,0,1,1,0,0,0,0,0,2.921,legitimate
https://microsoft.com/products,9,9,0,1,1,0,0,0,0,0,3.104,legitimate
https://banking-update-478.info/login?id=8188,14,6,0,1,2,3,4,0,0,1,4.559,phishing
https://paypal-secure-261.org/reset?id=7240,13,6,0,1,2,1,3,0,0,1,4.398,phishing
https://paypal-secure-654.org/verify?id=1466,13,7,0,1,2,1,4,0,0,1,4.158,phishing
https://bankofamerica.net/api/v1,13,7,0,1,1,0,0,0,0,0,2.015,legitimate
https://netflix.net/support,7,8,0,1,1,0,0,0,0,0,2.948,legitimate
https://banking-update-208.info/account?id=8785,14,8,0,1,2,2,3,0,0,1,4.244,phishing
https://secure-login-922.info/account?id=7942,12,8,0,1,2,3,3,0,0,1,4.523,phishing
https://netflix.com/products,7,9,0,1,1,0,0,0,0,0,3.059,legitimate
https://amazon-support-689.info/update?id=6794,14,7,0,1,2,2,4,0,0,1,3.515,phishing
https://github.net/products,6,9,0,1,1,0,0,0,0,0,2.694,legitimate
https://banking-update-182.net/reset?id=6632,14,6,0,1,2,2,1,0,0,1,3.501,phishing
https://office365-login-993.net/update?id=7597,15,7,0,1,2,1,1,0,0,1,3.831,phishing
https://secure-login-611.info/reset?id=4377,12,6,0,1,2,3,4,0,0,1,3.829,phishing
https://banking-update-518.info/reset?id=5841,14,6,0,1,2,2,1,0,0,1,4.053,phishing
https://microsoft.edu/api/v1,9,7,0,1,1,0,0,0,0,0,2.319,legitimate
https://paypal-secure-216.org/verify?id=2426,13,7,0,1,2,2,3,0,0,1,3.871,phishing
https://amazon-support-522.info/login?id=1816,14,6,0,1,2,1,1,0,0,1,3.256,phishing
https://banking-update-729.net/update?id=7804,14,7,0,1,2,3,4,0,0,1,4.678,phishing
https://banking-update-279.net/account?id=3912,14,8,0,1,2,2,2,0,0,1,4.76,phishing
https://secure-login-278.org/reset?id=5990,12,6,0,1,2,1,4,0,0,1,4.131,phishing
https://bankofamerica.com/docs,13,5,0,1,1,0,0,0,0,0,2.517,legitimate
https://secure-login-532.org/account?id=8514,12,8,0,1,2,1,3,0,0,1,4.744,phishing
https://amazon-support-174.org/login?id=3583,14,6,0,1,2,3,2,0,0,1,4.723,phishing
https://github.edu/about,6,6,0,1,1,0,0,0,0,0,2.094,legitimate
https://github.net/docs,6,5,0,1,1,0,0,0,0,0,2.585,legitimate
https://paypal-secure-755.com/update?id=7444,13,7,0,1,2,2,2,0,0,1,4.078,phishing
https://example.com/about,7,6,0,1,1,0,0,0,0,0,2.393,legitimate
https://secure-login-983.org/reset?id=6498,12,6,0,1,2,3,2,0,0,1,3.44,phishing
https://example.com/products,7,9,0,1,1,0,0,0,0,0,3.112,legitimate
https://secure-login-413.org/update?id=2889,12,7,0,1,2,2,3,0,0,1,3.417,phishing
https://secure-login-392.com/account?id=3358,12,8,0,1,2,1,4,0,0,1,4.799,phishing
https://microsoft.org/docs,9,5,0,1,1,0,0,0,0,0,3.109,legitimate
https://banking-update-583.org/reset?id=1450,14,6,0,1,2,3,1,0,0,1,4.479,phishing
https://office365-login-544.com/login?id=8920,15,6,0,1,2,1,2,0,0,1,3.576,phishing
https://amazon-support-925.net/update?id=6976,14,7,0,1,2,3,1,0,0,1,4.396,phishing
https://paypal-secure-466.org/update?id=9942,13,7,0,1,2,3,1,0,0,1,4.531,phishing
https://banking-update-879.net/account?id=3508,14,8,0,1,2,1,4,0,0,1,4.582,phishing
https://office365-login-978.com/account?id=1342,15,8,0,1,2,3,3,0,0,1,3.239,phishing
https://banking-update-687.net/reset?id=5263,14,6,0,1,2,2,2,0,0,1,4.629,phishing
https://paypal-secure-106.info/update?id=3383,13,7,0,1,2,2,4,0,0,1,3.683,phishing
https://microsoft.edu/api/v1,9,7,0,1,1,0,0,0,0,0,2.373,legitimate
https://paypal-secure-485.org/verify?id=8032,13,7,0,1,2,2,1,0,0,1,4.53,phishing
https://office365-login-274.com/account?id=4863,15,8,0,1,2,3,2,0,0,1,4.193,phishing
https://secure-login-184.org/update?id=1653,12,7,0,1,2,1,2,0,0,1,4.485,phishing
https://secure-login-570.com/reset?id=3458,12,6,0,1,2,2,4,0,0,1,4.286,phishing
https://github.com/docs,6,5,0,1,1,0,0,0,0,0,2.744,legitimate
https://netflix.org/docs,7,5,0,1,1,0,0,0,0,0,2.723,legitimate
https://secure-login-781.com/update?id=8702,12,7,0,1,2,1,1,0,0,1,4.161,phishing
https://amazon-support-189.net/login?id=6990,14,6,0,1,2,3,1,0,0,1,4.435,phishing
https://office365-login-883.com/login?id=8184,15,6,0,1,2,2,3,0,0,1,4.59,phishing
https://office365-login-210.net/verify?id=3565,15,7,0,1,2,3,4,0,0,1,4.678,phishing
https://bankofamerica.edu/docs,13,5,0,1,1,0,0,0,0,0,2.066,legitimate
https://netflix.edu/support,7,8,0,1,1,0,0,0,0,0,3.188,legitimate
https://office365-login-370.net/account?id=3918,15,8,0,1,2,3,3,0,0,1,3.608,phishing
https://example.net/products,7,9,0,1,1,0,0,0,0,0,3.112,legitimate
https://github.org/api/v1,6,7,0,1,1,0,0,0,0,0,2.161,legitimate
https://microsoft.net/about,9,6,0,1,1,0,0,0,0,0,2.983,legitimate
https://secure-login-272.net/reset?id=6709,12,6,0,1,2,2,1,0,0,1,3.671,phishing
https://paypal-secure-274.com/update?id=5576,13,7,0,1,2,2,4,0,0,1,4.378,phishing
https://example.org/docs,7,5,0,1,1,0,0,0,0,0,2.633,legitimate
https://banking-update-625.com/update?id=1034,14,7,0,1,2,3,4,0,0,1,4.67,phishing
https://office365-login-982.info/update?id=4215,15,7,0,1,2,1,3,0,0,1,3.448,phishing
https://amazon-support-864.org/login?id=4658,14,6,0,1,2,2,3,0,0,1,4.11,phishing
https://office365-login-126.info/update?id=9069,15,7,0,1,2,3,2,0,0,1,4.463,phishing
https://secure-login-101.net/reset?id=5289,12,6,0,1,2,3,4,0,0,1,4.393,phishing
https://netflix.com/docs,7,5,0,1,1,0,0,0,0,0,2.874,legitimate
https://paypal-secure-152.net/update?id=3966,13,7,0,1,2,3,4,0,0,1,4.358,phishing
https://paypal-secure-285.org/update?id=9151,13,7,0,1,2,1,2,0,0,1,3.432,phishing
https://paypal-secure-265.net/update?id=2597,13,7,0,1,2,1,2,0,0,1,3.221,phishing
https://office365-login-188.com/reset?id=5978,15,6,0,1,2,3,2,0,0,1,4.22,phishing
https://bankofamerica.edu/docs,13,5,0,1,1,0,0,0,0,0,2.938,legitimate
https://bankofamerica.com/docs,13,5,0,1,1,0,0,0,0,0,2.848,legitimate
https://office365-login-593.net/login?id=4788,15,6,0,1,2,1,2,0,0,1,4.141,phishing
https://secure-login-641.org/account?id=8379,12,8,0,1,2,2,1,0,0,1,3.537,phishing
https://example.edu/api/v1,7,7,0,1,1,0,0,0,0,0,3.024,legitimate
https://banking-update-107.com/reset?id=1230,14,6,0,1,2,3,4,0,0,1,4.501,phishing
https://netflix.net/about,7,6,0,1,1,0,0,0,0,0,2.189,legitimate
https://banking-update-573.com/reset?id=9681,14,6,0,1,2,2,2,0,0,1,3.797,phishing
https://netflix.com/api/v1,7,7,0,1,1,0,0,0,0,0,3.098,legitimate
https://amazon-support-225.com/account?id=8545,14,8,0,1,2,3,3,0,0,1,3.6,phishing
https://amazon-support-467.com/reset?id=5141,14,6,0,1,2,2,2,0,0,1,4.274,phishing
https://amazon-support-481.com/account?id=9294,14,8,0,1,2,2,3,0,0,1,4.663,phishing
https://secure-login-554.net/login?id=2572,12,6,0,1,2,1,4,0,0,1,3.638,phishing
https://paypal-secure-955.info/reset?id=8100,13,6,0,1,2,2,4,0,0,1,4.317,phishing
https://banking-update-356.net/verify?id=9182,14,7,0,1,2,2,4,0,0,1,3.729,phishing
https://netflix.com/products,7,9,0,1,1,0,0,0,0,0,2.953,legitimate
https://amazon-support-381.net/account?id=8726,14,8,0,1,2,3,1,0,0,1,4.492,phishing
https://example.com/products,7,9,0,1,1,0,0,0,0,0,2.181,legitimate
https://netflix.net/about,7,6,0,1,1,0,0,0,0,0,2.937,legitimate
https://secure-login-529.net/login?id=2455,12,6,0,1,2,3,3,0,0,1,4.285,phishing
https://amazon-support-119.com/reset?id=9085,14,6,0,1,2,1,3,0,0,1,4.646,phishing
https://secure-login-951.org/verify?id=3962,12,7,0,1,2,1,1,0,0,1,3.809,phishing
https://example.com/docs,7,5,0,1,1,0,0,0,0,0,2.575,legitimate
https://secure-login-427.info/account?id=3644,12,8,0,1,2,2,4,0,0,1,4.549,phishing
https://example.org/docs,7,5,0,1,1,0,0,0,0,0,2.459,legitimate
https://github.net/api/v1,6,7,0,1,1,0,0,0,0,0,2.825,legitimate
https://secure-login-297.org/verify?id=6573,12,7,0,1,2,3,2,0,0,1,3.459,phishing
https://office365-login-840.info/reset?id=6919,15,6,0,1,2,1,2,0,0,1,3.505,phishing
https://banking-update-301.info/verify?id=3185,14,7,0,1,2,1,2,0,0,1,3.641,phishing
https://amazon-support-528.info/login?id=9131,14,6,0,1,2,3,2,0,0,1,4.251,phishing
https://banking-update-878.org/account?id=1877,14,8,0,1,2,2,2,0,0,1,4.678,phishing
https://example.edu/api/v1,7,7,0,1,1,0,0,0,0,0,2.558,legitimate
https://banking-update-526.org/verify?id=5617,14,7,0,1,2,2,3,0,0,1,4.374,phishing
https://bankofamerica.edu/docs,13,5,0,1,1,0,0,0,0,0,3.048,legitimate
https://microsoft.net/support,9,8,0,1,1,0,0,0,0,0,2.482,legitimate
https://github.edu/docs,6,5,0,1,1,0,0,0,0,0,2.501,legitimate
https://secure-login-448.info/account?id=4551,12,8,0,1,2,1,2,0,0,1,3.835,phishing
https://secure-login-200.com/login?id=9862,12,6,0,1,2,2,2,0,0,1,3.381,phishing
https://secure-login-268.net/login?id=1586,12,6,0,1,2,3,1,0,0,1,4.496,phishing
https://github.net/api/v1,6,7,0,1,1,0,0,0,0,0,2.799,legitimate
https://paypal-secure-178.org/login?id=9930,13,6,0,1,2,2,1,0,0,1,4.131,phishing
https://bankofamerica.net/about,13,6,0,1,1,0,0,0,0,0,3.171,legitimate
https://secure-login-132.info/reset?id=6918,12,6,0,1,2,3,1,0,0,1,4.019,phishing
https://amazon-support-347.org/update?id=6802,14,7,0,1,2,1,2,0,0,1,4.492,phishing
https://secure-login-571.info/reset?id=5805,12,6,0,1,2,1,4,0,0,1,3.558,phishing
https://secure-login-516.info/verify?id=4662,12,7,0,1,2,1,4,0,0,1,3.852,phishing
https://example.org/api/v1,7,7,0,1,1,0,0,0,0,0,2.403,legitimate
https://example.net/support,7,8,0,1,1,0,0,0,0,0,2.789,legitimate
https://example.com/support,7,8,0,1,1,0,0,0,0,0,2.209,legitimate
https://paypal-secure-932.net/login?id=6284,13,6,0,1,2,1,1,0,0,1,3.448,phishing
https://paypal-secure-189.info/reset?id=5345,13,6,0,1,2,2,4,0,0,1,4.268,phishing
https://microsoft.org/api/v1,9,7,0,1,1,0,0,0,0,0,3.172,legitimate
https://secure-login-690.info/update?id=8378,12,7,0,1,2,2,3,0,0,1,4.362,phishing
https://banking-update-618.info/verify?id=3549,14,7,0,1,2,3,3,0,0,1,3.614,phishing
https://microsoft.org/api/v1,9,7,0,1,1,0,0,0,0,0,2.264,legitimate
https://office365-login-567.com/verify?id=2623,15,7,0,1,2,2,4,0,0,1,4.5,phishing
https://amazon-support-353.net/verify?id=1765,14,7,0,1,2,1,2,0,0,1,4.213,phishing
https://example.edu/docs,7,5,0,1,1,0,0,0,0,0,2.902,legitimate
https://office365-login-152.info/account?id=8997,15,8,0,1,2,3,1,0,0,1,4.057,phishing
https://github.com/about,6,6,0,1,1,0,0,0,0,0,2.464,legitimate
https://banking-update-145.net/update?id=9087,14,7,0,1,2,1,3,0,0,1,4.428,phishing
https://banking-update-820.net/update?id=7019,14,7,0,1,2,1,3,0,0,1,3.578,phishing
https://github.edu/about,6,6,0,1,1,0,0,0,0,0,2.514,legitimate
https://office365-login-881.info/update?id=7628,15,7,0,1,2,2,1,0,0,1,3.29,phishing
https://secure-login-193.com/reset?id=3525,12,6,0,1,2,2,1,0,0,1,4.17,phishing
https://paypal-secure-404.info/login?id=2582,13,6,0,1,2,3,3,0,0,1,4.195,phishing
https://example.com/about,7,6,0,1,1,0,0,0,0,0,3.144,legitimate
https://microsoft.edu/products,9,9,0,1,1,0,0,0,0,0,2.009,legitimate
https://secure-login-786.info/verify?id=5458,12,7,0,1,2,3,3,0,0,1,4.65,phishing
https://netflix.net/products,7,9,0,1,1,0,0,0,0,0,2.433,legitimate
https://paypal-secure-398.net/account?id=1283,13,8,0,1,2,1,1,0,0,1,4.408,phishing
https://office365-login-125.com/verify?id=2466,15,7,0,1,2,2,1,0,0,1,3.972,phishing
https://amazon-support-200.net/login?id=3421,14,6,0,1,2,3,1,0,0,1,3.934,phishing
https://example.edu/api/v1,7,7,0,1,1,0,0,0,0,0,2.307,legitimate
https://secure-login-985.net/verify?id=2386,12,7,0,1,2,3,3,0,0,1,3.941,phishing
https://microsoft.org/about,9,6,0,1,1,0,0,0,0,0,2.132,legitimate
https://microsoft.org/api/v1,9,7,0,1,1,0,0,0,0,0,2.047,legitimate
https://bankofamerica.edu/products,13,9,0,1,1,0,0,0,0,0,2.119,legitimate
https://paypal-secure-360.org/update?id=9148,13,7,0,1,2,3,3,0,0,1,3.534,phishing
https://github.org/about,6,6,0,1,1,0,0,0,0,0,2.64,legitimate
https://github.edu/support,6,8,0,1,1,0,0,0,0,0,2.685,legitimate
https://amazon-support-354.com/verify?id=7897,14,7,0,1,2,1,3,0,0,1,3.584,phishing
https://amazon-support-653.net/login?id=9399,14,6,0,1,2,2,4,0,0,1,4.369,phishing
https://amazon-support-407.com/verify?id=3526,14,7,0,1,2,2,1,0,0,1,4.108,phishing
https://secure-login-899.net/account?id=9140,12,8,0,1,2,2,4,0,0,1,4.118,phishing
https://amazon-support-641.info/login?id=9942,14,6,0,1,2,1,4,0,0,1,3.523,phishing
https://amazon-support-455.info/verify?id=1110,14,7,0,1,2,3,3,0,0,1,4.635,phishing
https://office365-login-344.org/verify?id=8907,15,7,0,1,2,1,3,0,0,1,3.959,phishing
https://example.edu/products,7,9,0,1,1,0,0,0,0,0,2.658,legitimate
https://example.edu/docs,7,5,0,1,1,0,0,0,0,0,2.989,legitimate
https://amazon-support-568.com/account?id=6937,14,8,0,1,2,2,3,0,0,1,4.215,phishing
https://paypal-secure-703.info/account?id=6563,13,8,0,1,2,1,2,0,0,1,4.208,phishing
https://office365-login-330.org/reset?id=5901,15,6,0,1,2,1,2,0,0,1,4.602,phishing
https://amazon-support-870.info/verify?id=9512,14,7,0,1,2,1,3,0,0,1,3.822,phishing
https://office365-login-318.info/reset?id=1337,15,6,0,1,2,3,4,0,0,1,3.857,phishing
https://office365-login-227.info/reset?id=7803,15,6,0,1,2,2,1,0,0,1,3.798,phishing
https://banking-update-140.net/reset?id=5275,14,6,0,1,2,2,3,0,0,1,4.22,phishing
https://office365-login-182.net/account?id=4467,15,8,0,1,2,1,2,0,0,1,4.298,phishing
https://netflix.com/docs,7,5,0,1,1,0,0,0,0,0,2.818,legitimate
https://bankofamerica.net/products,13,9,0,1,1,0,0,0,0,0,2.229,legitimate
https://netflix.com/docs,7,5,0,1,1,0,0,0,0,0,3.137,legitimate
https://netflix.com/support,7,8,0,1,1,0,0,0,0,0,2.83,legitimate
https://banking-update-982.com/update?id=7317,14,7,0,1,2,2,3,0,0,1,4.69,phishing
https://example.net/about,7,6,0,1,1,0,0,0,0,0,2.039,legitimate
https://office365-login-602.com/account?id=3298,15,8,0,1,2,2,1,0,0,1,3.373,phishing
https://example.edu/about,7,6,0,1,1,0,0,0,0,0,2.239,legitimate
https://amazon-support-629.org/reset?id=9538,14,6,0,1,2,2,4,0,0,1,4.25,phishing
https://amazon-support-424.net/reset?id=4517,14,6,0,1,2,2,2,0,0,1,4.767,phishing
https://example.com/about,7,6,0,1,1,0,0,0,0,0,2.925,legitimate
https://amazon-support-523.info/reset?id=3503,14,6,0,1,2,1,1,0,0,1,3.527,phishing
https://example.org/docs,7,5,0,1,1,0,0,0,0,0,2.134,legitimate
https://bankofamerica.net/support,13,8,0,1,1,0,0,0,0,0,3.152,legitimate
https://example.com/products,7,9,0,1,1,0,0,0,0,0,2.275,legitimate
https://amazon-support-150.info/verify?id=6662,14,7,0,1,2,1,1,0,0,1,4.521,phishing
https://microsoft.net/docs,9,5,0,1,1,0,0,0,0,0,2.361,legitimate
https://banking-update-413.net/verify?id=4712,14,7,0,1,2,2,4,0,0,1,3.964,phishing
https://github.com/docs,6,5,0,1,1,0,0,0,0,0,2.019,legitimate
https://office365-login-732.org/verify?id=2689,15,7,0,1,2,1,3,0,0,1,4.25,phishing
https://secure-login-372.info/update?id=3288,12,7,0,1,2,2,2,0,0,1,3.987,phishing
https://example.net/products,7,9,0,1,1,0,0,0,0,0,2.905,legitimate
https://example.edu/api/v1,7,7,0,1,1,0,0,0,0,0,2.53,legitimate
https://microsoft.edu/products,9,9,0,1,1,0,0,0,0,0,2.269,legitimate
https://office365-login-968.info/account?id=6036,15,8,0,1,2,3,1,0,0,1,4.188,phishing
https://paypal-secure-356.com/account?id=3899,13,8,0,1,2,1,1,0,0,1,4.486,phishing
https://banking-update-507.com/update?id=3176,14,7,0,1,2,2,3,0,0,1,4.762,phishing
https://banking-update-213.info/verify?id=2591,14,7,0,1,2,1,3,0,0,1,4.002,phishing
https://banking-update-359.net/update?id=3433,14,7,0,1,2,1,3,0,0,1,3.288,phishing
https://github.net/support,6,8,0,1,1,0,0,0,0,0,2.868,legitimate
https://example.org/products,7,9,0,1,1,0,0,0,0,0,2.576,legitimate
https://banking-update-784.info/reset?id=9252,14,6,0,1,2,3,1,0,0,1,4.213,phishing
https://office365-login-708.net/update?id=6055,15,7,0,1,2,1,3,0,0,1,3.761,phishing
https://github.com/support,6,8,0,1,1,0,0,0,0,0,2.559,legitimate
https://bankofamerica.org/docs,13,5,0,1,1,0,0,0,0,0,2.724,legitimate
https://paypal-secure-265.net/reset?id=5488,13,6,0,1,2,1,3,0,0,1,4.399,phishing
https://amazon-support-384.org/account?id=6015,14,8,0,1,2,2,4,0,0,1,4.606,phishing
https://github.net/about,6,6,0,1,1,0,0,0,0,0,2.577,legitimate
https://amazon-support-200.com/account?id=2361,14,8,0,1,2,1,1,0,0,1,4.718,phishing
https://office365-login-195.com/reset?id=6752,15,6,0,1,2,3,3,0,0,1,4.7,phishing
https://office365-login-916.net/update?id=9630,15,7,0,1,2,2,4,0,0,1,3.253,phishing
https://office365-login-342.net/account?id=7085,15,8,0,1,2,1,1,0,0,1,3.594,phishing
https://office365-login-837.net/verify?id=5333,15,7,0,1,2,3,3,0,0,1,3.779,phishing
https://paypal-secure-658.org/update?id=2682,13,7,0,1,2,1,1,0,0,1,4.79,phishing
https://office365-login-155.info/update?id=8879,15,7,0,1,2,1,1,0,0,1,4.018,phishing
https://amazon-support-549.net/account?id=6867,14,8,0,1,2,2,3,0,0,1,4.334,phishing
https://amazon-support-877.com/update?id=4797,14,7,0,1,2,3,2,0,0,1,3.208,phishing
https://amazon-support-477.org/update?id=8351,14,7,0,1,2,3,1,0,0,1,4.733,phishing
https://secure-login-500.com/update?id=6786,12,7,0,1,2,2,1,0,0,1,4.465,phishing
https://secure-login-257.org/verify?id=2254,12,7,0,1,2,1,4,0,0,1,3.285,phishing
https://paypal-secure-961.info/update?id=3623,13,7,0,1,2,1,2,0,0,1,4.172,phishing
https://github.edu/api/v1,6,7,0,1,1,0,0,0,0,0,3.136,legitimate
https://amazon-support-388.com/update?id=5761,14,7,0,1,2,1,1,0,0,1,4.451,phishing
https://paypal-secure-432.com/reset?id=4682,13,6,0,1,2,3,1,0,0,1,4.264,phishing
https://office365-login-879.com/update?id=7518,15,7,0,1,2,3,1,0,0,1,4.314,phishing
https://secure-login-654.org/reset?id=7978,12,6,0,1,2,2,1,0,0,1,3.562,phishing
https://banking-update-570.com/reset?id=9508,14,6,0,1,2,3,1,0,0,1,3.734,phishing
https://netflix.com/products,7,9,0,1,1,0,0,0,0,0,3.017,legitimate
https://amazon-support-150.org/update?id=9617,14,7,0,1,2,2,4,0,0,1,3.988,phishing
https://netflix.edu/docs,7,5,0,1,1,0,0,0,0,0,2.878,legitimate
https://paypal-secure-949.net/reset?id=7023,13,6,0,1,2,1,3,0,0,1,3.949,phishing
https://paypal-secure-395.com/verify?id=2366,13,7,0,1,2,3,3,0,0,1,4.704,phishing
https://secure-login-208.info/login?id=9900,12,6,0,1,2,3,1,0,0,1,3.329,phishing
https://banking-update-378.org/account?id=9377,14,8,0,1,2,1,3,0,0,1,3.387,phishing
https://banking-update-483.org/update?id=8504,14,7,0,1,2,3,1,0,0,1,4.313,phishing
https://amazon-support-243.info/login?id=4145,14,6,0,1,2,1,2,0,0,1,4.417,phishing
https://office365-login-301.org/reset?id=7268,15,6,0,1,2,3,3,0,0,1,3.939,phishing
https://netflix.edu/products,7,9,0,1,1,0,0,0,0,0,2.026,legitimate
https://secure-login-167.info/verify?id=3389,12,7,0,1,2,1,3,0,0,1,4.615,phishing
https://bankofamerica.org/support,13,8,0,1,1,0,0,0,0,0,2.912,legitimate
https://netflix.org/docs,7,5,0,1,1,0,0,0,0,0,2.244,legitimate
https://amazon-support-944.org/update?id=1841,14,7,0,1,2,2,1,0,0,1,4.118,phishing
https://bankofamerica.net/api/v1,13,7,0,1,1,0,0,0,0,0,3.085,legitimate
https://bankofamerica.edu/support,13,8,0,1,1,0,0,0,0,0,2.941,legitimate
https://bankofamerica.net/products,13,9,0,1,1,0,0,0,0,0,2.202,legitimate
https://netflix.edu/api/v1,7,7,0,1,1,0,0,0,0,0,2.217,legitimate
https://banking-update-542.net/login?id=7502,14,6,0,1,2,2,3,0,0,1,4.752,phishing
https://example.edu/support,7,8,0,1,1,0,0,0,0,0,2.597,legitimate
https://bankofamerica.net/about,13,6,0,1,1,0,0,0,0,0,2.799,legitimate
https://amazon-support-618.info/login?id=9462,14,6,0,1,2,1,1,0,0,1,4.349,phishing
https://office365-login-225.info/reset?id=8243,15,6,0,1,2,1,3,0,0,1,4.709,phishing
https://banking-update-405.net/reset?id=3222,14,6,0,1,2,2,1,0,0,1,4.656,phishing
https://microsoft.org/products,9,9,0,1,1,0,0,0,0,0,2.833,legitimate
https://paypal-secure-873.com/verify?id=8330,13,7,0,1,2,1,1,0,0,1,3.467,phishing
https://netflix.org/api/v1,7,7,0,1,1,0,0,0,0,0,2.694,legitimate
https://banking-update-996.com/reset?id=8214,14,6,0,1,2,2,1,0,0,1,4.579,phishing
https://office365-login-373.info/account?id=5647,15,8,0,1,2,1,1,0,0,1,3.271,phishing
https://netflix.org/api/v1,7,7,0,1,1,0,0,0,0,0,2.114,legitimate
https://microsoft.net/about,9,6,0,1,1,0,0,0,0,0,2.98,legitimate
https://office365-login-250.info/verify?id=9141,15,7,0,1,2,1,2,0,0,1,3.373,phishing
https://example.com/api/v1,7,7,0,1,1,0,0,0,0,0,2.932,legitimate
https://banking-update-942.com/verify?id=9867,14,7,0,1,2,3,2,0,0,1,4.61,phishing
https://github.edu/docs,6,5,0,1,1,0,0,0,0,0,2.948,legitimate
https://bankofamerica.net/about,13,6,0,1,1,0,0,0,0,0,2.823,legitimate
https://banking-update-199.info/reset?id=9081,14,6,0,1,2,2,3,0,0,1,3.866,phishing
https://secure-login-294.net/account?id=3801,12,8,0,1,2,3,4,0,0,1,4.753,phishing
https://amazon-support-517.com/verify?id=5565,14,7,0,1,2,2,1,0,0,1,4.691,phishing
https://microsoft.edu/api/v1,9,7,0,1,1,0,0,0,0,0,2.464,legitimate
https://netflix.edu/docs,7,5,0,1,1,0,0,0,0,0,3.161,legitimate
https://paypal-secure-453.net/verify?id=1417,13,7,0,1,2,1,1,0,0,1,3.893,phishing
https://paypal-secure-820.net/verify?id=2879,13,7,0,1,2,3,1,0,0,1,3.362,phishing
https://banking-update-857.org/account?id=2658,14,8,0,1,2,1,4,0,0,1,4.177,phishing
https://bankofamerica.net/api/v1,13,7,0,1,1,0,0,0,0,0,2.111,legitimate
https://banking-update-260.net/login?id=1772,14,6,0,1,2,2,2,0,0,1,3.311,phishing
https://paypal-secure-363.net/verify?id=4512,13,7,0,1,2,1,3,0,0,1,4.395,phishing
https://example.edu/products,7,9,0,1,1,0,0,0,0,0,3.03,legitimate
https://github.org/support,6,8,0,1,1,0,0,0,0,0,2.97,legitimate
https://microsoft.org/about,9,6,0,1,1,0,0,0,0,0,2.95,legitimate
https://bankofamerica.net/api/v1,13,7,0,1,1,0,0,0,0,0,2.082,legitimate
https://netflix.net/docs,7,5,0,1,1,0,0,0,0,0,2.521,legitimate
https://amazon-support-117.org/account?id=4453,14,8,0,1,2,2,3,0,0,1,4.69,phishing
https://microsoft.com/support,9,8,0,1,1,0,0,0,0,0,2.75,legitimate
https://banking-update-815.net/verify?id=3427,14,7,0,1,2,3,1,0,0,1,3.607,phishing
https://example.edu/docs,7,5,0,1,1,0,0,0,0,0,2.556,legitimate
https://paypal-secure-779.net/update?id=7232,13,7,0,1,2,2,2,0,0,1,4.521,phishing
https://paypal-secure-931.net/reset?id=4632,13,6,0,1,2,3,3,0,0,1,3.477,phishing
https://office365-login-404.info/account?id=9019,15,8,0,1,2,1,4,0,0,1,4.268,phishing
https://secure-login-950.net/account?id=3094,12,8,0,1,2,2,4,0,0,1,4.477,phishing
https://microsoft.edu/docs,9,5,0,1,1,0,0,0,0,0,2.952,legitimate
https://secure-login-369.info/account?id=2920,12,8,0,1,2,2,2,0,0,1,4.219,phishing
https://github.net/about,6,6,0,1,1,0,0,0,0,0,2.49,legitimate
https://secure-login-933.org/login?id=9201,12,6,0,1,2,1,1,0,0,1,3.423,phishing
https://microsoft.org/api/v1,9,7,0,1,1,0,0,0,0,0,2.425,legitimate
https://github.net/support,6,8,0,1,1,0,0,0,0,0,2.328,legitimate
https://banking-update-528.org/verify?id=5592,14,7,0,1,2,2,4,0,0,1,3.994,phishing
https://banking-update-831.info/reset?id=2520,14,6,0,1,2,1,3,0,0,1,4.324,phishing
https://secure-login-317.info/login?id=3720,12,6,0,1,2,2,2,0,0,1,3.458,phishing
https://amazon-support-818.info/account?id=3224,14,8,0,1,2,3,3,0,0,1,4.354,phishing
https://office365-login-508.com/verify?id=2557,15,7,0,1,2,1,1,0,0,1,3.654,phishing
https://amazon-support-442.com/login?id=9228,14,6,0,1,2,1,2,0,0,1,3.876,phishing
https://amazon-support-158.org/reset?id=6286,14,6,0,1,2,3,1,0,0,1,4.059,phishing
https://banking-update-734.info/account?id=8492,14,8,0,1,2,3,1,0,0,1,3.258,phishing
https://secure-login-193.net/verify?id=1278,12,7,0,1,2,3,1,0,0,1,3.997,phishing
https://secure-login-773.info/login?id=4467,12,6,0,1,2,2,3,0,0,1,4.645,phishing
https://office365-login-138.org/verify?id=3060,15,7,0,1,2,3,3,0,0,1,3.48,phishing
https://example.edu/support,7,8,0,1,1,0,0,0,0,0,2.386,legitimate
https://example.org/docs,7,5,0,1,1,0,0,0,0,0,2.432,legitimate
https://github.edu/support,6,8,0,1,1,0,0,0,0,0,2.93,legitimate
https://example.net/docs,7,5,0,1,1,0,0,0,0,0,2.52,legitimate
https://office365-login-220.org/login?id=9943,15,6,0,1,2,1,1,0,0,1,4.233,phishing
https://bankofamerica.org/support,13,8,0,1,1,0,0,0,0,0,2.053,legitimate
https://amazon-support-304.net/reset?id=7503,14,6,0,1,2,1,3,0,0,1,3.628,phishing
https://netflix.com/products,7,9,0,1,1,0,0,0,0,0,2.695,legitimate
https://microsoft.edu/docs,9,5,0,1,1,0,0,0,0,0,2.374,legitimate
https://netflix.com/docs,7,5,0,1,1,0,0,0,0,0,2.119,legitimate
https://github.net/support,6,8,0,1,1,0,0,0,0,0,2.598,legitimate
https://paypal-secure-340.com/update?id=8835,13,7,0,1,2,1,2,0,0,1,3.395,phishing
https://amazon-support-985.info/login?id=4344,14,6,0,1,2,2,3,0,0,1,4.203,phishing
https://banking-update-303.net/login?id=2757,14,6,0,1,2,1,1,0,0,1,3.525,phishing
https://example.org/about,7,6,0,1,1,0,0,0,0,0,2.237,legitimate
https://microsoft.net/products,9,9,0,1,1,0,0,0,0,0,2.154,legitimate
https://office365-login-180.org/account?id=6482,15,8,0,1,2,1,3,0,0,1,4.727,phishing
https://banking-update-959.com/login?id=5774,14,6,0,1,2,2,1,0,0,1,4.313,phishing
https://secure-login-671.info/reset?id=5610,12,6,0,1,2,2,4,0,0,1,3.796,phishing
https://banking-update-591.com/login?id=5853,14,6,0,1,2,3,1,0,0,1,4.674,phishing
https://bankofamerica.edu/api/v1,13,7,0,1,1,0,0,0,0,0,2.253,legitimate
https://banking-update-991.info/login?id=8259,14,6,0,1,2,2,1,0,0,1,4.002,phishing
https://banking-update-476.info/update?id=9770,14,7,0,1,2,1,3,0,0,1,4.734,phishing
https://office365-login-863.org/reset?id=7155,15,6,0,1,2,1,2,0,0,1,3.518,phishing
https://github.net/support,6,8,0,1,1,0,0,0,0,0,2.003,legitimate
https://banking-update-819.net/login?id=2013,14,6,0,1,2,2,2,0,0,1,4.105,phishing
https://netflix.edu/products,7,9,0,1,1,0,0,0,0,0,3.174,legitimate
https://banking-update-298.org/update?id=2602,14,7,0,1,2,1,4,0,0,1,4.398,phishing
https://banking-update-657.net/account?id=8518,14,8,0,1,2,2,3,0,0,1,3.983,phishing
https://paypal-secure-394.net/login?id=4225,13,6,0,1,2,3,3,0,0,1,4.173,phishing
https://bankofamerica.org/support,13,8,0,1,1,0,0,0,0,0,2.311,legitimate
https://bankofamerica.org/support,13,8,0,1,1,0,0,0,0,0,3.064,legitimate
https://amazon-support-860.org/verify?id=7257,14,7,0,1,2,1,3,0,0,1,3.286,phishing
https://banking-update-571.info/verify?id=8615,14,7,0,1,2,1,4,0,0,1,3.649,phishing
https://office365-login-635.info/update?id=3596,15,7,0,1,2,3,2,0,0,1,3.629,phishing
https://bankofamerica.org/about,13,6,0,1,1,0,0,0,0,0,2.93,legitimate
https://secure-login-875.info/account?id=5059,12,8,0,1,2,3,2,0,0,1,4.266,phishing
https://netflix.net/docs,7,5,0,1,1,0,0,0,0,0,2.47,legitimate
https://banking-update-820.net/reset?id=3418,14,6,0,1,2,1,1,0,0,1,4.159,phishing
https://banking-update-463.org/verify?id=5201,14,7,0,1,2,2,4,0,0,1,4.347,phishing
https://example.org/docs,7,5,0,1,1,0,0,0,0,0,2.779,legitimate
https://netflix.net/support,7,8,0,1,1,0,0,0,0,0,3.076,legitimate
https://secure-login-711.net/update?id=6088,12,7,0,1,2,3,1,0,0,1,4.512,phishing
https://banking-update-391.info/verify?id=9514,14,7,0,1,2,1,4,0,0,1,3.993,phishing
https://amazon-support-738.com/login?id=5313,14,6,0,1,2,1,2,0,0,1,3.839,phishing
https://banking-update-692.org/account?id=2580,14,8,0,1,2,1,3,0,0,1,4.581,phishing
https://paypal-secure-898.info/update?id=1031,13,7,0,1,2,3,2,0,0,1,4.749,phishing
https://secure-login-583.org/login?id=3345,12,6,0,1,2,2,2,0,0,1,4.292,phishing
https://amazon-support-220.net/update?id=9307,14,7,0,1,2,1,3,0,0,1,3.778,phishing
https://paypal-secure-987.net/reset?id=7104,13,6,0,1,2,1,2,0,0,1,3.375,phishing
https://microsoft.edu/about,9,6,0,1,1,0,0,0,0,0,2.973,legitimate
https://microsoft.org/products,9,9,0,1,1,0,0,0,0,0,2.41,legitimate
https://bankofamerica.net/docs,13,5,0,1,1,0,0,0,0,0,2.364,legitimate
https://office365-login-881.net/update?id=3017,15,7,0,1,2,3,2,0,0,1,3.78,phishing
https://secure-login-850.net/login?id=3249,12,6,0,1,2,1,2,0,0,1,4.766,phishing
https://netflix.com/api/v1,7,7,0,1,1,0,0,0,0,0,3.168,legitimate
https://microsoft.edu/docs,9,5,0,1,1,0,0,0,0,0,2.747,legitimate
https://microsoft.org/about,9,6,0,1,1,0,0,0,0,0,2.449,legitimate
https://amazon-support-679.info/reset?id=8633,14,6,0,1,2,1,2,0,0,1,4.513,phishing
https://paypal-secure-260.info/verify?id=3777,13,7,0,1,2,3,2,0,0,1,4.178,phishing
https://paypal-secure-745.net/verify?id=5644,13,7,0,1,2,2,3,0,0,1,4.661,phishing
https://bankofamerica.org/docs,13,5,0,1,1,0,0,0,0,0,2.386,legitimate
https://netflix.net/api/v1,7,7,0,1,1,0,0,0,0,0,3.008,legitimate
https://netflix.com/api/v1,7,7,0,1,1,0,0,0,0,0,2.72,legitimate
https://secure-login-344.org/update?id=5070,12,7,0,1,2,3,3,0,0,1,4.282,phishing
https://banking-update-864.com/update?id=4530,14,7,0,1,2,1,2,0,0,1,3.282,phishing
https://banking-update-980.com/reset?id=6797,14,6,0,1,2,2,4,0,0,1,4.472,phishing
https://secure-login-502.info/login?id=7782,12,6,0,1,2,1,1,0,0,1,4.601,phishing
https://banking-update-856.info/reset?id=7167,14,6,0,1,2,1,4,0,0,1,3.652,phishing
https://office365-login-523.com/account?id=7441,15,8,0,1,2,1,4,0,0,1,4.269,phishing
https://banking-update-797.org/login?id=8477,14,6,0,1,2,2,3,0,0,1,4.653,phishing
https://office365-login-741.com/reset?id=7661,15,6,0,1,2,2,3,0,0,1,3.492,phishing
https://banking-update-556.org/login?id=3570,14,6,0,1,2,2,3,0,0,1,4.619,phishing
https://office365-login-100.info/login?id=7122,15,6,0,1,2,3,2,0,0,1,4.487,phishing
https://office365-login-588.info/login?id=2415,15,6,0,1,2,3,3,0,0,1,4.274,phishing
https://banking-update-115.info/verify?id=1332,14,7,0,1,2,3,4,0,0,1,3.28,phishing
https://amazon-support-775.com/update?id=2176,14,7,0,1,2,3,2,0,0,1,4.289,phishing
https://amazon-support-199.org/login?id=6322,14,6,0,1,2,2,3,0,0,1,3.492,phishing
https://example.org/products,7,9,0,1,1,0,0,0,0,0,2.672,legitimate
https://office365-login-470.com/login?id=2045,15,6,0,1,2,1,2,0,0,1,4.679,phishing
https://bankofamerica.edu/api/v1,13,7,0,1,1,0,0,0,0,0,2.133,legitimate
https://netflix.edu/docs,7,5,0,1,1,0,0,0,0,0,2.423,legitimate
https://office365-login-911.info/verify?id=1897,15,7,0,1,2,3,4,0,0,1,3.247,phishing
https://microsoft.com/api/v1,9,7,0,1,1,0,0,0,0,0,2.586,legitimate
https://microsoft.net/products,9,9,0,1,1,0,0,0,0,0,2.015,legitimate
https://example.net/docs,7,5,0,1,1,0,0,0,0,0,2.514,legitimate
https://example.net/about,7,6,0,1,1,0,0,0,0,0,2.034,legitimate
https://secure-login-664.net/account?id=5513,12,8,0,1,2,1,1,0,0,1,4.255,phishing
https://example.net/support,7,8,0,1,1,0,0,0,0,0,2.024,legitimate
https://secure-login-330.net/verify?id=2658,12,7,0,1,2,2,2,0,0,1,4.382,phishing
https://microsoft.com/about,9,6,0,1,1,0,0,0,0,0,3.083,legitimate
https://office365-login-168.info/login?id=5065,15,6,0,1,2,2,1,0,0,1,3.67,phishing
https://paypal-secure-849.net/update?id=9997,13,7,0,1,2,3,2,0,0,1,4.597,phishing
https://secure-login-751.net/verify?id=3858,12,7,0,1,2,2,2,0,0,1,4.059,phishing
https://netflix.net/support,7,8,0,1,1,0,0,0,0,0,2.655,legitimate
https://banking-update-873.info/verify?id=7646,14,7,0,1,2,3,3,0,0,1,3.903,phishing
https://bankofamerica.com/support,13,8,0,1,1,0,0,0,0,0,2.45,legitimate
https://secure-login-678.org/verify?id=2699,12,7,0,1,2,1,2,0,0,1,4.151,phishing
https://amazon-support-322.info/reset?id=1081,14,6,0,1,2,2,3,0,0,1,3.726,phishing
https://netflix.edu/about,7,6,0,1,1,0,0,0,0,0,2.715,legitimate
https://bankofamerica.org/docs,13,5,0,1,1,0,0,0,0,0,2.576,legitimate
https://example.edu/products,7,9,0,1,1,0,0,0,0,0,2.989,legitimate
https://example.org/support,7,8,0,1,1,0,0,0,0,0,2.506,legitimate
https://example.org/products,7,9,0,1,1,0,0,0,0,0,2.49,legitimate
https://paypal-secure-174.com/reset?id=9959,13,6,0,1,2,3,1,0,0,1,4.312,phishing
https://microsoft.com/docs,9,5,0,1,1,0,0,0,0,0,2.133,legitimate
https://paypal-secure-814.info/verify?id=5145,13,7,0,1,2,2,3,0,0,1,4.572,phishing
https://office365-login-581.info/update?id=3193,15,7,0,1,2,1,1,0,0,1,4.101,phishing
https://example.com/docs,7,5,0,1,1,0,0,0,0,0,2.682,legitimate
https://office365-login-874.org/verify?id=9607,15,7,0,1,2,3,2,0,0,1,3.313,phishing
https://paypal-secure-276.info/update?id=1179,13,7,0,1,2,1,1,0,0,1,4.053,phishing
https://secure-login-405.org/update?id=2749,12,7,0,1,2,2,2,0,0,1,3.933,phishing
https://office365-login-477.net/reset?id=6340,15,6,0,1,2,2,2,0,0,1,3.325,phishing
https://netflix.org/about,7,6,0,1,1,0,0,0,0,0,2.345,legitimate
https://paypal-secure-246.org/account?id=8592,13,8,0,1,2,2,1,0,0,1,4.145,phishing
https://example.org/products,7,9,0,1,1,0,0,0,0,0,3.149,legitimate
https://paypal-secure-912.com/login?id=3785,13,6,0,1,2,2,2,0,0,1,4.452,phishing
https://github.org/api/v1,6,7,0,1,1,0,0,0,0,0,2.396,legitimate
https://paypal-secure-740.info/login?id=5843,13,6,0,1,2,3,3,0,0,1,3.263,phishing
https://amazon-support-237.org/update?id=4724,14,7,0,1,2,3,4,0,0,1,4.436,phishing
https://netflix.com/docs,7,5,0,1,1,0,0,0,0,0,2.63,legitimate
https://paypal-secure-486.com/update?id=1526,13,7,0,1,2,2,3,0,0,1,4.627,phishing
https://banking-update-247.com/verify?id=7038,14,7,0,1,2,1,4,0,0,1,4.654,phishing
https://banking-update-234.org/account?id=7115,14,8,0,1,2,2,4,0,0,1,3.811,phishing
https://microsoft.com/api/v1,9,7,0,1,1,0,0,0,0,0,2.657,legitimate
https://banking-update-663.net/account?id=1466,14,8,0,1,2,2,4,0,0,1,3.387,phishing
https://banking-update-717.org/account?id=7298,14,8,0,1,2,3,4,0,0,1,4.036,phishing
https://bankofamerica.net/api/v1,13,7,0,1,1,0,0,0,0,0,2.318,legitimate
https://paypal-secure-506.info/account?id=9882,13,8,0,1,2,2,3,0,0,1,3.665,phishing
https://microsoft.edu/support,9,8,0,1,1,0,0,0,0,0,3.166,legitimate
https://office365-login-738.net/login?id=2263,15,6,0,1,2,3,2,0,0,1,3.502,phishing
https://amazon-support-197.info/account?id=8837,14,8,0,1,2,3,3,0,0,1,4.793,phishing
https://secure-login-357.info/update?id=6735,12,7,0,1,2,3,1,0,0,1,3.653,phishing
https://amazon-support-801.com/verify?id=5770,14,7,0,1,2,1,4,0,0,1,4.691,phishing
https://banking-update-598.info/login?id=1900,14,6,0,1,2,1,1,0,0,1,3.553,phishing
https://paypal-secure-372.info/update?id=3048,13,7,0,1,2,1,2,0,0,1,4.398,phishing
https://banking-update-993.com/verify?id=9202,14,7,0,1,2,1,3,0,0,1,3.87,phishing
https://bankofamerica.com/products,13,9,0,1,1,0,0,0,0,0,2.063,legitimate
https://netflix.com/products,7,9,0,1,1,0,0,0,0,0,2.972,legitimate
https://paypal-secure-340.org/verify?id=1292,13,7,0,1,2,3,4,0,0,1,4.594,phishing
https://banking-update-555.org/update?id=4697,14,7,0,1,2,2,3,0,0,1,4.624,phishing
https://banking-update-854.com/login?id=6320,14,6,0,1,2,3,1,0,0,1,3.272,phishing
https://secure-login-689.info/verify?id=2104,12,7,0,1,2,3,3,0,0,1,4.304,phishing
https://banking-update-272.org/reset?id=2810,14,6,0,1,2,1,4,0,0,1,3.304,phishing
https://amazon-support-194.net/update?id=8915,14,7,0,1,2,1,4,0,0,1,3.953,phishing
https://banking-update-243.net/update?id=1443,14,7,0,1,2,1,4,0,0,1,3.608,phishing
https://amazon-support-180.info/update?id=5037,14,7,0,1,2,1,2,0,0,1,4.265,phishing
https://secure-login-359.org/account?id=2475,12,8,0,1,2,1,1,0,0,1,4.549,phishing
https://office365-login-480.org/account?id=7405,15,8,0,1,2,3,1,0,0,1,4.269,phishing
https://secure-login-451.net/login?id=2315,12,6,0,1,2,3,4,0,0,1,4.309,phishing
https://amazon-support-538.com/verify?id=7192,14,7,0,1,2,1,1,0,0,1,4.543,phishing
https://paypal-secure-977.info/reset?id=2115,13,6,0,1,2,2,1,0,0,1,4.047,phishing
https://office365-login-297.org/verify?id=8010,15,7,0,1,2,2,1,0,0,1,3.678,phishing
https://paypal-secure-591.com/reset?id=6948,13,6,0,1,2,1,2,0,0,1,4.503,phishing
https://office365-login-281.org/login?id=6560,15,6,0,1,2,1,3,0,0,1,3.466,phishing
https://banking-update-717.com/reset?id=2303,14,6,0,1,2,1,3,0,0,1,3.301,phishing
https://bankofamerica.com/api/v1,13,7,0,1,1,0,0,0,0,0,2.097,legitimate
https://secure-login-659.net/account?id=8449,12,8,0,1,2,1,1,0,0,1,3.272,phishing
https://office365-login-703.net/reset?id=8272,15,6,0,1,2,3,3,0,0,1,4.716,phishing
https://banking-update-859.info/update?id=5862,14,7,0,1,2,3,1,0,0,1,3.235,phishing
https://amazon-support-132.info/account?id=8844,14,8,0,1,2,1,3,0,0,1,4.174,phishing
https://paypal-secure-494.net/update?id=5295,13,7,0,1,2,3,3,0,0,1,4.311,phishing
https://office365-login-624.com/reset?id=5168,15,6,0,1,2,3,3,0,0,1,3.778,phishing
https://bankofamerica.edu/about,13,6,0,1,1,0,0,0,0,0,2.348,legitimate
https://github.org/api/v1,6,7,0,1,1,0,0,0,0,0,2.611,legitimate
https://example.edu/docs,7,5,0,1,1,0,0,0,0,0,3.071,legitimate
https://bankofamerica.org/about,13,6,0,1,1,0,0,0,0,0,3.057,legitimate
https://banking-update-316.com/account?id=4109,14,8,0,1,2,3,2,0,0,1,3.217,phishing
https://office365-login-226.com/login?id=4999,15,6,0,1,2,2,2,0,0,1,4.707,phishing
https://banking-update-155.org/reset?id=9382,14,6,0,1,2,1,1,0,0,1,4.712,phishing
https://github.org/api/v1,6,7,0,1,1,0,0,0,0,0,2.092,legitimate
https://paypal-secure-662.com/reset?id=4539,13,6,0,1,2,3,1,0,0,1,4.012,phishing
https://office365-login-147.net/account?id=2035,15,8,0,1,2,1,1,0,0,1,4.208,phishing
https://banking-update-118.com/account?id=9358,14,8,0,1,2,1,4,0,0,1,4.251,phishing
https://secure-login-222.com/reset?id=5357,12,6,0,1,2,1,2,0,0,1,4.423,phishing
https://netflix.net/api/v1,7,7,0,1,1,0,0,0,0,0,3.181,legitimate
https://amazon-support-655.com/verify?id=9596,14,7,0,1,2,2,4,0,0,1,4.254,phishing
https://microsoft.com/products,9,9,0,1,1,0,0,0,0,0,2.489,legitimate
https://paypal-secure-390.net/verify?id=7860,13,7,0,1,2,2,3,0,0,1,3.454,phishing
https://amazon-support-626.org/verify?id=5478,14,7,0,1,2,1,2,0,0,1,4.298,phishing
https://office365-login-481.com/update?id=5188,15,7,0,1,2,1,2,0,0,1,4.682,phishing
https://secure-login-408.com/login?id=8596,12,6,0,1,2,2,2,0,0,1,4.52,phishing
https://secure-login-737.com/verify?id=7416,12,7,0,1,2,2,4,0,0,1,3.867,phishing
https://paypal-secure-898.info/login?id=5038,13,6,0,1,2,2,3,0,0,1,4.62,phishing
https://github.org/products,6,9,0,1,1,0,0,0,0,0,2.546,legitimate
https://bankofamerica.org/products,13,9,0,1,1,0,0,0,0,0,2.228,legitimate
https://banking-update-785.com/reset?id=2152,14,6,0,1,2,1,4,0,0,1,3.775,phishing
https://netflix.net/products,7,9,0,1,1,0,0,0,0,0,2.966,legitimate
https://github.edu/products,6,9,0,1,1,0,0,0,0,0,2.467,legitimate
https://amazon-support-810.com/reset?id=6740,14,6,0,1,2,2,1,0,0,1,3.279,phishing
https://paypal-secure-989.com/verify?id=1232,13,7,0,1,2,1,2,0,0,1,4.254,phishing
https://github.net/docs,6,5,0,1,1,0,0,0,0,0,2.452,legitimate
https://amazon-support-282.info/account?id=6934,14,8,0,1,2,1,3,0,0,1,3.662,phishing
https://amazon-support-773.info/reset?id=7470,14,6,0,1,2,3,1,0,0,1,4.053,phishing
https://amazon-support-551.org/verify?id=7597,14,7,0,1,2,3,2,0,0,1,3.892,phishing
https://banking-update-619.com/login?id=8805,14,6,0,1,2,1,1,0,0,1,3.553,phishing
https://secure-login-579.com/update?id=5505,12,7,0,1,2,2,4,0,0,1,4.495,phishing
https://office365-login-680.info/login?id=8479,15,6,0,1,2,1,3,0,0,1,3.741,phishing
https://example.org/api/v1,7,7,0,1,1,0,0,0,0,0,2.234,legitimate
https://github.org/docs,6,5,0,1,1,0,0,0,0,0,3.178,legitimate
https://office365-login-737.org/verify?id=7920,15,7,0,1,2,3,2,0,0,1,3.355,phishing
https://github.org/about,6,6,0,1,1,0,0,0,0,0,2.024,legitimate
https://paypal-secure-439.com/login?id=9531,13,6,0,1,2,2,2,0,0,1,3.81,phishing
https://bankofamerica.com/docs,13,5,0,1,1,0,0,0,0,0,2.534,legitimate
https://netflix.edu/products,7,9,0,1,1,0,0,0,0,0,2.568,legitimate
https://amazon-support-132.org/account?id=7091,14,8,0,1,2,2,2,0,0,1,3.23,phishing
https://paypal-secure-995.org/update?id=9367,13,7,0,1,2,1,4,0,0,1,3.464,phishing
https://amazon-support-899.com/login?id=9344,14,6,0,1,2,3,1,0,0,1,3.652,phishing
https://banking-update-662.info/login?id=2221,14,6,0,1,2,3,2,0,0,1,3.941,phishing
https://paypal-secure-704.net/login?id=5433,13,6,0,1,2,3,2,0,0,1,4.384,phishing
https://office365-login-815.org/update?id=4586,15,7,0,1,2,2,2,0,0,1,4.473,phishing
https://office365-login-851.info/update?id=2710,15,7,0,1,2,3,4,0,0,1,4.219,phishing
https://github.edu/products,6,9,0,1,1,0,0,0,0,0,3.158,legitimate
https://github.edu/products,6,9,0,1,1,0,0,0,0,0,2.133,legitimate
https://microsoft.org/products,9,9,0,1,1,0,0,0,0,0,2.317,legitimate
https://banking-update-996.net/login?id=9846,14,6,0,1,2,1,4,0,0,1,3.319,phishing
https://banking-update-205.org/reset?id=3375,14,6,0,1,2,3,1,0,0,1,3.73,phishing
https://office365-login-351.net/update?id=8401,15,7,0,1,2,2,1,0,0,1,3.634,phishing
https://amazon-support-321.org/login?id=7468,14,6,0,1,2,2,2,0,0,1,3.441,phishing
https://paypal-secure-230.org/account?id=9286,13,8,0,1,2,2,4,0,0,1,3.713,phishing
https://amazon-support-963.info/login?id=1255,14,6,0,1,2,2,2,0,0,1,3.309,phishing
https://secure-login-812.org/reset?id=9516,12,6,0,1,2,3,3,0,0,1,3.935,phishing
https://example.net/products,7,9,0,1,1,0,0,0,0,0,3.097,legitimate
https://microsoft.org/support,9,8,0,1,1,0,0,0,0,0,2.679,legitimate
https://secure-login-753.net/update?id=1525,12,7,0,1,2,3,4,0,0,1,4.131,phishing
https://secure-login-713.org/reset?id=3997,12,6,0,1,2,1,4,0,0,1,4.254,phishing
https://netflix.org/api/v1,7,7,0,1,1,0,0,0,0,0,2.624,legitimate
https://example.org/products,7,9,0,1,1,0,0,0,0,0,3.055,legitimate
https://secure-login-724.net/login?id=6477,12,6,0,1,2,3,2,0,0,1,4.345,phishing
https://github.net/products,6,9,0,1,1,0,0,0,0,0,2.343,legitimate
https://amazon-support-844.org/account?id=3917,14,8,0,1,2,1,3,0,0,1,3.236,phishing
https://banking-update-985.org/reset?id=9529,14,6,0,1,2,3,3,0,0,1,4.001,phishing
https://paypal-secure-439.info/reset?id=5293,13,6,0,1,2,2,3,0,0,1,3.49,phishing
https://secure-login-411.net/account?id=4618,12,8,0,1,2,3,4,0,0,1,4.585,phishing
https://amazon-support-297.net/verify?id=9246,14,7,0,1,2,3,1,0,0,1,4.462,phishing
https://banking-update-722.net/verify?id=3570,14,7,0,1,2,3,3,0,0,1,4.523,phishing
https://netflix.net/support,7,8,0,1,1,0,0,0,0,0,2.924,legitimate
https://office365-login-742.info/account?id=8625,15,8,0,1,2,2,1,0,0,1,3.481,phishing
https://banking-update-944.net/login?id=6204,14,6,0,1,2,3,1,0,0,1,3.728,phishing
https://office365-login-607.net/verify?id=1581,15,7,0,1,2,1,2,0,0,1,4.225,phishing
https://example.org/api/v1,7,7,0,1,1,0,0,0,0,0,2.557,legitimate
https://example.com/products,7,9,0,1,1,0,0,0,0,0,2.645,legitimate
https://banking-update-686.info/account?id=4781,14,8,0,1,2,3,3,0,0,1,3.723,phishing
https://secure-login-898.net/account?id=1120,12,8,0,1,2,1,2,0,0,1,4.253,phishing
https://github.edu/support,6,8,0,1,1,0,0,0,0,0,2.145,legitimate
https://banking-update-624.com/login?id=7078,14,6,0,1,2,2,4,0,0,1,3.288,phishing
https://office365-login-101.org/verify?id=7260,15,7,0,1,2,2,1,0,0,1,3.799,phishing
https://paypal-secure-274.net/account?id=5710,13,8,0,1,2,1,2,0,0,1,4.273,phishing
https://netflix.edu/docs,7,5,0,1,1,0,0,0,0,0,2.093,legitimate
https://office365-login-838.net/account?id=2983,15,8,0,1,2,1,2,0,0,1,4.682,phishing
https://secure-login-291.com/verify?id=9108,12,7,0,1,2,1,3,0,0,1,3.258,phishing
https://amazon-support-968.com/update?id=2525,14,7,0,1,2,1,1,0,0,1,4.16,phishing
https://github.org/api/v1,6,7,0,1,1,0,0,0,0,0,3.157,legitimate
https://secure-login-756.org/reset?id=5868,12,6,0,1,2,3,2,0,0,1,4.501,phishing
https://netflix.com/about,7,6,0,1,1,0,0,0,0,0,3.119,legitimate
https://github.com/support,6,8,0,1,1,0,0,0,0,0,2.777,legitimate
https://paypal-secure-907.org/reset?id=9803,13,6,0,1,2,1,4,0,0,1,3.851,phishing
https://paypal-secure-456.com/login?id=5527,13,6,0,1,2,1,1,0,0,1,4.502,phishing
https://paypal-secure-212.com/verify?id=1020,13,7,0,1,2,2,2,0,0,1,4.504,phishing
https://amazon-support-763.org/account?id=1486,14,8,0,1,2,3,1,0,0,1,4.186,phishing
https://office365-login-543.org/account?id=7030,15,8,0,1,2,1,2,0,0,1,4.176,phishing
https://office365-login-487.com/verify?id=6747,15,7,0,1,2,2,4,0,0,1,4.19,phishing
https://banking-update-245.org/login?id=8600,14,6,0,1,2,3,3,0,0,1,4.486,phishing
https://example.org/docs,7,5,0,1,1,0,0,0,0,0,2.418,legitimate
https://office365-login-354.info/account?id=3704,15,8,0,1,2,2,4,0,0,1,4.489,phishing
https://office365-login-669.com/update?id=7968,15,7,0,1,2,3,4,0,0,1,4.743,phishing
https://example.org/docs,7,5,0,1,1,0,0,0,0,0,2.854,legitimate
https://bankofamerica.org/support,13,8,0,1,1,0,0,0,0,0,2.842,legitimate
https://amazon-support-513.com/account?id=2512,14,8,0,1,2,2,4,0,0,1,4.457,phishing
https://amazon-support-202.info/login?id=6230,14,6,0,1,2,2,2,0,0,1,3.466,phishing
https://github.com/support,6,8,0,1,1,0,0,0,0,0,2.908,legitimate
https://amazon-support-656.info/reset?id=4044,14,6,0,1,2,3,4,0,0,1,4.079,phishing
https://banking-update-779.com/verify?id=8119,14,7,0,1,2,2,4,0,0,1,4.284,phishing
https://bankofamerica.com/api/v1,13,7,0,1,1,0,0,0,0,0,2.48,legitimate
https://amazon-support-377.net/account?id=6887,14,8,0,1,2,1,2,0,0,1,4.071,phishing
https://example.org/products,7,9,0,1,1,0,0,0,0,0,2.722,legitimate
https://office365-login-151.net/login?id=3888,15,6,0,1,2,1,3,0,0,1,4.3,phishing
https://amazon-support-446.org/verify?id=9578,14,7,0,1,2,1,2,0,0,1,3.613,phishing
https://secure-login-465.info/update?id=6973,12,7,0,1,2,1,4,0,0,1,4.395,phishing
https://secure-login-357.info/login?id=5860,12,6,0,1,2,3,3,0,0,1,4.587,phishing
https://netflix.org/docs,7,5,0,1,1,0,0,0,0,0,2.712,legitimate
https://amazon-support-188.info/reset?id=3991,14,6,0,1,2,3,2,0,0,1,3.316,phishing
https://banking-update-400.info/reset?id=5421,14,6,0,1,2,1,2,0,0,1,4.543,phishing
https://secure-login-570.info/reset?id=5848,12,6,0,1,2,1,4,0,0,1,4.721,phishing
https://netflix.net/api/v1,7,7,0,1,1,0,0,0,0,0,2.004,legitimate
https://amazon-support-681.info/login?id=5983,14,6,0,1,2,2,4,0,0,1,4.336,phishing
https://banking-update-666.net/reset?id=3760,14,6,0,1,2,3,1,0,0,1,3.221,phishing
https://github.org/about,6,6,0,1,1,0,0,0,0,0,2.123,legitimate
https://secure-login-263.info/update?id=5008,12,7,0,1,2,1,1,0,0,1,3.895,phishing
https://github.edu/products,6,9,0,1,1,0,0,0,0,0,2.267,legitimate
https://office365-login-796.com/login?id=5839,15,6,0,1,2,3,2,0,0,1,3.524,phishing
https://paypal-secure-505.com/verify?id=5838,13,7,0,1,2,1,4,0,0,1,4.266,phishing
https://amazon-support-392.org/reset?id=2503,14,6,0,1,2,2,4,0,0,1,4.761,phishing
https://bankofamerica.edu/support,13,8,0,1,1,0,0,0,0,0,3.146,legitimate
https://secure-login-492.net/reset?id=3435,12,6,0,1,2,2,4,0,0,1,4.592,phishing
https://paypal-secure-926.org/login?id=7936,13,6,0,1,2,2,4,0,0,1,4.3,phishing
https://microsoft.net/about,9,6,0,1,1,0,0,0,0,0,2.016,legitimate
https://banking-update-620.info/verify?id=7423,14,7,0,1,2,1,4,0,0,1,3.385,phishing
https://secure-login-684.org/update?id=7392,12,7,0,1,2,3,2,0,0,1,4.185,phishing
https://github.net/api/v1,6,7,0,1,1,0,0,0,0,0,2.272,legitimate
https://banking-update-423.net/reset?id=2368,14,6,0,1,2,2,4,0,0,1,3.497,phishing
https://banking-update-558.info/update?id=5746,14,7,0,1,2,1,4,0,0,1,4.379,phishing
https://office365-login-218.org/login?id=1871,15,6,0,1,2,2,4,0,0,1,3.965,phishing
https://example.edu/api/v1,7,7,0,1,1,0,0,0,0,0,2.339,legitimate
https://example.org/about,7,6,0,1,1,0,0,0,0,0,3.117,legitimate
https://example.net/about,7,6,0,1,1,0,0,0,0,0,3.105,legitimate
https://secure-login-211.com/update?id=9376,12,7,0,1,2,2,4,0,0,1,3.682,phishing
https://microsoft.net/docs,9,5,0,1,1,0,0,0,0,0,3.159,legitimate
https://amazon-support-413.org/update?id=8030,14,7,0,1,2,1,2,0,0,1,4.563,phishing
https://bankofamerica.org/about,13,6,0,1,1,0,0,0,0,0,2.156,legitimate
https://microsoft.org/api/v1,9,7,0,1,1,0,0,0,0,0,2.599,legitimate
https://bankofamerica.com/products,13,9,0,1,1,0,0,0,0,0,2.268,legitimate
https://amazon-support-568.org/update?id=4795,14,7,0,1,2,3,1,0,0,1,3.805,phishing
https://paypal-secure-609.org/account?id=9107,13,8,0,1,2,1,2,0,0,1,3.862,phishing
https://microsoft.com/about,9,6,0,1,1,0,0,0,0,0,2.551,legitimate
https://amazon-support-526.org/login?id=5180,14,6,0,1,2,1,2,0,0,1,3.452,phishing
https://office365-login-981.net/verify?id=5180,15,7,0,1,2,2,4,0,0,1,3.479,phishing
https://secure-login-540.com/update?id=5438,12,7,0,1,2,3,2,0,0,1,3.876,phishing
https://secure-login-692.com/login?id=6573,12,6,0,1,2,3,4,0,0,1,4.021,phishing
https://secure-login-631.net/account?id=1277,12,8,0,1,2,2,1,0,0,1,3.554,phishing
https://paypal-secure-882.info/update?id=7844,13,7,0,1,2,2,1,0,0,1,3.744,phishing
https://example.edu/docs,7,5,0,1,1,0,0,0,0,0,2.719,legitimate
https://banking-update-682.com/update?id=7596,14,7,0,1,2,3,2,0,0,1,3.692,phishing
https://secure-login-859.info/update?id=2416,12,7,0,1,2,1,1,0,0,1,4.548,phishing
https://secure-login-640.org/verify?id=7306,12,7,0,1,2,1,1,0,0,1,4.693,phishing
https://amazon-support-498.info/login?id=2218,14,6,0,1,2,2,4,0,0,1,4.217,phishing
https://example.org/docs,7,5,0,1,1,0,0,0,0,0,2.477,legitimate
https://secure-login-687.info/account?id=7870,12,8,0,1,2,1,1,0,0,1,3.665,phishing
https://paypal-secure-965.com/verify?id=8839,13,7,0,1,2,2,4,0,0,1,3.776,phishing
https://github.com/api/v1,6,7,0,1,1,0,0,0,0,0,2.36,legitimate
https://secure-login-946.org/login?id=4530,12,6,0,1,2,3,2,0,0,1,3.934,phishing
https://amazon-support-802.info/verify?id=5402,14,7,0,1,2,2,1,0,0,1,3.747,phishing
https://bankofamerica.com/docs,13,5,0,1,1,0,0,0,0,0,2.71,legitimate
https://office365-login-884.org/login?id=5542,15,6,0,1,2,3,3,0,0,1,4.469,phishing
https://secure-login-476.net/verify?id=7583,12,7,0,1,2,2,2,0,0,1,3.895,phishing
https://paypal-secure-185.net/reset?id=7737,13,6,0,1,2,1,4,0,0,1,4.188,phishing
https://paypal-secure-301.org/account?id=4254,13,8,0,1,2,3,3,0,0,1,3.834,phishing
https://banking-update-140.info/update?id=1982,14,7,0,1,2,1,3,0,0,1,4.283,phishing
https://bankofamerica.edu/api/v1,13,7,0,1,1,0,0,0,0,0,2.143,legitimate
https://bankofamerica.org/api/v1,13,7,0,1,1,0,0,0,0,0,2.872,legitimate
https://paypal-secure-934.net/verify?id=4184,13,7,0,1,2,1,3,0,0,1,4.734,phishing
https://office365-login-599.com/verify?id=6080,15,7,0,1,2,3,2,0,0,1,4.512,phishing
https://secure-login-489.org/login?id=9261,12,6,0,1,2,1,4,0,0,1,4.426,phishing
https://netflix.net/docs,7,5,0,1,1,0,0,0,0,0,2.17,legitimate
https://banking-update-881.info/verify?id=4821,14,7,0,1,2,1,1,0,0,1,3.953,phishing
https://paypal-secure-115.org/login?id=7318,13,6,0,1,2,1,4,0,0,1,3.944,phishing
https://amazon-support-472.net/verify?id=9074,14,7,0,1,2,1,4,0,0,1,4.322,phishing
https://amazon-support-351.org/account?id=7378,14,8,0,1,2,1,4,0,0,1,4.286,phishing
https://paypal-secure-318.net/account?id=2139,13,8,0,1,2,1,2,0,0,1,3.234,phishing
https://microsoft.org/products,9,9,0,1,1,0,0,0,0,0,2.604,legitimate
https://paypal-secure-708.com/update?id=1692,13,7,0,1,2,1,3,0,0,1,3.246,phishing
https://github.org/docs,6,5,0,1,1,0,0,0,0,0,2.48,legitimate
https://secure-login-863.info/reset?id=1144,12,6,0,1,2,2,2,0,0,1,3.667,phishing
https://github.com/docs,6,5,0,1,1,0,0,0,0,0,2.791,legitimate
https://secure-login-263.net/reset?id=2195,12,6,0,1,2,1,3,0,0,1,4.463,phishing
https://banking-update-562.info/reset?id=4829,14,6,0,1,2,1,3,0,0,1,3.819,phishing
https://microsoft.net/products,9,9,0,1,1,0,0,0,0,0,2.637,legitimate
https://paypal-secure-313.com/update?id=8730,13,7,0,1,2,1,2,0,0,1,4.641,phishing
https://microsoft.edu/products,9,9,0,1,1,0,0,0,0,0,3.019,legitimate
https://secure-login-637.info/login?id=9490,12,6,0,1,2,1,3,0,0,1,4.276,phishing
https://amazon-support-359.info/verify?id=3683,14,7,0,1,2,3,2,0,0,1,3.788,phishing
https://banking-update-199.info/account?id=1769,14,8,0,1,2,3,3,0,0,1,3.573,phishing
https://amazon-support-962.info/update?id=5325,14,7,0,1,2,3,2,0,0,1,3.211,phishing
https://banking-update-129.com/reset?id=8679,14,6,0,1,2,2,2,0,0,1,4.8,phishing
https://secure-login-562.info/update?id=7941,12,7,0,1,2,1,1,0,0,1,4.579,phishing
https://bankofamerica.net/docs,13,5,0,1,1,0,0,0,0,0,2.708,legitimate
https://banking-update-854.info/verify?id=9610,14,7,0,1,2,3,3,0,0,1,4.211,phishing
https://office365-login-322.com/verify?id=7733,15,7,0,1,2,1,3,0,0,1,3.91,phishing
https://example.net/products,7,9,0,1,1,0,0,0,0,0,2.603,legitimate
https://banking-update-745.com/verify?id=6079,14,7,0,1,2,2,3,0,0,1,4.46,phishing
https://amazon-support-694.net/verify?id=2762,14,7,0,1,2,2,1,0,0,1,4.093,phishing
https://secure-login-766.net/login?id=9301,12,6,0,1,2,3,2,0,0,1,3.356,phishing
https://github.net/products,6,9,0,1,1,0,0,0,0,0,2.919,legitimate
https://secure-login-167.info/update?id=5580,12,7,0,1,2,1,4,0,0,1,3.716,phishing
https://amazon-support-664.com/update?id=8414,14,7,0,1,2,2,1,0,0,1,3.248,phishing
https://office365-login-282.net/update?id=5531,15,7,0,1,2,2,2,0,0,1,4.691,phishing
https://amazon-support-854.org/reset?id=7791,14,6,0,1,2,2,2,0,0,1,3.736,phishing
https://banking-update-318.org/update?id=7988,14,7,0,1,2,1,2,0,0,1,4.673,phishing
https://example.org/about,7,6,0,1,1,0,0,0,0,0,2.386,legitimate
https://amazon-support-725.info/update?id=9309,14,7,0,1,2,2,3,0,0,1,4.303,phishing
https://amazon-support-708.com/reset?id=7735,14,6,0,1,2,3,2,0,0,1,4.305,phishing
https://banking-update-702.net/reset?id=1954,14,6,0,1,2,3,2,0,0,1,4.665,phishing
https://paypal-secure-528.info/reset?id=1184,13,6,0,1,2,1,2,0,0,1,3.561,phishing
https://paypal-secure-825.info/update?id=5022,13,7,0,1,2,1,4,0,0,1,4.459,phishing
https://amazon-support-423.net/update?id=9853,14,7,0,1,2,3,1,0,0,1,3.364,phishing
https://secure-login-959.org/reset?id=8310,12,6,0,1,2,1,3,0,0,1,3.313,phishing
https://banking-update-954.org/update?id=2953,14,7,0,1,2,2,2,0,0,1,3.386,phishing
https://office365-login-913.com/reset?id=7579,15,6,0,1,2,1,4,0,0,1,4.018,phishing
https://paypal-secure-865.com/reset?id=2073,13,6,0,1,2,3,2,0,0,1,4.094,phishing
https://amazon-support-957.info/login?id=3139,14,6,0,1,2,2,1,0,0,1,4.269,phishing
https://bankofamerica.edu/support,13,8,0,1,1,0,0,0,0,0,3.077,legitimate
https://secure-login-749.org/verify?id=4478,12,7,0,1,2,2,3,0,0,1,3.297,phishing
https://netflix.edu/support,7,8,0,1,1,0,0,0,0,0,2.348,legitimate
https://github.edu/about,6,6,0,1,1,0,0,0,0,0,3.108,legitimate
https://banking-update-785.org/update?id=6554,14,7,0,1,2,2,4,0,0,1,3.705,phishing
https://microsoft.net/support,9,8,0,1,1,0,0,0,0,0,2.62,legitimate
https://amazon-support-945.net/reset?id=3131,14,6,0,1,2,3,3,0,0,1,4.506,phishing
https://bankofamerica.org/products,13,9,0,1,1,0,0,0,0,0,2.244,legitimate
https://microsoft.edu/docs,9,5,0,1,1,0,0,0,0,0,2.625,legitimate
https://amazon-support-675.info/verify?id=1985,14,7,0,1,2,1,1,0,0,1,4.033,phishing
https://banking-update-724.net/verify?id=2788,14,7,0,1,2,3,2,0,0,1,3.349,phishing
https://secure-login-821.org/verify?id=5523,12,7,0,1,2,3,2,0,0,1,4.102,phishing
https://office365-login-251.com/verify?id=9364,15,7,0,1,2,2,1,0,0,1,3.257,phishing
https://banking-update-536.net/verify?id=7104,14,7,0,1,2,1,1,0,0,1,4.205,phishing
https://bankofamerica.edu/products,13,9,0,1,1,0,0,0,0,0,2.184,legitimate
https://banking-update-958.org/account?id=3559,14,8,0,1,2,3,1,0,0,1,3.878,phishing
https://github.edu/products,6,9,0,1,1,0,0,0,0,0,3.058,legitimate
https://microsoft.net/docs,9,5,0,1,1,0,0,0,0,0,3.107,legitimate
https://paypal-secure-168.org/login?id=1836,13,6,0,1,2,3,3,0,0,1,4.755,phishing
https://microsoft.edu/api/v1,9,7,0,1,1,0,0,0,0,0,3.09,legitimate
https://bankofamerica.edu/products,13,9,0,1,1,0,0,0,0,0,2.667,legitimate
https://banking-update-586.com/login?id=2175,14,6,0,1,2,3,3,0,0,1,4.566,phishing
https://banking-update-835.com/login?id=8740,14,6,0,1,2,3,1,0,0,1,4.002,phishing
https://amazon-support-663.com/verify?id=2959,14,7,0,1,2,3,4,0,0,1,3.422,phishing
https://banking-update-615.info/login?id=8584,14,6,0,1,2,1,3,0,0,1,3.963,phishing
https://banking-update-109.net/login?id=1800,14,6,0,1,2,1,3,0,0,1,4.646,phishing
https://example.edu/docs,7,5,0,1,1,0,0,0,0,0,2.521,legitimate
https://banking-update-139.info/reset?id=1902,14,6,0,1,2,1,4,0,0,1,4.674,phishing
https://microsoft.com/about,9,6,0,1,1,0,0,0,0,0,2.508,legitimate
https://paypal-secure-909.com/account?id=8534,13,8,0,1,2,3,3,0,0,1,3.477,phishing
https://secure-login-764.net/update?id=7939,12,7,0,1,2,1,2,0,0,1,3.377,phishing
https://github.net/docs,6,5,0,1,1,0,0,0,0,0,3.199,legitimate
https://microsoft.com/about,9,6,0,1,1,0,0,0,0,0,3.06,legitimate
https://bankofamerica.org/products,13,9,0,1,1,0,0,0,0,0,2.465,legitimate
https://office365-login-153.org/account?id=2538,15,8,0,1,2,1,3,0,0,1,3.426,phishing
https://secure-login-334.org/update?id=1510,12,7,0,1,2,1,4,0,0,1,4.799,phishing
https://example.com/support,7,8,0,1,1,0,0,0,0,0,2.021,legitimate
https://banking-update-473.info/account?id=2130,14,8,0,1,2,1,3,0,0,1,4.682,phishing
https://banking-update-851.net/update?id=5618,14,7,0,1,2,2,2,0,0,1,3.675,phishing
https://paypal-secure-215.org/reset?id=4548,13,6,0,1,2,1,1,0,0,1,4.461,phishing
https://office365-login-733.net/account?id=3999,15,8,0,1,2,3,4,0,0,1,3.711,phishing
https://office365-login-481.org/login?id=6224,15,6,0,1,2,2,3,0,0,1,3.243,phishing
https://github.net/about,6,6,0,1,1,0,0,0,0,0,2.422,legitimate
https://paypal-secure-954.net/update?id=1664,13,7,0,1,2,2,1,0,0,1,4.474,phishing
https://amazon-support-790.com/verify?id=2722,14,7,0,1,2,1,4,0,0,1,4.584,phishing
https://secure-login-678.org/reset?id=7892,12,6,0,1,2,2,3,0,0,1,4.383,phishing
https://paypal-secure-953.com/verify?id=6134,13,7,0,1,2,2,3,0,0,1,3.997,phishing
https://banking-update-577.info/account?id=4516,14,8,0,1,2,2,2,0,0,1,3.466,phishing
https://secure-login-561.info/account?id=3412,12,8,0,1,2,2,3,0,0,1,3.638,phishing
https://example.org/api/v1,7,7,0,1,1,0,0,0,0,0,2.453,legitimate
https://paypal-secure-526.info/account?id=3657,13,8,0,1,2,1,1,0,0,1,4.128,phishing
https://github.edu/api/v1,6,7,0,1,1,0,0,0,0,0,3.036,legitimate
https://example.org/support,7,8,0,1,1,0,0,0,0,0,2.581,legitimate
https://secure-login-619.info/account?id=8735,12,8,0,1,2,1,4,0,0,1,4.262,phishing
https://office365-login-667.org/verify?id=7422,15,7,0,1,2,2,2,0,0,1,3.886,phishing
https://banking-update-229.org/reset?id=5307,14,6,0,1,2,2,1,0,0,1,3.21,phishing
https://netflix.org/docs,7,5,0,1,1,0,0,0,0,0,2.655,legitimate
https://amazon-support-391.org/reset?id=1420,14,6,0,1,2,2,1,0,0,1,4.476,phishing
https://github.com/about,6,6,0,1,1,0,0,0,0,0,2.703,legitimate
https://banking-update-438.com/account?id=7878,14,8,0,1,2,3,2,0,0,1,3.938,phishing
https://banking-update-772.com/login?id=6930,14,6,0,1,2,1,1,0,0,1,4.782,phishing
https://banking-update-743.com/reset?id=6952,14,6,0,1,2,1,4,0,0,1,3.439,phishing
https://microsoft.net/about,9,6,0,1,1,0,0,0,0,0,2.007,legitimate
https://secure-login-691.info/update?id=8232,12,7,0,1,2,2,2,0,0,1,3.32,phishing
https://paypal-secure-430.info/verify?id=2049,13,7,0,1,2,2,3,0,0,1,3.543,phishing
https://secure-login-647.net/reset?id=4848,12,6,0,1,2,2,4,0,0,1,4.747,phishing
https://banking-update-970.info/login?id=9981,14,6,0,1,2,2,2,0,0,1,4.431,phishing
https://banking-update-198.info/update?id=9878,14,7,0,1,2,3,4,0,0,1,4.517,phishing
https://office365-login-449.com/update?id=6685,15,7,0,1,2,2,4,0,0,1,4.523,phishing
https://amazon-support-861.info/login?id=4220,14,6,0,1,2,1,1,0,0,1,4.372,phishing
https://office365-login-517.net/login?id=5789,15,6,0,1,2,2,2,0,0,1,3.234,phishing
https://banking-update-613.net/reset?id=4938,14,6,0,1,2,2,1,0,0,1,4.148,phishing
https://paypal-secure-977.com/account?id=9243,13,8,0,1,2,3,2,0,0,1,4.155,phishing
https://secure-login-546.com/account?id=6112,12,8,0,1,2,3,2,0,0,1,4.533,phishing
https://example.org/docs,7,5,0,1,1,0,0,0,0,0,2.416,legitimate
https://office365-login-422.net/update?id=9621,15,7,0,1,2,1,4,0,0,1,3.94,phishing
https://office365-login-643.info/update?id=4230,15,7,0,1,2,2,2,0,0,1,4.767,phishing
https://office365-login-433.net/login?id=4607,15,6,0,1,2,1,3,0,0,1,3.421,phishing
https://paypal-secure-754.com/reset?id=2752,13,6,0,1,2,1,2,0,0,1,4.668,phishing
https://secure-login-744.com/login?id=3322,12,6,0,1,2,1,1,0,0,1,3.418,phishing
https://banking-update-943.info/account?id=2558,14,8,0,1,2,1,1,0,0,1,3.251,phishing
https://github.edu/api/v1,6,7,0,1,1,0,0,0,0,0,3.089,legitimate
https://amazon-support-703.com/login?id=2310,14,6,0,1,2,1,4,0,0,1,3.387,phishing
https://secure-login-185.info/login?id=2035,12,6,0,1,2,2,1,0,0,1,4.263,phishing
https://office365-login-161.net/verify?id=2242,15,7,0,1,2,1,2,0,0,1,4.649,phishing
https://amazon-support-286.com/reset?id=7476,14,6,0,1,2,2,1,0,0,1,3.512,phishing
https://banking-update-108.net/reset?id=8189,14,6,0,1,2,3,1,0,0,1,3.655,phishing
https://microsoft.com/support,9,8,0,1,1,0,0,0,0,0,2.112,legitimate
https://paypal-secure-361.info/login?id=7249,13,6,0,1,2,3,1,0,0,1,4.46,phishing
https://banking-update-679.com/login?id=6723,14,6,0,1,2,3,2,0,0,1,4.47,phishing
https://office365-login-166.info/reset?id=3608,15,6,0,1,2,2,3,0,0,1,4.601,phishing
https://bankofamerica.edu/products,13,9,0,1,1,0,0,0,0,0,2.737,legitimate
https://paypal-secure-883.info/account?id=4761,13,8,0,1,2,3,2,0,0,1,4.706,phishing
https://amazon-support-113.org/verify?id=2147,14,7,0,1,2,2,2,0,0,1,3.77,phishing
https://banking-update-745.info/login?id=7047,14,6,0,1,2,3,3,0,0,1,4.01,phishing
https://secure-login-561.info/verify?id=8784,12,7,0,1,2,1,4,0,0,1,4.771,phishing
https://banking-update-536.info/update?id=8100,14,7,0,1,2,1,4,0,0,1,3.314,phishing
https://microsoft.com/docs,9,5,0,1,1,0,0,0,0,0,2.342,legitimate
https://example.org/docs,7,5,0,1,1,0,0,0,0,0,2.567,legitimate
https://github.org/support,6,8,0,1,1,0,0,0,0,0,2.469,legitimate
https://secure-login-737.com/verify?id=8649,12,7,0,1,2,3,1,0,0,1,3.215,phishing
https://secure-login-539.org/login?id=1011,12,6,0,1,2,1,3,0,0,1,3.593,phishing
https://github.edu/docs,6,5,0,1,1,0,0,0,0,0,2.896,legitimate
https://secure-login-406.com/verify?id=6008,12,7,0,1,2,1,3,0,0,1,3.649,phishing
https://bankofamerica.net/products,13,9,0,1,1,0,0,0,0,0,2.209,legitimate
https://netflix.edu/docs,7,5,0,1,1,0,0,0,0,0,2.702,legitimate
https://paypal-secure-338.net/reset?id=4090,13,6,0,1,2,2,3,0,0,1,4.719,phishing
https://amazon-support-858.net/reset?id=3608,14,6,0,1,2,2,4,0,0,1,3.954,phishing
https://paypal-secure-646.net/verify?id=7743,13,7,0,1,2,1,4,0,0,1,3.237,phishing
https://paypal-secure-941.com/account?id=9070,13,8,0,1,2,3,4,0,0,1,3.308,phishing
https://microsoft.net/support,9,8,0,1,1,0,0,0,0,0,2.769,legitimate
https://secure-login-688.net/login?id=1942,12,6,0,1,2,2,4,0,0,1,3.425,phishing
https://amazon-support-720.com/login?id=1087,14,6,0,1,2,2,2,0,0,1,4.213,phishing
https://amazon-support-782.org/update?id=7468,14,7,0,1,2,1,3,0,0,1,4.614,phishing
https://microsoft.com/api/v1,9,7,0,1,1,0,0,0,0,0,2.977,legitimate
https://bankofamerica.net/api/v1,13,7,0,1,1,0,0,0,0,0,2.552,legitimate
https://paypal-secure-369.org/login?id=2884,13,6,0,1,2,3,1,0,0,1,3.477,phishing
https://paypal-secure-607.org/login?id=8336,13,6,0,1,2,1,2,0,0,1,4.712,phishing
https://banking-update-681.net/login?id=1243,14,6,0,1,2,2,2,0,0,1,4.496,phishing
https://paypal-secure-264.com/reset?id=6401,13,6,0,1,2,1,4,0,0,1,3.652,phishing
https://secure-login-146.info/verify?id=3794,12,7,0,1,2,1,1,0,0,1,3.598,phishing
https://amazon-support-223.info/update?id=6644,14,7,0,1,2,2,3,0,0,1,3.283,phishing
https://example.edu/docs,7,5,0,1,1,0,0,0,0,0,2.013,legitimate
https://secure-login-252.net/reset?id=8146,12,6,0,1,2,3,2,0,0,1,4.522,phishing
https://paypal-secure-426.net/login?id=3347,13,6,0,1,2,2,2,0,0,1,3.277,phishing
https://banking-update-473.org/reset?id=9067,14,6,0,1,2,2,4,0,0,1,3.366,phishing
https://microsoft.net/api/v1,9,7,0,1,1,0,0,0,0,0,2.441,legitimate
https://microsoft.net/api/v1,9,7,0,1,1,0,0,0,0,0,2.509,legitimate
https://netflix.net/support,7,8,0,1,1,0,0,0,0,0,2.313,legitimate
https://office365-login-210.com/verify?id=2803,15,7,0,1,2,1,1,0,0,1,4.49,phishing
https://paypal-secure-966.net/verify?id=8512,13,7,0,1,2,1,1,0,0,1,4.146,phishing
https://banking-update-595.org/login?id=7709,14,6,0,1,2,2,1,0,0,1,4.041,phishing
https://office365-login-122.org/update?id=7896,15,7,0,1,2,1,4,0,0,1,3.324,phishing
https://github.com/products,6,9,0,1,1,0,0,0,0,0,2.413,legitimate
https://office365-login-648.com/update?id=3614,15,7,0,1,2,2,3,0,0,1,4.721,phishing
https://bankofamerica.edu/about,13,6,0,1,1,0,0,0,0,0,2.368,legitimate
https://office365-login-707.info/verify?id=2391,15,7,0,1,2,1,4,0,0,1,3.924,phishing
https://banking-update-420.org/account?id=9025,14,8,0,1,2,3,1,0,0,1,4.548,phishing
https://netflix.com/support,7,8,0,1,1,0,0,0,0,0,2.509,legitimate
https://office365-login-578.com/login?id=4340,15,6,0,1,2,3,4,0,0,1,3.726,phishing
https://banking-update-225.com/login?id=3165,14,6,0,1,2,2,2,0,0,1,4.04,phishing
https://office365-login-685.net/verify?id=8291,15,7,0,1,2,2,1,0,0,1,4.725,phishing
https://bankofamerica.edu/support,13,8,0,1,1,0,0,0,0,0,2.593,legitimate
https://banking-update-327.com/login?id=2668,14,6,0,1,2,1,4,0,0,1,3.411,phishing
https://paypal-secure-872.com/verify?id=9068,13,7,0,1,2,1,2,0,0,1,4.435,phishing
https://office365-login-808.org/login?id=1152,15,6,0,1,2,2,3,0,0,1,3.855,phishing
https://microsoft.edu/products,9,9,0,1,1,0,0,0,0,0,2.439,legitimate
https://amazon-support-185.net/reset?id=2018,14,6,0,1,2,1,4,0,0,1,3.627,phishing
https://bankofamerica.net/about,13,6,0,1,1,0,0,0,0,0,2.436,legitimate
https://paypal-secure-819.net/login?id=3650,13,6,0,1,2,2,4,0,0,1,3.892,phishing
https://example.edu/about,7,6,0,1,1,0,0,0,0,0,2.569,legitimate
https://bankofamerica.com/api/v1,13,7,0,1,1,0,0,0,0,0,3.149,legitimate
https://netflix.com/api/v1,7,7,0,1,1,0,0,0,0,0,2.699,legitimate
https://office365-login-906.com/account?id=9219,15,8,0,1,2,1,4,0,0,1,3.893,phishing
https://bankofamerica.com/products,13,9,0,1,1,0,0,0,0,0,2.972,legitimate
https://paypal-secure-128.net/verify?id=4727,13,7,0,1,2,1,4,0,0,1,3.86,phishing
https://netflix.edu/support,7,8,0,1,1,0,0,0,0,0,2.346,legitimate
https://secure-login-587.net/update?id=8885,12,7,0,1,2,2,3,0,0,1,3.985,phishing
https://amazon-support-217.info/update?id=6410,14,7,0,1,2,2,3,0,0,1,4.105,phishing
https://netflix.edu/products,7,9,0,1,1,0,0,0,0,0,2.189,legitimate
https://banking-update-170.com/verify?id=3851,14,7,0,1,2,3,1,0,0,1,3.965,phishing
https://paypal-secure-704.org/reset?id=5696,13,6,0,1,2,2,3,0,0,1,3.496,phishing
https://bankofamerica.net/api/v1,13,7,0,1,1,0,0,0,0,0,3.128,legitimate
https://banking-update-417.com/login?id=3745,14,6,0,1,2,3,3,0,0,1,4.75,phishing
https://github.net/docs,6,5,0,1,1,0,0,0,0,0,2.198,legitimate
https://office365-login-668.com/update?id=1698,15,7,0,1,2,3,1,0,0,1,3.809,phishing
https://amazon-support-733.net/account?id=8765,14,8,0,1,2,3,4,0,0,1,3.827,phishing
https://amazon-support-738.net/account?id=9788,14,8,0,1,2,1,1,0,0,1,4.082,phishing
https://github.com/about,6,6,0,1,1,0,0,0,0,0,2.603,legitimate
https://paypal-secure-287.info/reset?id=5516,13,6,0,1,2,2,3,0,0,1,4.292,phishing
https://example.com/support,7,8,0,1,1,0,0,0,0,0,2.626,legitimate
https://github.net/products,6,9,0,1,1,0,0,0,0,0,2.055,legitimate
https://paypal-secure-319.org/reset?id=9845,13,6,0,1,2,2,4,0,0,1,3.582,phishing
https://banking-update-969.net/update?id=1073,14,7,0,1,2,3,4,0,0,1,3.469,phishing
https://paypal-secure-502.net/account?id=2062,13,8,0,1,2,2,2,0,0,1,3.691,phishing
https://banking-update-619.info/reset?id=6353,14,6,0,1,2,3,1,0,0,1,4.408,phishing
https://office365-login-815.info/login?id=1128,15,6,0,1,2,1,4,0,0,1,3.786,phishing
https://secure-login-560.net/verify?id=9981,12,7,0,1,2,1,3,0,0,1,3.35,phishing
https://microsoft.com/docs,9,5,0,1,1,0,0,0,0,0,3.007,legitimate
https://bankofamerica.org/support,13,8,0,1,1,0,0,0,0,0,2.594,legitimate
https://netflix.org/support,7,8,0,1,1,0,0,0,0,0,2.202,legitimate
https://office365-login-788.net/reset?id=3027,15,6,0,1,2,3,1,0,0,1,4.249,phishing
https://github.com/docs,6,5,0,1,1,0,0,0,0,0,2.939,legitimate
https://office365-login-649.org/account?id=5136,15,8,0,1,2,1,2,0,0,1,4.735,phishing
https://banking-update-427.com/account?id=7177,14,8,0,1,2,2,2,0,0,1,4.149,phishing
https://office365-login-276.info/update?id=3267,15,7,0,1,2,1,4,0,0,1,3.658,phishing
https://secure-login-324.net/account?id=5992,12,8,0,1,2,3,2,0,0,1,3.454,phishing
https://office365-login-253.net/account?id=8299,15,8,0,1,2,2,4,0,0,1,3.36,phishing
https://amazon-support-798.net/verify?id=5458,14,7,0,1,2,3,1,0,0,1,4.512,phishing
https://secure-login-869.com/reset?id=2366,12,6,0,1,2,3,2,0,0,1,3.662,phishing
https://bankofamerica.edu/docs,13,5,0,1,1,0,0,0,0,0,2.975,legitimate
https://banking-update-930.net/verify?id=9065,14,7,0,1,2,2,2,0,0,1,3.42,phishing
https://office365-login-879.net/login?id=4610,15,6,0,1,2,3,4,0,0,1,4.429,phishing
https://paypal-secure-280.com/reset?id=4776,13,6,0,1,2,2,4,0,0,1,3.902,phishing
https://paypal-secure-451.info/verify?id=5417,13,7,0,1,2,3,3,0,0,1,3.655,phishing
https://bankofamerica.net/api/v1,13,7,0,1,1,0,0,0,0,0,2.587,legitimate
https://office365-login-309.net/account?id=5157,15,8,0,1,2,3,2,0,0,1,3.524,phishing
https://amazon-support-604.org/account?id=9869,14,8,0,1,2,2,1,0,0,1,3.571,phishing
https://paypal-secure-437.com/update?id=4532,13,7,0,1,2,1,2,0,0,1,4.576,phishing
https://amazon-support-487.org/reset?id=8287,14,6,0,1,2,2,4,0,0,1,3.256,phishing
https://banking-update-737.com/verify?id=2422,14,7,0,1,2,3,2,0,0,1,4.653,phishing
https://bankofamerica.org/about,13,6,0,1,1,0,0,0,0,0,2.475,legitimate
https://github.edu/docs,6,5,0,1,1,0,0,0,0,0,2.147,legitimate
https://secure-login-879.info/login?id=1901,12,6,0,1,2,3,2,0,0,1,4.366,phishing
https://office365-login-941.org/account?id=3275,15,8,0,1,2,1,2,0,0,1,3.412,phishing
https://banking-update-279.net/reset?id=3065,14,6,0,1,2,3,4,0,0,1,4.439,phishing
https://banking-update-812.org/reset?id=7780,14,6,0,1,2,2,2,0,0,1,3.201,phishing
https://secure-login-656.org/verify?id=9845,12,7,0,1,2,2,2,0,0,1,4.676,phishing
https://netflix.net/about,7,6,0,1,1,0,0,0,0,0,3.145,legitimate
https://paypal-secure-682.net/reset?id=6439,13,6,0,1,2,3,1,0,0,1,3.338,phishing
https://secure-login-765.info/reset?id=4401,12,6,0,1,2,3,2,0,0,1,3.712,phishing
https://bankofamerica.org/products,13,9,0,1,1,0,0,0,0,0,2.443,legitimate
https://banking-update-862.info/reset?id=7493,14,6,0,1,2,1,2,0,0,1,3.288,phishing
https://bankofamerica.com/products,13,9,0,1,1,0,0,0,0,0,3.004,legitimate
https://bankofamerica.org/api/v1,13,7,0,1,1,0,0,0,0,0,2.721,legitimate
https://netflix.com/docs,7,5,0,1,1,0,0,0,0,0,2.794,legitimate
https://amazon-support-447.com/login?id=2526,14,6,0,1,2,3,4,0,0,1,3.669,phishing
https://github.net/about,6,6,0,1,1,0,0,0,0,0,2.726,legitimate
https://secure-login-709.org/verify?id=8739,12,7,0,1,2,3,2,0,0,1,3.892,phishing
https://secure-login-388.com/login?id=8460,12,6,0,1,2,1,2,0,0,1,3.5,phishing
https://paypal-secure-676.info/account?id=2324,13,8,0,1,2,1,3,0,0,1,4.191,phishing
https://paypal-secure-675.info/account?id=9482,13,8,0,1,2,3,2,0,0,1,3.361,phishing
https://paypal-secure-265.info/verify?id=9239,13,7,0,1,2,1,2,0,0,1,4.38,phishing
https://paypal-secure-779.com/login?id=9061,13,6,0,1,2,1,2,0,0,1,4.34,phishing
https://office365-login-199.com/login?id=6929,15,6,0,1,2,1,1,0,0,1,4.664,phishing
https://netflix.net/support,7,8,0,1,1,0,0,0,0,0,2.363,legitimate
https://paypal-secure-816.info/account?id=1550,13,8,0,1,2,3,4,0,0,1,4.277,phishing
https://microsoft.net/api/v1,9,7,0,1,1,0,0,0,0,0,2.123,legitimate
https://secure-login-305.info/verify?id=2257,12,7,0,1,2,3,3,0,0,1,3.423,phishing
https://microsoft.edu/api/v1,9,7,0,1,1,0,0,0,0,0,2.197,legitimate
https://banking-update-113.net/verify?id=8894,14,7,0,1,2,2,2,0,0,1,3.514,phishing
https://microsoft.edu/docs,9,5,0,1,1,0,0,0,0,0,2.698,legitimate
https://amazon-support-327.info/reset?id=2362,14,6,0,1,2,2,3,0,0,1,4.395,phishing
https://bankofamerica.net/docs,13,5,0,1,1,0,0,0,0,0,2.958,legitimate
https://paypal-secure-585.org/reset?id=7282,13,6,0,1,2,1,1,0,0,1,4.682,phishing
https://office365-login-592.net/verify?id=7097,15,7,0,1,2,3,3,0,0,1,4.049,phishing
https://secure-login-944.com/update?id=1534,12,7,0,1,2,1,2,0,0,1,4.46,phishing
https://secure-login-247.com/login?id=6264,12,6,0,1,2,2,2,0,0,1,3.477,phishing
https://office365-login-539.info/reset?id=3232,15,6,0,1,2,1,3,0,0,1,4.771,phishing
https://office365-login-879.net/verify?id=3148,15,7,0,1,2,1,4,0,0,1,3.683,phishing
https://amazon-support-296.info/account?id=1088,14,8,0,1,2,2,4,0,0,1,4.516,phishing
https://microsoft.net/products,9,9,0,1,1,0,0,0,0,0,2.015,legitimate
https://example.org/about,7,6,0,1,1,0,0,0,0,0,3.18,legitimate
https://office365-login-227.info/account?id=1459,15,8,0,1,2,3,3,0,0,1,3.575,phishing
https://secure-login-127.net/reset?id=5078,12,6,0,1,2,3,1,0,0,1,3.896,phishing
https://banking-update-110.org/reset?id=3457,14,6,0,1,2,2,4,0,0,1,3.667,phishing
https://paypal-secure-946.com/update?id=7949,13,7,0,1,2,3,4,0,0,1,3.383,phishing
https://banking-update-567.info/reset?id=7193,14,6,0,1,2,2,3,0,0,1,4.456,phishing
https://banking-update-793.info/reset?id=1657,14,6,0,1,2,1,2,0,0,1,3.957,phishing
https://github.net/support,6,8,0,1,1,0,0,0,0,0,3.17,legitimate
https://secure-login-831.net/verify?id=5766,12,7,0,1,2,2,4,0,0,1,3.806,phishing
https://banking-update-148.net/login?id=2787,14,6,0,1,2,1,4,0,0,1,4.261,phishing
https://amazon-support-179.net/reset?id=4842,14,6,0,1,2,2,2,0,0,1,4.28,phishing
https://paypal-secure-865.info/update?id=7007,13,7,0,1,2,1,3,0,0,1,3.453,phishing
https://paypal-secure-237.info/update?id=7192,13,7,0,1,2,2,4,0,0,1,4.116,phishing
https://paypal-secure-838.com/account?id=1802,13,8,0,1,2,1,1,0,0,1,3.63,phishing
https://banking-update-960.org/reset?id=1290,14,6,0,1,2,3,1,0,0,1,4.219,phishing
https://paypal-secure-284.info/account?id=5032,13,8,0,1,2,3,3,0,0,1,3.3,phishing
https://amazon-support-110.info/verify?id=8033,14,7,0,1,2,1,4,0,0,1,3.396,phishing
https://banking-update-710.net/login?id=9757,14,6,0,1,2,2,3,0,0,1,3.641,phishing
https://banking-update-847.org/update?id=7248,14,7,0,1,2,2,4,0,0,1,3.424,phishing
https://paypal-secure-164.org/verify?id=7537,13,7,0,1,2,2,1,0,0,1,3.412,phishing
https://amazon-support-594.org/account?id=1609,14,8,0,1,2,2,2,0,0,1,4.456,phishing
https://amazon-support-247.com/verify?id=4859,14,7,0,1,2,3,4,0,0,1,3.902,phishing
https://netflix.net/docs,7,5,0,1,1,0,0,0,0,0,2.921,legitimate
https://secure-login-454.info/verify?id=1917,12,7,0,1,2,2,2,0,0,1,4.489,phishing
https://banking-update-627.net/account?id=2919,14,8,0,1,2,1,2,0,0,1,4.62,phishing
https://bankofamerica.org/products,13,9,0,1,1,0,0,0,0,0,2.056,legitimate
https://paypal-secure-522.net/update?id=1919,13,7,0,1,2,1,1,0,0,1,4.208,phishing
https://office365-login-505.org/account?id=7869,15,8,0,1,2,3,1,0,0,1,3.587,phishing
https://secure-login-116.org/update?id=8353,12,7,0,1,2,3,1,0,0,1,3.63,phishing
https://banking-update-444.com/login?id=6492,14,6,0,1,2,3,2,0,0,1,4.383,phishing
https://amazon-support-374.net/verify?id=2106,14,7,0,1,2,3,4,0,0,1,3.337,phishing
https://office365-login-815.org/reset?id=3492,15,6,0,1,2,2,2,0,0,1,3.423,phishing
https://amazon-support-897.org/verify?id=2758,14,7,0,1,2,3,3,0,0,1,4.351,phishing
https://example.com/products,7,9,0,1,1,0,0,0,0,0,2.461,legitimate
https://office365-login-696.info/login?id=2443,15,6,0,1,2,3,4,0,0,1,4.603,phishing
https://banking-update-351.net/login?id=4238,14,6,0,1,2,1,4,0,0,1,3.521,phishing
https://office365-login-781.com/verify?id=4597,15,7,0,1,2,1,2,0,0,1,4.385,phishing
https://amazon-support-902.info/verify?id=9367,14,7,0,1,2,1,4,0,0,1,3.683,phishing
https://microsoft.com/about,9,6,0,1,1,0,0,0,0,0,3.051,legitimate
https://banking-update-726.com/verify?id=2790,14,7,0,1,2,2,4,0,0,1,3.946,phishing
https://paypal-secure-358.org/reset?id=2564,13,6,0,1,2,2,1,0,0,1,3.878,phishing
https://secure-login-452.com/account?id=8203,12,8,0,1,2,1,4,0,0,1,3.249,phishing
https://secure-login-371.net/account?id=8174,12,8,0,1,2,1,3,0,0,1,3.962,phishing
https://microsoft.edu/support,9,8,0,1,1,0,0,0,0,0,2.471,legitimate
https://paypal-secure-962.com/account?id=2854,13,8,0,1,2,3,4,0,0,1,4.193,phishing
https://microsoft.edu/products,9,9,0,1,1,0,0,0,0,0,2.008,legitimate
https://secure-login-184.org/login?id=7611,12,6,0,1,2,2,4,0,0,1,3.311,phishing
https://banking-update-522.net/verify?id=6682,14,7,0,1,2,1,2,0,0,1,4.554,phishing
https://office365-login-491.com/account?id=2789,15,8,0,1,2,2,2,0,0,1,4.669,phishing
https://github.net/about,6,6,0,1,1,0,0,0,0,0,2.461,legitimate
https://amazon-support-532.com/account?id=9643,14,8,0,1,2,1,3,0,0,1,4.639,phishing
https://amazon-support-337.info/update?id=6515,14,7,0,1,2,3,1,0,0,1,4.51,phishing
https://bankofamerica.net/api/v1,13,7,0,1,1,0,0,0,0,0,2.733,legitimate
https://amazon-support-237.com/login?id=2789,14,6,0,1,2,1,1,0,0,1,4.765,phishing
https://secure-login-697.info/login?id=4211,12,6,0,1,2,2,2,0,0,1,3.8,phishing
https://bankofamerica.com/api/v1,13,7,0,1,1,0,0,0,0,0,3.189,legitimate
https://amazon-support-577.org/login?id=9390,14,6,0,1,2,1,2,0,0,1,4.198,phishing
https://bankofamerica.com/support,13,8,0,1,1,0,0,0,0,0,2.795,legitimate
https://amazon-support-270.net/account?id=4575,14,8,0,1,2,1,1,0,0,1,3.698,phishing
https://office365-login-471.com/login?id=6092,15,6,0,1,2,2,4,0,0,1,4.208,phishing
https://example.edu/support,7,8,0,1,1,0,0,0,0,0,2.879,legitimate
https://secure-login-909.net/login?id=3849,12,6,0,1,2,1,4,0,0,1,4.258,phishing
https://office365-login-350.info/verify?id=3734,15,7,0,1,2,3,3,0,0,1,3.755,phishing
https://office365-login-569.net/reset?id=9550,15,6,0,1,2,3,3,0,0,1,3.523,phishing
https://amazon-support-640.com/verify?id=8391,14,7,0,1,2,2,3,0,0,1,3.486,phishing
https://paypal-secure-953.net/login?id=2660,13,6,0,1,2,3,4,0,0,1,3.297,phishing
https://netflix.org/api/v1,7,7,0,1,1,0,0,0,0,0,2.901,legitimate
https://amazon-support-217.com/login?id=7183,14,6,0,1,2,1,1,0,0,1,3.34,phishing
https://paypal-secure-275.org/account?id=9496,13,8,0,1,2,1,4,0,0,1,4.613,phishing
https://paypal-secure-253.org/update?id=2215,13,7,0,1,2,3,1,0,0,1,3.889,phishing
https://github.com/about,6,6,0,1,1,0,0,0,0,0,2.511,legitimate
https://bankofamerica.edu/docs,13,5,0,1,1,0,0,0,0,0,2.06,legitimate
https://banking-update-170.com/update?id=8448,14,7,0,1,2,1,4,0,0,1,3.912,phishing
https://secure-login-998.info/verify?id=4441,12,7,0,1,2,3,1,0,0,1,4.318,phishing
https://banking-update-652.com/login?id=7670,14,6,0,1,2,3,1,0,0,1,4.614,phishing
https://bankofamerica.com/support,13,8,0,1,1,0,0,0,0,0,2.444,legitimate
https://office365-login-402.com/login?id=5497,15,6,0,1,2,3,2,0,0,1,3.451,phishing
https://banking-update-744.org/update?id=2670,14,7,0,1,2,2,4,0,0,1,4.442,phishing
https://amazon-support-863.org/login?id=1810,14,6,0,1,2,1,1,0,0,1,4.555,phishing
https://banking-update-664.net/update?id=8154,14,7,0,1,2,2,3,0,0,1,3.774,phishing
https://microsoft.com/support,9,8,0,1,1,0,0,0,0,0,2.403,legitimate
https://microsoft.org/support,9,8,0,1,1,0,0,0,0,0,2.051,legitimate
https://office365-login-173.org/verify?id=8601,15,7,0,1,2,2,4,0,0,1,4.763,phishing
https://bankofamerica.net/api/v1,13,7,0,1,1,0,0,0,0,0,2.956,legitimate
https://secure-login-295.com/update?id=6640,12,7,0,1,2,3,2,0,0,1,3.394,phishing
https://github.com/docs,6,5,0,1,1,0,0,0,0,0,2.036,legitimate
https://secure-login-739.com/account?id=9635,12,8,0,1,2,1,3,0,0,1,4.036,phishing
https://example.org/docs,7,5,0,1,1,0,0,0,0,0,2.116,legitimate
https://amazon-support-576.com/update?id=2401,14,7,0,1,2,1,1,0,0,1,3.466,phishing
https://github.edu/support,6,8,0,1,1,0,0,0,0,0,2.275,legitimate
https://amazon-support-634.org/account?id=5957,14,8,0,1,2,2,2,0,0,1,3.721,phishing
https://banking-update-527.com/reset?id=7295,14,6,0,1,2,1,2,0,0,1,4.627,phishing
https://example.com/api/v1,7,7,0,1,1,0,0,0,0,0,3.041,legitimate
https://office365-login-589.org/verify?id=1586,15,7,0,1,2,3,1,0,0,1,3.73,phishing
https://paypal-secure-999.org/update?id=9861,13,7,0,1,2,1,2,0,0,1,4.433,phishing
https://banking-update-809.com/verify?id=5961,14,7,0,1,2,2,3,0,0,1,4.642,phishing
https://github.net/about,6,6,0,1,1,0,0,0,0,0,3.071,legitimate
https://paypal-secure-986.net/update?id=8010,13,7,0,1,2,3,4,0,0,1,3.696,phishing
https://microsoft.edu/products,9,9,0,1,1,0,0,0,0,0,3.122,legitimate
https://secure-login-481.com/account?id=6729,12,8,0,1,2,1,1,0,0,1,4.287,phishing
https://secure-login-356.org/reset?id=5515,12,6,0,1,2,2,3,0,0,1,3.216,phishing
https://amazon-support-638.org/update?id=5629,14,7,0,1,2,3,2,0,0,1,3.911,phishing
https://amazon-support-992.info/account?id=9679,14,8,0,1,2,1,2,0,0,1,3.639,phishing
https://bankofamerica.org/docs,13,5,0,1,1,0,0,0,0,0,3.171,legitimate
https://example.org/api/v1,7,7,0,1,1,0,0,0,0,0,3.057,legitimate
https://github.org/support,6,8,0,1,1,0,0,0,0,0,2.528,legitimate
https://github.com/docs,6,5,0,1,1,0,0,0,0,0,2.057,legitimate
https://bankofamerica.edu/docs,13,5,0,1,1,0,0,0,0,0,2.37,legitimate
https://secure-login-997.com/login?id=5958,12,6,0,1,2,1,1,0,0,1,3.907,phishing
https://amazon-support-279.com/reset?id=9346,14,6,0,1,2,1,2,0,0,1,3.673,phishing
https://paypal-secure-704.com/login?id=7991,13,6,0,1,2,3,4,0,0,1,3.249,phishing
https://github.com/docs,6,5,0,1,1,0,0,0,0,0,2.903,legitimate
https://secure-login-838.net/verify?id=8491,12,7,0,1,2,3,4,0,0,1,3.941,phishing
https://banking-update-551.info/update?id=4423,14,7,0,1,2,1,4,0,0,1,3.435,phishing
https://microsoft.org/docs,9,5,0,1,1,0,0,0,0,0,2.778,legitimate
https://bankofamerica.net/support,13,8,0,1,1,0,0,0,0,0,2.943,legitimate
https://example.net/support,7,8,0,1,1,0,0,0,0,0,2.781,legitimate
https://microsoft.edu/api/v1,9,7,0,1,1,0,0,0,0,0,2.64,legitimate
https://github.edu/products,6,9,0,1,1,0,0,0,0,0,3.119,legitimate
https://amazon-support-199.org/account?id=2430,14,8,0,1,2,1,2,0,0,1,3.785,phishing
https://bankofamerica.edu/support,13,8,0,1,1,0,0,0,0,0,2.459,legitimate
https://banking-update-329.info/verify?id=2964,14,7,0,1,2,1,2,0,0,1,4.654,phishing
https://amazon-support-307.org/login?id=7880,14,6,0,1,2,3,2,0,0,1,3.551,phishing
https://office365-login-540.com/verify?id=1062,15,7,0,1,2,3,3,0,0,1,3.818,phishing
https://microsoft.edu/docs,9,5,0,1,1,0,0,0,0,0,2.564,legitimate
https://secure-login-626.com/login?id=8826,12,6,0,1,2,3,4,0,0,1,3.364,phishing
https://netflix.com/support,7,8,0,1,1,0,0,0,0,0,2.958,legitimate
https://amazon-support-562.net/update?id=2736,14,7,0,1,2,1,3,0,0,1,4.376,phishing
https://amazon-support-749.com/update?id=4349,14,7,0,1,2,2,1,0,0,1,4.562,phishing
https://bankofamerica.com/about,13,6,0,1,1,0,0,0,0,0,2.068,legitimate
https://microsoft.org/api/v1,9,7,0,1,1,0,0,0,0,0,3.008,legitimate
https://office365-login-925.com/reset?id=8477,15,6,0,1,2,3,1,0,0,1,4.479,phishing
https://bankofamerica.com/products,13,9,0,1,1,0,0,0,0,0,2.275,legitimate
https://paypal-secure-212.org/update?id=8202,13,7,0,1,2,3,4,0,0,1,4.459,phishing
https://secure-login-277.com/update?id=7572,12,7,0,1,2,2,4,0,0,1,3.351,phishing
https://banking-update-779.net/update?id=6956,14,7,0,1,2,3,4,0,0,1,3.266,phishing
https://office365-login-562.com/account?id=2199,15,8,0,1,2,3,2,0,0,1,3.336,phishing
https://secure-login-721.org/login?id=7604,12,6,0,1,2,1,4,0,0,1,3.55,phishing
https://microsoft.org/about,9,6,0,1,1,0,0,0,0,0,3.156,legitimate
https://secure-login-541.info/account?id=8998,12,8,0,1,2,3,4,0,0,1,4.376,phishing
https://netflix.edu/docs,7,5,0,1,1,0,0,0,0,0,2.389,legitimate
https://paypal-secure-517.net/login?id=2734,13,6,0,1,2,1,4,0,0,1,4.02,phishing
https://office365-login-208.org/login?id=5431,15,6,0,1,2,2,4,0,0,1,3.974,phishing
https://github.org/products,6,9,0,1,1,0,0,0,0,0,2.666,legitimate
https://office365-login-618.info/reset?id=4828,15,6,0,1,2,1,1,0,0,1,4.145,phishing
https://netflix.org/products,7,9,0,1,1,0,0,0,0,0,2.602,legitimate
https://github.org/docs,6,5,0,1,1,0,0,0,0,0,2.379,legitimate
https://office365-login-107.org/login?id=2085,15,6,0,1,2,3,2,0,0,1,4.044,phishing
https://banking-update-774.info/update?id=6757,14,7,0,1,2,1,2,0,0,1,4.762,phishing
https://banking-update-531.net/account?id=6031,14,8,0,1,2,1,4,0,0,1,4.257,phishing
https://microsoft.org/docs,9,5,0,1,1,0,0,0,0,0,2.104,legitimate
https://bankofamerica.edu/api/v1,13,7,0,1,1,0,0,0,0,0,2.583,legitimate
https://amazon-support-138.net/verify?id=8499,14,7,0,1,2,1,4,0,0,1,3.427,phishing
https://microsoft.net/about,9,6,0,1,1,0,0,0,0,0,2.577,legitimate
https://github.net/docs,6,5,0,1,1,0,0,0,0,0,2.769,legitimate
https://paypal-secure-825.net/login?id=1382,13,6,0,1,2,2,4,0,0,1,3.829,phishing
https://bankofamerica.net/api/v1,13,7,0,1,1,0,0,0,0,0,2.738,legitimate
https://office365-login-106.info/update?id=1853,15,7,0,1,2,1,3,0,0,1,4.473,phishing
https://secure-login-539.com/login?id=6549,12,6,0,1,2,3,3,0,0,1,4.299,phishing
https://microsoft.org/api/v1,9,7,0,1,1,0,0,0,0,0,2.516,legitimate
https://microsoft.edu/docs,9,5,0,1,1,0,0,0,0,0,2.402,legitimate
https://github.org/api/v1,6,7,0,1,1,0,0,0,0,0,3.146,legitimate
https://example.org/products,7,9,0,1,1,0,0,0,0,0,2.672,legitimate
https://bankofamerica.edu/docs,13,5,0,1,1,0,0,0,0,0,2.451,legitimate
https://office365-login-709.org/verify?id=5241,15,7,0,1,2,3,3,0,0,1,4.041,phishing
https://example.org/api/v1,7,7,0,1,1,0,0,0,0,0,2.902,legitimate
https://paypal-secure-485.com/verify?id=6009,13,7,0,1,2,1,1,0,0,1,3.86,phishing
https://example.edu/support,7,8,0,1,1,0,0,0,0,0,2.462,legitimate
https://office365-login-748.info/login?id=9795,15,6,0,1,2,2,3,0,0,1,4.538,phishing
https://amazon-support-439.com/update?id=9058,14,7,0,1,2,2,3,0,0,1,3.69,phishing
https://office365-login-411.net/login?id=2966,15,6,0,1,2,3,4,0,0,1,3.697,phishing
https://example.edu/api/v1,7,7,0,1,1,0,0,0,0,0,2.481,legitimate
https://amazon-support-176.com/reset?id=7983,14,6,0,1,2,1,1,0,0,1,4.225,phishing
https://bankofamerica.net/about,13,6,0,1,1,0,0,0,0,0,3.091,legitimate
https://secure-login-484.net/update?id=3202,12,7,0,1,2,2,2,0,0,1,4.57,phishing
https://example.net/support,7,8,0,1,1,0,0,0,0,0,3.188,legitimate
https://amazon-support-724.com/reset?id=7377,14,6,0,1,2,2,4,0,0,1,3.365,phishing
https://office365-login-968.com/login?id=4642,15,6,0,1,2,3,4,0,0,1,4.061,phishing
https://microsoft.edu/docs,9,5,0,1,1,0,0,0,0,0,2.205,legitimate
https://secure-login-597.org/update?id=1193,12,7,0,1,2,3,3,0,0,1,3.627,phishing
https://example.net/support,7,8,0,1,1,0,0,0,0,0,2.356,legitimate
https://secure-login-137.com/verify?id=9844,12,7,0,1,2,1,4,0,0,1,3.425,phishing
https://bankofamerica.edu/about,13,6,0,1,1,0,0,0,0,0,2.761,legitimate
https://office365-login-700.org/login?id=4570,15,6,0,1,2,1,1,0,0,1,4.363,phishing
https://example.org/about,7,6,0,1,1,0,0,0,0,0,2.943,legitimate
https://amazon-support-319.net/verify?id=3207,14,7,0,1,2,3,3,0,0,1,3.391,phishing
https://microsoft.net/api/v1,9,7,0,1,1,0,0,0,0,0,3.147,legitimate
https://secure-login-522.info/update?id=1711,12,7,0,1,2,3,1,0,0,1,4.333,phishing
https://amazon-support-171.info/login?id=2263,14,6,0,1,2,3,1,0,0,1,4.218,phishing
https://amazon-support-900.com/account?id=7157,14,8,0,1,2,1,3,0,0,1,3.791,phishing
https://bankofamerica.net/products,13,9,0,1,1,0,0,0,0,0,2.805,legitimate
https://amazon-support-419.com/login?id=6862,14,6,0,1,2,1,4,0,0,1,3.85,phishing
https://netflix.com/support,7,8,0,1,1,0,0,0,0,0,2.03,legitimate
https://secure-login-489.info/account?id=1453,12,8,0,1,2,2,1,0,0,1,4.751,phishing
https://github.edu/products,6,9,0,1,1,0,0,0,0,0,2.332,legitimate
https://office365-login-934.org/account?id=2758,15,8,0,1,2,1,2,0,0,1,3.468,phishing
https://amazon-support-525.org/account?id=7934,14,8,0,1,2,3,1,0,0,1,3.48,phishing
https://amazon-support-820.info/reset?id=8327,14,6,0,1,2,2,2,0,0,1,4.571,phishing
https://banking-update-454.com/login?id=7725,14,6,0,1,2,1,3,0,0,1,3.654,phishing
https://bankofamerica.com/support,13,8,0,1,1,0,0,0,0,0,2.106,legitimate
https://paypal-secure-729.org/account?id=5033,13,8,0,1,2,3,3,0,0,1,4.365,phishing
https://microsoft.com/api/v1,9,7,0,1,1,0,0,0,0,0,2.459,legitimate
https://paypal-secure-308.com/login?id=9121,13,6,0,1,2,2,2,0,0,1,3.399,phishing
https://paypal-secure-624.org/reset?id=7329,13,6,0,1,2,1,1,0,0,1,4.31,phishing
https://amazon-support-470.org/login?id=6932,14,6,0,1,2,2,4,0,0,1,3.421,phishing
https://secure-login-526.info/update?id=6057,12,7,0,1,2,2,1,0,0,1,4.379,phishing
https://microsoft.edu/support,9,8,0,1,1,0,0,0,0,0,2.996,legitimate
https://example.edu/docs,7,5,0,1,1,0,0,0,0,0,2.723,legitimate
https://paypal-secure-733.info/reset?id=2001,13,6,0,1,2,2,4,0,0,1,3.228,phishing
https://office365-login-882.org/update?id=3195,15,7,0,1,2,3,3,0,0,1,4.373,phishing
https://paypal-secure-125.info/account?id=9342,13,8,0,1,2,2,1,0,0,1,3.582,phishing
https://office365-login-595.info/update?id=8871,15,7,0,1,2,2,4,0,0,1,4.086,phishing
https://banking-update-400.com/update?id=2470,14,7,0,1,2,1,1,0,0,1,4.774,phishing
https://paypal-secure-771.com/update?id=3556,13,7,0,1,2,3,4,0,0,1,3.993,phishing
https://secure-login-218.info/verify?id=6591,12,7,0,1,2,3,4,0,0,1,3.257,phishing
https://office365-login-194.info/reset?id=8193,15,6,0,1,2,1,1,0,0,1,3.285,phishing
https://amazon-support-442.org/login?id=9748,14,6,0,1,2,1,2,0,0,1,4.742,phishing
https://amazon-support-740.info/account?id=8991,14,8,0,1,2,2,4,0,0,1,3.8,phishing
https://banking-update-677.info/account?id=4015,14,8,0,1,2,3,4,0,0,1,4.355,phishing
https://secure-login-790.net/verify?id=2310,12,7,0,1,2,1,3,0,0,1,3.419,phishing
https://paypal-secure-150.org/verify?id=8069,13,7,0,1,2,2,2,0,0,1,4.33,phishing
https://example.edu/about,7,6,0,1,1,0,0,0,0,0,2.073,legitimate
https://netflix.net/about,7,6,0,1,1,0,0,0,0,0,2.12,legitimate
https://banking-update-244.net/update?id=6554,14,7,0,1,2,2,2,0,0,1,4.667,phishing
https://paypal-secure-385.net/account?id=2189,13,8,0,1,2,1,4,0,0,1,3.958,phishing
https://office365-login-347.org/update?id=2845,15,7,0,1,2,3,4,0,0,1,4.47,phishing
https://example.com/about,7,6,0,1,1,0,0,0,0,0,2.159,legitimate
https://netflix.org/products,7,9,0,1,1,0,0,0,0,0,2.895,legitimate
https://microsoft.com/support,9,8,0,1,1,0,0,0,0,0,2.705,legitimate
https://office365-login-202.info/verify?id=4811,15,7,0,1,2,1,1,0,0,1,4.476,phishing
https://secure-login-632.org/reset?id=8039,12,6,0,1,2,1,3,0,0,1,4.152,phishing
https://office365-login-988.com/update?id=6828,15,7,0,1,2,2,4,0,0,1,3.683,phishing
https://banking-update-504.com/reset?id=5154,14,6,0,1,2,1,2,0,0,1,3.787,phishing
https://amazon-support-129.com/update?id=4249,14,7,0,1,2,1,2,0,0,1,3.302,phishing
https://paypal-secure-235.info/verify?id=4143,13,7,0,1,2,3,1,0,0,1,3.699,phishing
https://example.org/api/v1,7,7,0,1,1,0,0,0,0,0,2.572,legitimate
https://amazon-support-357.info/update?id=3999,14,7,0,1,2,1,3,0,0,1,3.792,phishing
https://office365-login-738.org/login?id=4002,15,6,0,1,2,3,1,0,0,1,3.952,phishing
https://paypal-secure-494.info/reset?id=3680,13,6,0,1,2,3,4,0,0,1,4.013,phishing
https://office365-login-297.info/verify?id=9532,15,7,0,1,2,1,2,0,0,1,4.422,phishing
https://microsoft.net/docs,9,5,0,1,1,0,0,0,0,0,3.03,legitimate
https://paypal-secure-655.net/update?id=8357,13,7,0,1,2,1,1,0,0,1,3.952,phishing
https://amazon-support-982.com/reset?id=5329,14,6,0,1,2,3,4,0,0,1,4.741,phishing
https://paypal-secure-425.com/login?id=5154,13,6,0,1,2,3,2,0,0,1,4.228,phishing
https://bankofamerica.org/api/v1,13,7,0,1,1,0,0,0,0,0,2.855,legitimate
https://secure-login-259.net/account?id=8245,12,8,0,1,2,1,3,0,0,1,4.215,phishing
https://github.com/api/v1,6,7,0,1,1,0,0,0,0,0,2.604,legitimate
https://github.net/products,6,9,0,1,1,0,0,0,0,0,2.784,legitimate
https://netflix.edu/api/v1,7,7,0,1,1,0,0,0,0,0,2.852,legitimate
https://amazon-support-586.net/update?id=5849,14,7,0,1,2,1,2,0,0,1,4.225,phishing
https://example.net/about,7,6,0,1,1,0,0,0,0,0,2.658,legitimate
https://amazon-support-467.com/verify?id=5694,14,7,0,1,2,3,4,0,0,1,3.415,phishing
https://amazon-support-471.net/reset?id=6816,14,6,0,1,2,2,3,0,0,1,4.776,phishing
https://secure-login-374.com/account?id=8728,12,8,0,1,2,2,3,0,0,1,3.638,phishing
https://amazon-support-821.info/account?id=2718,14,8,0,1,2,1,1,0,0,1,3.557,phishing
https://secure-login-854.net/account?id=2343,12,8,0,1,2,1,1,0,0,1,4.568,phishing
https://example.net/products,7,9,0,1,1,0,0,0,0,0,2.167,legitimate
https://netflix.net/api/v1,7,7,0,1,1,0,0,0,0,0,3.008,legitimate
https://paypal-secure-629.net/reset?id=5071,13,6,0,1,2,1,1,0,0,1,3.43,phishing
https://office365-login-156.com/login?id=8283,15,6,0,1,2,2,4,0,0,1,3.321,phishing
https://amazon-support-380.info/login?id=5029,14,6,0,1,2,3,1,0,0,1,3.292,phishing
https://microsoft.net/about,9,6,0,1,1,0,0,0,0,0,2.623,legitimate
https://amazon-support-354.net/reset?id=7193,14,6,0,1,2,1,2,0,0,1,4.602,phishing
https://office365-login-382.net/update?id=8035,15,7,0,1,2,3,3,0,0,1,3.628,phishing
https://banking-update-978.info/reset?id=3351,14,6,0,1,2,1,3,0,0,1,3.681,phishing
https://amazon-support-317.com/update?id=3462,14,7,0,1,2,2,4,0,0,1,4.162,phishing
https://secure-login-588.com/update?id=3713,12,7,0,1,2,2,2,0,0,1,3.783,phishing
https://office365-login-727.com/reset?id=7632,15,6,0,1,2,2,2,0,0,1,3.923,phishing
https://bankofamerica.edu/docs,13,5,0,1,1,0,0,0,0,0,2.584,legitimate
https://paypal-secure-391.com/reset?id=1749,13,6,0,1,2,2,3,0,0,1,4.699,phishing
https://office365-login-590.net/account?id=3081,15,8,0,1,2,3,3,0,0,1,4.02,phishing
https://office365-login-626.com/update?id=6478,15,7,0,1,2,3,4,0,0,1,4.008,phishing
https://banking-update-154.net/verify?id=6754,14,7,0,1,2,1,4,0,0,1,4.657,phishing
https://microsoft.net/products,9,9,0,1,1,0,0,0,0,0,3.09,legitimate
https://banking-update-679.net/update?id=7633,14,7,0,1,2,2,2,0,0,1,4.089,phishing
https://banking-update-826.org/login?id=5110,14,6,0,1,2,3,4,0,0,1,4.386,phishing
https://example.org/api/v1,7,7,0,1,1,0,0,0,0,0,3.19,legitimate
https://office365-login-755.net/account?id=5453,15,8,0,1,2,3,4,0,0,1,4.696,phishing
https://bankofamerica.edu/docs,13,5,0,1,1,0,0,0,0,0,2.522,legitimate
https://secure-login-505.info/account?id=6118,12,8,0,1,2,2,1,0,0,1,3.634,phishing
https://microsoft.net/about,9,6,0,1,1,0,0,0,0,0,2.407,legitimate
https://github.com/support,6,8,0,1,1,0,0,0,0,0,2.643,legitimate
https://paypal-secure-878.com/reset?id=4162,13,6,0,1,2,1,1,0,0,1,3.902,phishing
https://amazon-support-951.com/update?id=6821,14,7,0,1,2,2,2,0,0,1,4.504,phishing
https://bankofamerica.com/api/v1,13,7,0,1,1,0,0,0,0,0,2.917,legitimate
https://github.org/about,6,6,0,1,1,0,0,0,0,0,2.034,legitimate
https://office365-login-689.com/reset?id=8635,15,6,0,1,2,1,4,0,0,1,4.591,phishing
https://office365-login-585.org/reset?id=1919,15,6,0,1,2,1,2,0,0,1,3.413,phishing
https://github.org/products,6,9,0,1,1,0,0,0,0,0,2.25,legitimate
https://secure-login-944.net/reset?id=6650,12,6,0,1,2,3,4,0,0,1,3.945,phishing
https://banking-update-615.com/verify?id=9698,14,7,0,1,2,3,2,0,0,1,3.586,phishing
https://secure-login-849.com/update?id=6187,12,7,0,1,2,1,4,0,0,1,4.699,phishing
https://secure-login-166.info/update?id=9755,12,7,0,1,2,3,1,0,0,1,4.279,phishing
https://secure-login-966.info/login?id=4808,12,6,0,1,2,1,1,0,0,1,4.617,phishing
https://secure-login-305.org/update?id=1255,12,7,0,1,2,2,3,0,0,1,3.826,phishing
https://microsoft.org/support,9,8,0,1,1,0,0,0,0,0,3.17,legitimate
https://paypal-secure-661.com/update?id=2620,13,7,0,1,2,1,4,0,0,1,3.931,phishing
https://secure-login-534.com/update?id=6331,12,7,0,1,2,2,2,0,0,1,3.552,phishing
https://banking-update-135.net/update?id=5813,14,7,0,1,2,3,1,0,0,1,3.656,phishing
https://secure-login-967.info/update?id=3094,12,7,0,1,2,1,2,0,0,1,4.644,phishing
https://office365-login-610.com/update?id=3942,15,7,0,1,2,3,1,0,0,1,3.256,phishing
https://amazon-support-856.org/login?id=5164,14,6,0,1,2,1,3,0,0,1,4.758,phishing
https://banking-update-475.info/verify?id=3410,14,7,0,1,2,3,1,0,0,1,4.216,phishing
https://secure-login-475.net/login?id=8834,12,6,0,1,2,3,1,0,0,1,4.566,phishing
https://office365-login-347.net/update?id=1035,15,7,0,1,2,1,1,0,0,1,3.995,phishing
https://bankofamerica.net/docs,13,5,0,1,1,0,0,0,0,0,3.009,legitimate
https://amazon-support-382.net/reset?id=7598,14,6,0,1,2,1,2,0,0,1,4.209,phishing
https://banking-update-293.com/account?id=4111,14,8,0,1,2,1,4,0,0,1,4.767,phishing
https://example.org/about,7,6,0,1,1,0,0,0,0,0,2.483,legitimate
https://example.com/about,7,6,0,1,1,0,0,0,0,0,3.086,legitimate
https://example.edu/api/v1,7,7,0,1,1,0,0,0,0,0,3.192,legitimate
https://example.edu/docs,7,5,0,1,1,0,0,0,0,0,2.193,legitimate
https://example.net/products,7,9,0,1,1,0,0,0,0,0,2.655,legitimate
https://secure-login-235.net/account?id=4591,12,8,0,1,2,2,3,0,0,1,3.611,phishing
https://office365-login-796.com/update?id=9181,15,7,0,1,2,3,1,0,0,1,4.681,phishing
https://paypal-secure-586.info/account?id=7801,13,8,0,1,2,2,4,0,0,1,3.742,phishing
https://microsoft.net/api/v1,9,7,0,1,1,0,0,0,0,0,2.081,legitimate
https://paypal-secure-985.org/account?id=6129,13,8,0,1,2,1,2,0,0,1,3.303,phishing
https://paypal-secure-224.org/login?id=5317,13,6,0,1,2,1,1,0,0,1,4.396,phishing
https://amazon-support-615.info/verify?id=4051,14,7,0,1,2,1,1,0,0,1,4.293,phishing
https://paypal-secure-359.net/verify?id=6887,13,7,0,1,2,1,4,0,0,1,3.355,phishing
https://banking-update-901.info/account?id=8614,14,8,0,1,2,1,2,0,0,1,3.548,phishing
https://banking-update-740.net/account?id=4653,14,8,0,1,2,1,2,0,0,1,4.339,phishing
https://microsoft.com/support,9,8,0,1,1,0,0,0,0,0,2.662,legitimate
https://bankofamerica.edu/api/v1,13,7,0,1,1,0,0,0,0,0,2.425,legitimate
https://microsoft.com/docs,9,5,0,1,1,0,0,0,0,0,2.231,legitimate
https://netflix.com/api/v1,7,7,0,1,1,0,0,0,0,0,2.145,legitimate
https://amazon-support-672.net/verify?id=5091,14,7,0,1,2,1,4,0,0,1,3.397,phishing
https://paypal-secure-995.org/login?id=9565,13,6,0,1,2,1,3,0,0,1,4.432,phishing
https://example.com/api/v1,7,7,0,1,1,0,0,0,0,0,3.065,legitimate
https://office365-login-151.org/login?id=1074,15,6,0,1,2,2,1,0,0,1,3.278,phishing
https://netflix.net/products,7,9,0,1,1,0,0,0,0,0,2.321,legitimate
https://secure-login-623.org/update?id=1413,12,7,0,1,2,1,3,0,0,1,4.114,phishing
https://banking-update-320.net/reset?id=5979,14,6,0,1,2,3,2,0,0,1,3.786,phishing
https://secure-login-449.com/reset?id=8206,12,6,0,1,2,2,4,0,0,1,3.333,phishing
https://amazon-support-398.info/update?id=9546,14,7,0,1,2,3,4,0,0,1,3.604,phishing
https://amazon-support-495.org/reset?id=4812,14,6,0,1,2,1,1,0,0,1,3.72,phishing
https://secure-login-700.org/login?id=4224,12,6,0,1,2,3,2,0,0,1,3.821,phishing
https://paypal-secure-261.net/update?id=1319,13,7,0,1,2,2,2,0,0,1,3.603,phishing
https://amazon-support-561.net/login?id=4397,14,6,0,1,2,3,1,0,0,1,3.281,phishing
https://secure-login-859.org/account?id=4370,12,8,0,1,2,3,2,0,0,1,3.656,phishing
https://amazon-support-670.net/verify?id=7529,14,7,0,1,2,2,2,0,0,1,4.183,phishing
https://banking-update-959.org/account?id=9522,14,8,0,1,2,1,3,0,0,1,4.231,phishing
https://paypal-secure-911.org/account?id=5736,13,8,0,1,2,1,1,0,0,1,4.115,phishing
https://netflix.edu/products,7,9,0,1,1,0,0,0,0,0,2.841,legitimate
https://secure-login-447.org/update?id=8761,12,7,0,1,2,1,1,0,0,1,4.774,phishing
https://github.org/api/v1,6,7,0,1,1,0,0,0,0,0,3.134,legitimate
https://paypal-secure-587.info/verify?id=8458,13,7,0,1,2,3,2,0,0,1,3.256,phishing
https://example.edu/api/v1,7,7,0,1,1,0,0,0,0,0,2.498,legitimate
https://secure-login-690.com/reset?id=8080,12,6,0,1,2,2,2,0,0,1,3.702,phishing
https://bankofamerica.org/docs,13,5,0,1,1,0,0,0,0,0,2.123,legitimate
https://banking-update-267.org/login?id=5405,14,6,0,1,2,3,3,0,0,1,4.367,phishing
https://github.org/docs,6,5,0,1,1,0,0,0,0,0,3.16,legitimate
https://banking-update-298.com/update?id=7319,14,7,0,1,2,2,2,0,0,1,3.283,phishing
https://bankofamerica.net/api/v1,13,7,0,1,1,0,0,0,0,0,2.31,legitimate
https://microsoft.com/support,9,8,0,1,1,0,0,0,0,0,2.698,legitimate
https://microsoft.net/about,9,6,0,1,1,0,0,0,0,0,2.438,legitimate
https://banking-update-705.net/account?id=3541,14,8,0,1,2,2,2,0,0,1,3.896,phishing
https://amazon-support-446.info/update?id=8274,14,7,0,1,2,2,1,0,0,1,3.377,phishing
https://example.com/about,7,6,0,1,1,0,0,0,0,0,2.503,legitimate
https://amazon-support-149.info/account?id=5129,14,8,0,1,2,1,4,0,0,1,4.477,phishing
https://secure-login-569.net/reset?id=3586,12,6,0,1,2,3,4,0,0,1,4.573,phishing
https://amazon-support-460.net/account?id=3885,14,8,0,1,2,2,2,0,0,1,3.512,phishing
https://secure-login-804.net/account?id=3464,12,8,0,1,2,3,1,0,0,1,3.355,phishing
https://paypal-secure-598.org/account?id=9603,13,8,0,1,2,1,1,0,0,1,4.073,phishing
https://secure-login-316.net/reset?id=6628,12,6,0,1,2,2,2,0,0,1,3.643,phishing
https://banking-update-954.com/account?id=5666,14,8,0,1,2,1,2,0,0,1,4.413,phishing
https://paypal-secure-998.info/reset?id=9680,13,6,0,1,2,2,1,0,0,1,3.603,phishing
https://paypal-secure-660.net/login?id=8558,13,6,0,1,2,1,2,0,0,1,3.573,phishing
https://paypal-secure-730.info/login?id=7787,13,6,0,1,2,1,2,0,0,1,4.546,phishing
https://paypal-secure-878.info/reset?id=5003,13,6,0,1,2,3,2,0,0,1,3.589,phishing
https://banking-update-784.org/account?id=4764,14,8,0,1,2,2,1,0,0,1,3.722,phishing
https://bankofamerica.edu/support,13,8,0,1,1,0,0,0,0,0,2.897,legitimate
https://secure-login-729.com/verify?id=6476,12,7,0,1,2,1,3,0,0,1,3.748,phishing
https://banking-update-965.info/account?id=3997,14,8,0,1,2,2,2,0,0,1,3.284,phishing
https://banking-update-139.info/update?id=5552,14,7,0,1,2,3,4,0,0,1,3.296,phishing
https://netflix.com/about,7,6,0,1,1,0,0,0,0,0,3.112,legitimate
https://secure-login-244.com/reset?id=5776,12,6,0,1,2,3,3,0,0,1,3.909,phishing
https://banking-update-686.org/reset?id=4924,14,6,0,1,2,3,1,0,0,1,4.688,phishing
https://example.com/api/v1,7,7,0,1,1,0,0,0,0,0,3.008,legitimate
https://banking-update-376.org/login?id=2777,14,6,0,1,2,3,1,0,0,1,4.38,phishing
https://banking-update-566.com/verify?id=8336,14,7,0,1,2,1,1,0,0,1,3.233,phishing
https://office365-login-333.org/login?id=7916,15,6,0,1,2,1,2,0,0,1,4.65,phishing
https://secure-login-677.info/login?id=1151,12,6,0,1,2,1,2,0,0,1,3.405,phishing
https://office365-login-756.org/reset?id=2114,15,6,0,1,2,3,4,0,0,1,3.893,phishing
https://banking-update-913.com/reset?id=6054,14,6,0,1,2,1,3,0,0,1,4.775,phishing
https://amazon-support-670.com/update?id=6580,14,7,0,1,2,3,3,0,0,1,3.761,phishing
https://microsoft.com/docs,9,5,0,1,1,0,0,0,0,0,3.166,legitimate
https://amazon-support-327.com/verify?id=5815,14,7,0,1,2,2,3,0,0,1,4.112,phishing
https://bankofamerica.com/support,13,8,0,1,1,0,0,0,0,0,2.079,legitimate
https://secure-login-462.net/verify?id=7654,12,7,0,1,2,2,1,0,0,1,4.59,phishing
https://paypal-secure-497.org/account?id=8450,13,8,0,1,2,2,3,0,0,1,4.553,phishing
https://netflix.net/api/v1,7,7,0,1,1,0,0,0,0,0,2.38,legitimate
https://secure-login-992.com/update?id=1480,12,7,0,1,2,3,2,0,0,1,3.969,phishing
https://office365-login-593.org/account?id=3642,15,8,0,1,2,3,2,0,0,1,4.657,phishing
https://secure-login-579.org/login?id=2805,12,6,0,1,2,2,1,0,0,1,3.509,phishing
https://bankofamerica.edu/support,13,8,0,1,1,0,0,0,0,0,2.124,legitimate
https://paypal-secure-257.com/verify?id=5883,13,7,0,1,2,3,3,0,0,1,3.22,phishing
https://secure-login-418.net/verify?id=3915,12,7,0,1,2,1,1,0,0,1,4.696,phishing
https://github.net/support,6,8,0,1,1,0,0,0,0,0,2.951,legitimate
https://amazon-support-161.info/login?id=6387,14,6,0,1,2,2,4,0,0,1,4.167,phishing
https://paypal-secure-266.info/account?id=8950,13,8,0,1,2,3,1,0,0,1,3.376,phishing
https://amazon-support-449.org/verify?id=1662,14,7,0,1,2,2,3,0,0,1,4.421,phishing
https://office365-login-533.com/login?id=9803,15,6,0,1,2,3,4,0,0,1,4.465,phishing
https://office365-login-410.net/login?id=3227,15,6,0,1,2,1,3,0,0,1,3.456,phishing
https://microsoft.com/about,9,6,0,1,1,0,0,0,0,0,2.188,legitimate
https://github.edu/docs,6,5,0,1,1,0,0,0,0,0,3.191,legitimate
https://banking-update-444.net/verify?id=1327,14,7,0,1,2,3,2,0,0,1,3.425,phishing
https://paypal-secure-796.info/reset?id=8253,13,6,0,1,2,2,2,0,0,1,3.304,phishing
https://office365-login-404.org/reset?id=5534,15,6,0,1,2,3,4,0,0,1,3.69,phishing
https://office365-login-127.com/account?id=9017,15,8,0,1,2,2,3,0,0,1,4.67,phishing
https://amazon-support-759.org/login?id=8703,14,6,0,1,2,3,4,0,0,1,3.418,phishing
https://secure-login-692.net/update?id=9107,12,7,0,1,2,3,2,0,0,1,3.601,phishing
https://secure-login-116.info/reset?id=9067,12,6,0,1,2,2,2,0,0,1,3.843,phishing
https://paypal-secure-162.org/verify?id=2561,13,7,0,1,2,2,4,0,0,1,3.757,phishing
https://amazon-support-760.com/account?id=2247,14,8,0,1,2,2,1,0,0,1,3.772,phishing
https://banking-update-785.info/login?id=7837,14,6,0,1,2,3,1,0,0,1,3.385,phishing
https://office365-login-766.com/reset?id=2999,15,6,0,1,2,3,4,0,0,1,4.367,phishing
https://banking-update-737.org/verify?id=6443,14,7,0,1,2,2,3,0,0,1,4.633,phishing
https://secure-login-301.info/login?id=9037,12,6,0,1,2,1,1,0,0,1,4.667,phishing
https://paypal-secure-668.info/login?id=1279,13,6,0,1,2,3,3,0,0,1,4.092,phishing
https://banking-update-529.com/verify?id=3568,14,7,0,1,2,1,4,0,0,1,3.571,phishing
https://office365-login-202.net/account?id=7000,15,8,0,1,2,2,2,0,0,1,4.463,phishing
https://office365-login-970.org/update?id=9254,15,7,0,1,2,1,3,0,0,1,3.405,phishing
https://paypal-secure-584.info/verify?id=6031,13,7,0,1,2,1,2,0,0,1,4.463,phishing
https://amazon-support-462.info/update?id=6126,14,7,0,1,2,1,2,0,0,1,3.78,phishing
https://amazon-support-293.info/login?id=1494,14,6,0,1,2,2,3,0,0,1,4.595,phishing
https://secure-login-235.org/reset?id=1043,12,6,0,1,2,1,2,0,0,1,4.697,phishing
https://office365-login-772.net/update?id=1135,15,7,0,1,2,3,2,0,0,1,3.45,phishing
https://bankofamerica.net/docs,13,5,0,1,1,0,0,0,0,0,2.814,legitimate
https://microsoft.com/docs,9,5,0,1,1,0,0,0,0,0,2.762,legitimate
https://banking-update-872.com/login?id=9589,14,6,0,1,2,2,1,0,0,1,4.606,phishing
https://microsoft.net/products,9,9,0,1,1,0,0,0,0,0,2.824,legitimate
https://office365-login-662.net/account?id=7436,15,8,0,1,2,1,4,0,0,1,3.953,phishing
https://github.org/docs,6,5,0,1,1,0,0,0,0,0,2.531,legitimate
https://banking-update-627.net/account?id=1316,14,8,0,1,2,3,3,0,0,1,4.327,phishing
https://secure-login-859.com/update?id=5829,12,7,0,1,2,1,2,0,0,1,4.087,phishing
https://secure-login-190.org/reset?id=2353,12,6,0,1,2,3,1,0,0,1,4.117,phishing
https://banking-update-437.info/verify?id=3145,14,7,0,1,2,3,4,0,0,1,4.435,phishing
https://banking-update-357.com/login?id=2816,14,6,0,1,2,1,2,0,0,1,4.376,phishing
https://banking-update-487.net/reset?id=5692,14,6,0,1,2,1,1,0,0,1,3.827,phishing
https://banking-update-349.org/login?id=4815,14,6,0,1,2,3,1,0,0,1,4.272,phishing
https://microsoft.edu/support,9,8,0,1,1,0,0,0,0,0,2.025,legitimate
https://amazon-support-533.org/login?id=9645,14,6,0,1,2,3,4,0,0,1,3.436,phishing
https://paypal-secure-139.com/login?id=2364,13,6,0,1,2,3,3,0,0,1,4.736,phishing
https://amazon-support-393.org/verify?id=9454,14,7,0,1,2,2,1,0,0,1,4.609,phishing
https://example.net/docs,7,5,0,1,1,0,0,0,0,0,2.58,legitimate
https://amazon-support-727.com/update?id=3991,14,7,0,1,2,1,2,0,0,1,4.041,phishing
https://banking-update-249.net/update?id=4257,14,7,0,1,2,1,3,0,0,1,4.415,phishing
https://paypal-secure-495.org/account?id=7656,13,8,0,1,2,3,2,0,0,1,3.395,phishing
https://amazon-support-820.info/account?id=2659,14,8,0,1,2,3,4,0,0,1,3.427,phishing
https://amazon-support-694.org/account?id=5322,14,8,0,1,2,3,4,0,0,1,3.651,phishing
https://office365-login-158.info/reset?id=4291,15,6,0,1,2,2,2,0,0,1,3.818,phishing
https://bankofamerica.net/api/v1,13,7,0,1,1,0,0,0,0,0,3.052,legitimate
https://amazon-support-357.net/login?id=2826,14,6,0,1,2,1,3,0,0,1,4.794,phishing
https://secure-login-171.org/login?id=4693,12,6,0,1,2,3,4,0,0,1,3.985,phishing
https://netflix.net/products,7,9,0,1,1,0,0,0,0,0,2.38,legitimate
https://microsoft.com/products,9,9,0,1,1,0,0,0,0,0,2.234,legitimate
https://banking-update-575.com/login?id=2712,14,6,0,1,2,2,1,0,0,1,3.853,phishing
https://paypal-secure-410.net/update?id=8804,13,7,0,1,2,1,2,0,0,1,3.523,phishing
https://banking-update-147.info/account?id=3485,14,8,0,1,2,1,4,0,0,1,3.831,phishing
https://netflix.net/products,7,9,0,1,1,0,0,0,0,0,2.907,legitimate
https://paypal-secure-333.net/verify?id=5854,13,7,0,1,2,3,3,0,0,1,3.942,phishing
https://microsoft.org/api/v1,9,7,0,1,1,0,0,0,0,0,2.476,legitimate
https://banking-update-557.org/account?id=8003,14,8,0,1,2,1,2,0,0,1,4.743,phishing
https://amazon-support-605.info/reset?id=9143,14,6,0,1,2,2,4,0,0,1,4.557,phishing
https://amazon-support-734.com/verify?id=6711,14,7,0,1,2,1,4,0,0,1,4.461,phishing
https://netflix.org/about,7,6,0,1,1,0,0,0,0,0,2.996,legitimate
https://netflix.com/docs,7,5,0,1,1,0,0,0,0,0,2.416,legitimate
https://amazon-support-980.net/reset?id=3306,14,6,0,1,2,2,1,0,0,1,4.208,phishing
https://amazon-support-543.com/verify?id=8886,14,7,0,1,2,2,2,0,0,1,4.642,phishing
https://secure-login-254.info/login?id=8598,12,6,0,1,2,3,4,0,0,1,4.738,phishing
https://microsoft.org/docs,9,5,0,1,1,0,0,0,0,0,2.317,legitimate
https://amazon-support-805.com/account?id=8384,14,8,0,1,2,3,3,0,0,1,3.33,phishing
https://bankofamerica.com/docs,13,5,0,1,1,0,0,0,0,0,2.089,legitimate
https://banking-update-335.org/update?id=7844,14,7,0,1,2,3,3,0,0,1,3.48,phishing
https://amazon-support-224.org/update?id=2893,14,7,0,1,2,2,3,0,0,1,4.05,phishing
https://banking-update-994.net/reset?id=5971,14,6,0,1,2,1,1,0,0,1,4.031,phishing
https://paypal-secure-193.info/account?id=3751,13,8,0,1,2,2,1,0,0,1,4.267,phishing
https://banking-update-487.org/reset?id=2661,14,6,0,1,2,3,4,0,0,1,4.417,phishing
https://amazon-support-629.net/account?id=4267,14,8,0,1,2,2,2,0,0,1,3.527,phishing
https://banking-update-509.info/update?id=1411,14,7,0,1,2,1,1,0,0,1,3.264,phishing
https://office365-login-341.info/account?id=7708,15,8,0,1,2,2,1,0,0,1,3.632,phishing
https://office365-login-591.org/verify?id=9780,15,7,0,1,2,3,1,0,0,1,3.481,phishing
https://example.org/about,7,6,0,1,1,0,0,0,0,0,2.197,legitimate
https://office365-login-643.com/reset?id=8434,15,6,0,1,2,2,3,0,0,1,3.7,phishing
https://microsoft.com/docs,9,5,0,1,1,0,0,0,0,0,2.343,legitimate
https://secure-login-939.org/login?id=2624,12,6,0,1,2,1,1,0,0,1,4.775,phishing
https://office365-login-223.info/login?id=7420,15,6,0,1,2,1,4,0,0,1,3.318,phishing
https://secure-login-205.net/login?id=7086,12,6,0,1,2,1,3,0,0,1,4.404,phishing
https://office365-login-122.org/reset?id=1742,15,6,0,1,2,3,3,0,0,1,3.854,phishing
https://secure-login-905.org/account?id=5726,12,8,0,1,2,1,4,0,0,1,3.424,phishing
https://paypal-secure-549.info/verify?id=5613,13,7,0,1,2,2,1,0,0,1,4.356,phishing
https://office365-login-778.net/account?id=2032,15,8,0,1,2,3,2,0,0,1,4.114,phishing
https://secure-login-641.info/account?id=4800,12,8,0,1,2,1,3,0,0,1,3.8,phishing
https://paypal-secure-577.info/login?id=7581,13,6,0,1,2,1,1,0,0,1,4.07,phishing
https://office365-login-489.org/reset?id=6995,15,6,0,1,2,2,4,0,0,1,4.356,phishing
https://banking-update-804.net/update?id=6938,14,7,0,1,2,2,1,0,0,1,4.369,phishing
https://secure-login-457.org/update?id=3343,12,7,0,1,2,1,4,0,0,1,4.567,phishing
https://amazon-support-937.org/reset?id=7203,14,6,0,1,2,3,3,0,0,1,4.799,phishing
https://netflix.com/docs,7,5,0,1,1,0,0,0,0,0,2.062,legitimate
https://example.edu/api/v1,7,7,0,1,1,0,0,0,0,0,2.794,legitimate
https://github.com/docs,6,5,0,1,1,0,0,0,0,0,2.188,legitimate
https://example.edu/support,7,8,0,1,1,0,0,0,0,0,2.287,legitimate
https://amazon-support-635.org/reset?id=1351,14,6,0,1,2,3,2,0,0,1,3.754,phishing
https://office365-login-780.org/account?id=9829,15,8,0,1,2,1,4,0,0,1,3.834,phishing
https://microsoft.net/docs,9,5,0,1,1,0,0,0,0,0,2.478,legitimate
https://paypal-secure-847.com/update?id=3748,13,7,0,1,2,2,1,0,0,1,3.351,phishing
https://netflix.com/support,7,8,0,1,1,0,0,0,0,0,2.956,legitimate
https://example.net/support,7,8,0,1,1,0,0,0,0,0,2.731,legitimate
https://bankofamerica.org/api/v1,13,7,0,1,1,0,0,0,0,0,2.517,legitimate
https://office365-login-803.org/verify?id=5187,15,7,0,1,2,3,1,0,0,1,3.331,phishing
https://banking-update-171.net/login?id=2470,14,6,0,1,2,1,1,0,0,1,4.552,phishing
https://banking-update-216.net/account?id=7461,14,8,0,1,2,1,1,0,0,1,3.982,phishing
https://paypal-secure-682.net/reset?id=3100,13,6,0,1,2,3,4,0,0,1,3.588,phishing
https://example.edu/support,7,8,0,1,1,0,0,0,0,0,2.474,legitimate
https://banking-update-900.net/account?id=3283,14,8,0,1,2,2,4,0,0,1,3.423,phishing
https://secure-login-939.org/update?id=4653,12,7,0,1,2,3,1,0,0,1,4.59,phishing
https://office365-login-308.org/update?id=4454,15,7,0,1,2,3,1,0,0,1,3.479,phishing
https://paypal-secure-943.com/account?id=4645,13,8,0,1,2,3,4,0,0,1,3.288,phishing
https://microsoft.com/support,9,8,0,1,1,0,0,0,0,0,2.966,legitimate
https://bankofamerica.com/about,13,6,0,1,1,0,0,0,0,0,2.08,legitimate
https://office365-login-263.org/login?id=4837,15,6,0,1,2,3,2,0,0,1,3.523,phishing
https://secure-login-746.info/verify?id=5582,12,7,0,1,2,3,4,0,0,1,3.762,phishing
https://amazon-support-891.net/account?id=9683,14,8,0,1,2,3,3,0,0,1,4.097,phishing
https://amazon-support-567.com/update?id=2241,14,7,0,1,2,1,2,0,0,1,3.413,phishing
https://office365-login-693.org/login?id=1264,15,6,0,1,2,1,1,0,0,1,3.584,phishing
https://github.edu/api/v1,6,7,0,1,1,0,0,0,0,0,2.724,legitimate
https://github.org/api/v1,6,7,0,1,1,0,0,0,0,0,2.694,legitimate
https://office365-login-932.net/account?id=7940,15,8,0,1,2,2,1,0,0,1,4.518,phishing
https://office365-login-415.com/reset?id=9737,15,6,0,1,2,3,2,0,0,1,4.218,phishing
https://secure-login-994.com/account?id=1855,12,8,0,1,2,1,4,0,0,1,3.945,phishing
https://netflix.com/api/v1,7,7,0,1,1,0,0,0,0,0,2.341,legitimate
https://paypal-secure-493.org/login?id=6681,13,6,0,1,2,2,1,0,0,1,3.432,phishing
https://banking-update-242.info/update?id=7760,14,7,0,1,2,2,2,0,0,1,3.539,phishing
https://microsoft.net/products,9,9,0,1,1,0,0,0,0,0,2.179,legitimate
https://github.org/support,6,8,0,1,1,0,0,0,0,0,2.501,legitimate
https://banking-update-313.com/update?id=5907,14,7,0,1,2,3,2,0,0,1,3.364,phishing
https://example.org/docs,7,5,0,1,1,0,0,0,0,0,2.477,legitimate
https://netflix.org/api/v1,7,7,0,1,1,0,0,0,0,0,2.865,legitimate
https://secure-login-831.info/account?id=5938,12,8,0,1,2,1,1,0,0,1,3.727,phishing
https://paypal-secure-467.org/account?id=3815,13,8,0,1,2,2,4,0,0,1,3.707,phishing
https://office365-login-348.com/verify?id=1628,15,7,0,1,2,1,4,0,0,1,3.39,phishing
https://github.net/docs,6,5,0,1,1,0,0,0,0,0,2.991,legitimate
https://paypal-secure-677.com/login?id=6596,13,6,0,1,2,1,1,0,0,1,4.199,phishing
https://microsoft.org/products,9,9,0,1,1,0,0,0,0,0,2.326,legitimate
https://banking-update-566.com/update?id=6750,14,7,0,1,2,1,1,0,0,1,3.778,phishing
https://amazon-support-478.info/login?id=9148,14,6,0,1,2,3,2,0,0,1,3.576,phishing
https://office365-login-389.info/update?id=3443,15,7,0,1,2,3,3,0,0,1,4.065,phishing
https://secure-login-603.info/reset?id=6068,12,6,0,1,2,2,3,0,0,1,3.343,phishing
https://banking-update-316.info/update?id=2804,14,7,0,1,2,2,1,0,0,1,4.469,phishing
https://secure-login-686.info/reset?id=8921,12,6,0,1,2,3,3,0,0,1,3.368,phishing
https://microsoft.org/products,9,9,0,1,1,0,0,0,0,0,2.918,legitimate
https://amazon-support-664.net/reset?id=3253,14,6,0,1,2,3,1,0,0,1,4.286,phishing
https://office365-login-297.com/verify?id=1624,15,7,0,1,2,3,2,0,0,1,3.759,phishing
https://office365-login-265.com/verify?id=7790,15,7,0,1,2,3,1,0,0,1,4.068,phishing
https://amazon-support-486.net/verify?id=9112,14,7,0,1,2,3,1,0,0,1,4.138,phishing
https://netflix.edu/docs,7,5,0,1,1,0,0,0,0,0,2.905,legitimate
https://paypal-secure-766.net/login?id=3479,13,6,0,1,2,1,4,0,0,1,4.681,phishing
https://secure-login-761.com/update?id=4011,12,7,0,1,2,2,4,0,0,1,4.7,phishing
https://banking-update-264.info/account?id=4873,14,8,0,1,2,1,3,0,0,1,3.687,phishing
https://paypal-secure-681.com/update?id=6192,13,7,0,1,2,2,3,0,0,1,4.677,phishing
https://paypal-secure-898.com/update?id=1171,13,7,0,1,2,2,3,0,0,1,4.23,phishing
https://paypal-secure-495.info/account?id=2992,13,8,0,1,2,2,3,0,0,1,4.568,phishing
https://secure-login-948.net/login?id=4755,12,6,0,1,2,1,1,0,0,1,4.541,phishing
https://banking-update-408.org/login?id=2702,14,6,0,1,2,2,4,0,0,1,4.536,phishing
https://paypal-secure-542.org/account?id=2014,13,8,0,1,2,2,4,0,0,1,4.02,phishing
https://example.net/about,7,6,0,1,1,0,0,0,0,0,3.195,legitimate
https://example.net/about,7,6,0,1,1,0,0,0,0,0,2.04,legitimate
https://github.edu/about,6,6,0,1,1,0,0,0,0,0,2.416,legitimate
https://bankofamerica.org/products,13,9,0,1,1,0,0,0,0,0,2.938,legitimate
https://amazon-support-735.net/reset?id=9917,14,6,0,1,2,1,1,0,0,1,4.551,phishing
https://microsoft.edu/support,9,8,0,1,1,0,0,0,0,0,2.571,legitimate
https://secure-login-423.net/account?id=6269,12,8,0,1,2,2,3,0,0,1,4.319,phishing
https://paypal-secure-611.net/account?id=6762,13,8,0,1,2,3,2,0,0,1,3.558,phishing
https://secure-login-661.net/account?id=9734,12,8,0,1,2,1,4,0,0,1,3.379,phishing
https://banking-update-542.org/verify?id=3227,14,7,0,1,2,3,2,0,0,1,3.696,phishing
https://microsoft.com/products,9,9,0,1,1,0,0,0,0,0,2.163,legitimate
https://secure-login-962.org/verify?id=2192,12,7,0,1,2,1,1,0,0,1,3.718,phishing
https://office365-login-771.org/update?id=7918,15,7,0,1,2,1,1,0,0,1,3.547,phishing
https://paypal-secure-730.org/account?id=5671,13,8,0,1,2,3,3,0,0,1,4.696,phishing
https://office365-login-418.org/account?id=6809,15,8,0,1,2,2,4,0,0,1,3.824,phishing
https://secure-login-168.org/verify?id=2715,12,7,0,1,2,3,3,0,0,1,4.046,phishing
https://bankofamerica.org/products,13,9,0,1,1,0,0,0,0,0,2.903,legitimate
https://netflix.net/docs,7,5,0,1,1,0,0,0,0,0,3.179,legitimate
https://amazon-support-473.org/login?id=8510,14,6,0,1,2,2,1,0,0,1,4.121,phishing
https://github.edu/support,6,8,0,1,1,0,0,0,0,0,2.437,legitimate
https://banking-update-139.com/verify?id=8443,14,7,0,1,2,2,3,0,0,1,3.335,phishing
https://paypal-secure-358.net/update?id=1472,13,7,0,1,2,2,2,0,0,1,4.742,phishing
https://secure-login-238.net/account?id=8578,12,8,0,1,2,2,4,0,0,1,3.505,phishing
https://amazon-support-222.org/account?id=9357,14,8,0,1,2,2,3,0,0,1,3.74,phishing
https://bankofamerica.org/products,13,9,0,1,1,0,0,0,0,0,2.111,legitimate
https://paypal-secure-686.org/verify?id=4637,13,7,0,1,2,3,3,0,0,1,3.752,phishing
https://banking-update-920.com/reset?id=1176,14,6,0,1,2,2,3,0,0,1,4.458,phishing
https://example.com/products,7,9,0,1,1,0,0,0,0,0,3.112,legitimate
https://netflix.net/api/v1,7,7,0,1,1,0,0,0,0,0,2.963,legitimate
https://office365-login-125.org/account?id=6657,15,8,0,1,2,3,4,0,0,1,4.236,phishing
https://banking-update-890.info/login?id=8413,14,6,0,1,2,2,2,0,0,1,4.404,phishing
https://microsoft.com/api/v1,9,7,0,1,1,0,0,0,0,0,2.896,legitimate
https://office365-login-225.org/account?id=1321,15,8,0,1,2,3,4,0,0,1,4.406,phishing
https://office365-login-147.info/verify?id=8208,15,7,0,1,2,2,3,0,0,1,4.062,phishing
https://netflix.com/products,7,9,0,1,1,0,0,0,0,0,3.037,legitimate
https://paypal-secure-267.info/account?id=9501,13,8,0,1,2,1,2,0,0,1,4.799,phishing
https://paypal-secure-403.org/update?id=3757,13,7,0,1,2,3,4,0,0,1,4.058,phishing
https://github.org/products,6,9,0,1,1,0,0,0,0,0,2.654,legitimate
https://office365-login-572.info/account?id=6723,15,8,0,1,2,3,1,0,0,1,3.636,phishing
https://amazon-support-659.com/verify?id=1131,14,7,0,1,2,3,3,0,0,1,3.543,phishing
https://amazon-support-482.org/login?id=5317,14,6,0,1,2,3,4,0,0,1,3.741,phishing
https://example.net/api/v1,7,7,0,1,1,0,0,0,0,0,2.216,legitimate
https://amazon-support-623.org/reset?id=4853,14,6,0,1,2,1,2,0,0,1,4.548,phishing
https://banking-update-661.com/login?id=4060,14,6,0,1,2,1,1,0,0,1,4.105,phishing
https://office365-login-815.info/reset?id=8864,15,6,0,1,2,2,3,0,0,1,4.778,phishing
https://office365-login-553.net/update?id=9890,15,7,0,1,2,1,3,0,0,1,4.023,phishing
https://github.edu/support,6,8,0,1,1,0,0,0,0,0,2.039,legitimate
https://banking-update-615.com/account?id=3306,14,8,0,1,2,1,1,0,0,1,4.588,phishing
https://netflix.net/products,7,9,0,1,1,0,0,0,0,0,2.932,legitimate
https://amazon-support-782.org/verify?id=9536,14,7,0,1,2,3,2,0,0,1,4.621,phishing
https://banking-update-628.net/reset?id=3725,14,6,0,1,2,3,2,0,0,1,3.49,phishing
https://banking-update-566.org/update?id=8958,14,7,0,1,2,1,1,0,0,1,4.052,phishing
https://office365-login-561.info/login?id=8172,15,6,0,1,2,1,2,0,0,1,3.54,phishing
https://paypal-secure-903.info/update?id=4791,13,7,0,1,2,2,2,0,0,1,3.426,phishing
https://amazon-support-172.info/update?id=3140,14,7,0,1,2,1,3,0,0,1,4.37,phishing
https://example.org/api/v1,7,7,0,1,1,0,0,0,0,0,2.644,legitimate
https://banking-update-206.org/account?id=5262,14,8,0,1,2,3,1,0,0,1,4.538,phishing
https://amazon-support-848.net/update?id=6226,14,7,0,1,2,3,1,0,0,1,3.389,phishing
https://secure-login-106.com/account?id=3967,12,8,0,1,2,3,2,0,0,1,3.347,phishing
https://office365-login-113.com/reset?id=7730,15,6,0,1,2,1,2,0,0,1,3.697,phishing
https://paypal-secure-837.com/reset?id=5874,13,6,0,1,2,3,2,0,0,1,3.719,phishing
https://microsoft.org/docs,9,5,0,1,1,0,0,0,0,0,2.927,legitimate
https://banking-update-249.info/update?id=8908,14,7,0,1,2,1,1,0,0,1,3.365,phishing
https://secure-login-528.info/verify?id=4182,12,7,0,1,2,1,3,0,0,1,4.534,phishing
https://paypal-secure-542.info/account?id=1012,13,8,0,1,2,2,3,0,0,1,3.875,phishing
https://amazon-support-950.info/login?id=9529,14,6,0,1,2,2,2,0,0,1,3.354,phishing
https://bankofamerica.net/api/v1,13,7,0,1,1,0,0,0,0,0,3.114,legitimate
https://office365-login-592.info/update?id=2755,15,7,0,1,2,3,3,0,0,1,3.635,phishing
https://banking-update-563.net/account?id=5876,14,8,0,1,2,1,1,0,0,1,4.254,phishing
https://banking-update-745.org/verify?id=1086,14,7,0,1,2,1,1,0,0,1,4.216,phishing
https://github.net/products,6,9,0,1,1,0,0,0,0,0,3.093,legitimate
https://amazon-support-685.net/verify?id=7156,14,7,0,1,2,1,4,0,0,1,4.737,phishing
https://paypal-secure-491.info/update?id=6876,13,7,0,1,2,3,2,0,0,1,4.606,phishing
https://github.net/api/v1,6,7,0,1,1,0,0,0,0,0,2.221,legitimate
https://banking-update-160.com/reset?id=4072,14,6,0,1,2,3,1,0,0,1,4.49,phishing
https://bankofamerica.net/docs,13,5,0,1,1,0,0,0,0,0,2.072,legitimate
https://amazon-support-161.net/update?id=7588,14,7,0,1,2,3,1,0,0,1,4.6,phishing
https://banking-update-570.info/login?id=8438,14,6,0,1,2,2,2,0,0,1,3.457,phishing
https://secure-login-519.com/update?id=9090,12,7,0,1,2,2,3,0,0,1,4.561,phishing
https://secure-login-823.net/login?id=2099,12,6,0,1,2,2,2,0,0,1,4.304,phishing
https://microsoft.edu/api/v1,9,7,0,1,1,0,0,0,0,0,3.044,legitimate
https://bankofamerica.org/products,13,9,0,1,1,0,0,0,0,0,2.098,legitimate
https://example.org/about,7,6,0,1,1,0,0,0,0,0,2.409,legitimate
https://banking-update-266.info/update?id=8624,14,7,0,1,2,1,4,0,0,1,4.525,phishing
https://secure-login-841.info/login?id=5985,12,6,0,1,2,2,4,0,0,1,3.496,phishing
https://bankofamerica.com/api/v1,13,7,0,1,1,0,0,0,0,0,2.472,legitimate
https://example.edu/products,7,9,0,1,1,0,0,0,0,0,2.084,legitimate
https://banking-update-883.com/update?id=5562,14,7,0,1,2,1,1,0,0,1,3.62,phishing
https://amazon-support-700.com/account?id=4640,14,8,0,1,2,2,2,0,0,1,4.432,phishing
https://paypal-secure-558.net/reset?id=9366,13,6,0,1,2,1,1,0,0,1,3.54,phishing
https://office365-login-544.com/reset?id=9028,15,6,0,1,2,1,4,0,0,1,3.82,phishing
https://secure-login-314.org/verify?id=8268,12,7,0,1,2,2,4,0,0,1,4.788,phishing
https://secure-login-408.net/update?id=2406,12,7,0,1,2,2,2,0,0,1,4.703,phishing
https://banking-update-451.info/login?id=4596,14,6,0,1,2,1,2,0,0,1,3.54,phishing
https://paypal-secure-539.com/verify?id=9024,13,7,0,1,2,1,3,0,0,1,3.321,phishing
https://netflix.org/products,7,9,0,1,1,0,0,0,0,0,2.063,legitimate
https://office365-login-726.info/reset?id=2054,15,6,0,1,2,1,4,0,0,1,3.262,phishing
https://microsoft.edu/about,9,6,0,1,1,0,0,0,0,0,2.443,legitimate
https://banking-update-980.net/reset?id=5969,14,6,0,1,2,1,1,0,0,1,4.114,phishing
https://amazon-support-260.info/reset?id=9006,14,6,0,1,2,2,3,0,0,1,4.149,phishing
https://microsoft.org/api/v1,9,7,0,1,1,0,0,0,0,0,2.557,legitimate
https://example.com/support,7,8,0,1,1,0,0,0,0,0,2.181,legitimate
https://banking-update-422.info/reset?id=8931,14,6,0,1,2,3,4,0,0,1,3.529,phishing
https://paypal-secure-221.net/verify?id=8598,13,7,0,1,2,1,4,0,0,1,4.655,phishing
https://paypal-secure-150.com/update?id=4339,13,7,0,1,2,3,4,0,0,1,3.833,phishing
https://office365-login-664.info/account?id=2685,15,8,0,1,2,2,3,0,0,1,3.727,phishing
https://netflix.edu/about,7,6,0,1,1,0,0,0,0,0,2.412,legitimate
https://banking-update-378.net/verify?id=8174,14,7,0,1,2,2,2,0,0,1,4.467,phishing
https://netflix.net/support,7,8,0,1,1,0,0,0,0,0,2.826,legitimate
https://paypal-secure-630.com/verify?id=3427,13,7,0,1,2,3,2,0,0,1,3.518,phishing
https://office365-login-848.info/reset?id=7244,15,6,0,1,2,3,4,0,0,1,4.754,phishing
https://banking-update-223.org/login?id=2403,14,6,0,1,2,2,3,0,0,1,3.739,phishing
https://microsoft.edu/docs,9,5,0,1,1,0,0,0,0,0,2.098,legitimate
https://example.org/about,7,6,0,1,1,0,0,0,0,0,2.437,legitimate
https://secure-login-525.com/login?id=7551,12,6,0,1,2,3,1,0,0,1,3.769,phishing
https://microsoft.net/api/v1,9,7,0,1,1,0,0,0,0,0,2.767,legitimate
https://banking-update-650.com/login?id=5479,14,6,0,1,2,3,2,0,0,1,4.064,phishing
https://microsoft.org/support,9,8,0,1,1,0,0,0,0,0,2.723,legitimate
https://secure-login-532.net/account?id=2868,12,8,0,1,2,1,4,0,0,1,4.26,phishing
https://paypal-secure-302.com/update?id=1108,13,7,0,1,2,3,1,0,0,1,3.891,phishing
https://secure-login-376.com/login?id=8888,12,6,0,1,2,1,1,0,0,1,3.723,phishing
https://paypal-secure-312.com/reset?id=6412,13,6,0,1,2,3,4,0,0,1,4.602,phishing
https://paypal-secure-153.net/login?id=6756,13,6,0,1,2,2,3,0,0,1,3.223,phishing
https://netflix.net/support,7,8,0,1,1,0,0,0,0,0,2.695,legitimate
https://example.edu/api/v1,7,7,0,1,1,0,0,0,0,0,2.707,legitimate
https://bankofamerica.org/api/v1,13,7,0,1,1,0,0,0,0,0,2.426,legitimate
https://office365-login-723.net/verify?id=3803,15,7,0,1,2,3,2,0,0,1,3.479,phishing
https://bankofamerica.edu/api/v1,13,7,0,1,1,0,0,0,0,0,2.954,legitimate
https://secure-login-808.net/account?id=1271,12,8,0,1,2,1,4,0,0,1,4.206,phishing
https://office365-login-851.org/update?id=1240,15,7,0,1,2,2,4,0,0,1,4.717,phishing
https://banking-update-719.net/login?id=9413,14,6,0,1,2,1,1,0,0,1,4.542,phishing
https://microsoft.com/support,9,8,0,1,1,0,0,0,0,0,2.586,legitimate
https://microsoft.edu/about,9,6,0,1,1,0,0,0,0,0,2.247,legitimate
https://github.org/api/v1,6,7,0,1,1,0,0,0,0,0,2.421,legitimate
https://netflix.edu/api/v1,7,7,0,1,1,0,0,0,0,0,2.547,legitimate
https://example.com/api/v1,7,7,0,1,1,0,0,0,0,0,2.237,legitimate
https://example.org/products,7,9,0,1,1,0,0,0,0,0,2.255,legitimate
https://github.com/products,6,9,0,1,1,0,0,0,0,0,2.026,legitimate
https://office365-login-905.info/login?id=2845,15,6,0,1,2,2,2,0,0,1,4.479,phishing
https://microsoft.edu/about,9,6,0,1,1,0,0,0,0,0,2.817,legitimate
https://office365-login-459.org/account?id=4950,15,8,0,1,2,1,2,0,0,1,3.628,phishing
https://banking-update-551.com/account?id=4871,14,8,0,1,2,1,2,0,0,1,3.842,phishing
https://office365-login-751.org/account?id=9479,15,8,0,1,2,2,1,0,0,1,3.408,phishing
https://paypal-secure-833.com/reset?id=9015,13,6,0,1,2,2,1,0,0,1,4.555,phishing
https://office365-login-745.net/reset?id=5333,15,6,0,1,2,1,4,0,0,1,3.763,phishing
https://secure-login-381.info/update?id=6815,12,7,0,1,2,3,1,0,0,1,4.414,phishing
https://office365-login-264.com/account?id=3376,15,8,0,1,2,3,3,0,0,1,3.677,phishing
https://example.org/support,7,8,0,1,1,0,0,0,0,0,2.351,legitimate
https://office365-login-999.com/account?id=4773,15,8,0,1,2,1,1,0,0,1,4.234,phishing
https://office365-login-101.info/update?id=4111,15,7,0,1,2,1,2,0,0,1,4.154,phishing
https://secure-login-602.info/reset?id=3992,12,6,0,1,2,1,2,0,0,1,3.238,phishing
https://office365-login-958.com/login?id=3821,15,6,0,1,2,2,3,0,0,1,3.829,phishing
https://secure-login-545.org/login?id=3655,12,6,0,1,2,1,1,0,0,1,3.625,phishing
https://amazon-support-605.info/account?id=5023,14,8,0,1,2,1,3,0,0,1,3.565,phishing
https://banking-update-523.net/update?id=4870,14,7,0,1,2,1,1,0,0,1,4.377,phishing
https://microsoft.net/api/v1,9,7,0,1,1,0,0,0,0,0,3.116,legitimate
https://amazon-support-772.net/update?id=5000,14,7,0,1,2,3,4,0,0,1,4.646,phishing
https://amazon-support-692.com/account?id=2550,14,8,0,1,2,2,2,0,0,1,4.597,phishing
https://banking-update-730.info/update?id=6080,14,7,0,1,2,1,3,0,0,1,3.597,phishing
https://example.com/api/v1,7,7,0,1,1,0,0,0,0,0,2.707,legitimate
https://secure-login-726.info/account?id=7028,12,8,0,1,2,1,2,0,0,1,4.353,phishing
https://secure-login-648.info/account?id=5619,12,8,0,1,2,1,3,0,0,1,3.859,phishing
https://paypal-secure-896.net/reset?id=6499,13,6,0,1,2,1,1,0,0,1,3.443,phishing
https://amazon-support-373.com/update?id=6892,14,7,0,1,2,3,1,0,0,1,4.578,phishing
https://secure-login-653.org/verify?id=8815,12,7,0,1,2,1,2,0,0,1,4.592,phishing
https://paypal-secure-344.org/login?id=7014,13,6,0,1,2,3,1,0,0,1,4.362,phishing
https://secure-login-908.info/account?id=4796,12,8,0,1,2,3,3,0,0,1,4.188,phishing
https://paypal-secure-653.org/reset?id=1740,13,6,0,1,2,2,1,0,0,1,3.564,phishing
https://office365-login-246.org/account?id=5428,15,8,0,1,2,3,3,0,0,1,3.892,phishing
https://banking-update-521.info/verify?id=2993,14,7,0,1,2,2,4,0,0,1,4.251,phishing
https://office365-login-971.info/verify?id=2376,15,7,0,1,2,2,2,0,0,1,3.938,phishing
https://netflix.edu/products,7,9,0,1,1,0,0,0,0,0,3.114,legitimate
https://banking-update-692.com/verify?id=5348,14,7,0,1,2,2,4,0,0,1,3.358,phishing
https://office365-login-529.org/login?id=9198,15,6,0,1,2,2,3,0,0,1,3.998,phishing
https://banking-update-104.org/verify?id=2039,14,7,0,1,2,3,2,0,0,1,3.817,phishing
https://secure-login-123.org/login?id=8331,12,6,0,1,2,1,1,0,0,1,3.241,phishing
https://netflix.com/api/v1,7,7,0,1,1,0,0,0,0,0,2.932,legitimate
https://amazon-support-736.org/reset?id=9354,14,6,0,1,2,1,1,0,0,1,4.438,phishing
https://paypal-secure-407.info/reset?id=9864,13,6,0,1,2,3,3,0,0,1,3.82,phishing
https://github.edu/docs,6,5,0,1,1,0,0,0,0,0,2.84,legitimate
https://office365-login-521.net/reset?id=1968,15,6,0,1,2,2,1,0,0,1,3.599,phishing
https://paypal-secure-859.org/account?id=6125,13,8,0,1,2,1,1,0,0,1,4.093,phishing
https://secure-login-917.net/account?id=7661,12,8,0,1,2,2,3,0,0,1,3.888,phishing
https://amazon-support-506.info/reset?id=4672,14,6,0,1,2,2,4,0,0,1,4.518,phishing
https://amazon-support-841.info/reset?id=8285,14,6,0,1,2,1,1,0,0,1,4.432,phishing
https://banking-update-833.net/verify?id=9498,14,7,0,1,2,1,4,0,0,1,3.229,phishing
https://office365-login-958.org/reset?id=8467,15,6,0,1,2,2,4,0,0,1,3.444,phishing
https://banking-update-954.net/account?id=7314,14,8,0,1,2,3,1,0,0,1,3.575,phishing
https://secure-login-415.net/update?id=1776,12,7,0,1,2,2,4,0,0,1,3.413,phishing
https://office365-login-593.net/login?id=6037,15,6,0,1,2,3,3,0,0,1,4.336,phishing
https://amazon-support-899.com/account?id=3343,14,8,0,1,2,2,3,0,0,1,4.16,phishing
https://bankofamerica.org/docs,13,5,0,1,1,0,0,0,0,0,2.343,legitimate
https://amazon-support-931.net/login?id=6758,14,6,0,1,2,3,2,0,0,1,3.748,phishing
https://github.com/about,6,6,0,1,1,0,0,0,0,0,2.263,legitimate
https://office365-login-157.info/login?id=9637,15,6,0,1,2,3,4,0,0,1,4.715,phishing
https://secure-login-457.net/login?id=2133,12,6,0,1,2,1,2,0,0,1,3.602,phishing
https://github.edu/support,6,8,0,1,1,0,0,0,0,0,2.937,legitimate
https://office365-login-693.net/verify?id=5642,15,7,0,1,2,1,2,0,0,1,3.764,phishing
https://bankofamerica.net/docs,13,5,0,1,1,0,0,0,0,0,2.503,legitimate
https://paypal-secure-952.info/reset?id=8841,13,6,0,1,2,2,3,0,0,1,3.428,phishing
https://secure-login-956.com/update?id=1762,12,7,0,1,2,1,2,0,0,1,3.7,phishing
https://amazon-support-769.com/update?id=8488,14,7,0,1,2,3,2,0,0,1,4.421,phishing
https://example.net/docs,7,5,0,1,1,0,0,0,0,0,2.043,legitimate
https://amazon-support-736.org/login?id=1393,14,6,0,1,2,1,2,0,0,1,4.404,phishing
https://microsoft.org/docs,9,5,0,1,1,0,0,0,0,0,2.676,legitimate
https://paypal-secure-893.net/update?id=1566,13,7,0,1,2,3,3,0,0,1,3.514,phishing
https://office365-login-875.com/login?id=9025,15,6,0,1,2,1,4,0,0,1,4.775,phishing
https://bankofamerica.edu/products,13,9,0,1,1,0,0,0,0,0,2.834,legitimate
https://banking-update-668.net/update?id=9894,14,7,0,1,2,2,3,0,0,1,4.78,phishing
https://amazon-support-877.com/verify?id=6308,14,7,0,1,2,2,4,0,0,1,3.208,phishing
https://bankofamerica.edu/api/v1,13,7,0,1,1,0,0,0,0,0,2.463,legitimate
https://microsoft.edu/support,9,8,0,1,1,0,0,0,0,0,2.204,legitimate
https://paypal-secure-929.org/login?id=2207,13,6,0,1,2,3,2,0,0,1,4.664,phishing
https://amazon-support-220.info/account?id=4808,14,8,0,1,2,1,1,0,0,1,3.347,phishing
https://banking-update-838.com/update?id=5684,14,7,0,1,2,2,3,0,0,1,3.968,phishing
https://bankofamerica.com/about,13,6,0,1,1,0,0,0,0,0,3.018,legitimate
https://paypal-secure-140.com/account?id=4436,13,8,0,1,2,1,4,0,0,1,4.141,phishing
https://paypal-secure-264.info/login?id=8582,13,6,0,1,2,2,4,0,0,1,3.284,phishing
https://amazon-support-314.com/reset?id=1487,14,6,0,1,2,3,3,0,0,1,3.97,phishing
https://paypal-secure-492.info/login?id=3515,13,6,0,1,2,2,1,0,0,1,3.27,phishing
https://secure-login-455.org/account?id=9003,12,8,0,1,2,2,1,0,0,1,4.507,phishing
https://amazon-support-414.com/update?id=5350,14,7,0,1,2,2,3,0,0,1,4.738,phishing
https://secure-login-653.net/verify?id=3965,12,7,0,1,2,3,2,0,0,1,4.441,phishing
https://office365-login-570.org/account?id=4368,15,8,0,1,2,1,1,0,0,1,4.785,phishing
https://paypal-secure-732.org/update?id=9396,13,7,0,1,2,3,1,0,0,1,3.652,phishing
https://netflix.com/docs,7,5,0,1,1,0,0,0,0,0,2.012,legitimate
https://paypal-secure-747.info/reset?id=6765,13,6,0,1,2,1,4,0,0,1,4.451,phishing
https://paypal-secure-539.info/reset?id=9291,13,6,0,1,2,2,1,0,0,1,4.579,phishing
https://paypal-secure-977.org/account?id=4692,13,8,0,1,2,3,2,0,0,1,4.48,phishing
https://office365-login-736.com/login?id=2762,15,6,0,1,2,1,3,0,0,1,4.165,phishing
https://office365-login-668.com/update?id=6718,15,7,0,1,2,1,3,0,0,1,3.941,phishing
https://secure-login-363.net/update?id=7404,12,7,0,1,2,3,1,0,0,1,4.206,phishing
https://paypal-secure-537.com/reset?id=1581,13,6,0,1,2,1,2,0,0,1,4.032,phishing
https://office365-login-746.net/reset?id=3716,15,6,0,1,2,1,2,0,0,1,3.798,phishing
https://amazon-support-576.org/account?id=1608,14,8,0,1,2,2,2,0,0,1,4.407,phishing
https://paypal-secure-147.org/account?id=7704,13,8,0,1,2,3,4,0,0,1,3.776,phishing
https://microsoft.net/products,9,9,0,1,1,0,0,0,0,0,2.584,legitimate
https://microsoft.net/docs,9,5,0,1,1,0,0,0,0,0,2.228,legitimate
https://amazon-support-608.net/reset?id=3147,14,6,0,1,2,1,1,0,0,1,3.827,phishing
https://office365-login-620.info/update?id=9861,15,7,0,1,2,2,3,0,0,1,3.903,phishing
https://secure-login-576.net/update?id=1299,12,7,0,1,2,2,1,0,0,1,4.108,phishing
https://microsoft.edu/docs,9,5,0,1,1,0,0,0,0,0,2.003,legitimate
https://amazon-support-309.com/verify?id=9861,14,7,0,1,2,1,1,0,0,1,3.766,phishing
https://amazon-support-870.com/login?id=6904,14,6,0,1,2,3,2,0,0,1,3.793,phishing
https://secure-login-400.info/reset?id=4013,12,6,0,1,2,2,3,0,0,1,3.836,phishing
https://paypal-secure-408.org/reset?id=4580,13,6,0,1,2,2,4,0,0,1,3.245,phishing
https://bankofamerica.org/about,13,6,0,1,1,0,0,0,0,0,2.573,legitimate
https://paypal-secure-463.org/reset?id=4789,13,6,0,1,2,3,3,0,0,1,3.439,phishing
https://banking-update-152.net/update?id=5264,14,7,0,1,2,3,2,0,0,1,3.725,phishing
https://example.edu/docs,7,5,0,1,1,0,0,0,0,0,2.083,legitimate
https://netflix.edu/support,7,8,0,1,1,0,0,0,0,0,2.689,legitimate
https://secure-login-832.info/account?id=4054,12,8,0,1,2,2,3,0,0,1,4.624,phishing
https://amazon-support-764.net/verify?id=3998,14,7,0,1,2,2,3,0,0,1,4.209,phishing
https://office365-login-441.org/reset?id=3332,15,6,0,1,2,3,2,0,0,1,4.6,phishing
https://netflix.org/docs,7,5,0,1,1,0,0,0,0,0,3.169,legitimate
https://secure-login-911.org/reset?id=6673,12,6,0,1,2,1,1,0,0,1,4.293,phishing
https://banking-update-710.net/verify?id=1531,14,7,0,1,2,1,2,0,0,1,3.493,phishing
https://github.net/docs,6,5,0,1,1,0,0,0,0,0,2.775,legitimate
https://paypal-secure-246.info/reset?id=3433,13,6,0,1,2,2,2,0,0,1,4.472,phishing
https://amazon-support-634.info/reset?id=6970,14,6,0,1,2,2,4,0,0,1,3.534,phishing
https://netflix.net/about,7,6,0,1,1,0,0,0,0,0,2.202,legitimate
https://example.edu/about,7,6,0,1,1,0,0,0,0,0,2.053,legitimate
https://microsoft.org/about,9,6,0,1,1,0,0,0,0,0,2.951,legitimate
https://paypal-secure-962.info/account?id=6191,13,8,0,1,2,1,3,0,0,1,4.715,phishing
https://microsoft.com/products,9,9,0,1,1,0,0,0,0,0,3.172,legitimate
https://microsoft.com/api/v1,9,7,0,1,1,0,0,0,0,0,2.522,legitimate
https://secure-login-298.net/update?id=7371,12,7,0,1,2,1,1,0,0,1,3.354,phishing
https://bankofamerica.net/products,13,9,0,1,1,0,0,0,0,0,3.172,legitimate
https://secure-login-644.com/login?id=5928,12,6,0,1,2,2,4,0,0,1,4.054,phishing
https://github.org/support,6,8,0,1,1,0,0,0,0,0,2.121,legitimate
https://github.com/support,6,8,0,1,1,0,0,0,0,0,2.027,legitimate
https://bankofamerica.edu/about,13,6,0,1,1,0,0,0,0,0,3.115,legitimate
https://office365-login-303.info/update?id=2792,15,7,0,1,2,1,1,0,0,1,3.487,phishing
https://example.org/products,7,9,0,1,1,0,0,0,0,0,2.912,legitimate
https://amazon-support-977.info/login?id=6987,14,6,0,1,2,3,2,0,0,1,3.522,phishing
https://paypal-secure-384.com/update?id=8539,13,7,0,1,2,3,3,0,0,1,4.263,phishing
