duration,protocol_type,service,flag,src_bytes,dst_bytes,land,wrong_fragment,urgent,hot,num_failed_logins,logged_in,num_compromised,root_shell,su_attempted,num_root,num_file_creations,num_shells,num_access_files,count,srv_count,serror_rate,srv_serror_rate,same_srv_rate,dst_host_count,dst_host_srv_count,label
7,tcp,ftp,RSTO,1004,1514,0,0,0,1,0,1,0,0,0,0,0,0,0,15,16,0.066,0.31,0.645,28,30,normal
2,icmp,smtp,SF,1708,479,0,0,0,2,0,1,0,0,0,1,0,0,0,15,11,0.023,0.064,0.499,28,24,normal
23,tcp,ftp_data,REJ,239,30,0,0,0,7,2,0,3,0,0,0,1,0,0,125,122,0.939,0.626,0.037,17,11,dos
1,udp,telnet,SH,103,216,0,0,0,0,0,1,0,0,0,0,1,0,0,14,23,0.401,0.003,0.43,40,28,normal
0,icmp,pop3,SF,286,831,0,0,0,0,0,1,0,0,0,0,0,0,0,15,16,0.153,0.263,0.896,30,32,normal
3,icmp,ssh,REJ,555,367,0,0,0,1,0,1,0,0,0,1,1,0,0,19,16,0.064,0.137,0.728,38,31,normal
0,udp,telnet,S0,88,31,0,0,0,5,0,0,1,0,0,0,1,0,0,113,105,0.877,0.934,0.37,11,8,dos
4,tcp,pop3,S0,5,47,0,0,0,2,2,0,3,0,0,0,0,0,0,132,139,0.781,0.917,0.09,8,8,probe
15,tcp,smtp,RSTO,75,9,0,0,0,1,1,1,2,0,0,0,1,0,1,124,123,0.849,0.455,0.258,10,12,dos
3,udp,http,RSTR,899,269,0,0,0,3,0,1,0,0,0,0,0,0,0,26,18,0.324,0.169,0.374,43,18,normal
8,udp,imap,RSTO,44,1,0,0,0,6,0,0,4,0,0,1,1,0,0,136,110,0.886,0.764,0.15,14,18,probe
0,icmp,telnet,RSTO,62,98,0,0,0,3,0,1,0,0,0,0,0,0,0,16,13,0.236,0.006,0.581,23,18,normal
122,icmp,http,RSTR,384,22,0,0,0,1,1,0,2,0,0,1,0,0,0,133,108,0.98,0.959,0.111,12,9,dos
9,icmp,imap,SH,789,50,0,0,0,3,0,0,3,0,0,0,0,0,0,99,114,0.995,0.995,0.494,8,5,dos
3,tcp,telnet,RSTO,3106,1960,0,0,0,1,0,1,0,0,0,0,0,0,0,11,10,0.188,0.316,0.828,36,26,normal
12,tcp,ftp_data,SF,26,1,0,0,0,5,0,0,1,0,0,0,1,0,0,103,102,0.959,0.727,0.222,7,13,dos
1,tcp,imap,REJ,2032,525,0,0,0,2,0,1,0,0,0,1,0,0,0,23,11,0.138,0.151,0.86,36,23,normal
1,icmp,dns,RSTO,1874,136,0,0,0,1,0,1,0,0,0,0,0,0,0,23,20,0.119,0.207,0.503,33,26,normal
5,tcp,dns,S0,69,1474,0,0,0,3,0,1,0,0,0,2,1,0,0,19,10,0.489,0.103,0.643,37,14,normal
1,udp,smtp,S0,1218,355,0,0,0,1,0,0,1,0,0,0,0,0,0,18,18,0.188,0.077,0.819,29,26,normal
1,udp,pop3,S0,869,1148,0,0,0,0,0,1,0,0,0,0,0,0,0,15,13,0.094,0.107,0.826,33,20,normal
0,icmp,dns,S0,78,1928,0,0,0,3,0,0,0,0,0,0,1,0,0,18,14,0.378,0.044,0.461,31,27,normal
0,tcp,http,SF,1032,821,0,0,0,2,0,1,0,0,0,0,0,0,0,16,15,0.026,0.064,0.646,28,25,normal
13,icmp,ftp,REJ,75,5,0,0,0,3,2,0,2,0,0,0,0,0,1,101,141,0.719,0.801,0.173,11,11,dos
6,tcp,pop3,RSTO,62,28,0,1,0,4,0,0,1,0,0,0,1,0,1,114,120,0.873,0.892,0.435,6,10,dos
1,udp,imap,REJ,291,600,0,0,0,2,0,1,0,0,0,0,0,0,0,25,6,0.165,0.454,0.951,46,22,normal
10,udp,pop3,S0,43,33,0,0,0,3,0,0,1,0,0,1,0,0,2,133,109,0.671,0.926,0.243,13,13,dos
4,udp,telnet,S0,133,221,0,0,0,2,0,0,1,0,0,1,0,0,0,15,23,0.176,0.51,0.911,30,24,normal
0,icmp,http,RSTR,124,1399,0,0,0,0,0,0,0,0,0,0,0,0,0,26,26,0.152,0.135,0.707,23,21,normal
1,udp,pop3,REJ,7476,201,0,0,0,1,0,1,0,0,0,0,0,0,0,17,9,0.498,0.038,0.888,22,28,normal
11,tcp,ftp_data,SH,68,237,0,0,0,6,1,0,3,0,0,0,2,0,1,125,117,0.885,0.954,0.03,18,7,probe
1,tcp,http,RSTO,2687,2007,0,0,0,0,0,1,0,0,0,0,1,0,0,22,17,0.311,0.004,0.625,33,23,normal
4,icmp,telnet,S0,2814,3320,0,0,0,0,0,1,0,0,0,0,1,0,0,14,7,0.083,0.31,0.534,29,19,normal
57,udp,telnet,RSTO,77,21,0,0,0,9,1,0,3,0,0,1,0,0,0,111,123,0.905,0.67,0.009,13,10,dos
1,icmp,pop3,RSTO,106,63,0,0,0,0,0,1,0,0,0,0,0,0,0,21,16,0.163,0.205,0.784,39,24,normal
1,tcp,pop3,S0,254,454,0,0,0,1,0,1,0,0,0,0,0,0,0,21,25,0.102,0.111,0.849,34,17,normal
0,tcp,http,RSTO,451,985,0,0,0,1,0,1,1,0,0,0,0,0,0,20,13,0.314,0.357,0.924,33,23,normal
4,udp,telnet,S0,637,69,0,0,0,1,0,1,0,0,0,0,1,0,0,26,15,0.015,0.144,0.78,46,31,normal
30,tcp,ftp,RSTO,12,29,0,0,0,6,1,0,0,0,0,3,0,0,0,107,95,0.994,0.88,0.246,16,12,dos
8,udp,pop3,S0,274,548,0,0,0,0,0,0,0,0,0,0,0,0,0,19,15,0.22,0.215,0.856,41,22,normal
5,tcp,http,SF,109,263,0,0,0,1,0,1,0,0,0,0,0,0,0,18,19,0.228,0.054,0.708,35,23,normal
2,udp,telnet,RSTO,396,225,0,0,0,0,0,0,0,0,0,0,0,0,3,28,18,0.127,0.261,0.7,32,26,normal
22,udp,dns,RSTO,502,4,0,0,0,3,2,0,2,0,0,2,0,0,0,119,104,0.821,0.947,0.288,15,10,probe
3,udp,ssh,RSTO,119,206,0,0,0,7,1,0,3,0,0,0,2,0,2,128,113,0.596,0.947,0.172,11,12,dos
1,tcp,smtp,RSTR,24,8,0,0,0,3,1,0,5,0,0,1,1,0,0,125,112,0.805,0.906,0.268,10,8,dos
4,icmp,pop3,SH,241,184,0,0,0,1,0,1,1,0,0,0,0,0,0,19,14,0.028,0.151,0.873,37,23,normal
0,icmp,http,RSTR,23,34,0,0,0,4,0,0,1,0,0,1,0,0,0,122,87,0.762,0.697,0.204,5,13,probe
1,udp,ftp,REJ,202,373,0,0,0,0,0,1,0,0,0,0,0,0,0,16,12,0.166,0.033,0.925,33,25,normal
5,udp,smtp,RSTO,507,91,0,0,0,1,0,1,0,0,0,0,0,0,0,21,13,0.052,0.026,0.899,29,22,normal
1,icmp,pop3,REJ,410,1219,0,0,0,2,0,1,0,0,0,0,0,0,0,18,19,0.276,0.072,0.676,24,31,normal
10,udp,ftp_data,RSTO,22,6,0,0,0,6,1,1,1,0,0,0,0,0,0,134,120,0.91,0.957,0.348,10,8,dos
5,icmp,ssh,RSTO,446,231,0,0,0,1,0,0,0,0,0,0,1,0,0,22,19,0.188,0.073,0.825,32,24,normal
1,udp,ftp_data,SF,508,2895,0,0,0,0,0,0,0,0,0,0,0,0,0,30,18,0.116,0.107,0.769,41,25,normal
5,tcp,telnet,REJ,35,28,0,0,0,5,1,0,1,0,0,1,2,0,0,135,85,0.944,0.953,0.231,8,11,dos
0,tcp,pop3,RSTO,781,319,0,0,0,4,0,1,0,0,0,0,0,0,0,17,16,0.241,0.189,0.942,39,23,normal
3,udp,ssh,S0,147,283,0,0,0,2,0,1,0,0,0,0,0,0,0,20,19,0.184,0.389,0.938,42,23,normal
62,udp,pop3,S0,103,1,0,0,0,7,0,0,2,0,0,1,1,0,0,115,98,0.637,0.956,0.207,15,6,dos
1,udp,ftp_data,REJ,1121,53,0,0,0,0,0,1,1,0,0,0,0,0,1,21,13,0.691,0.006,0.957,43,27,normal
7,udp,ftp,S0,205,856,0,0,0,0,0,1,0,0,0,1,1,0,0,17,18,0.161,0.367,0.973,25,30,normal
0,udp,ftp,S0,81,153,0,0,0,1,0,0,0,0,0,1,0,0,0,19,13,0.041,0.169,0.497,28,21,normal
19,udp,smtp,RSTO,14,6,0,0,0,6,0,0,0,0,0,0,0,0,1,104,119,0.722,0.885,0.111,12,14,dos
4,tcp,ssh,SH,133,411,0,0,0,0,0,0,0,0,0,1,0,0,0,19,13,0.014,0.157,0.838,38,33,normal
1,icmp,ftp_data,RSTR,4277,719,0,0,0,0,0,0,0,0,0,2,0,0,0,21,15,0.185,0.174,0.565,40,23,normal
1,udp,telnet,REJ,406,1739,0,0,0,0,0,1,1,0,0,0,0,0,0,29,25,0.032,0.262,0.669,23,24,normal
6,udp,telnet,RSTR,225,30,0,0,0,4,0,0,0,0,0,0,1,0,1,129,99,0.892,0.75,0.561,10,10,dos
0,icmp,ftp_data,SF,124,604,0,0,0,2,0,1,0,0,0,0,0,0,0,17,18,0.086,0.104,0.511,38,17,normal
7,udp,imap,S0,800,139,0,0,0,0,0,1,0,0,0,0,0,0,0,16,18,0.04,0.08,0.909,34,30,normal
10,udp,ftp_data,SF,29,7,0,0,0,4,0,0,2,0,0,0,0,0,1,113,107,0.934,0.933,0.109,9,8,dos
5,udp,imap,RSTR,23,127,0,1,0,7,1,0,0,0,0,2,0,0,1,103,110,0.842,0.88,0.174,22,10,dos
18,tcp,http,REJ,37,31,0,0,0,3,1,1,1,1,0,1,2,1,0,126,104,0.9,0.838,0.28,24,10,r2l
0,icmp,dns,REJ,305,488,0,0,0,1,0,1,0,0,0,0,0,0,0,23,16,0.636,0.092,0.404,27,27,normal
14,udp,pop3,S0,264,8,0,0,0,6,1,0,0,0,0,0,0,0,1,124,130,0.755,0.701,0.028,11,11,dos
7,icmp,ssh,REJ,57,0,0,0,0,6,1,0,1,0,0,1,0,0,0,130,110,0.722,0.906,0.376,12,16,probe
0,tcp,pop3,RSTR,2205,111,0,0,0,4,0,0,0,0,0,0,0,0,0,20,13,0.067,0.377,0.456,29,21,normal
19,tcp,telnet,RSTO,4,2,0,0,0,7,1,0,1,0,0,0,1,0,0,101,101,0.857,0.789,0.079,13,12,dos
20,udp,imap,SF,167,150,0,1,0,4,0,0,0,0,0,1,0,0,0,110,103,0.905,0.708,0.08,18,9,dos
8,tcp,telnet,SH,79,194,0,0,0,9,1,0,3,0,0,2,1,0,0,115,118,0.98,0.981,0.063,16,6,dos
5,icmp,ftp_data,RSTO,332,515,0,0,0,0,0,0,0,0,0,0,1,0,0,19,15,0.359,0.07,0.745,27,24,normal
21,udp,imap,RSTO,419,535,0,0,0,6,1,1,2,0,0,1,3,0,0,116,113,0.785,0.786,0.538,8,8,u2r
0,tcp,ssh,REJ,454,210,0,0,0,1,0,1,0,0,0,0,0,0,0,12,17,0.287,0.114,0.79,34,17,normal
2,icmp,ftp_data,SH,50,9,0,0,0,5,0,0,0,0,0,1,1,0,0,124,106,0.716,0.655,0.18,14,6,u2r
33,icmp,pop3,SH,95,249,0,0,0,6,0,0,3,0,0,0,0,0,0,128,124,0.645,0.902,0.139,13,8,probe
38,tcp,smtp,REJ,164,259,0,0,0,10,2,0,1,0,0,0,1,0,1,127,118,0.864,0.95,0.024,10,9,dos
0,icmp,ftp_data,RSTO,545,425,0,0,0,0,0,1,0,0,0,0,0,0,0,28,16,0.296,0.026,0.655,46,23,normal
1,udp,ssh,SH,1253,297,0,0,0,0,0,1,0,0,0,0,0,0,1,15,17,0.104,0.057,0.789,42,19,normal
13,udp,http,SH,9,2,0,0,0,7,1,1,2,0,0,1,2,0,2,94,111,0.998,0.956,0.077,8,10,dos
12,icmp,ftp_data,RSTR,58,13,0,0,0,4,0,0,5,0,0,0,1,0,0,122,119,0.804,0.801,0.416,9,12,probe
0,icmp,ftp_data,RSTO,30,0,0,0,0,5,2,1,0,0,0,1,1,0,0,114,93,0.897,0.894,0.095,10,9,probe
2,icmp,imap,RSTO,83,1326,0,0,0,3,0,1,0,0,0,0,0,0,0,23,13,0.121,0.054,0.79,36,29,normal
4,udp,telnet,RSTR,106,182,0,0,0,1,0,1,0,0,0,0,0,0,0,16,22,0.171,0.292,0.934,38,28,normal
1,icmp,pop3,RSTR,555,158,0,0,0,3,0,1,0,0,0,0,0,0,0,13,10,0.087,0.08,0.836,38,24,normal
0,udp,ftp,SF,21,3,0,0,0,2,1,0,0,0,0,1,0,0,0,129,123,0.892,0.702,0.226,6,9,dos
0,udp,ftp_data,SH,30,30,0,0,0,5,1,0,2,0,0,3,0,0,1,122,90,0.837,0.957,0.313,10,11,r2l
67,icmp,pop3,REJ,111,8,0,0,0,4,1,0,3,0,0,0,0,0,0,119,92,0.905,0.996,0.067,10,8,dos
11,icmp,imap,SF,85,72,0,0,0,4,1,0,3,0,0,2,0,0,0,131,110,0.608,0.449,0.398,8,8,dos
1,icmp,ssh,RSTR,418,162,0,0,0,1,0,1,0,0,0,0,0,0,0,22,10,0.642,0.465,0.758,44,22,normal
7,icmp,pop3,REJ,232,547,0,0,0,2,0,1,1,0,0,0,0,0,0,25,15,0.43,0.207,0.629,34,23,normal
3,icmp,telnet,RSTR,368,84,0,0,0,0,0,1,1,0,0,0,0,0,0,16,15,0.001,0.102,0.77,28,21,normal
32,udp,ftp,S0,28,7,0,0,0,4,0,0,1,0,0,1,1,0,1,119,100,0.833,0.831,0.276,21,10,r2l
11,tcp,dns,SF,281,20,0,0,0,5,1,0,2,0,0,3,0,0,0,100,105,0.863,0.889,0.46,11,11,dos
0,icmp,http,RSTO,273,675,0,0,0,1,0,1,0,0,0,0,0,0,0,20,17,0.043,0.152,0.861,36,23,normal
1,icmp,smtp,SF,633,124,0,0,0,3,0,0,0,0,0,0,0,0,0,17,19,0.053,0.229,0.689,42,22,normal
9,icmp,smtp,SH,1292,86,0,0,0,6,1,0,1,0,0,0,1,0,0,113,86,0.788,0.699,0.218,9,9,probe
7,icmp,ssh,SH,93,103,0,0,0,0,0,1,0,0,0,0,0,0,0,11,9,0.33,0.052,0.461,49,27,normal
2,tcp,http,S0,380,106,0,0,0,7,0,0,1,0,0,1,0,0,0,126,124,0.888,0.861,0.337,15,6,probe
1,udp,telnet,SH,671,39,0,0,0,2,0,1,0,0,0,1,1,0,0,19,15,0.116,0.017,0.68,29,20,normal
20,icmp,pop3,REJ,206,43,0,0,0,5,0,0,3,0,0,0,1,0,1,127,116,0.87,0.962,0.364,20,17,dos
0,icmp,smtp,S0,249,94,0,0,0,1,0,1,0,0,0,1,0,0,0,24,15,0.029,0.253,0.378,35,36,normal
0,tcp,ssh,SH,409,1402,0,0,0,1,0,1,0,0,0,0,0,0,1,23,10,0.218,0.005,0.849,43,30,normal
0,tcp,ftp_data,S0,662,1138,0,0,0,1,0,0,0,0,0,0,0,0,0,18,11,0.124,0.423,0.875,25,22,normal
0,tcp,ftp,RSTR,1189,192,0,0,0,0,0,1,0,0,0,0,0,0,0,13,16,0.482,0.105,0.863,25,28,normal
6,udp,http,RSTR,406,54,0,0,0,1,0,0,0,0,0,0,0,0,0,19,19,0.24,0.079,0.25,33,30,normal
17,udp,pop3,SH,62,28,0,0,0,4,1,0,2,0,0,1,0,0,0,118,105,0.883,0.788,0.222,15,8,dos
4,udp,dns,SH,1104,375,0,0,0,0,0,1,0,0,0,0,0,0,0,25,7,0.091,0.139,0.822,40,25,normal
1,udp,pop3,RSTR,486,41,0,0,0,0,0,1,0,0,0,0,0,0,0,23,15,0.135,0.039,0.914,36,12,normal
11,udp,ftp_data,RSTR,75,14,0,0,0,3,0,0,0,0,0,1,3,0,1,124,105,0.661,0.788,0.542,11,8,dos
0,icmp,dns,S0,1269,124,0,0,0,0,0,1,1,0,0,2,0,0,0,17,15,0.203,0.009,0.951,33,23,normal
20,tcp,ftp_data,RSTO,57,29,0,0,0,5,1,0,2,0,0,0,0,0,0,116,103,0.813,0.981,0.038,8,12,r2l
0,icmp,pop3,SF,1306,963,0,0,0,0,0,1,1,0,0,0,0,0,0,20,18,0.333,0.353,0.834,31,18,normal
1,icmp,telnet,RSTR,699,277,0,0,0,3,0,1,0,0,0,0,1,0,0,19,9,0.206,0.027,0.743,31,16,normal
0,icmp,ftp_data,RSTO,372,255,0,0,0,3,0,0,0,0,0,0,0,0,0,18,21,0.085,0.083,0.585,33,19,normal
3,tcp,telnet,RSTO,6054,52,0,0,0,0,0,1,2,0,0,0,0,0,1,25,11,0.217,0.256,0.776,32,28,normal
2,tcp,telnet,SF,100,30,0,0,0,4,2,0,1,0,0,0,0,0,1,120,111,0.623,0.618,0.046,9,5,dos
0,icmp,http,RSTR,408,164,0,0,0,1,0,1,0,0,0,0,0,0,1,19,20,0.162,0.338,0.287,38,24,normal
18,icmp,pop3,RSTO,110,33,0,0,0,4,2,0,1,0,0,0,0,0,0,131,95,0.552,0.897,0.097,19,8,probe
3,icmp,imap,RSTR,67,1732,0,0,0,2,0,1,0,0,0,1,0,0,1,16,13,0.235,0.125,0.762,38,29,normal
2,udp,telnet,SH,433,365,0,0,0,0,0,1,0,0,0,0,0,0,0,19,8,0.096,0.009,0.68,29,26,normal
11,icmp,ftp_data,S0,468,19,0,0,0,5,0,0,0,0,0,2,1,0,0,112,117,0.974,0.84,0.543,9,13,u2r
21,icmp,smtp,SF,17,8,0,0,0,3,0,0,1,0,0,2,1,0,1,117,103,0.636,0.868,0.266,9,10,dos
1,udp,ftp_data,SF,4184,233,0,0,0,1,0,1,1,0,0,0,0,0,0,16,21,0.23,0.011,0.911,32,28,normal
4,icmp,smtp,RSTR,20,489,0,0,1,6,0,0,0,0,0,1,0,0,1,123,103,0.981,0.918,0.094,10,4,dos
2,tcp,pop3,RSTO,319,820,0,0,0,0,0,1,0,0,0,0,0,0,0,18,19,0.19,0.139,0.795,37,25,normal
8,icmp,imap,REJ,25,89,0,0,0,4,1,1,4,0,0,1,1,0,0,131,100,0.868,0.777,0.488,18,9,dos
5,tcp,http,RSTR,1,4,0,0,0,1,2,0,1,0,0,0,0,0,1,151,115,0.785,0.929,0.048,13,9,dos
2,udp,telnet,RSTR,33,8,0,0,0,5,1,0,0,0,0,0,1,0,0,101,116,0.927,0.863,0.153,13,11,probe
0,udp,ftp,RSTR,970,392,0,0,0,0,0,0,0,0,0,0,0,0,0,16,20,0.238,0.125,0.815,33,22,normal
1,udp,ftp_data,RSTO,604,23,0,0,0,4,0,0,0,0,0,1,0,0,0,141,134,0.935,0.916,0.349,9,10,dos
4,udp,ftp,SH,6,18,0,0,0,4,0,0,1,0,0,2,0,0,1,138,109,0.709,0.938,0.111,17,8,dos
24,udp,imap,RSTR,4,8,0,0,0,3,1,0,3,0,0,0,1,0,1,104,119,0.365,0.872,0.36,15,8,dos
0,icmp,dns,S0,198,127,0,0,0,1,0,1,0,0,0,0,0,0,0,28,24,0.178,0.261,0.758,40,24,normal
1,tcp,imap,REJ,143,24,0,0,0,9,1,0,7,0,0,2,1,0,0,120,110,0.954,0.677,0.11,8,10,r2l
18,icmp,pop3,RSTO,109,136,0,0,0,6,1,0,1,0,0,0,2,0,1,127,98,0.583,0.961,0.585,17,12,r2l
0,tcp,ssh,REJ,968,247,0,0,0,2,0,1,1,0,0,0,0,0,0,19,22,0.199,0.211,0.976,39,31,normal
2,udp,imap,REJ,170,753,0,0,0,6,1,0,3,0,0,0,0,0,1,133,128,0.65,0.948,0.219,11,14,dos
3,icmp,http,RSTR,229,3,0,0,0,8,1,0,3,0,0,1,0,0,1,113,86,0.662,0.762,0.02,11,15,dos
0,tcp,http,RSTR,429,251,0,0,0,1,0,1,0,0,0,1,0,0,0,25,15,0.154,0.074,0.765,36,19,normal
0,tcp,ftp_data,SH,135,512,0,0,0,0,0,1,0,0,0,1,0,0,1,26,16,0.006,0.044,0.649,35,22,normal
1,udp,http,RSTO,152,510,0,0,0,0,0,0,0,0,0,0,0,0,0,17,16,0.151,0.064,0.628,39,24,normal
5,tcp,imap,RSTO,182,15,0,0,0,5,0,0,0,0,0,0,1,0,0,128,121,0.466,0.951,0.269,11,8,r2l
4,tcp,ssh,RSTR,184,86,0,0,0,2,0,1,0,0,0,0,0,0,0,21,17,0.165,0.021,0.415,33,24,normal
0,icmp,ftp_data,RSTR,150,322,0,0,0,1,0,0,0,0,0,0,0,0,0,19,10,0.003,0.151,0.836,34,29,normal
32,tcp,http,RSTO,450,381,0,0,0,5,0,0,2,0,0,1,0,0,2,104,113,0.899,0.824,0.076,11,6,dos
5,tcp,telnet,SH,170,24,0,0,0,7,1,0,1,0,0,1,0,0,0,97,101,0.698,0.773,0.074,8,7,r2l
8,udp,ftp,SF,677,360,0,0,0,4,1,0,0,0,0,1,1,0,0,123,110,0.973,0.957,0.388,14,10,probe
24,udp,ftp_data,SF,19,1,0,0,0,2,1,1,3,0,0,0,0,0,0,109,114,0.738,0.779,0.21,10,10,probe
0,tcp,smtp,S0,271,271,0,0,0,1,0,1,0,0,0,0,0,0,0,26,19,0.091,0.078,0.44,31,23,normal
3,tcp,telnet,RSTO,225,85,0,0,0,1,0,1,0,0,0,1,0,0,0,20,13,0.019,0.046,0.376,37,33,normal
48,icmp,pop3,SF,17,50,0,0,0,1,0,0,4,0,0,0,3,0,1,120,98,0.723,0.949,0.015,13,10,dos
0,icmp,dns,RSTO,2123,277,0,0,0,1,0,1,1,0,0,2,0,0,0,17,14,0.107,0.503,0.825,38,20,normal
5,udp,imap,S0,69,6,0,0,0,5,0,0,3,0,0,1,1,0,1,129,119,0.98,0.667,0.498,16,13,dos
1,udp,ftp_data,RSTO,1802,202,0,0,0,0,0,1,0,0,0,0,0,0,0,21,15,0.011,0.09,0.776,34,21,normal
0,tcp,http,REJ,801,345,0,0,0,3,0,0,0,0,0,0,0,0,0,19,26,0.103,0.044,0.635,35,19,normal
5,udp,ftp_data,SF,908,49,0,0,0,1,0,1,0,0,0,0,0,0,0,10,18,0.071,0.119,0.817,22,27,normal
44,tcp,smtp,RSTR,5,75,0,0,0,1,2,0,0,0,0,0,1,0,1,99,113,0.532,0.591,0.152,14,5,probe
12,icmp,ftp,S0,508,103,0,0,0,0,0,1,0,0,0,0,0,0,0,25,14,0.238,0.353,0.611,28,25,normal
1,tcp,http,RSTO,23,35,0,0,0,5,0,0,1,0,0,0,1,0,0,101,107,0.948,0.879,0.58,16,10,dos
2,icmp,http,RSTR,114,260,0,0,0,2,0,1,1,0,0,1,0,0,0,22,16,0.142,0.334,0.529,26,31,normal
26,tcp,ftp_data,REJ,185,105,0,0,0,5,1,1,5,0,0,1,1,0,0,113,104,0.863,0.854,0.097,15,8,probe
3,tcp,ftp_data,SF,704,369,0,0,0,1,0,1,1,0,0,0,1,0,0,28,18,0.069,0.084,0.773,36,31,normal
0,udp,ftp_data,RSTR,1964,440,0,0,0,1,0,1,0,0,0,0,0,0,0,18,14,0.057,0.114,0.75,33,30,normal
33,icmp,telnet,RSTO,22,56,0,0,0,8,1,1,2,0,0,0,0,0,0,122,104,0.976,0.892,0.23,11,6,dos
2,icmp,http,RSTO,592,852,0,0,0,4,0,1,0,0,0,0,1,0,0,15,18,0.154,0.41,0.579,36,25,normal
4,icmp,imap,SH,928,73,0,0,0,0,0,1,1,0,0,1,1,0,1,29,14,0.082,0.205,0.835,27,24,normal
0,tcp,ftp_data,SF,341,669,0,0,0,0,0,1,0,0,0,0,0,0,0,16,8,0.224,0.232,0.649,29,17,normal
3,tcp,imap,RSTR,188,510,0,0,0,2,0,1,0,0,0,0,1,0,1,18,20,0.221,0.032,0.953,28,28,normal
5,icmp,dns,S0,315,81,0,0,0,4,0,1,4,0,0,1,2,0,0,112,101,0.987,0.995,0.336,10,13,u2r
1,tcp,ftp_data,REJ,3236,732,0,0,0,1,0,1,0,0,0,0,0,0,0,19,14,0.16,0.088,0.972,33,25,normal
8,udp,telnet,SF,55,192,0,0,0,4,0,0,5,0,0,1,0,0,0,127,102,0.941,0.883,0.272,13,10,dos
0,tcp,ftp,S0,36,96,0,0,0,2,0,1,0,0,0,0,0,0,0,15,17,0.284,0.197,0.961,31,19,normal
0,udp,smtp,S0,386,78,0,0,0,2,0,1,0,0,0,0,0,0,0,27,18,0.279,0.199,0.508,30,30,normal
31,udp,ftp_data,REJ,42,46,0,0,0,4,1,0,0,0,0,0,0,0,1,112,111,0.859,0.543,0.101,10,10,dos
0,icmp,telnet,SF,654,452,0,0,0,0,0,1,0,0,0,0,0,0,0,23,14,0.044,0.064,0.76,38,22,normal
68,tcp,http,RSTO,75,20,0,0,0,4,1,0,1,0,0,1,1,0,0,104,122,0.59,0.955,0.044,6,13,dos
3,udp,dns,REJ,63,83,0,0,0,5,5,0,1,0,0,3,0,0,0,109,103,0.971,0.943,0.178,15,10,dos
1,tcp,dns,S0,727,187,0,0,0,5,1,0,0,0,0,0,0,0,1,128,116,0.804,0.945,0.296,9,13,probe
3,tcp,imap,RSTO,200,346,0,0,0,0,0,1,0,0,0,0,0,0,0,16,15,0.041,0.18,0.813,32,28,normal
5,tcp,ftp,REJ,158,271,0,0,0,3,0,1,0,0,0,0,0,0,0,21,12,0.464,0.193,0.775,34,25,normal
0,udp,http,RSTO,493,54,0,0,0,0,0,1,0,0,0,0,0,0,0,15,13,0.353,0.203,0.637,42,24,normal
6,tcp,smtp,SF,19,17,0,0,0,2,0,1,1,0,0,1,1,0,1,122,97,0.92,0.877,0.138,14,17,u2r
3,tcp,http,SF,1636,722,0,0,0,0,0,1,0,0,0,0,0,0,0,20,24,0.427,0.177,0.921,46,22,normal
1,icmp,ssh,RSTR,145,125,0,0,0,0,0,1,0,0,0,0,0,0,0,34,18,0.228,0.24,0.665,40,30,normal
5,tcp,telnet,REJ,3357,780,0,0,0,3,0,0,0,0,0,2,0,0,0,24,14,0.051,0.015,0.897,33,21,normal
2,udp,ssh,SF,170,164,0,0,0,0,0,0,0,0,0,0,0,0,0,15,9,0.082,0.002,0.769,35,16,normal
6,udp,ftp,S0,1848,333,0,0,0,0,0,1,0,0,0,0,0,0,0,17,12,0.025,0.298,0.698,39,20,normal
1,tcp,telnet,SH,383,778,0,0,0,4,0,1,0,0,0,0,0,0,0,30,28,0.282,0.231,0.948,37,24,normal
0,tcp,dns,RSTO,3173,340,0,0,0,1,0,1,0,0,0,0,0,0,0,20,12,0.284,0.193,0.6,30,23,normal
0,udp,pop3,SH,1152,136,0,0,0,0,0,1,0,0,0,0,0,0,0,24,22,0.043,0.027,0.93,36,31,normal
9,tcp,pop3,REJ,1103,160,0,0,0,0,0,1,0,0,0,0,0,0,0,18,20,0.138,0.069,0.468,42,29,normal
2,tcp,telnet,RSTR,282,257,0,0,0,1,0,1,0,0,0,0,0,0,0,24,14,0.288,0.025,0.965,27,27,normal
2,udp,imap,SH,1620,113,0,0,0,0,0,1,1,0,0,0,0,0,0,16,16,0.113,0.198,0.823,29,24,normal
1,tcp,http,RSTR,380,97,0,0,0,0,0,1,0,0,0,0,0,0,0,19,20,0.115,0.17,0.674,41,31,normal
1,udp,telnet,RSTR,43,367,0,0,0,2,0,1,1,0,0,1,0,0,0,25,16,0.149,0.036,0.98,41,26,normal
1,tcp,ssh,RSTO,176,178,0,0,0,1,0,1,0,0,0,0,0,0,0,22,19,0.133,0.015,0.752,38,24,normal
1,udp,smtp,SF,522,784,0,0,0,1,0,0,1,0,0,0,0,0,0,23,16,0.4,0.072,0.803,36,23,normal
1,udp,pop3,SF,2142,50,0,0,0,4,0,1,1,0,0,1,0,0,0,23,14,0.503,0.142,0.855,35,27,normal
1,udp,smtp,REJ,52,229,0,0,0,0,0,1,0,0,0,0,0,0,0,24,10,0.014,0.071,0.989,35,24,normal
29,tcp,ssh,SH,80,132,0,0,0,6,0,0,1,0,0,1,0,0,1,125,107,0.855,0.771,0.208,11,6,r2l
0,tcp,ftp_data,S0,53,15,0,0,0,7,0,0,0,0,0,2,0,0,0,109,120,0.995,0.556,0.248,18,15,probe
3,tcp,smtp,REJ,3647,208,0,0,0,0,0,1,0,0,0,0,0,0,1,22,10,0.182,0.445,0.834,30,24,normal
7,icmp,imap,RSTR,1765,113,0,0,0,2,0,1,0,0,0,0,0,0,0,22,11,0.06,0.133,0.7,25,30,normal
3,udp,ssh,RSTR,2884,938,0,0,0,2,0,0,1,0,0,0,1,0,0,19,13,0.121,0.247,0.792,33,19,normal
9,tcp,imap,SH,89,1,0,0,0,7,1,0,3,0,0,2,0,0,1,123,104,0.98,0.869,0.563,10,11,probe
3,udp,http,RSTR,953,112,0,0,0,0,0,1,1,0,0,0,0,0,0,20,11,0.163,0.055,0.646,36,23,normal
2,tcp,pop3,SH,350,258,0,0,0,1,0,1,1,0,0,0,0,0,0,19,18,0.104,0.086,0.982,34,28,normal
1,udp,ftp,SF,27,8,0,0,0,3,0,0,1,0,0,2,0,0,0,123,107,0.614,0.946,0.188,8,13,dos
0,icmp,http,REJ,21,560,0,0,0,0,0,0,0,0,0,0,0,0,0,25,13,0.156,0.033,0.472,21,24,normal
0,udp,imap,SH,1475,86,0,0,0,1,0,1,0,0,0,0,0,0,0,20,16,0.176,0.075,0.795,35,29,normal
7,icmp,telnet,S0,35,5,0,1,0,5,0,1,2,0,0,0,0,0,1,120,102,0.877,0.812,0.18,14,10,dos
22,icmp,smtp,RSTO,395,1789,0,0,0,5,0,0,2,0,0,1,0,0,0,109,98,0.805,0.861,0.429,11,14,dos
11,icmp,dns,S0,200,68,0,0,0,5,0,0,1,0,0,2,0,0,1,110,120,0.846,0.748,0.018,14,8,dos
1,tcp,ftp_data,SF,220,667,0,0,0,1,0,1,0,0,0,0,0,0,1,17,23,0.321,0.242,0.91,40,20,normal
13,icmp,ssh,S0,88,8,0,0,0,4,1,0,6,0,0,0,1,0,0,127,130,0.912,0.79,0.419,8,9,dos
1,udp,imap,S0,423,13,0,0,0,4,1,0,0,0,0,1,1,0,0,116,110,0.888,0.57,0.272,15,8,dos
20,icmp,imap,RSTR,12,43,0,0,0,2,1,1,4,0,0,2,1,0,1,134,107,0.911,0.781,0.072,8,14,dos
6,icmp,ssh,RSTO,7953,111,0,0,0,0,0,1,0,0,0,1,0,0,0,28,13,0.007,0.167,0.941,34,23,normal
8,tcp,http,REJ,106,56,0,0,0,4,0,0,0,0,0,1,2,0,0,110,115,0.948,0.954,0.259,14,11,dos
33,udp,telnet,SH,15,226,0,0,0,5,0,0,4,1,0,0,0,0,1,136,112,0.986,0.649,0.001,13,10,probe
0,icmp,ssh,SF,136,5,0,0,0,2,1,0,2,1,0,1,1,0,0,114,139,0.949,0.467,0.003,13,7,dos
0,tcp,ftp,SH,706,143,0,0,0,0,0,1,1,0,0,0,0,0,0,21,22,0.273,0.058,0.8,33,18,normal
0,icmp,imap,RSTR,423,70,0,0,0,3,0,1,0,0,0,0,0,0,0,19,15,0.05,0.153,0.457,34,28,normal
55,icmp,pop3,REJ,122,5,0,0,0,6,0,0,1,0,0,2,1,0,0,122,119,0.946,0.867,0.142,19,11,dos
0,icmp,ssh,SF,205,2076,0,0,0,3,0,1,0,0,0,1,0,0,0,28,7,0.095,0.184,0.692,43,23,normal
0,udp,ftp_data,SH,2106,269,0,0,0,0,0,1,0,0,0,0,0,0,0,20,11,0.284,0.206,0.54,33,31,normal
4,udp,smtp,RSTO,479,8174,0,0,0,0,0,1,0,0,0,0,1,0,0,16,18,0.03,0.248,0.981,27,27,normal
4,tcp,http,RSTO,152,149,0,0,0,2,0,1,0,0,0,0,0,0,0,18,19,0.603,0.14,0.957,20,31,normal
0,icmp,smtp,RSTR,63,39,0,0,0,0,0,1,1,0,0,0,0,0,0,15,15,0.347,0.169,0.65,31,14,normal
5,tcp,pop3,RSTO,297,3,0,0,0,3,0,0,3,0,0,1,0,0,1,107,98,0.778,0.982,0.243,13,7,probe
19,icmp,pop3,RSTO,139,103,0,0,0,4,2,1,1,0,0,0,1,0,0,99,120,0.831,0.893,0.175,11,10,dos
0,icmp,telnet,RSTO,307,740,0,0,0,0,0,1,1,0,0,1,0,0,0,34,24,0.211,0.282,0.876,32,32,normal
7,udp,telnet,S0,212,10,0,0,0,5,0,0,6,0,0,1,0,0,1,127,113,0.795,0.739,0.174,9,15,dos
9,udp,ftp,S0,145,21,0,0,0,3,0,0,3,0,0,0,0,0,1,116,104,0.947,0.97,0.091,11,14,dos
4,icmp,ssh,REJ,406,300,0,0,0,0,0,1,1,0,0,0,0,0,1,18,13,0.215,0.085,0.851,28,31,normal
1,icmp,ssh,RSTR,286,372,0,0,0,2,0,1,0,0,0,0,0,0,1,24,17,0.078,0.022,0.98,40,32,normal
1,icmp,smtp,RSTR,399,46,0,0,0,3,0,1,0,0,0,0,0,0,0,17,17,0.193,0.022,0.515,32,21,normal
19,icmp,ftp_data,S0,605,4,0,0,0,3,2,0,2,0,0,0,1,0,0,117,121,0.97,0.83,0.486,12,12,dos
3,icmp,ftp_data,S0,2072,34,0,0,0,0,0,1,1,0,0,1,0,0,0,21,21,0.263,0.141,0.792,24,18,normal
16,tcp,smtp,RSTO,109,1,0,0,0,7,1,0,0,0,0,1,0,0,1,119,122,0.984,0.553,0.289,18,13,dos
2,tcp,pop3,S0,323,185,0,0,0,4,0,0,5,0,0,1,0,0,0,125,129,0.931,0.921,0.24,11,14,probe
2,udp,ssh,SF,2701,401,0,0,0,0,0,1,0,0,0,0,0,0,0,19,17,0.089,0.068,0.775,40,31,normal
2,tcp,http,RSTO,54,125,0,0,1,7,2,0,0,0,0,0,2,1,0,102,121,0.913,0.786,0.111,10,10,r2l
8,tcp,ftp,RSTR,6,47,0,0,0,4,0,1,1,0,0,0,0,0,1,117,133,0.609,0.523,0.278,15,7,r2l
1,udp,dns,RSTO,63,107,0,0,0,7,0,0,1,0,0,1,1,0,2,115,101,0.608,0.416,0.473,11,6,r2l
16,tcp,smtp,RSTO,41,10,0,0,0,5,0,0,2,0,0,2,2,0,0,125,108,0.716,0.836,0.148,11,8,dos
0,tcp,http,SF,1996,87,0,0,0,0,0,1,0,0,0,0,0,0,0,18,20,0.149,0.344,0.69,44,21,normal
1,tcp,http,SF,702,779,0,0,0,0,0,1,0,0,0,0,0,0,0,17,15,0.36,0.075,0.813,24,21,normal
1,tcp,imap,S0,751,445,0,0,0,0,0,1,0,0,0,0,0,0,0,25,15,0.027,0.29,0.788,47,26,normal
0,icmp,ssh,RSTR,312,112,0,0,0,0,0,1,1,0,0,0,0,0,0,17,20,0.203,0.049,0.836,31,24,normal
10,udp,http,RSTO,84,124,0,0,0,8,0,0,3,0,0,1,1,0,0,103,115,0.523,0.969,0.276,11,9,dos
0,tcp,pop3,SF,215,72,0,0,0,0,0,1,0,0,0,0,0,0,0,28,12,0.037,0.152,0.761,30,35,normal
3,icmp,http,SF,2328,2528,0,0,0,1,0,1,0,0,0,1,0,0,0,10,13,0.381,0.106,0.829,24,29,normal
1,icmp,pop3,RSTR,398,12,0,0,0,5,1,0,0,0,0,1,0,0,0,137,113,0.655,0.894,0.327,15,5,r2l
16,icmp,ftp,SF,42,18,0,0,0,3,0,0,1,0,0,0,1,0,0,130,109,0.933,0.791,0.377,5,5,dos
1,tcp,http,RSTR,972,467,0,0,0,4,0,0,0,0,0,2,0,0,0,17,16,0.045,0.11,0.408,32,31,normal
0,icmp,ftp,RSTR,64,163,0,0,0,0,0,1,0,0,0,0,1,0,0,22,11,0.083,0.118,0.704,27,18,normal
85,tcp,ftp,SH,8,243,0,0,0,6,1,0,1,0,0,2,0,0,0,133,116,0.879,0.938,0.056,7,7,r2l
36,udp,pop3,SH,1162,730,0,0,0,4,1,0,2,0,0,0,0,0,0,104,102,0.946,0.806,0.034,7,3,probe
0,tcp,ssh,S0,70,363,0,0,0,1,0,1,0,0,0,0,0,0,0,21,18,0.027,0.057,0.875,43,22,normal
1,tcp,smtp,RSTO,1798,185,0,0,0,0,0,0,0,0,0,0,0,0,0,14,14,0.261,0.527,0.832,23,25,normal
17,tcp,imap,RSTO,954,6,0,0,0,3,0,0,0,0,0,3,0,0,2,129,109,0.697,0.84,0.179,12,8,probe
1,icmp,ftp_data,REJ,301,4,0,0,0,3,1,0,3,0,0,0,1,0,0,103,106,0.885,0.788,0.047,17,14,probe
37,icmp,smtp,SF,494,3,0,0,1,4,2,0,2,0,0,0,0,0,0,126,103,0.975,0.957,0.361,11,4,probe
5,udp,ssh,SH,619,85,0,0,0,1,0,1,0,0,0,1,0,0,0,21,7,0.127,0.134,0.597,40,24,normal
81,tcp,pop3,REJ,83,5,0,0,0,4,0,0,0,0,0,1,1,0,0,131,118,0.83,0.556,0.042,6,6,dos
4,tcp,imap,SF,226,70,0,0,0,3,0,1,1,0,0,0,0,0,1,17,8,0.381,0.109,0.431,35,19,normal
5,udp,http,SF,798,53,0,0,0,2,0,1,0,0,0,0,1,0,0,16,14,0.304,0.053,0.782,26,17,normal
3,udp,ftp_data,SH,378,103,0,0,0,2,0,0,0,0,0,1,0,0,1,18,17,0.22,0.15,0.516,30,20,normal
0,udp,smtp,S0,1768,50,0,0,0,1,0,1,0,0,0,0,0,0,1,20,9,0.005,0.251,0.644,53,26,normal
0,icmp,imap,SF,320,56,0,0,0,8,3,0,1,0,0,0,1,0,2,117,105,0.933,0.832,0.084,7,6,dos
0,tcp,ftp_data,RSTO,431,2383,0,0,0,3,0,1,0,0,0,0,0,0,0,22,15,0.323,0.383,0.769,42,20,normal
9,icmp,ftp,REJ,255,3,0,0,0,6,1,0,3,0,0,0,0,0,0,111,113,0.821,0.829,0.292,9,12,r2l
13,udp,dns,RSTR,47,31,0,0,0,7,0,0,5,0,0,1,1,0,0,127,114,0.464,0.973,0.092,12,12,probe
17,tcp,ftp,S0,67,119,0,0,0,4,0,0,0,0,0,0,3,0,0,120,103,0.606,0.688,0.242,9,14,dos
0,udp,ssh,RSTO,1205,1528,0,0,0,2,0,1,0,0,0,0,0,0,0,24,15,0.128,0.038,0.556,35,16,normal
0,tcp,imap,SF,542,464,0,0,0,0,0,1,0,0,0,0,0,0,0,17,12,0.072,0.023,0.844,36,18,normal
2,icmp,imap,SF,606,41,0,0,0,0,0,1,1,0,0,0,0,0,0,26,18,0.322,0.068,0.63,27,22,normal
2,tcp,ssh,SF,223,17,0,0,0,5,0,1,1,0,0,3,0,0,1,130,105,0.794,0.923,0.18,8,6,dos
16,tcp,dns,S0,106,30,0,0,0,1,0,0,3,0,0,1,1,0,1,116,104,0.977,0.475,0.443,11,7,dos
26,icmp,telnet,SH,41,5,0,0,0,4,2,0,1,0,0,1,0,0,2,119,103,0.774,0.969,0.127,12,9,dos
14,udp,ftp_data,S0,113,1,0,0,0,3,0,0,4,0,0,0,0,0,2,115,111,0.932,0.773,0.168,17,14,dos
33,icmp,pop3,S0,20,53,0,0,0,4,0,0,2,0,0,0,1,0,0,133,106,0.713,0.881,0.126,11,11,dos
3,icmp,telnet,SH,712,1085,0,0,0,0,0,1,0,0,0,0,0,0,0,10,17,0.459,0.113,0.807,32,18,normal
6,udp,ftp,SF,580,4827,0,0,0,0,0,1,0,0,0,0,0,0,0,21,19,0.06,0.192,0.852,36,21,normal
4,tcp,ftp,S0,73,0,0,0,0,5,0,1,1,0,0,1,0,0,0,114,118,0.525,0.879,0.11,12,17,dos
27,icmp,pop3,RSTR,85,25,0,0,0,3,0,0,2,0,0,0,1,0,0,108,116,0.854,0.907,0.067,7,6,dos
3,tcp,dns,RSTR,13,532,0,0,0,2,0,0,3,0,0,0,2,0,0,142,125,0.856,0.798,0.141,6,5,dos
1,udp,ftp_data,RSTO,567,321,0,0,0,0,0,0,1,0,0,0,0,0,0,19,13,0.246,0.11,0.599,40,21,normal
0,tcp,imap,SH,88,512,0,0,0,1,0,1,0,0,0,0,0,0,0,17,16,0.037,0.09,0.776,42,36,normal
2,tcp,pop3,S0,969,1708,0,0,0,3,0,1,0,0,0,0,0,0,0,31,20,0.051,0.353,0.752,36,22,normal
1,udp,http,SF,605,75,0,0,0,1,0,1,0,0,0,0,0,0,0,25,17,0.004,0.056,0.866,32,20,normal
3,udp,imap,RSTR,305,746,0,0,0,1,0,0,2,0,0,0,0,0,0,18,19,0.414,0.013,0.705,33,27,normal
11,tcp,ftp,REJ,133,298,0,0,0,7,0,0,4,0,0,2,0,0,0,133,120,0.998,0.699,0.213,14,8,dos
30,tcp,dns,SF,39,168,0,0,0,6,0,0,3,0,0,1,1,0,0,129,105,0.812,0.824,0.061,8,7,dos
12,tcp,telnet,S0,252,60,0,0,0,5,0,1,2,0,0,1,3,0,3,134,95,0.837,0.495,0.22,5,14,probe
0,icmp,ftp,RSTO,298,717,0,0,0,2,0,1,0,0,0,1,0,0,0,23,13,0.147,0.09,0.687,31,27,normal
2,udp,ssh,SH,903,272,0,0,0,0,0,1,0,0,0,1,0,0,2,18,21,0.205,0.279,0.836,33,18,normal
23,icmp,ftp,REJ,29,135,0,0,0,7,1,0,1,0,0,1,0,0,4,117,126,0.98,0.913,0.064,13,11,probe
0,udp,ftp_data,SF,19,0,0,0,1,2,1,0,1,0,0,2,0,0,0,113,110,0.965,0.987,0.016,8,9,dos
7,tcp,pop3,RSTR,1597,655,0,0,0,0,0,1,1,0,0,0,0,0,0,25,20,0.176,0.399,0.928,40,17,normal
4,icmp,ftp,REJ,211,657,0,0,0,4,0,1,1,0,0,0,0,0,0,19,13,0.171,0.053,0.791,31,18,normal
2,tcp,imap,RSTR,712,140,0,0,0,1,0,1,1,0,0,0,0,0,0,20,10,0.049,0.218,0.925,35,19,normal
4,tcp,telnet,RSTO,359,223,0,0,0,1,0,1,0,0,0,0,1,0,0,21,11,0.013,0.152,0.858,33,25,normal
0,udp,ftp,SF,363,316,0,0,0,2,0,0,0,0,0,0,0,0,0,16,18,0.126,0.006,0.504,32,34,normal
14,udp,dns,RSTR,4201,51,0,0,0,4,0,0,1,0,0,0,0,0,0,128,118,0.768,0.602,0.052,13,7,dos
5,icmp,ftp,S0,1882,147,0,0,0,0,0,1,0,0,0,0,0,0,0,24,14,0.149,0.356,0.923,29,33,normal
0,tcp,ftp_data,S0,561,410,0,0,0,1,0,1,0,0,0,0,0,0,0,23,9,0.205,0.017,0.99,37,19,normal
2,icmp,smtp,SH,256,263,0,0,0,0,0,0,1,0,0,0,0,0,0,18,16,0.085,0.1,0.922,32,20,normal
4,udp,http,SH,194,426,0,0,0,3,1,0,1,0,0,0,0,0,0,104,111,0.965,0.802,0.099,9,7,dos
1,udp,dns,RSTR,3780,245,0,0,0,3,0,0,1,0,0,0,0,0,0,17,16,0.097,0.236,0.937,24,25,normal
4,tcp,smtp,SH,529,105,0,0,0,1,0,1,0,0,0,0,0,0,0,25,14,0.049,0.077,0.948,39,37,normal
0,udp,pop3,S0,633,2415,0,0,0,1,0,1,1,0,0,0,0,0,1,26,14,0.214,0.111,0.982,30,24,normal
1,icmp,smtp,SH,296,19,0,0,0,6,1,0,2,0,0,0,1,0,0,132,128,0.774,0.946,0.292,16,10,u2r
1,udp,ssh,REJ,975,305,0,0,0,1,0,1,0,0,0,0,0,0,0,22,16,0.177,0.337,0.795,41,24,normal
64,tcp,http,S0,14,12,0,0,0,10,1,0,1,0,0,2,0,0,1,116,109,0.865,0.931,0.173,13,3,r2l
11,udp,dns,SF,501,50,0,0,0,3,2,0,3,0,0,0,1,0,1,118,120,0.983,0.873,0.434,17,9,dos
0,udp,http,REJ,149,138,0,0,0,3,1,1,5,0,0,0,3,1,0,139,119,0.935,0.962,0.099,16,4,dos
7,tcp,ftp,RSTR,2358,237,0,0,0,0,0,1,0,0,0,0,0,0,0,16,13,0.332,0.359,0.88,37,27,normal
61,tcp,http,REJ,9,852,0,0,0,2,3,0,2,0,0,3,0,0,0,122,107,0.814,0.958,0.051,8,8,dos
1,udp,imap,RSTR,2028,682,0,0,0,1,0,1,0,0,0,0,0,0,0,25,13,0.424,0.004,0.861,30,23,normal
14,icmp,dns,SH,116,228,0,0,0,3,0,0,4,0,0,1,0,0,1,110,106,0.921,0.825,0.271,16,13,probe
1,tcp,ftp_data,S0,916,103,0,0,0,0,0,0,0,0,0,0,0,0,0,20,21,0.004,0.062,0.675,36,40,normal
0,tcp,ftp_data,S0,556,1366,0,0,0,1,0,1,0,0,0,0,0,0,0,15,14,0.199,0.004,0.812,36,25,normal
2,udp,imap,RSTO,1938,764,0,0,0,0,0,1,0,0,0,0,0,0,0,18,14,0.099,0.429,0.595,30,27,normal
0,tcp,telnet,RSTR,1185,264,0,0,0,1,0,1,0,0,0,1,0,0,0,17,11,0.165,0.196,0.851,38,21,normal
11,icmp,imap,SF,79,1555,0,0,0,1,0,1,0,0,0,0,0,0,0,25,18,0.306,0.261,0.911,39,27,normal
3,udp,telnet,RSTR,21,1812,0,0,0,1,0,0,3,0,0,0,1,0,2,117,108,0.535,0.763,0.148,12,16,dos
2,tcp,http,REJ,267,267,0,0,0,3,0,1,0,0,0,0,0,0,0,29,19,0.07,0.163,0.459,26,29,normal
4,icmp,http,S0,44,37,0,0,0,5,0,0,3,0,0,0,2,0,1,128,125,0.966,0.688,0.138,5,12,probe
1,udp,pop3,S0,54,78,0,0,0,5,1,0,1,0,0,0,0,0,0,125,106,0.778,0.917,0.293,13,7,dos
0,icmp,ftp,RSTO,255,264,0,0,0,0,0,1,0,0,0,0,0,0,0,18,15,0.115,0.224,0.391,23,26,normal
2,udp,ftp_data,REJ,216,300,0,0,0,3,0,1,0,0,0,0,0,0,0,20,14,0.126,0.15,0.811,46,18,normal
3,icmp,telnet,SH,34,15,0,1,0,6,1,0,2,0,0,0,2,0,0,123,106,0.703,0.97,0.446,10,11,dos
1,udp,smtp,S0,464,82,0,0,0,0,0,1,0,0,0,0,0,0,0,19,18,0.29,0.273,0.889,44,24,normal
23,udp,http,RSTR,625,10,0,0,0,2,2,0,3,0,0,0,0,0,0,138,108,0.868,0.991,0.261,13,9,r2l
18,icmp,ssh,REJ,185,106,0,0,0,5,1,0,2,0,0,1,1,0,0,126,101,0.782,0.945,0.048,12,12,probe
11,tcp,telnet,REJ,531,427,0,0,0,2,0,0,1,0,0,0,0,0,1,19,17,0.015,0.002,0.943,38,34,normal
18,udp,http,SF,78,11,0,0,0,2,1,0,0,0,0,0,0,0,1,124,104,0.645,0.638,0.396,11,11,dos
13,icmp,imap,REJ,50,478,0,0,0,9,1,0,0,0,0,1,1,0,0,98,98,0.41,0.992,0.022,13,14,r2l
3,icmp,ftp_data,SF,2033,159,0,0,0,0,0,1,0,0,0,0,0,0,0,22,11,0.014,0.181,0.547,35,30,normal
6,icmp,telnet,RSTR,106,188,0,0,0,3,1,0,1,0,0,5,0,0,0,106,117,0.81,0.906,0.114,9,10,u2r
2,udp,imap,S0,242,322,0,0,0,0,0,1,0,0,0,0,0,0,0,20,21,0.243,0.046,0.875,41,17,normal
17,udp,ftp_data,RSTO,1627,483,0,0,0,6,0,0,3,0,0,0,1,0,0,128,105,0.993,0.579,0.197,9,8,dos
11,udp,smtp,SF,102,11,0,0,0,4,2,0,2,0,0,0,0,0,0,97,116,0.68,0.948,0.217,13,9,dos
11,udp,http,SF,48,75,0,0,0,4,1,0,3,0,0,1,2,0,0,129,86,0.96,0.695,0.115,14,9,probe
58,udp,ftp_data,S0,227,33,0,0,0,4,0,0,0,0,0,1,0,0,1,125,116,0.985,0.959,0.025,11,4,probe
29,tcp,ssh,RSTO,125,13,0,0,0,1,0,0,3,0,0,0,0,0,1,131,118,0.897,0.86,0.44,19,9,dos
4,tcp,ftp,RSTO,119,102,0,0,0,2,0,1,0,0,0,0,0,0,0,20,21,0.004,0.291,0.868,30,19,normal
0,udp,telnet,SH,1386,55,0,0,0,2,0,1,0,0,0,0,0,0,0,18,14,0.237,0.572,0.98,26,20,normal
3,udp,smtp,SF,125,105,0,0,0,2,0,1,0,0,0,0,0,0,0,15,18,0.059,0.006,0.723,37,22,normal
8,udp,pop3,SH,1128,653,0,0,0,0,0,1,0,0,0,1,2,0,0,23,21,0.175,0.152,0.815,26,30,normal
0,tcp,imap,SH,340,293,0,0,0,1,0,1,0,0,0,1,0,0,0,18,16,0.093,0.039,0.912,30,27,normal
5,udp,ssh,RSTR,184,238,0,0,0,1,0,0,1,0,0,0,0,0,0,14,17,0.102,0.006,0.638,23,24,normal
0,icmp,smtp,RSTR,988,198,0,0,0,1,0,0,2,0,0,0,0,0,0,22,13,0.27,0.4,0.686,32,26,normal
0,tcp,dns,REJ,609,82,0,0,0,2,0,0,0,0,0,0,0,0,0,21,14,0.078,0.068,0.978,44,27,normal
76,tcp,http,RSTR,1145,39,0,0,1,5,1,0,1,0,0,0,1,0,0,97,119,0.704,0.978,0.229,11,10,dos
60,udp,ftp,RSTR,19,10,0,0,0,6,0,0,6,0,0,3,2,0,1,133,113,0.962,0.966,0.224,9,12,dos
1,udp,ssh,S0,1822,1912,0,0,0,2,0,1,0,0,0,0,0,0,1,17,13,0.217,0.209,0.968,37,34,normal
1,udp,http,SH,1335,760,0,0,0,1,0,1,0,0,0,0,0,0,0,23,15,0.154,0.099,0.401,34,26,normal
1,tcp,ftp,SH,420,414,0,0,0,0,0,1,1,0,0,0,0,0,0,19,14,0.376,0.465,0.597,32,31,normal
5,icmp,dns,RSTO,1714,87,0,0,0,1,0,1,0,0,0,0,0,0,0,23,16,0.126,0.016,0.879,38,28,normal
1,udp,imap,SH,328,733,0,0,0,1,0,1,0,0,0,1,0,0,0,14,14,0.333,0.394,0.503,41,23,normal
2,udp,smtp,REJ,64,7,0,0,0,5,1,0,1,0,0,1,1,0,2,118,106,0.922,0.796,0.022,16,10,dos
1,icmp,ftp_data,SH,453,54,0,0,0,0,0,1,2,0,0,0,2,0,3,132,109,0.99,0.904,0.045,9,8,probe
2,udp,ftp_data,S0,4447,553,0,0,0,2,0,1,0,0,0,0,1,0,0,25,20,0.042,0.506,0.726,32,21,normal
4,udp,pop3,SH,32,97,0,0,0,5,0,1,5,0,0,1,0,0,1,107,113,0.866,0.967,0.426,15,11,dos
14,icmp,http,REJ,352,77,0,0,0,3,0,0,1,0,0,1,0,0,0,120,110,0.742,0.94,0.037,15,9,dos
1,icmp,pop3,RSTR,2165,613,0,0,0,3,0,1,0,0,0,1,0,0,0,23,4,0.094,0.346,0.926,41,20,normal
2,tcp,http,REJ,70,535,0,0,0,6,0,0,1,0,0,0,0,0,0,128,108,0.623,0.49,0.189,13,11,r2l
1,udp,ftp,S0,454,168,0,0,0,6,3,0,5,0,0,0,2,1,1,137,113,0.867,0.984,0.06,16,9,dos
2,icmp,ftp,S0,257,818,0,0,0,0,0,1,1,0,0,0,0,0,0,16,15,0.161,0.321,0.943,46,22,normal
50,icmp,pop3,RSTO,31,8,0,0,0,1,0,0,1,0,0,1,0,0,0,136,134,0.935,0.726,0.289,8,4,dos
53,udp,pop3,REJ,86,46,0,0,0,6,0,0,1,0,0,0,0,0,0,108,113,0.753,0.714,0.374,11,10,dos
32,udp,ftp_data,SH,341,17,0,0,0,7,1,0,1,0,0,1,1,0,0,134,106,0.862,0.925,0.242,13,15,dos
0,tcp,ssh,SH,191,339,0,0,0,0,0,1,0,0,0,0,0,0,0,20,18,0.331,0.098,0.782,34,26,normal
4,icmp,imap,RSTR,76,179,0,0,0,0,0,1,0,0,0,0,0,0,0,20,15,0.483,0.099,0.763,30,21,normal
12,icmp,pop3,SF,825,192,0,0,0,0,0,1,0,0,0,0,1,0,0,23,13,0.065,0.087,0.916,33,23,normal
2,udp,ftp_data,S0,1175,391,0,0,0,0,0,0,0,0,0,0,0,0,0,25,14,0.01,0.118,0.85,28,17,normal
3,icmp,smtp,RSTR,65,93,0,0,0,2,0,1,0,0,0,0,0,0,0,13,15,0.198,0.046,0.398,36,29,normal
1,udp,ftp,SH,531,145,0,0,0,1,0,1,0,0,0,0,0,0,0,17,15,0.279,0.304,0.738,34,31,normal
0,udp,http,SH,315,1600,0,0,0,2,0,1,0,0,0,0,0,0,0,13,12,0.414,0.256,0.748,33,35,normal
2,icmp,ssh,S0,807,148,0,0,0,2,0,0,0,0,0,0,0,0,0,14,16,0.177,0.056,0.843,34,25,normal
2,udp,smtp,REJ,195,6,0,0,0,7,1,0,6,0,0,3,2,0,0,113,120,0.759,0.935,0.136,7,7,dos
0,udp,http,RSTR,1325,121,0,0,0,1,0,1,0,0,0,0,0,0,0,22,8,0.303,0.129,0.751,34,24,normal
11,udp,ssh,S0,949,868,0,0,0,1,0,1,0,0,0,0,0,0,0,20,10,0.017,0.113,0.931,32,30,normal
6,tcp,http,SF,530,20,0,0,0,3,0,1,0,0,0,0,0,0,0,21,22,0.307,0.234,0.766,29,32,normal
40,udp,http,SF,29,38,0,0,0,10,0,1,1,0,0,1,0,0,1,130,117,0.645,0.739,0.117,9,11,probe
10,tcp,ftp,S0,50,170,0,0,0,6,0,0,4,0,0,0,1,0,0,131,122,0.834,0.795,0.092,9,6,probe
1,udp,telnet,RSTR,30,4,0,0,0,4,1,0,2,0,0,1,0,0,0,111,122,0.953,0.966,0.111,13,13,probe
8,udp,http,RSTO,788,171,0,0,0,1,0,1,0,0,0,0,0,0,0,26,12,0.039,0.068,0.798,34,24,normal
3,tcp,dns,REJ,23,118,0,0,0,6,0,0,2,1,0,3,0,0,1,133,104,0.946,0.8,0.357,22,6,dos
3,icmp,imap,RSTR,189,156,0,0,0,0,0,1,0,0,0,0,0,0,0,31,11,0.059,0.115,0.942,30,23,normal
1,udp,ftp_data,RSTO,2305,234,0,0,0,0,0,1,0,0,0,0,0,0,0,16,13,0.159,0.148,0.93,49,29,normal
1,icmp,ssh,RSTR,196,813,0,0,0,1,0,1,0,0,0,1,0,0,1,20,11,0.039,0.121,0.897,34,24,normal
0,tcp,http,RSTO,694,1061,0,0,0,2,0,1,0,0,0,0,0,0,0,17,16,0.099,0.157,0.755,33,24,normal
1,icmp,ftp_data,REJ,1736,450,0,0,0,2,0,1,0,0,0,0,0,0,0,16,14,0.167,0.211,0.787,34,28,normal
1,icmp,pop3,RSTR,105,710,0,0,0,0,0,1,1,0,0,1,0,0,0,24,17,0.419,0.067,0.94,31,37,normal
27,icmp,dns,RSTR,99,627,0,0,0,6,0,1,5,0,0,5,2,0,1,124,102,0.776,0.621,0.259,12,9,dos
12,udp,smtp,SH,55,4,0,0,0,9,2,0,3,0,0,3,1,0,1,121,103,0.947,0.99,0.041,5,12,r2l
34,tcp,smtp,RSTO,16,14,0,0,0,7,0,0,1,0,0,1,1,0,0,114,117,0.959,0.819,0.145,9,11,dos
2,icmp,ftp_data,RSTO,77,3,0,0,0,3,2,0,2,0,0,0,1,0,2,125,99,0.877,0.916,0.063,15,4,r2l
2,icmp,ssh,RSTR,1985,287,0,0,0,2,0,1,0,0,0,0,0,0,0,13,13,0.112,0.1,0.714,31,25,normal
12,tcp,ftp_data,REJ,19,29,0,0,0,7,0,0,2,0,0,0,1,0,1,115,126,0.629,0.899,0.112,7,5,dos
4,udp,imap,SH,191,12,0,0,0,3,1,0,3,0,0,0,1,0,0,98,97,0.864,0.803,0.286,13,8,r2l
2,tcp,pop3,SH,1380,100,0,0,0,4,0,0,0,0,0,0,1,0,1,114,92,0.794,0.955,0.095,17,1,dos
1,icmp,smtp,RSTR,102,31,0,0,0,5,1,1,0,0,0,2,0,0,0,144,116,0.895,0.886,0.309,11,19,dos
7,icmp,pop3,REJ,554,67,0,0,0,2,0,1,2,0,0,0,3,0,0,121,93,0.815,0.96,0.026,14,9,dos
10,udp,smtp,RSTO,83,0,0,0,0,3,1,0,2,0,0,1,0,0,0,123,130,0.895,0.669,0.328,15,16,probe
1,udp,imap,S0,183,129,0,0,0,2,0,1,0,0,0,1,1,0,0,22,15,0.26,0.293,0.546,39,26,normal
10,icmp,telnet,SH,626,165,0,0,0,10,3,1,1,0,0,0,0,0,0,120,110,0.968,0.726,0.315,12,10,dos
6,udp,smtp,SH,103,91,0,0,0,6,0,0,4,0,0,2,3,0,1,118,123,0.921,0.917,0.11,14,6,dos
3,icmp,imap,SF,327,167,0,0,0,0,0,1,0,0,0,0,0,0,0,17,17,0.138,0.089,0.696,41,20,normal
0,tcp,http,SF,810,823,0,0,0,1,0,1,0,0,0,1,1,0,0,13,9,0.143,0.03,0.9,29,24,normal
11,udp,pop3,S0,212,11,0,0,0,3,1,0,2,0,0,0,1,0,1,121,83,0.737,0.73,0.217,6,9,probe
2,tcp,pop3,SH,49,13,0,0,0,6,0,0,0,0,0,1,1,0,1,112,110,0.981,0.765,0.047,16,9,dos
28,udp,dns,RSTO,76,3,0,0,0,2,1,1,2,0,0,0,0,0,0,139,114,0.919,0.424,0.077,14,10,dos
2,tcp,ssh,SH,463,113,0,0,0,0,0,1,0,0,0,0,0,0,0,12,19,0.064,0.044,0.945,26,25,normal
12,udp,pop3,S0,66,59,0,0,1,2,2,1,2,0,0,0,0,0,0,114,116,0.584,0.793,0.017,11,10,r2l
0,icmp,smtp,S0,504,1075,0,0,0,1,0,1,0,0,0,0,0,0,0,24,17,0.141,0.069,0.961,32,25,normal
3,icmp,ftp,RSTO,493,1780,0,0,0,2,0,1,0,0,0,1,1,0,0,9,17,0.188,0.065,0.962,39,28,normal
2,icmp,smtp,SH,1014,197,0,0,0,0,0,1,0,0,0,1,0,0,0,21,13,0.135,0.228,0.894,40,24,normal
0,udp,pop3,RSTO,3488,194,0,0,0,3,0,1,0,0,0,0,0,0,0,20,20,0.041,0.117,0.715,39,20,normal
6,icmp,http,RSTO,97,406,0,0,0,0,0,1,0,0,0,0,0,0,1,21,14,0.227,0.037,0.579,21,24,normal
1,tcp,dns,SF,1058,170,0,0,0,2,0,1,1,0,0,0,0,0,0,15,18,0.269,0.361,0.752,27,17,normal
0,tcp,dns,REJ,359,777,0,0,0,1,0,1,0,0,0,0,0,0,0,20,16,0.107,0.286,0.667,39,23,normal
3,tcp,dns,RSTO,325,1113,0,0,0,0,0,1,0,0,0,1,0,0,0,23,18,0.035,0.263,0.774,32,28,normal
1,icmp,ftp,SF,578,291,0,0,0,0,0,1,1,0,0,0,0,0,1,20,12,0.693,0.165,0.759,38,20,normal
16,icmp,telnet,S0,198,18,0,0,0,8,0,0,1,0,0,0,2,0,0,126,89,0.693,0.866,0.181,12,11,dos
9,icmp,pop3,RSTR,103,248,0,0,0,4,0,0,1,0,0,0,0,0,0,114,104,0.568,0.947,0.127,7,9,probe
15,tcp,ftp,REJ,2473,19,0,0,0,1,0,0,2,0,0,0,1,0,0,145,113,0.989,0.899,0.147,12,14,probe
0,tcp,ftp_data,REJ,1938,2075,0,0,0,0,0,0,0,0,0,0,0,0,0,27,17,0.122,0.035,0.972,33,33,normal
0,icmp,telnet,SF,620,104,0,0,0,2,0,1,0,0,0,0,0,0,0,18,21,0.018,0.104,0.531,32,27,normal
0,icmp,ssh,RSTO,300,116,0,0,0,1,0,1,0,0,0,0,0,0,0,14,19,0.041,0.065,0.882,37,25,normal
0,udp,dns,SF,321,400,0,0,0,1,0,1,0,0,0,0,0,0,0,17,14,0.013,0.655,0.483,44,38,normal
0,udp,smtp,REJ,674,2892,0,0,0,0,0,1,0,0,0,0,0,0,0,17,12,0.235,0.088,0.785,37,25,normal
5,udp,pop3,REJ,10,2,0,0,0,7,2,0,2,0,0,2,0,0,0,110,118,0.791,0.925,0.055,9,9,dos
0,tcp,pop3,RSTO,1458,822,0,0,0,3,0,0,0,0,0,0,1,0,0,28,18,0.383,0.121,0.815,42,17,normal
1,udp,ftp,REJ,1062,73,0,0,0,1,0,1,1,0,0,0,0,0,0,20,25,0.044,0.087,0.332,27,28,normal
9,tcp,ftp_data,RSTO,373,1173,0,0,0,1,0,1,0,0,0,0,0,0,0,20,10,0.183,0.217,0.669,43,21,normal
5,udp,ftp,RSTR,53,87,0,0,0,2,2,0,1,0,0,2,0,0,0,118,116,0.91,0.8,0.138,8,12,dos
0,udp,telnet,REJ,541,457,0,0,0,1,0,1,0,0,0,0,1,0,0,9,18,0.427,0.128,0.933,37,26,normal
2,udp,ssh,SH,316,644,0,0,0,3,0,1,1,0,0,0,0,0,1,17,13,0.022,0.18,0.664,34,25,normal
7,icmp,imap,REJ,499,2272,0,0,0,5,1,0,4,0,0,1,0,0,0,124,99,0.906,0.842,0.159,13,11,probe
1,udp,pop3,REJ,1381,269,0,0,0,1,0,1,1,0,0,0,0,0,0,18,13,0.183,0.139,0.752,43,26,normal
4,udp,dns,SF,2098,165,0,0,0,0,0,0,1,0,0,0,0,0,0,19,28,0.127,0.014,0.911,37,25,normal
7,tcp,ssh,RSTO,43,134,0,0,0,3,2,1,3,0,0,2,1,0,1,118,91,0.778,0.991,0.236,16,14,probe
18,udp,ftp_data,RSTR,54,2,0,0,0,7,1,0,4,0,0,1,0,0,0,121,104,0.857,0.951,0.525,10,8,dos
2,icmp,http,REJ,501,94,0,0,0,0,0,1,0,0,0,0,1,0,0,19,18,0.092,0.096,0.8,20,20,normal
1,icmp,http,RSTR,54,122,0,0,0,1,0,1,0,0,0,2,0,0,0,19,16,0.108,0.142,0.754,37,34,normal
9,icmp,ftp,RSTO,25,2,0,0,0,9,2,0,0,0,0,0,2,0,1,116,109,0.903,0.891,0.216,16,13,probe
9,tcp,imap,S0,58,9,0,0,0,6,0,0,3,0,0,2,3,0,0,115,119,0.831,0.908,0.069,11,9,probe
33,icmp,ftp,REJ,127,0,0,0,0,2,1,1,2,0,0,2,1,0,1,116,112,0.771,0.906,0.055,15,10,dos
2,tcp,imap,S0,423,25,0,0,0,7,0,0,0,0,0,0,1,0,0,25,14,0.138,0.116,0.4,26,23,normal
1,icmp,pop3,SF,298,18,0,0,0,5,0,0,1,0,0,1,2,0,1,128,107,0.88,0.836,0.276,10,15,dos
1,icmp,telnet,SF,13,3,0,0,0,2,1,0,2,0,0,2,2,0,2,118,100,0.992,0.976,0.066,12,7,dos
0,tcp,ftp_data,REJ,5242,686,0,0,0,1,0,0,1,0,0,0,0,0,0,18,14,0.082,0.343,0.771,40,33,normal
22,tcp,ssh,REJ,13,15,0,0,0,5,1,0,6,0,0,0,1,0,1,126,111,0.858,0.801,0.628,9,7,dos
37,tcp,ftp_data,SH,54,38,0,0,0,6,1,0,4,0,0,0,1,0,0,119,116,0.536,0.859,0.317,16,10,r2l
8,udp,pop3,SH,34,40,0,0,0,3,2,0,3,0,0,4,3,0,1,124,117,0.81,0.929,0.092,19,16,dos
8,udp,pop3,RSTO,3637,112,0,0,0,1,0,1,0,0,0,0,0,0,0,27,13,0.344,0.033,0.724,41,24,normal
5,icmp,pop3,SF,2018,206,0,0,0,1,0,1,0,0,0,0,1,0,0,21,12,0.042,0.022,0.565,43,22,normal
1,icmp,imap,SF,139,445,0,0,0,0,0,0,0,0,0,0,0,0,0,19,16,0.029,0.207,0.978,23,33,normal
4,udp,pop3,SH,585,771,0,0,0,1,0,1,0,0,0,0,0,0,0,12,10,0.194,0.28,0.64,36,22,normal
1,icmp,dns,SF,857,518,0,0,0,1,0,1,0,0,0,1,0,0,0,25,19,0.143,0.022,0.75,36,11,normal
5,udp,ftp_data,REJ,11,14,0,0,0,7,2,0,0,0,0,2,0,0,1,134,132,0.87,0.893,0.212,13,13,dos
9,icmp,ftp,SH,11,1206,0,0,0,3,1,0,3,1,0,2,1,0,1,112,113,0.967,0.861,0.095,8,11,r2l
0,udp,smtp,RSTR,300,284,0,0,0,0,0,1,0,0,0,0,0,0,0,20,19,0.179,0.046,0.476,21,33,normal
3,udp,ftp_data,S0,182,6,0,0,0,9,2,0,1,0,0,0,1,0,0,115,104,0.885,0.734,0.075,10,8,dos
1,tcp,dns,RSTR,553,148,0,0,0,1,0,1,0,0,0,0,0,0,0,22,18,0.093,0.307,0.929,35,17,normal
8,icmp,ftp_data,SH,150,149,0,0,0,0,0,1,1,0,0,1,0,0,1,21,18,0.046,0.093,0.824,39,33,normal
10,udp,telnet,REJ,6,20,0,0,0,3,2,0,2,0,0,0,0,0,2,137,124,0.81,0.962,0.203,13,12,dos
45,icmp,smtp,RSTO,309,156,0,0,0,2,1,0,2,0,0,2,1,0,0,112,99,0.879,0.721,0.02,18,14,dos
13,icmp,imap,SF,168,1,0,0,0,5,2,0,1,1,0,1,1,0,0,131,105,0.681,0.682,0.432,16,11,u2r
1,icmp,http,RSTO,1561,985,0,0,0,0,0,1,0,0,0,1,0,0,0,18,18,0.37,0.02,0.896,41,24,normal
2,udp,ftp_data,SF,17,51,0,0,0,4,3,0,3,0,0,0,0,0,0,110,128,0.844,0.731,0.21,12,8,r2l
1,tcp,imap,RSTR,115,885,0,0,0,1,0,1,0,0,0,0,0,0,0,28,12,0.268,0.071,0.674,35,25,normal
62,tcp,dns,SF,335,6,0,0,1,4,1,0,3,0,0,1,1,1,1,111,104,0.664,0.859,0.079,13,11,dos
0,icmp,dns,RSTO,482,310,0,0,0,1,0,1,0,0,0,1,0,0,0,29,16,0.375,0.101,0.752,32,20,normal
1,icmp,ssh,SF,402,1929,0,0,0,0,0,1,0,0,0,0,0,0,0,22,19,0.062,0.034,0.532,26,25,normal
7,icmp,imap,S0,1626,1,0,1,0,3,0,1,2,0,0,0,1,0,1,108,101,0.967,0.537,0.026,12,7,probe
0,tcp,ssh,SH,224,699,0,0,0,2,0,1,0,0,0,0,0,0,0,21,14,0.216,0.131,0.88,32,21,normal
2,tcp,dns,RSTO,291,674,0,0,0,0,0,1,0,0,0,2,0,0,0,26,21,0.397,0.207,0.474,27,24,normal
10,icmp,http,SH,65,78,0,0,0,2,1,0,3,0,0,0,0,0,0,129,101,0.939,0.89,0.187,9,10,dos
45,tcp,http,SF,90,70,0,0,0,4,0,0,3,0,0,0,2,0,0,116,112,0.797,0.865,0.607,7,6,u2r
6,tcp,ssh,RSTO,125,305,0,0,0,0,0,1,0,0,0,0,0,0,0,19,19,0.202,0.0,0.842,29,26,normal
0,udp,smtp,RSTR,441,230,0,0,0,2,0,1,0,0,0,0,0,0,0,17,14,0.032,0.181,0.935,37,18,normal
6,icmp,http,SF,789,758,0,0,0,0,0,1,0,0,0,0,0,0,0,24,11,0.671,0.102,0.734,33,21,normal
0,udp,pop3,S0,671,525,0,0,0,1,0,1,0,0,0,0,0,0,0,11,12,0.501,0.071,0.499,28,30,normal
18,tcp,imap,SH,34,207,0,0,0,8,2,0,3,0,0,3,0,0,0,134,131,0.943,0.957,0.202,7,12,probe
10,tcp,http,SF,136,5,0,0,0,3,0,0,5,0,0,0,0,0,1,115,115,0.916,0.878,0.391,11,13,dos
2,tcp,dns,SH,479,276,0,0,0,3,0,1,0,0,0,1,1,0,1,19,15,0.077,0.226,0.882,29,29,normal
4,udp,ftp_data,SH,253,160,0,0,0,2,0,1,0,0,0,0,0,0,0,11,10,0.307,0.099,0.541,38,27,normal
0,icmp,dns,S0,675,549,0,0,0,2,0,1,1,0,0,0,1,0,0,26,14,0.175,0.028,0.752,51,27,normal
25,tcp,ftp,RSTR,20,5,0,0,0,5,1,0,3,0,0,0,2,0,0,118,99,0.949,0.87,0.157,15,13,dos
1,tcp,imap,S0,45,10,1,0,0,9,0,0,4,0,0,1,0,0,4,109,112,0.553,0.83,0.158,9,8,dos
1,icmp,pop3,S0,36,39,0,0,0,8,0,0,0,0,0,0,1,0,0,130,99,0.919,0.905,0.155,3,11,dos
2,tcp,pop3,S0,32,11,0,0,0,7,0,1,2,0,0,3,1,0,1,119,100,0.497,0.907,0.122,8,10,dos
20,icmp,telnet,RSTR,71,75,0,0,0,4,0,0,1,0,0,0,1,0,0,139,117,0.998,0.918,0.151,14,12,probe
0,udp,ssh,SH,829,245,0,0,0,1,0,1,0,0,0,0,0,0,0,14,17,0.102,0.06,0.49,34,33,normal
2,tcp,http,REJ,64,164,0,0,0,1,0,1,0,0,0,0,0,0,0,23,11,0.074,0.017,0.532,37,24,normal
2,udp,smtp,REJ,284,442,0,0,0,6,0,1,3,0,0,1,0,0,0,128,131,0.744,0.963,0.354,7,13,probe
4,udp,ssh,RSTO,2540,1280,0,0,0,1,0,1,1,0,0,2,0,0,0,16,13,0.256,0.07,0.711,36,19,normal
23,icmp,imap,S0,72,6,0,0,0,5,1,0,1,0,0,1,2,0,1,115,107,0.874,0.841,0.074,12,8,probe
4,icmp,ssh,SH,31,131,0,0,0,4,0,0,1,0,0,0,0,0,1,102,102,0.975,0.9,0.081,9,9,probe
0,tcp,pop3,RSTR,429,700,0,0,0,0,0,1,0,0,0,0,0,0,0,20,19,0.307,0.243,0.934,33,29,normal
50,tcp,ftp_data,SH,222,4,0,0,0,3,1,0,3,0,0,2,2,0,0,133,104,0.821,0.618,0.12,10,14,probe
0,icmp,imap,REJ,153,1895,0,0,0,0,0,1,0,0,0,0,0,0,0,19,17,0.082,0.02,0.8,40,20,normal
0,udp,dns,RSTO,336,751,0,0,0,2,0,1,0,0,0,0,0,0,0,25,10,0.27,0.16,0.966,35,22,normal
1,tcp,smtp,S0,154,15,0,0,0,4,1,1,2,0,0,0,0,0,0,121,132,0.922,0.818,0.26,8,6,dos
0,icmp,ssh,S0,5,7,0,0,0,4,0,1,1,0,0,2,0,0,0,111,102,0.853,0.446,0.05,10,15,dos
1,tcp,ssh,SH,191,2,0,0,0,7,1,0,3,0,0,0,0,0,2,128,101,0.855,0.938,0.164,12,5,r2l
15,tcp,pop3,S0,739,0,0,0,0,5,0,0,1,0,0,1,0,0,1,124,97,0.829,0.992,0.017,13,11,dos
1,udp,ssh,RSTO,498,905,0,0,0,0,0,1,0,0,0,0,0,0,0,18,13,0.185,0.199,0.9,28,25,normal
38,udp,imap,S0,231,873,1,0,0,5,2,0,1,0,0,1,0,0,0,99,121,0.552,0.798,0.068,11,8,dos
3,udp,ssh,SF,156,177,0,0,0,1,0,1,0,0,0,0,1,0,0,9,11,0.18,0.064,0.873,34,29,normal
10,udp,http,RSTR,1156,666,0,0,0,1,0,1,0,0,0,1,0,0,1,20,15,0.031,0.434,0.974,26,26,normal
5,udp,ftp,RSTR,89,176,0,0,0,3,0,0,4,0,0,0,2,0,1,121,120,0.652,0.566,0.083,9,14,probe
8,tcp,ftp,SH,34,5,0,0,0,2,1,0,0,0,0,0,0,0,2,120,126,0.966,0.918,0.226,10,8,dos
2,tcp,ssh,REJ,172,101,0,0,0,0,0,1,1,0,0,0,0,0,0,19,24,0.272,0.176,0.612,41,23,normal
6,tcp,imap,RSTR,1132,168,0,0,0,0,0,1,0,0,0,0,0,0,0,21,19,0.237,0.007,0.641,33,29,normal
0,udp,imap,REJ,1325,3707,0,0,0,2,0,0,0,0,0,1,2,0,0,119,117,0.992,0.798,0.169,14,10,probe
5,tcp,ftp,RSTR,112,60,0,0,0,2,1,0,3,0,0,0,3,0,1,142,104,0.865,0.967,0.06,11,8,probe
5,icmp,dns,SF,735,12,0,0,0,5,2,1,3,0,0,0,1,0,1,124,106,0.543,0.939,0.154,17,8,dos
13,tcp,smtp,S0,52,15,0,0,0,3,0,0,1,0,0,0,0,0,0,117,99,0.804,0.848,0.35,9,8,dos
4,udp,dns,S0,356,573,0,0,0,0,0,0,0,0,0,0,0,0,0,28,17,0.019,0.174,0.677,22,31,normal
21,udp,http,S0,44,68,0,0,0,9,0,0,3,0,0,1,1,0,3,99,123,0.87,0.868,0.213,11,15,dos
2,icmp,ssh,SH,1243,415,0,0,0,1,0,1,0,0,0,0,0,0,0,15,20,0.167,0.149,0.836,32,30,normal
1,tcp,smtp,REJ,683,844,0,0,0,1,0,0,0,0,0,0,0,0,0,19,24,0.161,0.201,0.787,23,36,normal
0,udp,smtp,SH,360,34,0,0,0,4,2,1,0,0,0,1,2,0,0,117,110,0.854,0.95,0.316,14,11,dos
5,tcp,dns,RSTR,1197,64,0,0,0,0,0,1,0,0,0,0,0,0,0,17,13,0.344,0.089,0.901,39,24,normal
5,icmp,http,REJ,685,43,0,0,0,3,0,1,0,0,0,0,0,0,0,25,18,0.104,0.453,0.835,28,20,normal
27,icmp,imap,SH,315,691,0,0,0,9,0,1,2,0,0,0,0,0,0,127,108,0.822,0.589,0.063,13,10,dos
3,icmp,ftp_data,RSTO,2200,136,0,0,0,0,0,0,0,0,0,0,0,0,0,18,19,0.059,0.002,0.651,34,24,normal
0,icmp,ftp,SH,10,0,0,0,0,5,0,1,1,0,0,0,0,0,0,115,105,0.775,0.971,0.273,11,9,dos
0,icmp,ssh,SH,941,370,0,0,0,1,0,1,0,0,0,0,0,0,0,23,23,0.134,0.066,0.966,37,20,normal
0,udp,pop3,REJ,733,395,0,0,0,0,0,0,0,0,0,0,0,0,0,23,12,0.027,0.346,0.697,24,30,normal
0,tcp,ftp,SH,204,923,0,0,0,0,0,1,0,0,0,0,0,0,0,24,19,0.135,0.194,0.912,33,19,normal
18,udp,smtp,SF,1784,20,0,0,0,3,0,0,4,1,0,0,2,0,2,132,107,0.819,0.864,0.143,8,13,dos
16,icmp,http,RSTR,326,41,0,0,0,3,0,0,2,0,0,1,1,0,0,123,115,0.987,0.923,0.325,15,8,probe
40,icmp,ftp,SH,145,8,0,0,0,6,2,0,1,0,0,1,1,0,0,106,118,0.874,0.802,0.047,11,8,probe
7,tcp,http,RSTR,2021,89,0,0,0,0,0,1,0,0,0,1,0,0,0,20,17,0.264,0.117,0.866,35,24,normal
2,icmp,ftp_data,SH,230,311,0,0,0,1,0,1,0,0,0,0,1,0,0,25,13,0.125,0.038,0.758,34,25,normal
23,tcp,dns,S0,40,421,0,0,0,6,1,0,1,0,0,1,1,0,0,123,113,0.321,0.737,0.266,15,9,r2l
3,icmp,pop3,REJ,2741,401,0,0,0,1,0,1,0,0,0,1,0,0,0,18,13,0.177,0.307,0.86,40,20,normal
19,tcp,dns,REJ,24,765,0,1,0,11,1,0,4,0,0,0,0,0,0,121,113,0.9,0.925,0.113,14,9,dos
1,icmp,telnet,SH,3307,465,0,0,0,1,0,1,0,0,0,0,0,0,0,23,17,0.218,0.142,0.692,37,25,normal
1,tcp,pop3,SF,378,845,0,0,0,0,0,1,1,0,0,0,0,0,0,20,15,0.245,0.089,0.907,39,25,normal
6,tcp,pop3,REJ,119,63,0,0,0,9,1,0,2,0,0,2,0,0,0,121,96,0.959,0.817,0.149,11,11,dos
0,tcp,pop3,S0,663,366,0,0,0,1,0,1,0,0,0,0,1,0,0,20,16,0.153,0.084,0.572,30,22,normal
1,tcp,http,RSTO,25,27,0,0,0,7,0,0,1,0,0,1,1,0,1,136,124,0.738,0.971,0.002,19,10,dos
4,icmp,ftp_data,SH,7,1,0,0,0,4,0,0,3,0,0,0,2,0,1,116,123,0.82,0.978,0.126,13,8,dos
0,udp,pop3,RSTO,36,356,0,0,0,1,0,1,1,0,0,0,0,0,0,17,22,0.275,0.072,0.829,28,25,normal
6,tcp,http,REJ,174,816,0,0,0,3,0,1,0,0,0,1,0,0,0,28,14,0.048,0.028,0.841,33,28,normal
56,tcp,imap,RSTO,35,7,0,0,0,10,2,0,2,0,0,1,1,0,2,126,120,0.686,0.85,0.22,11,7,probe
1,udp,http,SH,1485,398,0,0,0,0,0,1,0,0,0,1,0,0,0,17,10,0.01,0.039,0.937,30,20,normal
0,icmp,ftp_data,RSTR,1498,696,0,0,0,0,0,1,0,0,0,1,0,0,0,17,5,0.131,0.052,0.262,27,34,normal
1,icmp,imap,SH,141,24,0,0,0,0,0,1,0,0,0,0,0,0,0,21,6,0.153,0.036,0.923,38,28,normal
0,udp,ssh,SH,1838,275,0,0,0,1,0,1,0,0,0,1,0,0,0,22,12,0.009,0.149,0.967,50,23,normal
2,udp,ssh,RSTR,239,129,0,0,0,0,0,1,0,0,0,0,0,0,0,19,19,0.376,0.016,0.765,34,23,normal
10,tcp,imap,SH,299,291,0,0,0,1,0,1,0,0,0,0,0,0,0,20,24,0.482,0.132,0.825,31,20,normal
2,udp,pop3,S0,184,160,0,0,0,0,0,0,0,0,0,0,0,0,0,21,17,0.196,0.002,0.864,40,28,normal
3,udp,pop3,SH,52,0,0,0,0,5,2,0,1,0,0,0,1,0,1,131,102,0.893,0.787,0.013,15,8,dos
1,icmp,ftp_data,REJ,1168,1298,0,0,0,2,0,1,1,0,0,0,0,0,0,21,11,0.062,0.068,0.884,22,27,normal
13,udp,telnet,RSTR,61,80,0,0,0,8,0,0,0,0,0,1,2,0,0,112,109,0.97,0.757,0.366,11,5,probe
8,icmp,imap,S0,47,77,0,0,0,3,0,0,0,0,0,1,2,0,0,127,110,0.923,0.96,0.272,14,12,dos
2,udp,imap,SH,86,0,0,0,0,5,1,0,0,0,0,0,1,0,2,115,98,0.838,0.935,0.098,17,16,dos
31,tcp,pop3,RSTR,35,3,0,0,0,5,0,0,5,0,0,1,0,0,0,123,122,0.934,0.794,0.246,9,13,r2l
17,udp,smtp,RSTR,1640,12,0,0,0,4,1,0,1,0,0,1,1,0,0,112,107,0.868,0.865,0.639,12,9,probe
5,udp,http,SF,172,233,0,0,0,1,0,1,0,0,0,0,0,0,0,15,19,0.079,0.012,0.505,27,25,normal
5,udp,dns,SF,1014,105,0,0,0,1,0,1,1,0,0,0,0,0,0,25,17,0.022,0.386,0.73,33,20,normal
9,tcp,http,SF,321,71,0,0,0,4,1,0,3,0,0,0,2,0,2,121,107,0.685,0.684,0.205,11,12,dos
9,udp,http,RSTO,18,4,0,0,0,10,0,0,1,0,0,1,0,0,0,104,136,0.993,0.825,0.147,13,5,dos
2,udp,ftp_data,RSTR,1174,214,0,0,0,0,0,1,0,0,0,0,0,0,0,27,11,0.173,0.124,0.893,33,22,normal
1,tcp,telnet,RSTO,226,247,0,0,0,2,0,1,0,0,0,1,0,0,0,14,16,0.526,0.139,0.357,33,19,normal
0,udp,ssh,SF,827,71,0,0,0,1,0,1,0,0,0,0,0,0,0,28,16,0.089,0.137,0.617,35,27,normal
22,udp,ftp,S0,162,12,0,0,0,12,0,0,3,0,0,2,0,0,0,99,92,0.766,0.884,0.156,14,8,probe
1,icmp,dns,S0,3989,326,0,0,0,1,0,0,0,0,0,0,0,0,0,24,17,0.08,0.062,0.973,38,20,normal
2,icmp,imap,RSTR,11584,1964,0,0,0,2,0,1,0,0,0,0,0,0,0,25,10,0.209,0.02,0.962,33,22,normal
0,tcp,ftp,S0,160,966,0,0,0,1,0,1,0,0,0,1,0,0,0,28,12,0.029,0.076,0.82,32,23,normal
4,udp,ftp_data,RSTR,396,37,0,0,0,4,0,0,1,0,0,3,0,0,0,117,126,0.903,0.686,0.039,10,8,probe
0,tcp,smtp,RSTR,114,11,0,0,0,4,0,1,0,0,0,0,1,0,0,121,111,0.854,0.992,0.232,16,16,dos
18,tcp,ftp_data,SF,500,3,1,0,0,10,1,0,2,0,0,1,1,0,0,124,108,0.722,0.97,0.147,11,9,dos
2,tcp,ftp,S0,3345,969,0,0,0,2,0,1,0,0,0,0,1,0,0,22,14,0.454,0.226,0.759,45,22,normal
12,icmp,smtp,SF,111,162,0,0,0,2,2,1,2,0,0,1,1,0,1,111,117,0.978,0.859,0.201,13,8,dos
0,tcp,http,SF,84,1,0,0,0,4,1,0,1,0,0,0,0,0,0,117,106,0.895,0.958,0.313,13,12,dos
2,icmp,http,SF,349,195,0,0,0,1,0,1,0,0,0,0,0,0,1,17,17,0.172,0.205,0.772,52,28,normal
0,udp,smtp,SH,15,254,0,0,0,11,0,1,3,0,0,1,2,0,0,140,108,0.977,0.968,0.052,8,12,dos
52,tcp,ftp_data,RSTO,65,2,0,0,0,4,1,1,2,0,0,1,1,0,0,127,112,0.747,0.587,0.219,16,11,dos
1,icmp,smtp,RSTR,1419,309,0,0,0,1,0,0,0,0,0,0,0,0,0,22,12,0.198,0.514,0.824,33,18,normal
1,tcp,ssh,RSTR,769,1,0,0,0,3,2,0,0,0,0,0,0,0,1,130,98,0.818,0.872,0.561,13,11,dos
0,icmp,smtp,RSTO,420,15,0,0,0,2,0,0,1,0,0,0,0,0,0,19,14,0.246,0.465,0.468,33,20,normal
0,udp,dns,SF,624,40,0,0,0,2,0,1,0,0,0,0,0,0,1,24,12,0.024,0.117,0.937,31,29,normal
12,udp,imap,RSTR,62,3,0,0,0,5,2,0,3,0,0,0,1,0,0,114,130,0.961,0.856,0.323,17,7,r2l
48,udp,telnet,S0,840,8,0,0,0,5,1,0,1,0,0,1,0,0,0,113,121,0.98,0.822,0.071,10,10,dos
6,icmp,imap,REJ,274,721,0,0,0,0,0,1,0,0,0,2,0,0,0,21,10,0.113,0.167,0.735,26,30,normal
7,tcp,telnet,SH,772,170,0,0,0,0,0,1,0,0,0,0,0,0,0,24,17,0.308,0.022,0.817,37,31,normal
1,tcp,http,S0,396,177,0,0,0,1,0,1,0,0,0,0,0,0,0,18,12,0.066,0.202,0.878,25,27,normal
0,tcp,ssh,S0,442,766,0,0,0,1,0,1,0,0,0,0,0,0,0,27,14,0.29,0.15,0.85,34,27,normal
0,udp,telnet,RSTR,1313,684,0,0,0,1,0,0,0,0,0,0,0,0,0,25,15,0.168,0.477,0.73,39,28,normal
2,tcp,pop3,RSTO,103,8,0,0,0,3,1,0,0,0,0,2,1,0,1,115,95,0.494,0.648,0.157,7,17,probe
36,icmp,telnet,SF,125,65,0,0,0,8,0,0,2,0,0,1,2,0,1,114,110,0.729,0.917,0.224,8,12,probe
1,tcp,smtp,SF,1219,721,0,0,0,3,0,1,1,0,0,0,0,0,0,18,14,0.225,0.181,0.955,33,26,normal
3,icmp,dns,RSTR,39,477,0,0,0,4,0,1,0,0,0,1,0,0,0,32,15,0.393,0.255,0.647,44,18,normal
3,udp,dns,SF,832,217,0,0,0,0,0,1,1,0,0,0,0,0,0,31,8,0.178,0.266,0.892,30,24,normal
0,icmp,ftp,RSTR,4365,438,0,0,0,1,0,0,0,0,0,1,0,0,0,19,17,0.022,0.088,0.727,36,26,normal
21,tcp,telnet,RSTR,0,166,0,0,0,1,1,0,0,0,0,1,1,0,0,118,98,0.533,0.828,0.336,9,16,dos
39,tcp,ssh,RSTO,90,140,0,0,0,4,3,1,4,0,0,0,0,0,0,125,90,0.822,0.931,0.356,15,12,dos
0,udp,smtp,REJ,812,747,0,0,0,0,0,0,0,0,0,0,0,0,0,15,14,0.093,0.025,0.666,42,28,normal
2,tcp,imap,REJ,1999,179,0,0,0,2,0,1,0,0,0,0,1,0,0,22,18,0.152,0.02,0.868,38,19,normal
26,tcp,http,SH,28,27,0,0,0,6,0,0,0,0,0,2,1,0,0,126,106,0.931,0.936,0.419,9,7,probe
1,icmp,dns,RSTR,196,1122,0,0,0,0,0,1,0,0,0,1,0,0,0,20,26,0.171,0.083,0.643,34,25,normal
13,tcp,ftp_data,RSTR,398,10,0,0,0,9,0,0,1,0,0,0,0,0,0,120,111,0.776,0.806,0.146,9,11,dos
1,tcp,imap,REJ,1329,300,0,0,0,0,0,1,1,0,0,0,0,0,0,19,12,0.038,0.093,0.914,29,24,normal
0,udp,telnet,RSTR,15,3,0,0,0,4,1,0,3,0,0,1,0,0,1,104,104,0.711,0.869,0.606,15,6,dos
5,icmp,telnet,RSTR,178,840,0,0,0,0,0,1,0,0,0,0,0,0,1,20,13,0.016,0.006,0.369,40,34,normal
7,udp,telnet,RSTR,105,1477,0,0,0,0,0,0,0,0,0,0,0,0,0,24,11,0.295,0.392,0.69,32,22,normal
2,tcp,telnet,S0,335,242,0,0,0,3,0,0,0,0,0,0,0,0,0,24,12,0.064,0.028,0.783,41,30,normal
26,tcp,pop3,SH,132,8,0,0,0,4,2,0,0,0,0,0,0,0,0,114,111,0.958,0.939,0.101,9,9,dos
2,tcp,ssh,SF,504,282,0,0,0,0,0,1,0,0,0,0,0,0,0,22,18,0.049,0.343,0.883,25,26,normal
2,udp,imap,S0,193,781,0,0,0,0,0,1,0,0,0,0,0,0,0,30,18,0.258,0.093,0.76,50,21,normal
5,tcp,dns,REJ,313,88,0,0,0,1,0,0,0,0,0,0,0,0,0,24,15,0.18,0.003,0.838,26,22,normal
2,icmp,pop3,RSTR,114,746,0,0,0,0,0,1,1,0,0,1,0,0,1,26,22,0.037,0.571,0.995,28,21,normal
5,tcp,ftp,RSTO,982,158,0,0,0,0,0,1,0,0,0,0,1,0,0,18,12,0.06,0.284,0.699,41,26,normal
0,tcp,ftp,RSTO,159,235,0,0,0,2,0,1,0,0,0,1,1,0,0,18,19,0.258,0.227,0.948,43,20,normal
6,tcp,ftp,SH,114,14,0,0,0,6,0,0,1,0,0,0,0,0,1,112,108,0.942,0.979,0.008,18,12,dos
0,udp,pop3,RSTR,331,648,0,0,0,0,0,0,0,0,0,1,0,0,0,13,10,0.637,0.038,0.806,38,22,normal
15,tcp,pop3,S0,8,0,0,0,0,6,0,0,1,0,0,0,0,0,0,133,103,0.806,0.946,0.013,11,7,dos
0,udp,http,SH,3637,544,0,0,0,0,0,1,0,0,0,0,0,0,0,14,13,0.179,0.287,0.81,37,21,normal
1,tcp,ftp,RSTR,2419,381,0,0,0,1,0,1,0,0,0,1,0,0,0,22,17,0.011,0.097,0.291,42,29,normal
41,icmp,imap,SF,158,69,0,0,0,1,0,0,3,0,1,1,0,0,2,132,117,0.961,0.935,0.248,17,11,probe
30,tcp,ssh,SF,10,59,0,0,0,6,1,0,2,0,0,2,1,0,2,106,105,0.826,0.582,0.191,15,14,dos
11,udp,smtp,RSTO,84,368,0,1,0,3,0,0,2,0,0,1,0,0,0,139,101,0.801,0.878,0.488,9,9,dos
0,udp,imap,REJ,111,57,0,0,0,2,2,0,1,0,0,1,0,0,0,122,109,0.815,0.971,0.147,15,9,probe
7,udp,telnet,SF,404,60,0,0,0,8,1,0,4,0,0,0,1,0,0,111,109,0.753,0.925,0.069,10,9,u2r
1,icmp,dns,S0,278,1076,0,0,0,0,0,1,1,0,0,0,0,0,0,18,14,0.071,0.035,0.873,32,16,normal
11,tcp,pop3,SH,47,625,0,0,0,7,0,0,0,0,0,0,1,0,0,136,125,0.924,0.871,0.204,9,11,r2l
1,udp,ssh,SH,279,65,0,0,0,3,0,1,0,0,0,1,0,0,0,20,18,0.054,0.179,0.911,37,28,normal
0,udp,telnet,SF,5197,238,0,0,0,3,0,1,0,0,0,0,1,0,1,23,15,0.088,0.099,0.951,40,30,normal
6,icmp,dns,SF,310,404,0,0,0,1,0,1,1,0,0,0,0,0,0,18,12,0.078,0.012,0.756,32,29,normal
1,icmp,dns,SF,455,214,0,0,0,0,0,1,0,0,0,0,0,0,0,24,12,0.073,0.043,0.663,34,18,normal
0,udp,dns,RSTR,1645,158,0,0,0,7,0,0,1,0,0,3,0,0,2,112,103,0.644,0.973,0.112,10,8,dos
1,tcp,dns,REJ,3264,396,0,0,0,2,0,1,0,0,0,0,0,0,0,10,11,0.152,0.236,0.874,27,24,normal
27,tcp,http,SF,87,571,0,0,0,6,0,0,0,0,0,0,1,0,0,140,114,0.73,0.543,0.098,7,12,dos
1,icmp,smtp,RSTO,3042,182,0,0,0,1,0,1,0,0,0,0,0,0,0,16,17,0.335,0.018,0.586,23,20,normal
7,icmp,ssh,SH,80,7,0,0,0,3,1,0,3,0,0,1,1,0,1,113,114,0.942,0.942,0.201,17,10,dos
2,icmp,dns,SF,146,1137,0,0,0,0,0,1,0,0,0,0,0,0,0,17,20,0.266,0.224,0.922,32,21,normal
0,icmp,dns,REJ,1082,22,0,0,0,9,1,0,3,0,0,1,1,0,0,138,114,0.734,0.578,0.39,11,9,r2l
0,tcp,telnet,SF,77,379,0,0,0,3,0,1,0,0,0,0,1,0,0,26,10,0.031,0.247,0.748,28,26,normal
2,udp,smtp,REJ,235,784,0,0,0,2,0,1,2,0,0,0,0,0,0,16,15,0.119,0.079,0.939,31,28,normal
1,icmp,dns,RSTR,90,121,0,0,0,0,0,1,0,0,0,2,0,0,0,15,18,0.391,0.152,0.434,48,25,normal
0,icmp,ftp_data,SH,715,231,0,0,0,2,0,1,0,0,0,1,0,0,0,17,15,0.022,0.027,0.808,42,20,normal
2,tcp,pop3,S0,130,305,0,0,0,1,0,0,0,0,0,0,0,0,0,23,15,0.16,0.048,0.435,30,22,normal
1,udp,smtp,S0,186,240,0,0,0,0,0,1,1,0,0,2,0,0,0,13,16,0.169,0.15,0.647,40,21,normal
9,icmp,pop3,RSTO,51,520,0,0,0,5,1,0,1,0,0,1,0,0,0,133,129,0.9,0.984,0.228,15,13,dos
1,udp,http,S0,239,1300,0,0,0,2,0,1,0,0,0,0,0,0,0,22,17,0.053,0.358,0.622,25,33,normal
19,tcp,telnet,RSTO,191,1,0,0,0,4,0,1,3,0,0,1,0,0,1,133,126,0.986,0.908,0.066,7,12,dos
0,icmp,imap,S0,253,305,0,0,0,1,0,1,0,0,0,0,0,0,0,17,14,0.24,0.262,0.824,37,28,normal
51,udp,dns,SF,92,3,0,0,0,5,0,0,3,0,0,0,0,0,1,96,114,0.578,0.605,0.127,10,10,dos
1,tcp,telnet,SH,896,407,0,0,0,0,0,1,0,0,0,0,1,0,0,27,11,0.032,0.133,0.798,27,23,normal
1,tcp,http,SH,275,127,0,0,1,6,0,0,2,0,0,0,1,0,0,111,122,0.952,0.703,0.098,11,10,dos
1,icmp,smtp,SH,1585,173,0,0,0,1,0,1,0,0,0,0,1,0,0,26,11,0.089,0.245,0.901,32,30,normal
2,udp,dns,SF,517,85,0,0,0,3,0,1,0,0,0,1,0,0,0,20,22,0.407,0.057,0.87,37,24,normal
7,udp,telnet,REJ,95,179,0,0,0,0,0,1,1,0,0,0,0,0,0,22,25,0.317,0.016,0.91,35,29,normal
8,icmp,telnet,REJ,562,316,0,0,0,1,0,1,0,0,0,0,0,0,0,14,8,0.049,0.111,0.758,38,30,normal
56,tcp,smtp,S0,399,10,0,0,0,6,0,0,0,0,0,0,0,0,0,119,112,0.916,0.599,0.15,8,7,dos
0,icmp,imap,REJ,1357,27,0,0,0,4,0,1,0,0,0,1,0,0,0,22,21,0.684,0.041,0.861,30,21,normal
2,icmp,ssh,RSTR,184,25,0,0,0,13,2,0,3,0,0,0,0,0,0,132,110,0.901,0.345,0.013,9,11,r2l
3,icmp,imap,RSTO,87,3,0,0,1,5,0,0,0,1,0,1,1,0,0,111,102,0.297,0.728,0.133,12,11,dos
1,udp,smtp,SF,3765,1036,0,0,0,0,0,1,0,0,0,0,1,0,0,15,11,0.041,0.01,0.908,36,24,normal
2,udp,imap,S0,600,918,0,0,0,2,0,0,0,0,0,0,0,0,0,34,14,0.074,0.319,0.615,40,23,normal
17,icmp,smtp,RSTR,186,26,0,0,0,6,1,0,0,0,0,0,4,0,3,123,125,0.843,0.687,0.041,13,11,dos
0,tcp,smtp,SF,726,1373,0,0,0,0,0,1,0,0,0,0,0,0,0,17,7,0.36,0.221,0.704,30,14,normal
1,udp,ftp,RSTR,101,56,0,0,0,6,1,0,0,0,0,2,0,0,1,127,119,0.979,0.87,0.287,11,9,probe
3,icmp,pop3,S0,786,1121,0,0,0,0,0,1,0,0,0,0,0,0,0,19,18,0.067,0.109,0.995,36,23,normal
4,tcp,smtp,SH,125,20,0,0,0,3,1,0,0,0,0,0,1,0,2,95,109,0.882,0.971,0.015,13,10,dos
1,tcp,smtp,S0,952,1448,0,0,0,0,0,1,0,0,0,0,0,0,1,21,14,0.409,0.151,0.952,41,28,normal
4,icmp,pop3,REJ,835,337,0,0,0,0,0,0,0,0,0,0,0,0,0,24,15,0.161,0.473,0.43,24,17,normal
1,icmp,ssh,SF,1629,629,0,0,0,1,0,1,1,0,0,0,2,0,0,25,21,0.059,0.044,0.772,40,23,normal
1,icmp,http,RSTO,145,184,0,0,0,2,1,0,2,0,0,3,0,0,1,102,123,0.903,0.919,0.185,16,10,u2r
5,udp,dns,S0,44,16,0,0,0,2,1,0,4,0,0,0,0,0,2,124,110,0.94,0.617,0.022,12,13,dos
3,icmp,dns,RSTO,539,293,0,0,0,1,0,0,0,0,0,0,1,0,0,28,16,0.012,0.19,0.852,48,37,normal
4,icmp,smtp,RSTO,35,3,0,0,0,3,2,0,1,0,0,0,0,0,0,127,97,0.667,0.504,0.247,9,6,dos
1,tcp,dns,RSTO,87,1540,0,0,0,1,0,0,0,0,0,0,0,0,0,22,14,0.214,0.052,0.795,23,23,normal
3,tcp,telnet,REJ,1141,1124,0,0,0,0,0,0,0,0,0,0,0,0,0,23,13,0.263,0.046,0.801,36,25,normal
15,tcp,ftp_data,RSTR,122,29,0,0,0,7,0,0,1,0,0,1,0,0,1,112,122,0.901,0.906,0.168,9,8,dos
1,tcp,smtp,REJ,544,246,0,0,0,1,0,1,0,0,0,0,0,0,1,21,11,0.224,0.125,0.806,45,23,normal
0,icmp,imap,REJ,692,162,0,0,0,2,0,1,0,0,0,0,0,0,0,17,15,0.065,0.302,0.846,32,30,normal
15,icmp,http,SF,1510,7,0,0,0,6,2,0,4,0,0,0,1,0,0,121,105,0.976,0.607,0.019,15,12,dos
1,tcp,pop3,RSTO,45,109,0,0,0,5,0,0,3,0,0,0,0,0,0,108,95,0.993,0.706,0.533,13,9,dos
4,udp,smtp,RSTR,207,42,0,0,0,4,1,0,2,0,0,0,0,0,0,145,122,0.894,0.901,0.397,13,11,probe
0,udp,pop3,RSTR,192,2754,0,0,0,1,0,1,0,0,0,0,0,0,0,24,24,0.124,0.028,0.997,38,31,normal
4,udp,ssh,SF,123,359,0,0,0,3,1,0,0,0,0,0,0,0,1,129,92,0.822,0.818,0.242,11,14,dos
1,icmp,dns,SH,217,265,0,0,0,1,0,1,0,0,0,0,2,0,0,27,11,0.298,0.023,0.733,31,31,normal
5,icmp,telnet,REJ,188,817,0,0,0,0,0,0,1,0,0,0,1,0,0,24,10,0.205,0.194,0.632,36,21,normal
1,tcp,imap,RSTO,974,430,0,0,0,2,0,0,0,0,0,0,1,0,0,26,12,0.603,0.314,0.583,31,20,normal
10,icmp,http,RSTR,476,3,0,0,0,4,0,0,6,0,0,3,0,0,2,117,108,0.513,0.793,0.368,13,9,dos
0,icmp,ssh,RSTR,677,434,0,0,0,0,0,1,0,0,0,0,1,0,0,22,20,0.036,0.003,0.791,35,34,normal
2,udp,pop3,SF,964,855,0,0,0,1,0,0,0,0,0,0,0,0,0,23,14,0.02,0.063,0.741,46,21,normal
15,udp,http,REJ,61,28,0,0,0,2,0,0,1,0,0,2,1,0,0,128,121,0.611,0.752,0.139,11,13,probe
5,tcp,imap,S0,12,63,0,0,0,7,2,0,1,0,0,0,1,0,0,117,115,0.847,0.857,0.21,9,7,probe
5,tcp,imap,RSTR,56,90,0,0,0,8,1,0,4,0,0,0,0,0,0,122,115,0.992,0.843,0.471,8,13,probe
1,icmp,ssh,S0,26,20,0,0,0,12,1,0,0,0,0,1,1,0,0,110,108,0.977,0.952,0.084,11,8,dos
1,udp,http,REJ,215,3444,0,0,0,2,0,1,0,0,0,0,0,0,0,27,16,0.079,0.27,0.901,31,27,normal
19,udp,smtp,SH,25,1,0,0,0,3,0,1,2,0,0,2,0,0,1,125,99,0.922,0.866,0.177,14,4,probe
2,tcp,ftp,RSTO,196,195,0,0,0,0,0,1,0,0,0,1,0,0,0,22,21,0.057,0.032,0.964,35,25,normal
1,icmp,dns,SF,285,398,0,0,0,0,0,1,1,0,0,0,0,0,0,26,20,0.174,0.13,0.946,52,25,normal
9,udp,smtp,REJ,74,409,0,1,0,7,2,0,1,0,0,2,1,0,1,128,125,0.959,0.823,0.04,9,11,dos
2,icmp,pop3,SH,1637,234,0,0,0,1,0,1,1,0,0,0,0,0,0,20,17,0.293,0.113,0.795,42,28,normal
2,tcp,telnet,RSTO,403,82,0,0,0,2,0,1,0,0,0,0,0,0,0,22,7,0.462,0.2,0.878,41,34,normal
0,tcp,dns,RSTO,126,313,0,0,0,0,0,1,0,0,0,0,0,0,0,21,15,0.035,0.024,0.965,30,27,normal
6,udp,telnet,S0,103,3938,0,0,0,0,0,1,0,0,0,0,0,0,0,22,10,0.111,0.105,0.678,34,21,normal
1,tcp,ssh,SH,186,31,0,0,0,1,1,0,2,0,0,1,1,0,2,116,111,0.82,0.9,0.031,16,9,dos
15,icmp,dns,RSTR,1329,457,0,0,0,0,0,1,0,0,0,0,0,0,0,18,13,0.18,0.215,0.909,32,22,normal
49,icmp,imap,RSTO,14,237,0,0,0,6,1,0,4,0,0,1,0,0,0,124,107,0.945,0.87,0.449,14,9,dos
0,udp,smtp,SF,5928,243,0,0,0,0,0,1,0,0,0,0,0,0,0,16,12,0.129,0.242,0.575,28,22,normal
6,icmp,dns,SH,128,1240,0,0,0,2,0,1,1,0,0,1,0,0,0,23,13,0.069,0.122,0.8,32,29,normal
4,udp,telnet,S0,966,596,0,0,0,2,0,0,0,0,0,0,0,0,0,13,11,0.216,0.213,0.666,38,22,normal
0,tcp,imap,SH,1119,69,0,0,0,0,0,0,0,0,0,0,0,0,0,16,12,0.108,0.109,0.75,28,22,normal
33,udp,imap,SF,22,9,0,0,0,5,0,0,3,0,0,0,0,0,0,119,98,0.63,0.718,0.102,10,9,probe
0,icmp,ssh,REJ,438,192,0,0,0,1,0,1,0,0,0,1,2,0,0,25,7,0.159,0.131,0.796,33,22,normal
1,tcp,http,REJ,23,4,0,0,0,4,0,0,3,0,0,0,1,0,2,129,100,0.987,0.931,0.054,8,15,r2l
2,tcp,ftp,REJ,1192,225,0,0,0,2,0,0,0,0,0,0,1,0,0,29,15,0.073,0.289,0.784,46,23,normal
49,tcp,ftp,REJ,6,28,0,0,0,5,0,1,1,0,0,0,0,0,0,123,103,0.942,0.775,0.35,12,10,dos
7,tcp,ftp_data,SF,47,32,0,0,1,3,0,0,0,0,0,1,0,0,0,107,103,0.954,0.77,0.295,16,9,probe
33,tcp,dns,S0,229,136,0,0,0,5,0,0,1,0,0,0,0,0,0,125,126,0.863,0.797,0.299,10,7,probe
30,udp,ssh,REJ,40,102,0,0,0,2,0,0,4,0,0,0,0,0,0,106,84,0.78,0.439,0.034,19,9,dos
0,udp,smtp,S0,339,139,0,0,0,0,0,1,1,0,0,0,0,0,0,29,19,0.029,0.232,0.987,45,31,normal
5,udp,ftp_data,SF,439,1,0,0,0,5,1,0,4,0,0,2,1,0,1,119,115,0.502,0.924,0.118,14,7,r2l
0,icmp,ftp,S0,322,85,0,0,0,5,1,0,1,0,0,0,1,0,0,127,119,0.698,0.99,0.128,18,8,dos
8,icmp,pop3,S0,332,14,0,0,0,5,0,0,2,0,0,0,0,0,0,123,120,0.87,0.714,0.802,10,14,dos
2,udp,dns,S0,487,100,0,0,0,1,0,1,0,0,0,1,0,0,0,19,20,0.077,0.143,0.792,49,32,normal
14,tcp,smtp,SH,136,76,0,0,0,5,1,1,2,0,0,1,1,0,0,121,99,0.877,0.865,0.048,16,13,r2l
4,tcp,ssh,RSTO,1793,408,0,0,0,0,0,1,0,0,0,0,1,0,0,10,19,0.416,0.034,0.628,40,28,normal
2,icmp,http,S0,572,502,0,0,0,0,0,1,0,0,0,0,0,0,0,12,21,0.217,0.365,0.67,39,29,normal
6,udp,ftp_data,REJ,49,574,0,0,0,1,0,1,2,0,0,0,0,0,0,18,16,0.057,0.124,0.547,45,29,normal
1,udp,pop3,RSTO,579,233,0,0,0,1,0,0,0,0,0,0,0,0,0,15,20,0.144,0.177,0.856,36,34,normal
1,udp,imap,RSTR,315,211,0,0,0,4,1,0,2,0,0,0,1,0,1,109,104,0.683,0.882,0.337,13,12,r2l
0,udp,imap,SH,1859,514,0,0,0,0,0,1,0,0,0,1,0,0,0,24,21,0.08,0.007,0.91,42,22,normal
11,tcp,smtp,S0,44,11,0,0,0,1,1,0,4,0,0,0,0,0,1,141,115,0.715,0.928,0.218,6,10,dos
4,udp,ftp,SH,798,71,0,0,0,0,0,1,0,0,0,0,0,0,0,26,15,0.078,0.264,0.916,42,23,normal
3,udp,dns,REJ,194,49,0,0,0,2,0,0,0,0,0,1,0,0,0,27,15,0.358,0.186,0.891,35,18,normal
4,tcp,ftp_data,S0,136,16,0,1,0,7,1,0,1,0,0,1,1,0,0,119,114,0.928,0.633,0.037,9,12,dos
11,icmp,imap,SH,4,82,0,0,0,5,0,0,1,0,0,0,1,0,1,109,112,0.968,0.854,0.618,10,6,r2l
11,tcp,ssh,RSTO,354,271,0,0,0,5,0,0,3,0,0,0,0,0,2,129,108,0.963,0.984,0.547,14,10,dos
22,udp,ftp,RSTR,9,110,0,0,0,7,0,0,1,0,0,1,0,0,1,124,98,0.66,0.822,0.363,10,10,probe
5,tcp,pop3,S0,25,11,0,0,0,8,3,0,1,0,0,0,0,0,0,114,93,0.866,0.803,0.037,12,10,probe
40,udp,smtp,RSTR,66,3,0,0,0,10,0,0,1,0,0,1,0,0,0,120,110,0.76,0.962,0.048,9,8,dos
0,udp,pop3,SF,232,930,0,0,0,0,0,0,0,0,0,0,0,0,0,20,19,0.092,0.005,0.868,32,30,normal
4,icmp,http,RSTO,33,289,0,0,0,9,0,0,2,0,0,0,1,0,0,114,113,0.843,0.863,0.007,17,12,dos
65,tcp,ftp_data,SH,145,6,0,0,0,5,2,0,3,0,0,1,2,0,0,108,117,0.43,0.859,0.138,6,15,dos
0,tcp,dns,SF,151,214,0,0,0,0,0,1,1,0,0,0,0,0,0,18,14,0.257,0.026,0.892,28,24,normal
6,udp,dns,REJ,1372,135,0,0,0,2,0,1,0,0,0,1,0,0,0,24,11,0.084,0.085,0.85,32,25,normal
3,udp,telnet,S0,16,10,0,0,0,5,0,0,2,0,0,0,0,0,0,119,92,0.984,0.827,0.181,7,6,probe
3,icmp,imap,SF,479,2387,0,0,0,0,0,1,0,0,0,0,0,0,0,11,13,0.371,0.166,0.892,47,29,normal
0,tcp,ssh,SF,253,1467,0,0,0,0,0,0,0,0,0,1,1,0,0,18,22,0.173,0.048,0.613,39,28,normal
6,udp,telnet,REJ,72,21,0,0,0,7,0,0,0,0,0,0,2,0,1,138,129,0.798,0.898,0.146,8,14,dos
13,udp,pop3,SF,20,14,0,0,0,4,1,0,1,0,0,1,0,0,0,129,122,0.903,0.656,0.08,10,11,dos
6,icmp,telnet,SF,1589,191,0,0,0,0,0,1,0,0,0,0,0,0,0,21,21,0.345,0.089,0.891,34,26,normal
8,udp,smtp,RSTO,38,8,0,0,0,4,3,0,1,0,0,0,0,0,0,112,102,0.964,0.726,0.051,15,6,dos
5,icmp,ftp,RSTR,16,3,0,0,0,4,2,0,1,0,0,0,1,0,1,114,107,0.493,0.658,0.062,13,4,probe
10,icmp,ftp,S0,366,0,1,0,0,2,0,1,1,0,0,1,1,0,1,133,114,0.839,0.978,0.183,12,10,dos
2,udp,dns,S0,104,121,0,0,0,2,0,1,0,0,0,0,0,0,0,24,11,0.219,0.071,0.79,37,32,normal
11,icmp,dns,REJ,819,154,0,0,0,0,0,1,0,0,0,0,1,0,0,18,18,0.089,0.357,0.751,40,18,normal
11,icmp,imap,REJ,363,189,0,0,0,7,0,0,2,0,0,1,2,0,0,102,98,0.805,0.776,0.103,21,16,probe
52,tcp,smtp,SH,10,26,0,0,0,6,0,0,0,0,0,1,0,0,0,110,103,0.854,0.603,0.165,6,8,dos
84,tcp,pop3,SF,558,242,0,0,0,4,0,0,2,0,0,1,1,0,0,141,129,0.641,0.713,0.095,8,7,r2l
0,udp,smtp,RSTR,131,267,0,0,0,1,0,1,0,0,0,0,0,0,0,18,13,0.764,0.66,0.566,26,22,normal
0,icmp,imap,REJ,180,678,0,0,0,0,0,0,0,0,0,1,0,0,0,26,21,0.147,0.278,0.869,33,23,normal
19,tcp,smtp,RSTR,446,11,0,0,0,7,1,0,2,0,0,0,0,0,0,120,102,0.99,0.872,0.318,12,16,u2r
0,tcp,ftp_data,RSTO,220,162,0,0,0,0,0,1,0,0,0,0,0,0,1,22,11,0.074,0.194,0.615,38,25,normal
16,udp,ftp,SH,212,33,0,0,0,8,0,0,4,0,0,2,0,0,1,131,109,0.461,0.591,0.205,6,10,r2l
2,udp,smtp,RSTO,1120,234,0,0,0,0,0,1,0,0,0,0,0,0,0,17,14,0.164,0.018,0.763,36,25,normal
0,icmp,imap,RSTR,113,29,0,0,0,2,0,0,0,0,0,0,0,0,0,27,9,0.328,0.592,0.731,54,22,normal
2,icmp,ftp,REJ,1970,219,0,0,0,0,0,0,0,0,0,0,0,0,0,11,15,0.223,0.22,0.856,36,29,normal
16,icmp,telnet,S0,213,1,0,0,0,4,2,0,1,0,0,0,0,0,1,117,109,0.712,0.99,0.349,16,7,probe
0,udp,ssh,SF,260,10,0,0,0,9,0,0,1,0,0,1,0,0,0,121,103,0.727,0.839,0.118,13,7,dos
3,tcp,smtp,RSTR,1673,3,0,0,0,4,0,0,1,0,0,3,1,0,1,138,100,0.929,0.65,0.144,15,6,probe
13,tcp,smtp,REJ,523,22,0,0,0,1,0,1,0,0,0,0,0,0,0,24,19,0.011,0.169,0.739,28,25,normal
0,udp,ftp_data,RSTO,852,350,0,0,0,0,0,0,0,0,0,2,0,0,0,22,10,0.086,0.317,0.946,42,20,normal
3,icmp,pop3,SF,217,213,0,0,0,1,0,1,0,0,0,0,0,0,0,27,11,0.16,0.406,0.821,33,14,normal
0,udp,telnet,S0,427,592,0,0,0,0,0,1,0,0,0,1,0,0,0,20,11,0.03,0.094,0.703,45,31,normal
3,icmp,pop3,SH,171,296,0,0,0,1,0,1,0,0,0,0,0,0,1,14,16,0.011,0.238,0.745,38,23,normal
1,udp,http,RSTR,1496,288,0,0,0,2,0,0,0,0,0,1,0,0,0,22,17,0.236,0.121,0.93,39,19,normal
3,icmp,smtp,S0,13,1,0,0,0,5,1,1,3,0,0,1,0,0,0,122,100,0.988,0.995,0.266,14,10,dos
0,icmp,pop3,SF,487,99,0,0,0,1,0,1,0,0,0,0,0,0,0,17,17,0.203,0.048,0.568,34,33,normal
1,icmp,pop3,SF,454,98,0,0,0,1,0,1,0,0,0,0,0,0,0,9,12,0.345,0.233,0.995,40,15,normal
5,icmp,http,SF,3,14,0,0,0,5,0,0,1,0,0,0,0,0,2,124,102,0.821,0.571,0.178,18,15,r2l
0,tcp,ftp,RSTR,191,27,0,0,0,3,2,0,2,0,0,3,2,0,3,126,118,0.796,0.903,0.115,14,12,probe
20,icmp,dns,RSTO,44,0,0,0,0,2,2,0,2,1,0,0,1,0,0,99,105,0.983,0.884,0.339,15,9,dos
2,icmp,smtp,SH,1327,596,0,0,0,2,0,1,0,0,0,0,0,0,0,18,15,0.103,0.104,0.65,33,24,normal
0,icmp,imap,RSTR,341,77,0,0,0,2,0,1,0,0,0,1,0,0,0,12,16,0.1,0.187,0.645,37,37,normal
2,icmp,smtp,S0,217,556,0,0,0,0,0,1,0,0,0,0,0,0,0,16,15,0.028,0.235,0.938,41,34,normal
0,icmp,ftp_data,REJ,566,128,0,0,0,0,0,1,0,0,0,2,0,0,0,21,12,0.199,0.022,0.971,39,26,normal
13,udp,imap,REJ,182,17,0,0,0,1,2,0,1,0,0,0,0,0,0,117,117,0.916,0.956,0.121,13,7,u2r
1,tcp,pop3,REJ,200,75,0,0,0,2,0,0,0,0,0,0,0,0,0,25,19,0.175,0.475,0.832,35,29,normal
2,udp,imap,RSTO,35,79,0,0,0,5,0,0,2,0,0,1,0,0,0,116,94,0.785,0.685,0.25,10,15,r2l
1,tcp,http,RSTO,61,5,0,0,0,9,0,0,4,0,0,0,0,0,0,113,124,0.942,0.86,0.696,13,11,probe
0,udp,telnet,REJ,545,234,0,0,0,0,0,1,0,0,0,0,0,0,1,12,16,0.089,0.137,0.854,40,17,normal
24,icmp,ftp_data,SF,65,90,0,0,0,1,1,0,4,0,0,1,0,0,1,117,109,0.946,0.941,0.596,9,6,r2l
0,udp,dns,RSTO,669,366,0,0,0,1,0,1,1,0,0,0,0,0,0,23,16,0.123,0.142,0.737,30,29,normal
4,udp,telnet,REJ,797,1395,0,0,0,2,0,1,0,0,0,0,0,0,0,28,13,0.155,0.016,0.97,27,31,normal
2,icmp,telnet,SF,1669,624,0,0,0,1,0,1,0,0,0,0,0,0,0,17,13,0.357,0.108,0.548,30,22,normal
1,icmp,ftp,REJ,150,830,0,0,0,0,0,1,0,0,0,0,0,0,1,21,13,0.403,0.012,0.913,32,21,normal
2,tcp,ftp_data,S0,23,47,0,0,0,7,0,0,3,0,0,0,1,0,0,116,107,0.999,0.976,0.013,16,9,r2l
2,udp,pop3,REJ,53,12,0,0,0,4,0,0,0,0,0,0,2,0,1,122,110,0.565,0.856,0.022,11,10,dos
1,icmp,http,S0,48,10,0,0,0,3,0,0,2,0,0,0,2,0,0,123,111,0.868,0.95,0.083,7,14,dos
2,icmp,imap,SH,1058,275,0,0,0,1,0,1,0,0,0,0,0,0,0,21,14,0.237,0.021,0.932,33,27,normal
1,icmp,ftp,SH,140,367,0,0,0,0,0,1,2,0,0,0,0,0,0,24,19,0.001,0.051,0.925,28,25,normal
38,udp,telnet,SH,295,14,0,0,0,5,0,0,3,0,0,0,0,0,0,112,130,0.981,0.784,0.029,14,12,probe
11,udp,pop3,RSTO,42,3,0,0,0,5,1,0,0,0,0,0,0,0,0,122,103,0.713,0.985,0.145,8,12,probe
1,udp,ftp,RSTR,259,211,0,0,0,1,0,1,0,0,0,0,0,0,0,23,23,0.461,0.112,0.957,39,25,normal
1,udp,telnet,S0,71,2,0,0,0,4,0,0,3,1,0,1,0,1,1,102,110,0.624,0.924,0.02,10,3,dos
1,icmp,http,REJ,381,268,0,0,0,0,0,0,0,0,0,1,0,0,0,27,9,0.023,0.168,0.935,26,22,normal
0,udp,dns,SF,425,2236,0,0,0,0,0,1,0,0,0,0,0,0,0,15,15,0.264,0.264,0.947,24,29,normal
0,udp,imap,RSTO,242,138,0,0,0,0,0,1,0,0,0,0,0,0,0,15,11,0.108,0.084,0.664,41,26,normal
1,tcp,http,REJ,1242,126,0,0,0,1,0,1,1,0,0,0,0,0,0,20,14,0.016,0.039,0.778,32,27,normal
0,tcp,imap,REJ,511,541,0,0,0,2,0,1,0,0,0,0,0,0,0,24,18,0.195,0.134,0.954,26,26,normal
24,udp,http,S0,15,15,0,0,0,4,2,0,0,0,0,0,1,0,1,109,101,0.971,0.729,0.023,16,10,dos
5,udp,dns,S0,401,745,0,0,0,2,0,1,0,0,0,0,0,0,0,17,14,0.138,0.517,0.711,38,23,normal
7,udp,imap,SF,12,40,0,0,0,4,2,0,1,0,0,0,1,0,2,111,102,0.936,0.824,0.004,12,9,probe
2,icmp,pop3,S0,65,2,0,0,0,4,0,0,1,0,0,1,1,0,3,134,108,0.9,0.321,0.302,14,9,dos
31,icmp,telnet,SH,77,0,0,0,0,4,1,0,1,0,0,0,1,0,0,116,112,0.94,0.768,0.087,10,5,r2l
2,tcp,ftp_data,RSTO,29,2,0,0,0,9,2,1,1,0,0,0,0,0,0,135,118,0.642,0.811,0.035,13,4,dos
1,tcp,ssh,RSTR,86,542,0,0,0,0,0,1,0,0,0,0,0,0,0,18,22,0.13,0.201,0.586,28,25,normal
8,tcp,imap,REJ,94,2,0,0,0,6,1,0,1,0,0,0,0,1,0,117,118,0.984,0.844,0.048,13,10,dos
28,tcp,dns,S0,255,7,0,0,0,7,0,0,2,0,0,1,1,0,0,114,119,0.945,0.91,0.246,6,11,probe
0,icmp,ssh,RSTR,268,168,0,0,0,1,0,1,0,0,0,0,0,0,1,23,9,0.222,0.084,0.722,35,32,normal
1,tcp,ftp,S0,269,178,0,0,0,1,0,0,0,0,0,0,0,0,1,21,18,0.26,0.154,0.633,35,31,normal
1,tcp,pop3,RSTR,338,265,0,0,0,0,0,0,0,0,0,0,1,0,0,12,13,0.04,0.253,0.985,32,33,normal
0,tcp,dns,SF,288,455,0,0,0,0,0,1,0,0,0,0,0,0,0,20,12,0.053,0.233,0.951,40,25,normal
0,udp,ftp_data,RSTO,121,1773,0,0,0,1,0,1,0,0,0,1,0,0,0,23,8,0.244,0.034,0.364,32,22,normal
1,tcp,telnet,REJ,273,240,0,0,0,7,0,0,5,0,0,1,0,0,0,117,121,0.866,0.925,0.333,14,5,probe
10,udp,imap,RSTR,202,6,0,0,1,2,1,0,1,0,0,1,2,0,1,120,130,0.939,0.822,0.225,18,9,dos
0,tcp,ftp,S0,225,61,0,0,0,1,0,1,0,0,0,0,2,0,0,22,14,0.09,0.229,0.58,33,25,normal
0,icmp,telnet,RSTO,142,332,0,0,0,1,0,1,0,0,0,0,0,0,0,26,18,0.087,0.113,0.842,38,39,normal
0,tcp,telnet,RSTR,329,62,0,0,0,3,0,0,1,0,0,0,0,0,0,31,16,0.201,0.01,0.9,44,24,normal
3,udp,imap,REJ,719,248,0,0,0,0,0,1,1,0,0,1,0,0,0,24,17,0.012,0.271,0.773,38,21,normal
1,udp,imap,S0,6513,446,0,0,0,1,0,0,0,0,0,0,0,0,0,26,14,0.073,0.044,0.712,39,23,normal
13,udp,http,REJ,14,10,0,0,0,6,0,0,2,0,0,0,0,0,1,116,123,0.961,0.947,0.127,11,10,dos
0,udp,telnet,SH,2995,221,0,0,0,2,0,1,0,0,0,0,0,0,0,24,19,0.616,0.01,0.428,33,21,normal
0,tcp,ftp,SH,982,684,0,0,0,1,0,1,0,0,0,0,0,0,0,13,16,0.009,0.128,0.908,31,23,normal
5,tcp,ftp,RSTO,1586,1353,0,0,0,1,0,1,0,0,0,0,0,0,0,23,15,0.096,0.014,0.898,33,28,normal
4,tcp,pop3,REJ,1475,102,0,0,0,3,0,1,1,0,0,0,0,0,0,20,15,0.382,0.15,0.688,40,27,normal
25,icmp,pop3,S0,48,14,0,0,0,4,0,0,4,0,0,4,1,0,0,115,108,0.921,0.534,0.061,13,15,dos
39,tcp,ftp_data,SF,131,11,0,0,0,6,1,0,2,0,0,0,2,0,0,122,119,0.637,0.965,0.275,11,10,probe
7,tcp,smtp,SH,1608,455,0,0,0,1,0,1,0,0,0,0,0,0,0,24,14,0.142,0.058,0.956,28,30,normal
52,udp,smtp,RSTR,89,140,0,0,1,2,0,0,3,0,0,0,0,0,1,117,113,0.873,0.908,0.02,12,14,dos
41,icmp,ssh,SF,23,3,0,0,0,3,1,0,4,0,0,2,2,0,0,112,108,0.858,0.856,0.1,14,6,probe
1,icmp,imap,SH,710,4308,0,0,0,0,0,1,0,0,0,0,0,0,0,18,12,0.158,0.231,0.829,34,30,normal
0,udp,pop3,RSTR,458,552,0,0,0,0,0,1,0,0,0,0,0,0,0,17,13,0.158,0.166,0.385,33,18,normal
4,tcp,telnet,REJ,522,26,0,0,0,2,0,0,0,0,0,0,0,0,0,9,19,0.115,0.215,0.957,34,25,normal
1,tcp,dns,RSTR,613,379,0,0,0,1,0,0,0,0,0,0,0,0,0,19,13,0.241,0.038,0.958,33,26,normal
0,icmp,http,RSTR,60,987,0,0,0,4,0,0,3,0,0,0,0,0,0,103,115,0.926,0.871,0.129,7,15,dos
40,tcp,imap,REJ,39,336,0,0,0,7,1,0,3,0,0,0,1,0,1,111,114,0.953,0.905,0.073,13,18,dos
5,tcp,http,SF,24,20,0,0,0,0,1,0,2,0,0,0,1,0,0,108,112,0.755,0.715,0.004,12,14,dos
8,icmp,http,RSTO,81,585,0,0,0,5,0,0,1,0,0,1,0,0,1,118,103,0.825,0.534,0.302,13,10,r2l
15,udp,ftp,S0,17,12,0,0,0,4,0,0,3,0,0,1,1,0,1,146,99,0.874,0.903,0.191,14,7,dos
72,udp,dns,SF,445,444,0,0,0,5,0,0,4,0,0,0,1,0,1,132,124,0.604,0.956,0.115,11,10,probe
0,udp,smtp,SF,666,877,0,0,0,1,0,1,0,0,0,0,0,0,0,21,15,0.354,0.05,0.888,37,28,normal
0,tcp,ftp_data,RSTR,2101,414,0,0,0,0,0,1,0,0,0,0,0,0,0,14,15,0.009,0.11,0.829,35,31,normal
0,udp,imap,SH,311,1158,0,0,0,0,0,0,0,0,0,2,0,0,1,19,18,0.107,0.146,0.365,35,21,normal
6,tcp,dns,SF,386,301,0,0,0,0,0,1,0,0,0,1,0,0,0,11,12,0.22,0.303,0.721,47,19,normal
0,udp,ftp,RSTO,5,4,0,0,0,9,1,0,2,0,0,0,1,0,1,159,104,0.623,0.785,0.202,13,9,dos
3,icmp,ftp,REJ,1210,367,0,0,0,1,0,1,1,0,0,0,0,0,0,14,10,0.465,0.244,0.464,43,28,normal
8,udp,ftp_data,S0,3081,539,0,0,0,1,0,1,0,0,0,0,1,0,0,21,15,0.183,0.113,0.837,39,34,normal
4,tcp,ssh,SF,25,80,0,0,0,3,0,0,2,0,0,2,0,0,0,113,130,0.95,0.861,0.073,17,12,dos
6,icmp,smtp,RSTO,174,273,0,0,0,2,0,0,0,0,0,0,0,0,0,25,17,0.213,0.125,0.897,41,26,normal
1,icmp,telnet,RSTO,430,453,0,0,0,2,0,1,0,0,0,0,0,0,0,19,16,0.028,0.202,0.577,33,15,normal
9,icmp,ftp,RSTR,18,90,0,1,0,2,0,0,2,0,0,1,0,0,3,119,119,0.752,0.491,0.013,10,9,dos
2,tcp,pop3,SH,326,249,0,0,0,4,0,1,1,0,0,0,0,0,0,30,22,0.151,0.351,0.559,45,23,normal
1,tcp,imap,RSTR,252,152,0,0,0,0,0,1,0,0,0,0,0,0,0,21,12,0.013,0.043,0.647,36,35,normal
18,udp,ssh,REJ,99,19,0,0,0,4,1,0,1,0,0,1,0,0,2,137,109,0.773,0.948,0.338,15,13,probe
30,tcp,telnet,RSTR,21,28,0,0,0,5,0,1,0,0,0,2,0,0,0,126,129,0.885,0.601,0.145,16,7,dos
3,udp,dns,RSTR,294,337,0,0,0,4,0,1,1,0,0,1,0,0,0,21,15,0.14,0.131,0.809,42,24,normal
2,icmp,pop3,S0,17,17,0,0,0,3,0,0,0,0,0,1,1,0,1,102,107,0.993,0.956,0.213,15,9,probe
0,icmp,ftp_data,REJ,160,505,0,0,0,1,0,1,1,0,0,0,0,0,0,6,17,0.213,0.183,0.959,46,25,normal
6,udp,http,RSTR,1489,209,0,0,0,1,0,1,0,0,0,0,1,0,0,11,14,0.06,0.081,0.907,24,20,normal
7,icmp,ftp_data,SF,110,583,0,0,0,3,0,0,0,0,0,0,0,0,0,27,22,0.041,0.159,0.68,32,29,normal
0,tcp,dns,RSTR,469,432,0,0,0,2,0,1,0,0,0,0,0,0,0,17,7,0.194,0.233,0.848,44,26,normal
20,udp,ftp_data,RSTR,134,3,0,0,0,2,0,0,0,0,0,0,2,0,0,100,111,0.89,0.998,0.044,14,9,r2l
11,tcp,telnet,REJ,159,3,0,0,0,5,0,0,3,0,0,1,1,0,1,118,109,0.78,0.841,0.135,13,13,dos
0,tcp,http,REJ,53,59,0,0,0,5,1,0,1,0,0,0,1,0,0,119,115,0.865,0.771,0.084,19,12,r2l
6,udp,pop3,REJ,35,62,0,0,0,7,0,0,0,0,0,2,0,0,0,131,131,0.918,0.964,0.028,24,10,dos
5,tcp,imap,RSTO,88,118,0,0,0,1,0,1,1,0,0,0,0,0,0,18,15,0.261,0.029,0.838,24,27,normal
2,tcp,ftp_data,REJ,188,327,0,0,0,1,0,1,0,0,0,0,0,0,0,21,12,0.249,0.153,0.993,32,27,normal
5,tcp,imap,RSTR,357,1395,0,0,0,1,0,1,1,0,0,0,0,0,0,28,14,0.145,0.427,0.505,39,20,normal
26,tcp,dns,SH,70,124,0,0,0,6,1,0,1,0,0,0,0,0,1,97,111,0.987,0.981,0.35,14,10,dos
13,udp,ftp_data,SH,379,2,0,0,0,5,0,1,5,0,0,2,1,0,0,115,101,0.852,0.736,0.12,11,10,dos
5,tcp,imap,S0,364,380,0,0,0,1,0,1,0,0,0,2,0,0,0,17,19,0.085,0.317,0.637,39,23,normal
4,udp,imap,RSTR,481,374,0,0,0,1,0,0,0,0,0,2,0,0,1,25,25,0.151,0.09,0.944,42,16,normal
9,icmp,telnet,S0,76,672,0,0,0,4,0,0,0,0,0,0,0,0,1,116,103,0.848,0.394,0.244,9,1,probe
0,icmp,imap,SF,1435,204,0,0,0,2,0,1,0,0,0,1,0,0,0,22,19,0.141,0.123,0.986,32,21,normal
1,icmp,pop3,S0,59,1,0,0,1,4,1,0,1,0,0,0,1,0,1,114,125,0.876,0.936,0.068,13,13,dos
5,icmp,ftp_data,SH,28,94,0,0,0,7,0,1,0,0,0,1,0,0,0,132,103,0.662,0.814,0.173,8,13,dos
9,tcp,ssh,REJ,9,141,0,0,0,10,2,0,1,0,0,3,0,0,0,133,110,0.895,0.968,0.585,7,13,dos
11,udp,ftp_data,RSTO,255,618,0,0,0,1,0,1,0,0,0,0,0,0,0,17,14,0.204,0.016,0.699,35,23,normal
0,icmp,ftp,SF,2350,147,0,0,0,2,0,0,0,0,0,0,0,0,0,20,13,0.076,0.085,0.616,34,24,normal
2,udp,pop3,SF,33,207,0,0,0,0,0,1,0,0,0,0,1,0,2,24,16,0.081,0.142,0.834,38,25,normal
0,tcp,imap,RSTO,243,55,0,0,0,1,0,1,0,0,0,0,0,0,0,20,15,0.058,0.013,0.664,38,34,normal
0,icmp,pop3,RSTR,283,945,0,0,0,3,0,1,0,0,0,1,0,0,0,22,15,0.131,0.019,0.709,32,18,normal
0,udp,ssh,REJ,79,26,0,0,0,6,2,0,1,0,0,2,1,0,2,136,107,0.957,0.925,0.116,11,7,probe
0,tcp,telnet,RSTO,250,498,0,0,0,2,0,1,0,0,0,0,0,0,0,26,16,0.253,0.269,0.843,37,24,normal
0,udp,smtp,S0,199,169,0,0,0,0,0,1,0,0,0,0,0,0,0,28,10,0.512,0.02,0.941,34,25,normal
18,icmp,imap,S0,67,24,0,0,0,2,0,0,2,0,0,0,0,0,1,116,102,0.906,0.793,0.146,20,10,dos
6,icmp,pop3,SH,355,105,0,0,0,4,0,1,0,0,0,0,0,0,0,22,17,0.172,0.09,0.96,29,23,normal
7,icmp,pop3,SH,23,65,0,0,0,6,1,0,2,0,0,0,1,0,1,109,93,0.618,0.919,0.173,16,11,dos
1,udp,http,SH,1568,911,0,0,0,1,0,1,0,0,0,0,0,0,0,15,14,0.045,0.011,0.407,45,26,normal
1,icmp,telnet,RSTR,604,386,0,0,0,2,0,1,0,0,0,1,0,0,1,16,9,0.148,0.222,0.671,34,30,normal
9,tcp,ftp_data,SF,640,4,0,1,0,4,1,0,1,0,0,1,3,1,1,123,123,0.881,0.957,0.173,9,8,dos
1,udp,ssh,RSTO,508,370,0,0,0,0,0,0,0,0,0,0,0,0,0,17,21,0.063,0.014,0.916,33,24,normal
1,udp,dns,REJ,48,386,0,0,0,0,0,1,0,0,0,0,0,0,1,19,16,0.232,0.138,0.945,29,17,normal
5,udp,pop3,SF,80,8,0,0,0,2,0,0,1,0,0,1,0,0,0,113,94,0.861,0.914,0.067,10,11,probe
21,icmp,ssh,SH,333,3,0,1,0,5,1,0,6,0,0,0,0,0,0,132,115,0.962,0.482,0.104,7,7,u2r
2,icmp,http,RSTR,17,783,0,0,0,11,1,0,2,0,0,0,1,0,0,101,116,0.77,0.846,0.11,7,13,dos
20,udp,ftp_data,S0,3,11,0,0,0,3,1,0,3,0,0,2,0,0,0,106,99,0.961,0.978,0.36,14,8,r2l
3,icmp,http,RSTR,167,1379,0,0,0,0,0,1,0,0,0,0,0,0,0,23,12,0.095,0.148,0.765,36,30,normal
17,udp,imap,REJ,228,4,0,1,0,6,1,0,1,0,0,3,2,0,0,101,110,0.728,0.855,0.224,11,8,probe
10,icmp,imap,RSTR,28,27,0,0,0,2,0,0,2,0,0,2,0,0,1,116,111,0.855,0.94,0.017,14,12,probe
54,udp,ftp,REJ,52,95,0,0,0,4,1,0,3,0,0,1,1,0,0,118,124,0.924,0.975,0.184,13,7,dos
0,udp,http,RSTO,1403,801,0,0,0,1,0,1,2,0,0,1,0,0,1,15,19,0.498,0.148,0.586,33,24,normal
27,tcp,smtp,RSTO,582,142,0,0,0,3,0,1,3,0,0,0,3,0,2,109,109,0.802,0.947,0.265,10,10,dos
0,tcp,ftp_data,RSTR,479,511,0,0,0,1,0,0,1,0,0,0,0,0,0,17,11,0.056,0.142,0.823,40,15,normal
1,tcp,ssh,RSTO,1035,894,0,0,0,0,0,1,0,0,0,0,0,0,0,16,18,0.207,0.14,0.813,31,20,normal
3,icmp,smtp,SF,1048,427,0,0,0,1,0,1,0,0,0,1,0,0,0,17,16,0.073,0.014,0.788,38,25,normal
4,tcp,ssh,SH,523,406,0,0,0,1,0,1,1,0,0,1,0,0,0,12,10,0.065,0.496,0.695,24,22,normal
0,icmp,dns,SH,1179,246,0,0,0,1,0,0,0,0,0,0,0,0,0,27,15,0.006,0.022,0.864,36,21,normal
12,tcp,ftp_data,SH,29,48,0,0,0,2,0,1,3,0,0,0,0,0,2,141,115,0.87,0.799,0.31,17,11,dos
9,tcp,dns,SF,733,16,0,0,0,7,0,0,2,0,0,0,1,0,0,129,114,0.489,0.728,0.231,12,11,dos
6,icmp,ssh,RSTO,499,166,0,0,0,0,0,1,0,0,0,0,0,0,0,22,15,0.002,0.059,0.697,28,29,normal
3,tcp,pop3,REJ,810,7,0,0,0,5,0,0,3,0,0,0,2,0,1,109,104,0.893,0.903,0.084,16,7,probe
4,icmp,pop3,RSTR,353,961,0,0,0,1,0,1,0,0,0,0,0,0,0,19,11,0.172,0.089,0.606,39,17,normal
3,udp,ftp,RSTO,122,763,0,0,0,3,0,0,0,0,0,0,0,0,0,17,17,0.066,0.227,0.83,33,15,normal
3,udp,ftp,RSTO,320,317,0,0,0,1,0,0,2,0,0,1,0,0,0,22,9,0.066,0.379,0.809,39,20,normal
2,tcp,imap,S0,850,49,0,0,0,0,0,1,0,0,0,0,0,0,0,18,7,0.098,0.045,0.874,29,36,normal
15,udp,telnet,RSTR,199,292,0,0,0,5,0,1,2,0,0,3,0,0,0,114,106,0.959,0.572,0.112,12,10,r2l
11,icmp,ssh,RSTO,1034,263,0,0,0,4,1,0,1,0,0,2,1,0,0,104,109,0.89,0.957,0.135,6,10,dos
1,tcp,ssh,SH,342,21,0,0,0,1,1,0,1,0,0,0,0,0,0,119,100,0.976,0.725,0.028,12,6,dos
58,icmp,ftp,SH,184,33,0,0,0,1,0,0,4,0,0,1,0,1,0,133,105,0.839,0.81,0.066,18,6,dos
0,udp,dns,REJ,49,262,0,0,0,0,0,1,0,0,0,0,0,0,0,29,22,0.015,0.182,0.92,27,21,normal
9,udp,ssh,RSTO,20,27,0,0,0,7,1,0,1,0,0,2,2,0,0,140,99,0.922,0.917,0.076,20,15,dos
6,icmp,imap,RSTR,234,42,0,0,0,9,1,0,8,0,0,1,0,0,2,129,110,0.811,0.918,0.481,11,8,dos
4,tcp,dns,RSTR,336,3055,0,0,0,1,0,1,1,0,0,0,0,0,0,15,15,0.432,0.283,0.848,40,18,normal
7,icmp,imap,RSTR,54,4,0,0,0,2,1,0,1,0,0,2,0,0,0,106,119,0.784,0.562,0.213,7,12,probe
0,tcp,http,SF,224,225,0,0,0,0,0,0,0,0,0,0,0,0,0,17,12,0.177,0.38,0.964,42,27,normal
34,udp,ftp_data,SH,28,62,0,0,0,2,0,0,3,0,0,2,0,0,0,102,125,0.98,0.959,0.217,11,13,probe
1,icmp,pop3,SH,20,50,0,0,0,4,0,0,3,0,0,1,0,0,0,107,100,0.931,0.924,0.179,20,9,dos
0,tcp,http,SH,209,347,0,0,0,2,0,1,0,0,0,0,0,0,0,20,10,0.059,0.239,0.963,27,19,normal
0,tcp,pop3,RSTR,1102,276,0,0,0,1,0,1,0,0,0,0,0,0,0,21,14,0.104,0.098,0.725,37,20,normal
0,udp,ftp_data,REJ,3557,921,0,0,0,0,0,1,0,0,0,0,0,0,0,20,16,0.128,0.022,0.882,32,37,normal
0,udp,dns,S0,3017,712,0,0,0,0,0,1,0,0,0,0,0,0,0,17,20,0.242,0.005,0.912,28,26,normal
0,udp,ssh,REJ,1759,459,0,0,0,1,0,1,0,0,0,0,0,0,0,19,14,0.438,0.053,0.759,34,16,normal
0,tcp,telnet,RSTR,703,518,0,0,0,3,0,1,0,0,0,0,0,0,0,16,13,0.36,0.086,0.883,50,25,normal
6,udp,ftp_data,SH,156,8,0,0,0,5,0,0,3,0,0,1,0,0,1,128,116,0.585,0.859,0.241,14,12,probe
1,udp,telnet,SH,151,214,0,0,0,0,0,1,2,0,0,0,0,0,0,20,14,0.315,0.027,0.719,37,23,normal
1,udp,ftp_data,SH,60,121,0,0,0,2,0,1,1,0,0,0,1,0,0,19,16,0.092,0.069,0.797,31,22,normal
0,udp,http,S0,227,346,0,0,0,4,0,1,0,0,0,1,0,0,0,26,11,0.136,0.018,0.735,36,21,normal
6,tcp,ftp_data,RSTR,217,131,0,0,0,2,0,1,0,0,0,1,0,0,2,18,10,0.675,0.208,0.992,38,28,normal
4,icmp,imap,REJ,407,97,0,0,0,0,0,1,0,0,0,0,0,0,0,20,8,0.195,0.047,0.747,31,24,normal
3,icmp,http,RSTR,49,0,0,0,0,6,1,1,2,0,0,0,0,0,0,103,106,0.804,0.849,0.172,18,9,dos
21,tcp,http,RSTR,9,0,0,0,0,12,1,0,2,0,0,1,0,0,1,133,119,0.615,0.664,0.441,15,8,dos
2,icmp,http,RSTO,374,195,0,0,0,0,0,1,1,0,0,0,0,0,0,16,13,0.023,0.08,0.86,34,19,normal
2,icmp,imap,SF,147,953,0,0,0,3,0,1,0,0,0,0,0,0,0,22,12,0.162,0.002,0.678,37,29,normal
7,udp,imap,REJ,224,226,0,0,0,2,0,0,0,0,0,1,0,0,1,22,18,0.02,0.11,0.99,32,25,normal
24,udp,ftp_data,SF,89,120,0,0,0,3,2,0,2,0,0,1,2,0,0,130,131,0.86,0.949,0.375,9,5,dos
1,icmp,smtp,REJ,410,91,0,0,0,2,0,1,0,0,0,0,0,0,0,19,15,0.24,0.016,0.903,35,20,normal
17,tcp,ftp_data,RSTO,129,0,0,0,0,0,1,0,3,0,0,1,0,0,0,106,104,0.581,0.597,0.177,12,9,probe
2,tcp,ftp_data,REJ,1473,566,0,0,0,1,0,1,0,0,0,0,0,0,0,20,14,0.278,0.169,0.959,29,24,normal
0,tcp,http,RSTO,1122,105,0,0,0,1,0,1,0,0,0,0,0,0,0,14,6,0.065,0.434,0.509,41,35,normal
17,tcp,telnet,SF,370,12,0,0,0,8,0,0,0,0,0,0,2,0,0,122,113,0.901,0.972,0.249,17,10,probe
1,tcp,http,SH,161,299,0,0,0,1,0,1,0,0,0,0,0,0,0,18,15,0.294,0.045,0.809,49,26,normal
39,icmp,ftp,SF,106,3,0,0,0,7,1,0,1,0,0,1,0,0,0,114,116,0.844,0.943,0.05,11,8,u2r
2,icmp,ftp,SF,819,679,0,0,0,2,0,1,0,0,0,0,1,0,0,22,15,0.238,0.212,0.799,37,27,normal
10,tcp,telnet,SH,17,5,0,0,0,5,0,0,1,0,0,0,0,0,0,105,109,0.499,0.849,0.288,21,8,dos
0,tcp,imap,SH,78,200,0,0,0,1,0,1,0,0,0,0,0,0,0,15,18,0.027,0.14,0.61,27,30,normal
29,icmp,smtp,REJ,214,53,0,0,0,8,0,0,2,0,0,1,1,0,0,120,104,0.664,0.984,0.14,11,12,dos
13,icmp,smtp,RSTO,211,259,0,0,0,1,0,1,1,0,0,1,0,0,0,20,16,0.176,0.213,0.817,46,21,normal
3,udp,pop3,S0,857,81,0,0,0,0,0,1,0,0,0,1,0,0,0,19,14,0.129,0.126,0.924,35,23,normal
39,udp,telnet,S0,77,16,0,0,0,7,1,0,1,0,0,1,0,0,0,114,113,0.853,0.578,0.12,10,4,dos
3,icmp,ftp_data,S0,237,2604,0,0,0,0,0,1,0,0,0,0,0,0,0,20,15,0.067,0.117,0.899,42,26,normal
9,tcp,telnet,SF,25,21,0,0,0,7,0,0,0,0,0,1,0,0,0,118,107,0.812,0.644,0.43,8,7,dos
0,icmp,http,REJ,357,694,0,0,0,3,0,1,0,0,0,0,0,0,0,21,17,0.263,0.44,0.888,36,23,normal
0,tcp,ssh,RSTR,494,2599,0,0,0,0,0,1,0,0,0,0,0,0,0,20,15,0.138,0.157,0.915,32,27,normal
5,icmp,smtp,RSTO,42,10,0,0,0,7,0,0,2,0,0,0,3,0,1,109,98,0.686,0.906,0.38,13,5,dos
5,icmp,http,S0,132,487,0,0,0,2,0,1,0,0,0,0,0,0,0,20,10,0.11,0.237,0.57,38,19,normal
1,udp,imap,S0,339,14,0,0,0,3,1,0,1,0,0,0,0,0,2,116,115,0.912,0.872,0.138,14,9,r2l
2,icmp,telnet,REJ,1753,928,0,0,0,1,0,1,0,0,0,0,0,0,0,20,20,0.496,0.037,0.59,36,28,normal
1,udp,telnet,REJ,169,533,0,0,0,2,0,1,0,0,0,0,0,0,0,21,18,0.1,0.311,0.984,34,22,normal
4,icmp,ftp,RSTR,445,757,0,0,0,1,0,1,0,0,0,1,0,0,0,16,20,0.205,0.033,0.973,35,32,normal
1,icmp,ftp_data,SH,480,103,0,0,0,0,0,1,0,0,0,0,0,0,0,19,13,0.088,0.216,0.958,43,27,normal
2,tcp,ssh,S0,400,644,0,0,0,1,0,1,1,0,0,0,0,0,1,13,18,0.323,0.058,0.59,32,20,normal
3,tcp,ssh,SF,59,3,0,0,0,4,1,0,4,0,0,1,3,0,1,108,96,0.859,0.421,0.438,14,6,dos
24,tcp,http,SF,526,19,0,0,0,2,0,0,2,0,0,2,1,0,1,115,120,0.618,0.801,0.48,13,8,probe
11,udp,ftp,S0,84,1,0,1,0,3,0,1,2,0,0,0,1,0,0,132,96,0.638,0.978,0.335,8,15,dos
0,tcp,dns,SH,211,479,0,0,0,1,0,1,0,0,0,1,0,0,0,21,17,0.144,0.35,0.781,37,22,normal
0,icmp,ftp,S0,54,192,0,0,0,1,0,1,0,0,0,1,0,0,0,16,15,0.053,0.072,0.592,51,33,normal
0,icmp,http,REJ,214,656,0,0,0,1,0,1,0,0,0,0,1,0,0,19,11,0.205,0.038,0.846,50,26,normal
14,tcp,telnet,SF,1936,23,0,0,0,4,0,0,2,0,0,1,0,0,2,121,109,0.952,0.869,0.025,9,16,dos
3,udp,dns,S0,1737,419,0,0,0,2,0,1,0,0,0,0,0,0,0,26,9,0.116,0.205,0.717,40,27,normal
2,tcp,ssh,REJ,2154,323,0,0,0,2,0,1,0,0,0,0,0,0,1,18,16,0.071,0.079,0.984,29,28,normal
1,udp,smtp,SF,157,283,0,0,0,5,0,0,3,0,0,0,0,0,0,120,123,0.851,0.758,0.035,19,9,probe
0,tcp,ssh,RSTR,388,716,0,0,0,2,0,1,0,0,0,0,0,0,0,20,16,0.272,0.444,0.981,34,21,normal
0,icmp,pop3,SH,118,366,0,0,0,2,0,1,0,0,0,0,1,0,0,21,19,0.184,0.378,0.572,31,32,normal
1,icmp,ftp,SH,1584,553,0,0,0,1,0,1,0,0,0,0,1,0,0,21,14,0.209,0.167,0.395,36,23,normal
0,icmp,dns,SF,584,677,0,0,0,2,0,1,0,0,0,0,0,0,0,17,13,0.275,0.018,0.349,34,27,normal
5,icmp,ssh,SF,638,1219,0,0,0,1,0,0,0,0,0,0,0,0,0,18,20,0.107,0.102,0.893,26,21,normal
0,icmp,http,REJ,487,56,0,0,0,0,0,0,0,0,0,0,0,0,0,19,16,0.068,0.284,0.967,44,26,normal
2,tcp,ssh,S0,365,914,0,0,0,0,0,0,0,0,0,0,0,0,0,30,16,0.13,0.137,0.759,30,21,normal
3,udp,dns,RSTO,1238,178,0,0,0,0,0,1,0,0,0,0,0,0,0,14,21,0.487,0.155,0.935,34,32,normal
2,icmp,ssh,RSTO,368,193,0,0,0,1,0,1,1,0,0,2,0,0,0,13,15,0.328,0.11,0.972,39,21,normal
1,icmp,http,RSTR,2363,178,0,0,0,0,0,0,1,0,0,0,0,0,0,14,13,0.029,0.055,0.84,47,31,normal
0,udp,ftp,SF,2015,814,0,0,0,1,0,1,0,0,0,1,0,0,0,21,26,0.334,0.086,0.697,41,26,normal
7,udp,ftp_data,RSTO,1446,2082,0,0,0,1,0,1,1,0,0,0,1,0,0,28,12,0.019,0.353,0.413,36,27,normal
1,icmp,pop3,SH,908,651,0,0,0,1,0,0,0,0,0,1,0,0,0,21,13,0.116,0.018,0.891,44,30,normal
2,udp,http,RSTO,1615,102,0,0,0,1,0,1,0,0,0,1,0,0,0,22,19,0.129,0.05,0.81,28,34,normal
2,tcp,ftp,S0,589,140,0,0,0,2,0,1,0,0,0,0,0,0,1,23,21,0.23,0.124,0.798,39,29,normal
4,icmp,ssh,RSTO,154,5,0,0,0,6,0,0,3,0,0,1,0,0,0,122,116,0.91,0.821,0.371,7,6,r2l
0,tcp,smtp,S0,11036,235,0,0,0,2,0,0,0,0,0,1,0,0,0,17,8,0.202,0.519,0.705,29,28,normal
5,udp,ftp_data,S0,174,73,0,0,0,1,0,1,1,0,0,0,0,0,0,24,17,0.059,0.479,0.497,34,21,normal
2,tcp,http,REJ,606,7,0,0,1,9,1,0,0,0,0,0,0,0,0,113,127,0.79,0.568,0.037,10,9,dos
20,udp,imap,SH,21,307,0,0,0,3,0,1,2,0,0,1,0,1,0,127,85,0.762,0.908,0.235,9,12,probe
0,udp,dns,SF,189,675,0,0,0,0,0,1,0,0,0,0,0,0,0,21,21,0.24,0.135,0.912,37,15,normal
0,udp,http,RSTO,522,1109,0,0,0,3,0,1,0,0,0,0,0,0,0,19,16,0.163,0.298,0.8,32,25,normal
2,udp,ftp,RSTR,35,1292,0,0,0,1,0,1,0,0,0,0,0,0,0,23,12,0.07,0.12,0.951,39,23,normal
3,udp,ftp_data,SH,91,3742,0,0,0,0,0,1,0,0,0,2,0,0,0,19,12,0.348,0.39,0.8,39,12,normal
0,icmp,smtp,REJ,4174,234,0,0,0,2,0,1,0,0,0,0,0,0,0,15,12,0.212,0.033,0.912,50,17,normal
4,udp,telnet,REJ,171,180,0,1,0,8,2,0,2,0,0,0,0,0,0,134,106,0.973,0.967,0.242,13,10,dos
0,tcp,ssh,RSTR,287,497,0,0,0,0,0,1,0,0,0,0,0,0,1,18,17,0.197,0.087,0.372,36,37,normal
8,tcp,smtp,RSTO,54,11,0,0,0,8,1,0,4,0,0,0,2,0,0,119,105,0.966,0.894,0.293,17,8,r2l
15,tcp,smtp,SF,257,5,0,0,0,2,1,1,3,0,0,0,0,0,1,128,110,0.979,0.986,0.405,20,8,dos
5,icmp,telnet,SH,682,1315,0,0,0,0,0,1,1,0,0,0,0,0,0,16,12,0.3,0.033,0.743,35,26,normal
1,icmp,ssh,S0,50,1320,0,0,0,1,0,1,0,0,0,0,0,0,0,24,16,0.366,0.403,0.634,28,13,normal
5,tcp,http,REJ,762,158,0,0,0,1,0,1,0,0,0,0,0,0,0,22,14,0.008,0.213,0.832,37,16,normal
1,udp,ssh,REJ,11,44,0,0,0,4,1,0,3,0,0,1,1,0,1,127,101,0.506,0.983,0.034,10,11,r2l
0,icmp,dns,RSTO,516,345,0,0,0,0,0,1,1,0,0,0,0,0,0,25,15,0.102,0.121,0.591,39,28,normal
13,udp,http,RSTO,7,397,0,0,0,2,0,0,2,0,0,0,0,0,1,117,105,0.802,0.919,0.337,10,9,dos
6,tcp,ssh,SH,241,14,0,0,0,10,0,0,4,0,0,0,1,0,1,111,113,0.684,0.744,0.073,10,13,r2l
0,icmp,ftp,SH,318,212,0,0,0,0,0,1,0,0,0,1,0,0,0,25,17,0.061,0.035,0.519,32,17,normal
2,tcp,ftp_data,SF,366,1368,0,0,0,1,0,1,0,0,0,0,0,0,0,16,13,0.267,0.689,0.489,30,31,normal
17,icmp,ssh,RSTO,233,145,0,1,0,4,0,0,0,0,0,0,2,0,2,134,118,0.954,0.667,0.061,14,15,probe
2,tcp,ftp,S0,304,285,0,0,0,1,0,1,0,0,0,0,0,0,0,19,22,0.086,0.292,0.872,39,23,normal
0,udp,smtp,RSTR,3833,1072,0,0,0,1,0,1,0,0,0,0,0,0,0,12,17,0.058,0.092,0.789,30,24,normal
20,udp,ssh,REJ,620,3,0,0,0,9,2,0,3,0,0,1,1,0,1,126,102,0.844,0.657,0.086,14,8,dos
21,udp,pop3,REJ,91,5,0,0,0,2,1,0,0,0,0,0,4,0,1,138,119,0.836,0.984,0.725,7,12,probe
2,udp,dns,SF,280,228,0,0,0,0,0,1,0,0,0,0,0,0,0,14,18,0.064,0.053,0.674,41,27,normal
4,icmp,smtp,REJ,39,25,0,0,0,1,1,0,2,0,0,1,0,0,2,126,109,0.807,0.942,0.311,10,11,dos
21,tcp,smtp,RSTO,979,10,0,0,0,7,1,1,3,0,0,0,0,0,0,129,111,0.718,0.933,0.203,15,9,dos
6,tcp,smtp,SF,54,22,0,0,0,7,0,0,3,0,0,0,1,0,0,112,111,0.941,0.885,0.392,9,15,dos
3,tcp,telnet,RSTR,85,86,0,0,0,7,2,0,2,0,0,1,1,0,2,115,103,0.893,0.944,0.205,12,7,probe
6,tcp,http,RSTR,839,79,0,0,0,1,0,1,0,0,0,0,0,0,0,15,17,0.729,0.109,0.96,40,30,normal
3,tcp,pop3,REJ,439,208,0,0,0,2,0,1,0,0,0,0,0,0,0,27,18,0.244,0.231,0.751,35,24,normal
1,tcp,dns,REJ,45,47,0,0,0,3,0,0,2,0,0,1,0,0,0,121,125,0.875,0.634,0.03,11,19,dos
1,udp,ftp_data,RSTR,242,207,0,0,0,1,0,1,0,0,0,1,0,0,0,20,18,0.135,0.118,0.887,43,27,normal
5,tcp,smtp,SH,173,292,0,0,0,2,0,1,0,0,0,0,0,0,0,16,24,0.202,0.044,0.538,31,32,normal
1,udp,imap,SF,486,365,0,0,0,1,0,1,0,0,0,1,1,0,0,19,13,0.09,0.128,0.922,30,34,normal
0,icmp,ssh,S0,1590,414,0,0,0,0,0,1,0,0,0,0,0,0,0,13,13,0.12,0.085,0.864,39,24,normal
3,udp,http,RSTO,89,3,0,0,0,0,0,1,2,0,0,1,2,0,1,98,114,0.906,0.962,0.047,16,10,dos
2,icmp,imap,RSTO,1273,228,0,0,0,1,0,1,1,0,0,0,0,0,0,25,17,0.107,0.725,0.483,36,25,normal
7,icmp,http,SH,84,654,0,0,0,2,0,1,0,0,0,0,0,0,0,20,15,0.291,0.01,0.991,34,27,normal
29,udp,dns,S0,1732,129,0,0,0,7,0,0,1,0,0,3,0,0,1,144,120,0.855,0.739,0.273,7,9,probe
10,tcp,ftp_data,RSTO,82,4,0,0,0,2,0,0,1,0,0,1,2,0,0,136,100,0.993,0.846,0.385,3,9,dos
1,udp,ssh,RSTO,685,263,0,0,0,2,0,1,0,0,0,0,0,0,0,19,16,0.377,0.214,0.494,31,24,normal
0,tcp,http,S0,252,387,0,0,0,1,0,1,0,0,0,1,1,0,0,24,9,0.007,0.056,0.868,31,28,normal
1,udp,pop3,RSTO,323,2099,0,0,0,1,0,0,0,0,0,0,1,0,0,22,16,0.161,0.24,0.811,41,27,normal
0,udp,pop3,S0,441,67,0,0,0,2,0,1,0,0,0,2,0,0,0,15,22,0.035,0.269,0.631,36,24,normal
32,udp,ftp_data,RSTO,636,1462,0,0,0,2,1,1,0,0,0,1,0,0,0,111,106,0.86,0.823,0.175,12,13,dos
2,udp,ssh,S0,1109,179,0,0,0,0,0,1,0,0,0,0,0,0,1,23,15,0.058,0.06,0.769,36,26,normal
5,icmp,telnet,RSTR,227,0,0,0,0,2,0,0,2,0,0,0,0,0,0,143,103,0.909,0.85,0.056,7,9,r2l
1,udp,ftp,RSTR,354,208,0,0,0,1,0,1,0,0,0,0,0,0,0,18,20,0.067,0.26,0.821,43,20,normal
4,icmp,ftp_data,RSTR,139,4,0,0,0,4,2,0,0,0,0,1,0,0,0,127,103,0.838,0.966,0.062,14,3,dos
2,udp,ftp,REJ,22,323,0,0,0,3,0,0,1,0,0,1,1,0,0,127,123,0.944,0.965,0.039,11,9,dos
0,udp,ssh,RSTO,1389,522,0,0,0,2,0,1,0,0,0,1,0,0,0,15,12,0.144,0.323,0.645,31,30,normal
16,icmp,http,RSTR,271,23,0,0,0,7,3,0,0,0,0,2,2,0,0,123,114,0.945,0.897,0.049,9,17,dos
3,tcp,pop3,REJ,1085,147,0,0,0,1,0,1,0,0,0,0,1,0,0,19,18,0.268,0.024,0.789,41,28,normal
4,udp,dns,RSTO,200,206,0,0,0,1,0,1,0,0,0,1,0,0,0,26,20,0.057,0.158,0.62,34,22,normal
0,udp,smtp,REJ,48,400,0,0,0,1,0,1,0,0,0,0,0,0,0,25,9,0.364,0.011,0.768,29,28,normal
3,icmp,pop3,RSTR,333,118,0,0,0,1,0,0,0,0,0,0,0,0,1,14,14,0.257,0.112,0.888,36,23,normal
0,udp,ftp,S0,278,74,0,0,0,0,0,0,0,0,0,0,2,0,0,22,14,0.136,0.051,0.827,34,23,normal
4,tcp,dns,SF,646,138,0,0,0,0,0,0,0,0,0,0,0,0,0,22,21,0.104,0.286,0.862,37,25,normal
3,icmp,pop3,SF,503,367,0,0,0,0,0,1,0,0,0,0,0,0,0,19,17,0.055,0.246,0.452,39,13,normal
9,tcp,telnet,RSTR,151,736,0,0,0,1,0,0,0,0,0,1,0,0,0,25,13,0.038,0.064,0.957,54,19,normal
1,icmp,ftp,S0,943,2218,0,0,0,2,0,1,0,0,0,0,0,0,0,17,22,0.259,0.122,0.87,40,21,normal
5,udp,telnet,RSTO,9,18,0,0,0,6,1,0,0,0,0,1,1,0,0,106,123,0.67,0.751,0.294,5,13,dos
8,tcp,ssh,RSTR,25,27,0,1,0,5,1,0,2,0,0,1,0,0,0,133,102,0.965,0.98,0.067,12,9,probe
0,udp,ftp,SH,703,275,0,0,0,0,0,1,0,0,0,0,0,0,1,13,13,0.09,0.088,0.693,31,30,normal
21,tcp,ftp_data,SF,21,24,0,0,0,6,1,0,1,0,0,1,1,0,1,127,123,0.841,0.5,0.163,14,11,r2l
0,tcp,pop3,SF,109,92,0,0,0,3,0,1,0,0,0,0,0,0,0,28,13,0.262,0.475,0.815,29,30,normal
1,udp,ftp_data,RSTR,138,147,0,0,0,1,0,1,0,0,0,0,0,0,0,15,16,0.158,0.072,0.627,26,29,normal
19,icmp,ftp_data,S0,1532,177,1,0,0,2,0,0,1,0,0,0,2,0,1,133,98,0.915,0.699,0.198,17,11,r2l
8,tcp,imap,SH,58,3,0,0,0,4,0,0,4,0,0,3,0,0,2,114,96,0.664,0.915,0.074,17,12,dos
0,tcp,http,S0,12,36,0,0,0,3,0,0,1,0,0,1,0,0,1,122,80,0.752,1.0,0.334,17,14,dos
2,tcp,ssh,REJ,33,52,0,0,0,3,2,1,3,0,0,0,0,0,1,119,124,0.828,0.671,0.155,12,15,dos
4,tcp,telnet,SH,502,1427,0,0,0,1,0,1,0,0,0,0,0,0,0,22,15,0.282,0.066,0.597,39,26,normal
9,icmp,dns,RSTR,124,43,0,0,0,5,0,0,4,0,0,0,0,0,0,133,115,0.996,0.797,0.482,13,13,dos
0,tcp,ssh,RSTO,520,409,0,0,0,1,0,1,1,0,0,0,0,0,0,22,10,0.174,0.169,0.684,40,19,normal
6,udp,pop3,RSTO,55,93,0,0,0,5,0,0,1,0,0,0,1,0,0,121,111,0.717,0.771,0.225,14,16,dos
7,icmp,dns,RSTR,77,9,0,0,0,6,0,0,4,0,0,0,2,0,0,117,103,0.636,0.391,0.329,9,10,dos
0,udp,smtp,SF,738,1573,0,0,0,2,0,1,0,0,0,0,0,0,0,26,19,0.065,0.103,0.487,34,18,normal
2,icmp,smtp,RSTO,726,1337,0,0,0,0,0,1,0,0,0,0,1,0,0,18,9,0.076,0.378,0.95,37,34,normal
15,tcp,ftp,SF,1307,0,0,0,0,3,0,0,4,0,0,0,0,0,2,126,90,0.7,0.946,0.488,10,14,dos
0,udp,imap,SH,1437,391,0,0,0,0,0,1,1,0,0,0,0,0,0,17,18,0.172,0.0,0.933,27,30,normal
1,icmp,ssh,RSTO,40,299,0,0,0,5,1,0,1,0,1,0,0,0,1,109,107,0.961,0.658,0.178,13,5,dos
1,udp,smtp,RSTO,619,257,0,0,0,0,0,1,0,0,0,0,0,0,0,15,20,0.0,0.118,0.406,36,12,normal
4,udp,dns,RSTR,986,550,0,0,0,0,0,1,0,0,0,0,0,0,0,18,14,0.121,0.212,0.794,38,30,normal
1,icmp,smtp,REJ,1204,134,0,0,0,2,0,1,0,0,0,1,0,0,0,22,9,0.108,0.003,0.734,30,31,normal
0,udp,ftp_data,REJ,221,505,0,0,0,2,0,1,0,0,0,1,0,0,1,22,13,0.023,0.038,0.832,32,29,normal
20,icmp,smtp,S0,33,3,0,0,0,6,4,0,3,0,0,0,2,0,0,117,115,0.648,0.875,0.242,12,10,dos
0,udp,dns,REJ,252,136,0,0,0,1,0,0,0,0,0,0,0,0,0,13,13,0.029,0.465,0.688,32,23,normal
0,tcp,smtp,RSTO,1008,1215,0,0,0,0,0,1,0,0,0,0,1,0,0,19,10,0.165,0.344,0.92,28,28,normal
2,udp,ftp_data,RSTO,294,694,0,0,0,2,0,1,0,0,0,0,0,0,0,22,15,0.03,0.082,0.964,36,26,normal
11,icmp,ssh,SF,222,178,0,0,0,3,3,0,2,0,0,2,1,0,0,135,90,0.86,0.983,0.276,14,15,dos
22,udp,ftp_data,RSTR,254,362,0,0,0,3,3,1,1,0,0,4,2,0,1,112,113,0.871,0.63,0.068,17,3,dos
3,udp,imap,SH,544,340,0,0,0,1,0,1,0,0,0,0,0,0,0,19,12,0.032,0.106,0.744,29,29,normal
14,tcp,imap,RSTR,48,3,0,0,0,3,0,0,6,0,0,0,1,0,0,112,109,0.79,0.742,0.176,7,11,probe
2,icmp,dns,RSTR,1507,308,0,0,0,1,0,0,2,0,0,1,0,0,0,23,9,0.096,0.036,0.784,24,24,normal
5,tcp,smtp,SF,644,1441,0,0,0,1,0,1,0,0,0,0,0,0,0,21,10,0.135,0.019,0.908,25,29,normal
8,icmp,pop3,RSTO,63,730,0,0,0,2,0,1,0,0,0,0,1,0,0,24,17,0.042,0.175,0.799,26,21,normal
0,icmp,ftp_data,SF,1424,233,0,0,0,4,0,1,0,0,0,0,0,0,0,11,11,0.029,0.017,0.836,39,30,normal
0,udp,telnet,RSTR,56,1671,0,0,0,1,0,0,0,0,0,0,0,0,0,18,16,0.145,0.377,0.766,27,35,normal
35,tcp,ftp,SF,29,2,0,0,0,7,0,0,2,0,0,2,0,0,0,111,101,0.51,0.545,0.851,15,11,dos
14,tcp,pop3,RSTO,101,674,0,0,0,1,0,1,0,0,0,0,0,0,0,12,13,0.12,0.111,0.763,40,24,normal
4,udp,ftp_data,SF,637,209,0,0,0,0,0,0,1,0,0,0,0,0,0,18,16,0.075,0.264,0.479,33,24,normal
5,icmp,telnet,RSTO,213,748,0,0,0,11,1,0,0,0,0,1,0,0,0,107,119,0.87,0.994,0.138,13,11,probe
1,tcp,dns,S0,753,777,0,0,0,0,0,1,0,0,0,0,0,0,0,20,11,0.124,0.016,0.838,38,26,normal
18,tcp,telnet,RSTO,116,54,0,0,1,3,0,1,1,0,0,1,0,0,0,126,107,0.882,0.805,0.043,10,9,dos
1,icmp,dns,RSTR,680,384,0,0,0,1,0,1,1,0,0,0,1,0,0,19,14,0.081,0.339,0.645,37,23,normal
19,udp,pop3,S0,16,120,0,0,0,3,0,1,0,0,0,5,1,0,2,119,119,0.91,0.585,0.168,12,13,dos
3,udp,dns,RSTO,87,362,0,0,0,1,0,1,0,0,0,0,0,0,0,21,25,0.072,0.441,0.797,30,28,normal
0,icmp,dns,REJ,319,191,0,0,0,1,0,1,0,0,0,0,0,0,0,15,17,0.047,0.107,0.452,35,31,normal
8,icmp,telnet,SF,22,190,0,0,0,6,0,0,2,0,0,1,0,0,0,112,123,0.948,0.449,0.234,17,9,u2r
14,tcp,pop3,SF,252,271,0,0,0,2,0,0,0,0,0,0,0,0,0,23,16,0.322,0.053,0.894,36,24,normal
2,udp,pop3,S0,371,102,0,0,0,2,0,0,1,0,0,0,0,0,0,118,110,0.568,0.945,0.124,13,9,dos
19,tcp,http,SF,73,43,0,0,0,3,1,0,5,0,0,0,0,0,0,101,112,0.94,0.976,0.22,12,12,r2l
2,udp,ftp,SF,842,95,0,0,0,3,0,1,1,0,0,0,0,0,0,21,13,0.225,0.02,0.855,38,18,normal
18,tcp,dns,SF,82,11,0,0,0,7,0,0,0,0,0,1,0,0,0,135,101,0.76,0.97,0.164,14,10,dos
18,icmp,ftp,SH,363,2,0,0,0,8,0,0,2,0,0,2,0,0,0,131,119,0.839,0.948,0.038,14,9,probe
0,udp,ssh,RSTO,4,50,0,0,0,3,0,0,1,0,0,0,1,0,0,131,98,0.404,0.878,0.094,10,6,dos
5,icmp,ssh,REJ,145,399,0,0,0,3,0,1,0,0,0,0,0,0,0,17,16,0.239,0.09,0.883,26,22,normal
3,udp,dns,S0,19,6,0,0,0,7,0,0,1,0,0,2,1,0,1,131,112,0.783,0.87,0.094,9,13,dos
23,icmp,http,RSTO,122,8,0,0,0,3,1,0,1,0,0,1,0,0,0,118,107,0.993,0.995,0.065,10,7,dos
9,icmp,ftp,REJ,66,7,0,0,0,4,1,1,2,0,0,2,0,0,0,134,112,0.954,0.929,0.18,9,11,probe
2,icmp,ftp_data,RSTR,686,583,0,0,0,2,0,1,0,0,0,0,0,0,0,28,19,0.132,0.279,0.512,30,20,normal
0,udp,dns,RSTR,125,511,0,0,0,1,0,1,0,0,0,1,0,0,0,22,20,0.2,0.253,0.775,30,23,normal
12,udp,smtp,REJ,82,15,0,0,0,3,0,0,2,0,0,2,2,0,2,114,121,0.805,0.805,0.029,5,9,probe
3,tcp,http,RSTO,2223,784,0,0,0,4,0,0,0,0,0,0,0,0,2,22,18,0.14,0.257,0.881,36,17,normal
4,tcp,ftp_data,RSTR,621,1364,0,0,0,1,0,1,0,0,0,1,0,0,1,11,14,0.453,0.01,0.562,31,29,normal
2,udp,http,RSTR,246,314,0,0,0,0,0,1,0,0,0,0,0,0,0,22,15,0.048,0.098,0.947,34,30,normal
0,icmp,telnet,SH,1147,356,0,0,0,0,0,1,1,0,0,0,0,0,0,15,15,0.141,0.374,0.915,35,25,normal
0,tcp,pop3,S0,394,991,0,0,0,1,0,1,0,0,0,0,0,0,0,25,10,0.059,0.04,0.936,40,23,normal
2,udp,telnet,SF,526,84,0,0,0,1,0,1,0,0,0,0,0,0,0,16,5,0.352,0.029,0.949,33,37,normal
0,tcp,telnet,RSTR,1462,1300,0,0,0,1,0,1,0,0,0,0,1,0,0,26,17,0.018,0.025,0.952,32,28,normal
3,tcp,ftp_data,S0,222,281,0,0,0,1,0,1,0,0,0,0,0,0,1,13,12,0.204,0.095,0.586,41,18,normal
7,tcp,ssh,RSTR,394,75,0,0,0,0,0,1,0,0,0,0,0,0,0,31,9,0.599,0.459,0.875,41,19,normal
9,tcp,ftp,REJ,26,183,0,0,0,1,0,0,0,0,0,0,0,0,0,14,14,0.018,0.01,0.716,35,25,normal
2,icmp,ftp,REJ,88,2,0,0,0,7,0,1,3,0,0,3,1,0,0,106,105,0.514,0.847,0.627,12,8,probe
2,icmp,ssh,RSTO,62,314,0,0,0,1,0,0,1,0,0,0,0,0,1,23,18,0.027,0.041,0.97,30,27,normal
59,tcp,dns,SH,601,8,0,0,0,1,1,0,4,0,0,0,0,0,0,108,116,0.995,0.858,0.018,8,10,probe
20,tcp,dns,SF,213,5,0,0,0,5,0,0,3,0,0,1,1,0,0,124,124,0.612,0.989,0.123,12,12,probe
4,icmp,dns,S0,1364,640,0,0,0,1,0,1,1,0,0,2,0,0,0,21,12,0.045,0.041,0.95,46,25,normal
0,icmp,pop3,S0,1124,612,0,0,0,0,0,1,0,0,0,0,0,0,0,17,11,0.178,0.102,0.861,36,28,normal
1,udp,ftp_data,S0,417,133,0,0,0,1,0,1,0,0,0,0,0,0,0,23,18,0.011,0.056,0.821,40,29,normal
7,tcp,ftp_data,RSTR,40,201,0,0,0,4,0,0,2,0,0,0,1,0,0,122,100,0.996,0.657,0.335,11,12,dos
14,icmp,ssh,RSTR,637,148,0,0,0,1,0,1,0,0,0,0,0,0,1,24,16,0.25,0.076,0.782,46,28,normal
1,tcp,imap,SH,185,1026,0,0,0,0,0,1,0,0,0,0,0,0,0,15,20,0.037,0.187,0.81,44,26,normal
12,udp,http,REJ,320,269,0,0,0,2,0,1,0,0,0,1,1,0,1,27,14,0.302,0.33,0.393,34,27,normal
10,udp,dns,S0,3415,157,0,0,0,1,0,1,0,0,0,0,0,0,0,17,12,0.365,0.096,0.782,39,30,normal
35,udp,pop3,S0,719,6,0,0,0,4,1,0,2,0,0,1,1,0,1,119,103,0.874,0.94,0.101,11,8,dos
3,tcp,dns,S0,221,277,0,0,0,2,0,1,0,0,0,0,0,0,0,25,16,0.063,0.013,0.685,37,21,normal
1,udp,dns,S0,2877,79,0,0,0,1,0,1,1,0,0,0,0,0,0,24,18,0.084,0.03,0.682,32,25,normal
1,udp,ftp_data,RSTO,128,25,0,0,0,8,1,0,3,0,0,0,0,0,0,129,91,0.948,0.942,0.241,6,10,dos
1,icmp,ftp_data,S0,901,518,0,0,0,0,0,0,0,0,0,0,1,0,0,22,17,0.01,0.072,0.519,29,19,normal
4,tcp,telnet,SF,525,125,0,0,0,4,0,1,0,0,0,0,1,0,0,15,12,0.293,0.285,0.664,34,26,normal
11,tcp,ftp_data,RSTR,275,11,0,0,0,10,0,0,1,0,0,0,0,0,0,117,114,0.923,0.912,0.135,14,11,dos
14,udp,pop3,REJ,22,110,0,0,0,4,1,0,1,0,0,1,1,0,1,110,107,0.82,0.943,0.049,9,9,dos
6,udp,imap,RSTO,243,678,0,0,0,3,0,1,0,0,0,0,0,0,0,23,11,0.141,0.066,0.849,43,17,normal
1,udp,imap,S0,182,1734,0,0,0,0,0,1,0,0,0,0,1,0,0,16,11,0.664,0.21,0.852,24,20,normal
2,icmp,telnet,SH,53,627,0,0,0,1,0,1,0,0,0,0,0,0,0,18,17,0.252,0.114,0.947,31,18,normal
17,udp,http,SH,2134,2969,0,0,0,6,0,1,4,0,0,1,0,0,2,136,126,0.938,0.861,0.029,15,11,dos
0,udp,telnet,RSTO,62,131,0,0,0,0,0,1,0,0,0,0,0,0,0,17,11,0.275,0.123,0.781,36,13,normal
2,icmp,ftp_data,RSTR,998,243,0,0,0,0,0,1,0,0,0,1,0,0,0,17,23,0.024,0.136,0.955,39,20,normal
1,icmp,telnet,RSTO,98,133,0,0,0,3,1,0,2,0,0,1,0,0,0,126,109,0.739,0.715,0.142,10,6,u2r
0,udp,ftp,RSTR,373,167,0,0,0,0,0,1,0,0,0,1,0,0,0,34,11,0.131,0.019,0.821,30,27,normal
0,udp,ssh,REJ,97,132,0,0,0,0,0,0,0,0,0,0,0,0,0,23,17,0.008,0.041,0.802,30,25,normal
24,icmp,pop3,SF,37,106,0,1,0,4,2,0,1,0,0,2,0,0,0,129,110,0.799,0.949,0.149,7,10,dos
9,icmp,dns,S0,15,39,0,0,1,5,1,1,0,0,0,1,0,0,0,114,116,0.842,0.875,0.274,12,15,dos
2,udp,smtp,SH,665,381,0,0,0,0,0,1,0,0,0,0,0,0,0,16,13,0.182,0.025,0.893,33,24,normal
2,icmp,ssh,REJ,202,57,0,0,0,3,0,0,0,0,0,0,0,0,0,116,91,0.805,0.943,0.026,16,7,probe
4,udp,dns,RSTO,14,42,0,0,0,4,1,0,2,0,0,1,2,0,2,113,107,0.934,0.88,0.12,9,8,dos
44,udp,ftp,SH,322,27,0,0,0,4,0,0,4,0,0,1,2,0,1,120,104,0.802,0.9,0.499,16,14,dos
11,udp,smtp,RSTO,36,268,0,0,0,4,1,1,3,0,0,3,1,0,0,108,107,0.38,0.978,0.133,20,11,u2r
5,tcp,telnet,SF,306,7,0,0,0,4,0,0,2,0,0,0,0,0,0,100,107,0.985,0.812,0.178,11,13,dos
22,udp,imap,REJ,814,1,0,0,0,8,0,0,1,0,0,0,2,0,0,141,103,0.96,0.879,0.148,15,8,dos
8,tcp,imap,REJ,13,11,0,0,1,4,1,0,1,0,0,0,1,0,0,124,108,0.767,0.497,0.134,12,6,probe
6,tcp,ftp,RSTR,124,4,0,0,0,9,0,0,2,0,0,0,3,0,0,118,126,0.903,0.706,0.196,15,15,dos
2,udp,ftp,SF,601,194,0,0,0,1,0,1,0,0,0,0,0,0,0,19,21,0.027,0.218,0.824,38,20,normal
10,tcp,imap,RSTR,81,171,0,1,0,2,2,0,2,0,0,1,1,0,0,130,124,0.964,0.929,0.118,12,3,r2l
14,tcp,smtp,RSTO,532,102,0,0,0,5,1,0,3,1,0,1,1,0,0,111,106,0.888,0.777,0.274,8,10,probe
11,icmp,ftp,RSTO,16,55,0,0,0,3,0,0,1,0,0,0,0,0,0,130,107,0.913,0.716,0.154,8,14,dos
0,icmp,ssh,S0,391,437,0,0,0,0,0,0,0,0,0,0,0,0,0,14,7,0.049,0.312,0.547,34,30,normal
2,tcp,smtp,RSTR,293,108,0,1,0,3,1,0,1,0,0,2,1,0,2,121,111,0.967,0.803,0.112,5,8,dos
6,tcp,imap,RSTR,265,926,0,0,0,1,0,1,0,0,0,1,0,0,0,21,15,0.021,0.067,0.823,36,27,normal
4,icmp,ftp_data,SF,1902,398,0,0,0,0,0,1,0,0,0,0,0,0,0,14,14,0.324,0.123,0.796,28,20,normal
2,udp,ftp,RSTO,388,252,0,1,0,4,0,0,2,0,0,1,0,0,2,130,121,0.719,0.836,0.082,5,12,probe
6,udp,http,S0,145,35,0,0,0,0,0,1,0,0,0,0,0,0,0,24,14,0.473,0.03,0.942,41,27,normal
2,tcp,ftp,SF,770,1846,0,0,0,1,0,1,2,0,0,1,0,0,0,20,17,0.095,0.2,0.631,37,28,normal
6,icmp,telnet,REJ,84,1328,0,0,0,0,0,1,0,0,0,1,0,0,0,23,19,0.032,0.21,0.858,39,25,normal
0,udp,telnet,SF,1482,231,0,0,0,0,0,0,2,0,0,1,0,0,0,19,10,0.345,0.076,0.694,36,45,normal
9,icmp,imap,SH,236,543,0,0,0,0,0,1,0,0,0,0,0,0,0,14,18,0.155,0.014,0.993,31,37,normal
0,udp,pop3,S0,368,355,0,0,0,1,0,1,0,0,0,0,0,0,0,23,20,0.22,0.657,0.915,33,21,normal
6,icmp,telnet,RSTR,206,120,0,0,0,5,0,0,2,0,0,1,0,0,1,114,118,0.885,0.555,0.479,13,16,dos
13,icmp,ssh,SF,26,0,0,0,0,4,0,0,2,1,0,0,0,0,0,126,109,0.96,0.68,0.12,15,10,probe
0,icmp,pop3,RSTO,270,175,0,0,0,2,0,1,0,0,0,0,0,0,1,26,17,0.338,0.257,0.899,33,24,normal
7,tcp,imap,S0,1318,670,0,0,0,0,0,1,0,0,0,0,0,0,0,13,11,0.493,0.144,0.7,29,32,normal
2,udp,dns,REJ,1276,188,0,0,0,2,0,0,0,0,0,0,0,0,0,18,11,0.051,0.056,0.823,41,22,normal
6,tcp,telnet,SF,1180,290,0,0,0,2,0,1,0,0,0,1,0,0,0,16,17,0.083,0.015,0.892,37,27,normal
25,tcp,ftp_data,REJ,904,75,0,1,0,8,1,0,4,0,0,1,1,0,0,102,113,0.751,0.845,0.055,11,10,dos
6,udp,pop3,RSTO,834,1,0,0,0,4,1,1,0,0,0,1,1,0,2,131,117,0.872,0.643,0.146,13,16,dos
40,icmp,pop3,SF,78,56,0,0,0,5,2,0,1,0,0,0,1,0,3,114,114,0.962,0.951,0.067,11,7,dos
4,icmp,ssh,REJ,3431,2443,0,0,0,3,0,1,0,0,0,0,0,0,0,25,13,0.088,0.275,0.968,43,24,normal
0,icmp,ftp_data,SF,88,1,0,0,0,9,0,0,3,0,0,0,0,0,2,97,102,0.955,0.735,0.055,18,7,r2l
0,udp,telnet,SH,335,101,0,0,0,1,0,0,0,0,0,0,0,0,0,24,12,0.401,0.054,0.67,39,26,normal
2,udp,ftp_data,REJ,60,615,0,0,0,0,0,1,1,0,0,1,0,0,0,25,13,0.099,0.046,0.852,36,20,normal
0,icmp,ftp_data,RSTO,62,545,0,0,0,4,0,1,0,0,0,0,0,0,0,20,18,0.042,0.074,0.776,46,30,normal
10,icmp,ftp_data,S0,184,10,0,0,0,2,0,1,2,0,1,3,0,0,0,104,99,0.754,0.819,0.222,11,9,dos
31,icmp,pop3,SF,196,9,0,0,0,4,1,0,1,0,0,0,0,0,0,127,107,0.915,0.956,0.049,7,9,dos
1,udp,ftp,RSTO,3,2,0,0,0,4,1,1,0,0,0,1,1,0,0,128,122,0.888,0.887,0.119,9,11,dos
28,udp,smtp,RSTR,9,90,0,0,0,5,2,0,1,0,0,2,0,0,0,122,119,0.42,0.767,0.214,12,9,dos
3,udp,telnet,RSTO,116,273,0,0,0,1,0,1,0,0,0,0,0,0,0,21,17,0.03,0.003,0.995,36,26,normal
1,tcp,smtp,RSTR,844,138,0,0,0,3,0,1,0,0,0,0,0,0,0,31,21,0.121,0.124,0.762,36,16,normal
2,udp,http,S0,1602,262,0,0,0,1,0,1,0,0,0,0,0,0,0,30,16,0.062,0.092,0.742,46,20,normal
3,icmp,ssh,S0,152,75,0,0,0,0,0,1,0,0,0,0,0,0,0,20,12,0.079,0.228,0.749,31,21,normal
1,udp,ftp_data,SH,92,462,0,0,0,0,0,1,0,0,0,0,0,0,1,18,11,0.248,0.36,0.961,30,22,normal
3,icmp,ftp,RSTO,361,87,0,0,0,2,0,0,0,0,0,0,0,0,0,23,15,0.159,0.233,0.892,35,32,normal
1,tcp,dns,SF,134,468,0,0,0,2,0,0,0,0,0,0,0,0,0,22,16,0.109,0.17,0.609,36,25,normal
1,tcp,smtp,RSTR,248,698,0,0,0,1,0,1,1,0,0,0,0,0,0,25,12,0.052,0.377,0.747,29,26,normal
8,icmp,smtp,RSTR,510,3,0,0,0,10,0,0,1,0,1,0,0,0,0,117,133,0.922,0.925,0.054,10,14,r2l
0,icmp,http,REJ,1380,405,0,0,0,2,0,1,0,0,0,0,0,0,1,28,17,0.172,0.13,0.963,28,24,normal
8,udp,dns,REJ,46,28,0,0,0,6,0,0,0,0,0,0,0,0,0,124,117,0.975,0.795,0.002,12,10,dos
2,udp,ftp,SF,328,153,0,0,0,1,0,1,0,0,0,1,0,0,0,19,27,0.131,0.131,0.851,36,22,normal
2,icmp,http,RSTR,222,250,0,0,0,1,0,1,0,0,0,0,0,0,0,18,17,0.064,0.261,0.917,40,23,normal
5,icmp,telnet,RSTO,60,77,0,0,0,6,0,0,1,0,0,1,1,0,0,109,106,0.898,0.95,0.093,8,13,dos
10,udp,dns,RSTR,1012,206,0,0,0,0,0,1,1,0,0,0,0,0,0,27,20,0.129,0.102,0.541,44,37,normal
6,tcp,http,SH,63,641,0,0,0,1,0,0,0,0,0,5,4,0,0,107,96,0.95,0.784,0.563,12,7,dos
4,icmp,imap,RSTR,1109,1030,0,0,0,0,0,0,0,0,0,0,0,0,0,22,18,0.142,0.386,0.618,37,30,normal
0,tcp,pop3,SH,553,418,0,0,0,0,0,1,1,0,0,0,0,0,1,18,9,0.169,0.075,0.821,34,25,normal
0,icmp,http,RSTO,494,88,0,0,0,1,0,0,0,0,0,1,0,0,0,17,15,0.234,0.097,0.922,34,28,normal
1,tcp,telnet,SH,431,0,0,0,0,6,1,0,1,0,0,0,1,0,1,136,113,0.671,0.609,0.153,10,7,dos
0,tcp,imap,S0,659,1014,0,0,0,1,0,1,0,0,0,0,1,0,0,20,17,0.203,0.09,0.725,43,25,normal
28,icmp,ftp_data,S0,61,604,0,0,0,4,0,0,2,0,0,0,1,0,2,126,98,0.973,0.828,0.263,8,8,dos
3,udp,ftp,RSTR,518,130,0,0,0,2,0,1,0,0,0,1,1,0,0,24,13,0.042,0.494,0.604,33,32,normal
9,tcp,http,RSTR,30,12,0,0,0,6,1,0,1,0,0,1,0,0,2,128,119,0.98,0.889,0.067,11,11,u2r
32,udp,telnet,S0,78,11,0,0,0,4,0,0,2,0,0,0,0,0,1,101,123,0.773,0.874,0.265,17,15,dos
4,tcp,ftp,SF,205,308,0,0,0,0,0,1,0,0,0,0,0,0,1,27,13,0.387,0.284,0.73,36,21,normal
73,tcp,smtp,RSTO,132,0,0,0,0,6,1,0,3,0,0,1,0,0,0,131,113,0.973,0.785,0.187,12,8,probe
1,tcp,imap,SH,487,338,0,0,0,0,0,0,0,0,0,0,0,0,0,12,19,0.072,0.276,0.607,27,28,normal
8,icmp,dns,SH,39,153,0,0,0,7,0,0,3,0,0,2,1,0,1,133,108,0.917,0.781,0.135,15,8,dos
0,tcp,imap,SF,14,5,0,0,0,6,0,1,1,0,0,0,0,0,1,114,112,0.982,0.5,0.05,11,8,probe
3,udp,pop3,S0,1005,694,0,0,0,0,0,1,0,0,0,0,0,0,0,16,8,0.122,0.038,0.466,32,30,normal
2,tcp,telnet,SF,981,1265,0,0,0,0,0,1,0,0,0,0,0,0,0,17,9,0.206,0.333,0.767,25,28,normal
2,udp,ssh,REJ,483,108,0,0,0,2,0,1,0,0,0,0,0,0,0,17,14,0.129,0.462,0.724,36,20,normal
0,udp,dns,SF,548,429,0,0,0,0,0,1,0,0,0,0,0,0,0,19,14,0.108,0.012,0.935,38,26,normal
1,tcp,ftp_data,RSTR,729,396,0,0,0,0,0,1,0,0,0,0,0,0,0,17,15,0.023,0.061,0.8,38,25,normal
3,icmp,smtp,SF,298,559,0,0,0,2,0,1,0,0,0,0,0,0,0,14,12,0.268,0.109,0.876,35,26,normal
0,icmp,telnet,SH,975,442,0,0,0,1,0,1,0,0,0,1,0,0,0,22,16,0.141,0.181,0.557,41,20,normal
2,tcp,pop3,RSTO,127,55,0,0,0,0,0,0,0,0,0,0,0,0,1,13,14,0.04,0.328,0.858,38,22,normal
0,tcp,ftp_data,RSTR,445,252,0,0,0,0,0,0,1,0,0,0,0,0,0,24,23,0.004,0.169,0.527,40,14,normal
2,icmp,http,RSTO,351,543,0,0,0,1,0,1,0,0,0,1,0,0,0,20,16,0.166,0.04,0.498,39,29,normal
11,udp,ssh,SF,1200,1172,0,0,0,0,0,1,0,0,0,0,0,0,0,20,14,0.079,0.213,0.787,43,27,normal
17,tcp,ftp_data,REJ,447,235,0,0,0,9,0,0,1,0,0,3,0,0,0,132,119,0.897,0.892,0.15,17,9,dos
7,icmp,imap,RSTO,71,96,0,0,0,2,0,0,3,0,0,0,0,0,0,114,103,0.942,0.985,0.084,14,7,u2r
1,udp,ssh,RSTR,3197,613,0,0,0,3,0,0,0,0,0,0,0,0,0,23,13,0.276,0.257,0.856,34,20,normal
40,udp,imap,RSTR,75,12,0,0,0,4,2,0,1,0,0,1,0,0,0,106,125,0.847,0.97,0.086,7,10,probe
0,icmp,ftp,REJ,2571,94,0,0,0,1,0,1,0,0,0,0,0,0,1,27,12,0.058,0.256,0.827,43,31,normal
0,udp,telnet,RSTO,377,2855,0,0,0,2,0,1,0,0,0,0,1,0,0,24,23,0.16,0.191,0.967,33,29,normal
2,tcp,ftp_data,SF,225,469,0,0,0,0,0,1,0,0,0,1,0,0,0,22,8,0.192,0.079,0.683,34,18,normal
2,tcp,http,SH,383,474,0,0,0,2,0,1,0,0,0,0,0,0,0,14,20,0.344,0.299,0.71,34,24,normal
2,tcp,dns,RSTO,1333,1149,0,0,0,1,0,0,0,0,0,0,0,0,0,25,21,0.624,0.204,0.822,34,25,normal
15,icmp,imap,SF,157,61,0,0,0,6,0,0,0,0,0,2,1,0,0,131,110,0.912,0.535,0.035,16,15,dos
22,icmp,telnet,SF,29,24,0,0,0,6,0,0,0,0,0,0,1,0,4,115,112,0.769,0.141,0.157,9,13,u2r
0,icmp,http,SH,109,88,0,0,0,1,0,1,1,0,0,0,1,0,0,16,15,0.073,0.078,0.578,41,19,normal
16,udp,dns,RSTR,135,9,0,0,0,7,0,0,2,0,0,1,1,0,0,118,111,0.774,0.888,0.29,12,5,dos
0,udp,http,S0,106,4,0,0,0,7,2,0,3,0,0,1,1,0,1,111,110,0.948,0.93,0.131,11,14,dos
7,icmp,dns,SF,940,60,0,0,0,0,0,1,1,0,0,0,0,0,0,26,13,0.219,0.048,0.837,38,26,normal
9,tcp,telnet,S0,28,32,0,1,1,5,0,0,3,0,0,5,2,0,3,105,100,0.94,0.891,0.061,19,6,dos
3,udp,pop3,RSTO,261,1639,0,0,0,0,0,1,0,0,0,0,0,0,0,18,19,0.179,0.059,0.781,29,28,normal
2,udp,ssh,SH,382,510,0,0,0,0,0,1,0,0,0,0,0,0,1,18,11,0.037,0.172,0.776,32,23,normal
1,udp,imap,SF,591,1128,0,0,0,0,0,1,0,0,0,0,0,0,0,28,13,0.117,0.092,0.636,32,29,normal
20,udp,dns,RSTR,303,365,0,0,0,1,0,1,0,0,0,1,0,0,0,23,18,0.224,0.389,0.626,40,28,normal
2,tcp,pop3,SF,276,203,0,0,0,0,0,1,0,0,0,2,0,0,1,26,13,0.232,0.324,0.769,29,25,normal
29,tcp,smtp,REJ,90,577,0,0,0,2,2,0,1,0,0,1,2,0,0,123,100,0.738,0.728,0.157,13,11,dos
18,icmp,smtp,RSTO,4070,19,0,0,0,4,1,0,1,0,0,0,1,0,0,116,106,0.936,0.794,0.022,19,9,dos
0,udp,smtp,RSTR,456,2554,0,0,0,0,0,1,0,0,0,0,0,0,0,17,16,0.319,0.416,0.78,37,15,normal
17,icmp,pop3,S0,318,687,0,0,0,6,1,0,2,0,0,0,0,0,1,110,110,0.752,0.845,0.406,7,7,dos
0,icmp,ssh,RSTR,17,1046,0,0,0,0,0,1,0,0,0,0,0,0,0,15,14,0.332,0.244,0.768,39,32,normal
7,udp,pop3,S0,20,58,0,0,0,5,1,0,3,0,0,2,1,0,2,113,101,0.872,0.898,0.104,11,19,probe
15,udp,imap,S0,35,49,0,1,0,3,1,0,4,0,0,0,0,0,3,133,119,0.89,0.996,0.064,9,6,dos
0,tcp,ssh,RSTR,268,1144,0,0,0,1,0,1,1,0,0,0,0,0,1,15,18,0.156,0.131,0.932,28,13,normal
0,tcp,smtp,SH,1326,2636,0,0,0,3,0,1,0,0,0,0,0,0,0,21,15,0.154,0.272,0.522,45,22,normal
3,tcp,smtp,SH,1033,559,0,0,0,0,0,1,0,0,0,1,0,0,0,27,12,0.123,0.088,0.793,39,26,normal
2,udp,telnet,REJ,283,42,0,0,0,7,1,1,1,0,0,0,1,0,1,130,98,0.822,0.898,0.027,14,7,dos
3,udp,ftp_data,S0,3431,64,0,0,0,0,0,1,0,0,0,0,0,0,0,24,13,0.035,0.002,0.83,36,20,normal
4,icmp,smtp,RSTR,1530,190,0,0,0,0,0,1,0,0,0,0,0,0,0,16,9,0.055,0.212,0.874,40,25,normal
0,tcp,http,SH,989,168,0,0,0,1,0,1,0,0,0,0,0,0,0,13,15,0.131,0.005,0.78,33,17,normal
12,udp,smtp,S0,16,179,0,0,1,6,0,0,3,0,0,0,2,0,0,120,123,0.966,0.837,0.138,13,7,probe
6,tcp,imap,REJ,412,261,0,0,0,2,0,1,1,0,0,0,1,0,0,23,18,0.103,0.32,0.956,33,24,normal
61,udp,ftp_data,S0,35,214,0,0,0,6,1,0,1,0,0,0,2,0,0,122,100,0.891,0.62,0.036,15,18,probe
0,tcp,ftp_data,REJ,3877,9,0,0,0,3,0,0,0,0,0,0,0,0,2,97,120,0.811,0.901,0.53,12,13,probe
8,udp,imap,RSTO,792,80,0,0,0,0,0,0,0,0,0,2,0,0,0,34,12,0.19,0.421,0.899,34,17,normal
17,tcp,ftp,SF,219,60,0,0,0,2,1,0,4,0,0,1,0,0,2,114,121,0.898,0.796,0.218,8,10,dos
43,udp,telnet,RSTO,100,120,0,0,0,5,0,0,1,0,0,0,0,0,0,123,126,0.976,0.901,0.461,5,5,dos
5,udp,dns,RSTR,700,91,0,0,0,1,0,1,0,0,0,0,0,0,0,20,24,0.0,0.225,0.854,39,24,normal
6,icmp,ftp_data,REJ,208,726,0,0,0,4,0,0,4,0,0,2,1,0,0,131,90,0.7,0.669,0.077,15,5,dos
0,udp,pop3,REJ,483,723,0,0,0,0,0,1,1,0,0,1,0,0,0,16,14,0.194,0.049,0.941,43,17,normal
34,icmp,pop3,REJ,175,17,0,0,0,5,0,0,0,0,0,2,2,0,1,122,124,0.983,0.789,0.128,12,11,dos
5,udp,dns,RSTO,22,206,0,0,0,5,0,1,3,0,1,0,1,0,0,130,125,0.731,0.459,0.604,13,14,dos
4,tcp,smtp,SH,863,94,0,0,0,6,0,1,3,1,0,0,0,0,0,112,107,0.688,0.89,0.613,13,12,dos
29,icmp,ssh,RSTR,184,6,0,0,0,9,1,0,3,0,1,2,0,0,1,116,110,0.768,0.601,0.491,11,14,probe
10,udp,http,RSTO,291,2,0,0,0,1,0,0,1,0,0,1,0,0,0,100,110,0.729,0.809,0.369,11,6,r2l
0,udp,imap,S0,389,184,0,0,0,0,0,0,0,0,0,0,0,0,0,18,18,0.311,0.042,0.738,46,16,normal
3,udp,ftp,RSTO,3397,464,0,0,0,0,0,1,1,0,0,0,0,0,0,20,23,0.039,0.328,0.672,29,23,normal
5,icmp,ftp,S0,50,26,0,1,0,9,1,0,2,0,0,0,2,0,0,143,110,0.863,0.731,0.02,10,6,dos
3,icmp,http,RSTO,161,42,0,0,0,3,0,1,3,0,0,1,0,0,1,109,111,0.898,0.857,0.249,15,16,r2l
12,icmp,ssh,RSTR,394,78,0,0,0,3,1,0,2,0,0,1,0,0,0,139,107,0.878,0.899,0.175,16,6,dos
2,udp,ftp_data,RSTO,332,609,0,0,0,3,0,1,0,0,0,1,0,0,0,12,8,0.248,0.062,0.722,40,24,normal
5,icmp,ftp,RSTR,334,46,0,0,0,0,0,1,1,0,0,0,0,0,0,19,20,0.134,0.196,0.751,35,27,normal
4,tcp,imap,SH,5996,349,0,0,0,1,0,1,0,0,0,1,0,0,0,17,14,0.124,0.09,0.766,29,20,normal
4,udp,ftp,SF,39,98,0,0,0,5,0,1,1,0,0,0,2,0,1,100,108,0.987,0.841,0.065,13,15,r2l
4,tcp,smtp,RSTO,153,535,0,0,0,1,0,1,0,0,0,1,0,0,0,25,16,0.232,0.015,0.853,33,25,normal
8,tcp,pop3,S0,57,77,0,0,0,5,2,0,2,0,0,1,2,0,0,118,125,0.901,0.922,0.205,11,11,r2l
13,icmp,http,S0,21,18,0,0,0,7,0,0,2,0,0,0,0,0,0,101,96,0.861,0.913,0.387,10,15,dos
0,udp,telnet,RSTR,730,1606,0,0,0,1,0,1,0,0,0,0,0,0,0,11,13,0.18,0.062,0.702,38,24,normal
4,udp,imap,SF,618,654,0,0,0,0,0,1,0,0,0,0,0,0,0,18,17,0.308,0.243,0.897,31,28,normal
3,icmp,dns,RSTO,113,581,0,0,0,2,0,0,0,0,0,0,0,0,0,17,20,0.129,0.174,0.513,39,23,normal
3,udp,smtp,SF,14,91,0,0,0,11,0,1,5,0,0,2,1,0,0,120,99,0.769,0.733,0.484,7,6,probe
2,udp,dns,SF,552,190,0,0,0,2,0,1,0,0,0,0,0,0,0,16,18,0.776,0.423,0.929,28,28,normal
0,udp,ftp,RSTO,423,296,0,0,0,4,0,0,0,0,0,0,0,0,0,24,13,0.057,0.098,0.61,39,16,normal
1,tcp,ftp,RSTR,283,1175,0,0,0,1,0,1,0,0,0,0,0,0,0,20,14,0.069,0.034,0.804,32,23,normal
0,tcp,ssh,SF,246,44,0,0,0,0,0,1,0,0,0,0,0,0,0,14,16,0.007,0.048,0.787,37,29,normal
10,tcp,ssh,RSTO,802,8,0,0,0,1,0,0,2,0,0,0,1,0,0,118,110,0.726,0.793,0.014,10,14,dos
2,tcp,imap,SF,21,15,0,0,0,7,0,0,0,0,0,1,0,0,1,122,106,0.658,0.844,0.325,16,10,r2l
5,udp,ftp,REJ,196,58,0,0,0,2,0,0,2,0,0,1,1,0,0,114,107,0.684,0.967,0.156,16,12,dos
11,tcp,ftp_data,S0,14,6,0,0,0,6,0,0,3,0,0,2,0,0,1,131,84,0.609,0.579,0.3,12,14,r2l
2,tcp,dns,REJ,92,20,0,0,0,6,0,0,2,0,0,0,1,0,0,108,124,0.761,0.882,0.25,11,9,dos
22,icmp,ftp,RSTO,335,26,0,0,0,5,0,0,4,0,0,1,2,0,0,124,116,0.9,0.931,0.299,9,12,dos
1,tcp,ftp,SF,833,650,0,0,0,1,0,1,0,0,0,0,0,0,0,27,12,0.423,0.259,0.576,38,28,normal
13,udp,pop3,SF,109,94,0,1,0,4,0,0,2,0,0,1,0,0,0,134,101,0.76,0.795,0.114,9,14,u2r
0,udp,pop3,REJ,153,285,0,0,0,2,0,1,0,0,0,0,0,0,0,16,7,0.013,0.107,0.648,43,33,normal
0,icmp,imap,SF,745,1473,0,0,0,0,0,1,0,0,0,0,0,0,0,27,10,0.097,0.223,0.226,30,23,normal
12,tcp,smtp,SF,100,76,0,0,0,3,0,0,2,0,0,3,2,0,0,113,99,0.451,0.916,0.014,8,7,probe
0,icmp,ftp,REJ,395,2658,0,0,0,1,0,0,0,0,0,0,0,0,0,22,18,0.11,0.208,0.531,28,33,normal
1,tcp,dns,S0,370,556,0,0,0,0,0,0,0,0,0,1,1,0,0,22,17,0.093,0.372,0.726,32,21,normal
2,tcp,dns,SH,85,245,0,0,0,2,0,1,0,0,0,0,0,0,0,14,15,0.118,0.106,0.976,31,23,normal
2,icmp,imap,SH,34,112,1,1,0,6,1,0,3,0,0,2,0,0,1,117,120,0.493,0.802,0.213,17,12,dos
1,udp,smtp,SH,532,609,0,0,0,0,0,1,0,0,0,0,0,0,0,15,18,0.259,0.143,0.905,31,35,normal
2,tcp,pop3,RSTR,156,999,0,0,0,0,0,1,0,0,0,0,0,0,0,25,14,0.081,0.093,0.995,33,24,normal
5,tcp,imap,SH,58,298,0,0,0,6,0,0,1,0,0,1,0,0,0,103,109,0.965,0.951,0.029,11,13,r2l
0,tcp,http,S0,371,259,0,0,0,3,0,0,0,0,0,0,0,0,0,28,19,0.286,0.121,0.865,37,23,normal
7,udp,ftp,RSTR,1052,1049,0,0,0,1,0,1,0,0,0,0,0,0,0,17,16,0.068,0.025,0.939,37,11,normal
10,icmp,imap,REJ,17,1145,0,0,1,6,1,0,6,0,0,3,1,0,0,112,99,0.8,0.718,0.177,13,11,probe
0,udp,ftp_data,SH,1121,675,0,0,0,2,0,1,0,0,0,1,0,0,1,23,16,0.356,0.286,0.453,39,28,normal
74,udp,ftp,SF,203,9,0,0,0,6,0,0,1,0,0,0,0,0,1,108,115,0.569,0.874,0.011,10,6,probe
0,udp,ssh,S0,822,2004,0,0,0,1,0,1,0,0,0,2,0,0,0,19,16,0.068,0.149,0.844,38,28,normal
17,udp,pop3,SH,281,55,0,0,0,5,0,0,2,0,0,1,0,1,1,106,122,0.753,0.93,0.353,15,7,probe
11,udp,imap,SH,5,108,0,0,0,4,0,1,2,0,0,0,1,0,0,121,112,0.943,0.945,0.322,6,6,r2l
0,udp,smtp,SF,326,105,0,0,0,1,0,0,0,0,0,0,0,0,0,15,20,0.034,0.019,0.831,39,25,normal
3,icmp,ftp,REJ,48,489,0,0,0,2,0,1,0,0,0,0,0,0,0,18,12,0.068,0.108,0.645,38,35,normal
1,tcp,telnet,REJ,2007,171,0,0,0,0,0,1,0,0,0,0,1,0,0,25,11,0.059,0.318,0.826,28,23,normal
8,udp,telnet,RSTO,1293,2,0,0,0,2,0,0,1,0,0,0,1,0,0,134,97,0.889,0.98,0.345,12,14,dos
1,udp,smtp,RSTR,87,443,0,0,0,1,0,0,0,0,0,0,0,0,0,17,17,0.052,0.039,0.662,35,19,normal
12,icmp,http,SH,289,923,0,0,0,4,0,0,0,0,0,2,2,0,1,105,112,0.862,0.933,0.161,11,10,dos
7,udp,pop3,RSTO,411,1,0,0,0,3,0,0,1,0,0,0,4,0,1,120,116,0.953,0.876,0.188,9,18,r2l
1,tcp,pop3,REJ,172,627,0,0,0,2,0,0,2,0,0,0,0,0,0,26,14,0.061,0.068,0.484,25,32,normal
7,udp,ssh,RSTO,418,99,0,0,0,0,0,1,0,0,0,0,0,0,1,22,16,0.148,0.003,0.7,22,29,normal
5,icmp,telnet,SF,49,26,0,0,0,5,3,0,4,0,0,1,0,0,0,132,120,0.951,0.756,0.567,14,10,r2l
3,udp,ftp_data,S0,44,0,0,0,0,2,1,0,6,0,0,2,1,0,0,128,105,0.957,0.772,0.114,5,11,dos
3,tcp,telnet,REJ,283,0,0,0,0,7,0,1,1,0,0,0,1,0,0,123,118,0.975,0.829,0.118,16,8,probe
4,tcp,pop3,RSTR,820,1,0,0,0,5,1,0,1,0,0,1,1,0,1,144,102,0.948,0.665,0.085,10,13,dos
25,tcp,ftp,REJ,973,1,0,0,0,2,1,0,1,0,0,0,2,0,1,116,100,0.558,0.909,0.01,21,8,dos
24,udp,ftp,RSTR,55,2,0,0,0,5,0,1,4,0,0,0,0,0,1,129,101,0.907,0.911,0.145,18,4,probe
17,icmp,imap,SF,44,23,0,0,0,3,0,0,0,0,0,0,0,0,0,125,112,0.829,0.91,0.208,15,5,dos
1,icmp,ssh,SH,408,133,0,0,0,0,0,1,0,0,0,0,0,0,0,21,18,0.215,0.179,0.89,31,31,normal
3,tcp,smtp,RSTR,161,21,0,0,0,7,2,0,2,0,0,2,0,0,0,126,114,0.963,0.654,0.036,14,13,dos
1,udp,ftp_data,REJ,1455,49,0,0,0,1,0,1,0,0,0,0,0,0,0,23,11,0.106,0.034,0.405,36,24,normal
32,tcp,ftp,RSTR,253,4,0,0,0,4,2,0,1,0,0,0,0,0,0,117,106,0.763,0.649,0.1,9,12,dos
3,udp,ftp_data,RSTO,411,784,0,0,0,2,0,1,0,0,0,0,0,0,0,17,19,0.421,0.002,0.728,36,26,normal
66,icmp,smtp,RSTR,626,19,0,1,0,6,2,1,4,0,0,0,1,0,2,129,122,0.847,0.937,0.023,19,13,dos
0,tcp,ftp,S0,871,245,0,0,0,1,0,1,0,0,0,0,0,0,0,20,19,0.531,0.151,0.791,34,28,normal
7,udp,smtp,SH,204,126,0,0,0,1,0,1,0,0,0,0,0,0,0,28,14,0.394,0.374,0.785,38,21,normal
5,icmp,ftp,RSTR,798,588,0,0,0,4,0,1,0,0,0,0,0,0,1,26,14,0.111,0.167,0.863,35,15,normal
0,udp,ssh,SF,136,29,0,0,0,6,1,0,1,0,0,0,0,0,0,137,125,0.849,0.762,0.113,14,9,probe
5,udp,ftp,SH,65,19,0,0,0,5,0,0,2,0,0,1,0,0,1,125,135,0.596,0.911,0.082,13,9,dos
0,udp,ssh,SH,172,112,0,0,0,0,0,1,0,0,0,0,0,0,0,22,11,0.089,0.297,0.907,45,25,normal
1,tcp,ftp_data,RSTO,165,513,0,0,0,0,0,0,0,0,0,0,0,0,0,26,19,0.353,0.338,0.625,33,29,normal
5,udp,imap,RSTO,954,2254,0,0,0,0,0,1,0,0,0,0,0,0,0,21,18,0.022,0.209,0.711,33,29,normal
1,tcp,http,S0,187,1163,0,0,0,2,0,1,0,0,0,0,0,0,0,14,11,0.179,0.284,0.698,39,21,normal
3,tcp,ftp_data,RSTR,337,417,0,0,0,0,0,1,0,0,0,0,0,0,0,12,16,0.27,0.506,0.83,32,26,normal
0,udp,ssh,RSTO,275,912,0,0,0,0,0,1,0,0,0,0,0,0,0,22,16,0.193,0.036,0.672,34,34,normal
25,udp,imap,S0,22,211,0,0,0,2,1,0,0,0,0,2,0,0,0,140,106,0.384,0.632,0.367,13,10,r2l
1,udp,ftp,SH,1962,86,0,0,0,1,0,0,0,0,0,0,0,0,0,18,12,0.217,0.517,0.954,33,28,normal
17,udp,ftp_data,REJ,39,114,0,0,0,4,0,0,3,0,0,0,0,0,1,112,109,0.969,0.975,0.112,13,13,dos
4,icmp,pop3,S0,943,1053,0,0,0,0,0,0,0,0,0,0,0,0,0,23,22,0.021,0.404,0.603,33,28,normal
6,tcp,http,RSTR,37,28,0,0,0,4,0,0,1,0,0,1,0,0,1,99,113,0.956,0.783,0.285,7,12,r2l
1,udp,dns,SH,150,458,0,0,0,1,0,1,1,0,0,0,0,0,0,16,12,0.011,0.094,0.931,29,30,normal
20,icmp,ftp_data,RSTR,312,0,0,0,0,4,1,0,3,0,0,1,1,0,0,138,109,0.849,0.698,0.295,15,10,probe
6,tcp,http,RSTO,2766,488,0,0,0,2,0,1,0,0,0,0,0,0,0,23,13,0.039,0.029,0.775,23,36,normal
3,udp,imap,SF,177,34,0,0,0,2,0,0,0,0,0,1,2,0,0,122,103,0.632,0.991,0.393,6,13,dos
0,tcp,telnet,S0,7,14,0,0,0,6,0,0,1,0,0,0,0,0,2,127,114,0.992,0.868,0.072,15,12,u2r
1,icmp,smtp,RSTR,1214,366,0,0,0,0,0,1,1,0,0,0,1,0,0,17,20,0.031,0.066,0.944,49,25,normal
0,icmp,http,SH,195,107,0,0,0,1,0,1,0,0,0,0,0,0,0,19,14,0.253,0.05,0.631,33,28,normal
8,icmp,dns,SF,173,2,0,0,0,9,0,0,4,0,0,2,1,0,1,107,116,0.85,0.938,0.114,14,11,dos
3,tcp,ftp_data,SH,439,496,0,0,0,1,0,1,1,0,0,0,0,0,0,22,16,0.089,0.236,0.651,39,20,normal
67,udp,ftp_data,RSTO,85,26,0,0,0,4,0,0,1,0,0,1,1,0,1,120,102,0.951,0.922,0.218,11,4,dos
1,tcp,smtp,REJ,88,18,0,0,0,5,1,0,1,0,0,1,0,1,0,112,114,0.929,0.814,0.125,11,12,dos
8,tcp,imap,S0,352,112,0,0,0,0,0,0,1,0,0,0,0,0,0,21,14,0.12,0.087,0.666,34,20,normal
2,tcp,ssh,RSTR,188,94,0,0,0,10,1,1,2,0,0,0,0,0,0,122,103,0.769,0.855,0.026,13,14,probe
2,tcp,ssh,SF,330,572,0,0,0,0,0,0,0,0,0,0,2,0,0,19,17,0.029,0.102,0.828,37,13,normal
0,icmp,pop3,REJ,412,545,0,0,0,1,0,1,0,0,0,0,1,0,0,23,18,0.024,0.135,0.782,39,24,normal
0,tcp,ftp,S0,946,172,0,0,0,1,0,1,0,0,0,0,0,0,0,22,13,0.018,0.216,0.639,34,26,normal
2,udp,imap,S0,643,116,0,0,0,1,0,1,0,0,0,0,0,0,0,18,17,0.311,0.049,0.902,34,25,normal
3,icmp,smtp,S0,233,331,0,0,0,2,0,1,1,0,0,0,0,0,0,20,17,0.052,0.029,0.31,30,19,normal
14,tcp,imap,SH,3,5,0,0,0,10,1,0,5,0,0,1,1,0,0,121,114,0.835,0.961,0.074,5,11,dos
2,tcp,dns,RSTO,786,129,0,0,0,0,0,0,0,0,0,0,0,0,0,25,8,0.105,0.004,0.736,36,37,normal
10,udp,imap,SF,74,6,0,0,0,8,0,0,4,0,0,1,1,0,0,119,106,0.935,0.71,0.216,8,8,dos
0,udp,ftp,REJ,1292,418,0,0,0,2,0,1,0,0,0,0,0,0,0,24,10,0.122,0.019,0.646,46,26,normal
2,udp,ftp_data,RSTO,168,30,0,0,0,0,0,1,0,0,0,0,0,0,0,11,20,0.153,0.347,0.753,35,19,normal
3,tcp,ftp_data,REJ,744,294,0,0,0,0,0,1,0,0,0,0,1,0,0,15,17,0.138,0.03,0.536,34,23,normal
20,icmp,http,REJ,11,56,0,0,0,8,1,1,0,0,0,0,3,0,2,105,107,0.977,0.617,0.083,12,11,probe
22,udp,imap,RSTR,11,5,1,0,0,6,0,0,1,0,0,1,0,0,1,119,110,0.914,0.793,0.061,16,10,dos
17,tcp,pop3,S0,209,72,0,0,0,4,0,0,2,0,0,0,1,0,0,110,113,0.74,0.919,0.225,9,10,dos
6,tcp,http,RSTO,65,61,0,0,0,6,0,0,3,0,0,1,1,0,0,121,107,0.957,0.834,0.114,16,16,dos
12,tcp,pop3,S0,163,121,0,0,0,8,2,0,7,0,0,0,0,0,0,125,105,0.993,0.97,0.272,20,9,probe
0,udp,imap,SH,144,378,0,0,0,0,0,1,0,0,0,0,0,0,1,19,21,0.219,0.104,0.464,27,27,normal
14,udp,imap,REJ,90,40,0,0,1,7,0,0,5,0,0,0,1,0,1,124,118,0.949,0.888,0.395,17,11,dos
1,udp,smtp,RSTR,875,1517,0,0,0,1,0,1,0,0,0,1,0,0,0,17,11,0.216,0.004,0.92,36,26,normal
3,tcp,http,RSTR,72,26,0,0,0,3,2,0,2,0,0,0,1,0,0,108,103,0.851,0.901,0.116,17,14,r2l
27,tcp,dns,RSTR,43,55,0,0,0,3,2,0,1,0,0,1,0,0,0,114,136,0.823,0.84,0.12,12,14,dos
1,icmp,telnet,S0,481,314,0,0,0,1,0,0,1,0,0,0,0,0,0,26,10,0.193,0.128,0.886,43,42,normal
3,udp,telnet,REJ,1050,908,0,0,0,1,0,1,0,0,0,0,0,0,0,22,18,0.134,0.371,0.71,28,25,normal
1,icmp,http,REJ,292,2097,0,0,0,0,0,1,0,0,0,0,0,0,0,25,8,0.267,0.195,0.9,37,28,normal
7,icmp,telnet,SF,1645,747,0,0,0,1,0,1,2,0,0,0,0,0,0,19,19,0.013,0.03,0.832,33,22,normal
0,icmp,dns,S0,198,172,0,0,0,1,0,1,0,0,0,0,0,0,0,11,10,0.055,0.115,0.446,44,25,normal
2,icmp,telnet,RSTR,63,284,0,0,0,1,0,1,0,0,0,0,0,0,0,15,14,0.056,0.027,0.945,27,27,normal
2,icmp,imap,SF,608,842,0,0,0,2,0,1,0,0,0,0,0,0,0,23,16,0.104,0.492,0.866,31,21,normal
6,udp,telnet,SF,97,117,0,0,0,5,0,1,2,0,0,0,0,0,0,121,105,0.658,0.899,0.407,10,12,probe
1,udp,ssh,REJ,162,260,0,0,0,2,0,1,0,0,0,0,0,0,0,15,14,0.678,0.238,0.953,37,20,normal
1,tcp,ssh,SF,240,235,0,0,0,0,0,1,0,0,0,0,0,0,0,21,16,0.394,0.06,0.708,30,21,normal
5,udp,ftp,SF,24,119,0,0,0,6,1,0,2,0,0,0,0,0,2,120,100,0.984,0.681,0.539,12,10,dos
4,udp,pop3,RSTO,728,171,0,0,0,1,0,1,1,0,0,0,0,0,0,22,22,0.004,0.293,0.8,46,25,normal
0,icmp,pop3,RSTR,374,267,0,0,0,2,0,1,1,0,0,0,0,0,0,19,11,0.008,0.026,0.766,35,32,normal
15,icmp,ftp_data,RSTO,945,44,0,0,0,2,3,0,0,0,0,1,0,0,0,115,122,0.902,0.806,0.204,16,9,probe
2,udp,telnet,RSTR,85,7,0,0,1,6,0,0,1,0,0,1,2,0,0,115,111,0.922,0.826,0.036,9,8,dos
0,tcp,pop3,RSTO,343,123,0,0,0,0,0,0,0,0,0,0,0,0,1,18,16,0.214,0.107,0.862,29,30,normal
2,tcp,pop3,SH,598,168,0,0,0,3,0,1,1,0,0,0,0,0,0,18,13,0.122,0.058,0.625,26,20,normal
4,udp,telnet,SF,777,521,0,0,0,2,0,1,1,0,0,0,0,0,0,24,10,0.305,0.01,0.928,33,23,normal
14,tcp,smtp,S0,51,17,0,0,0,9,3,0,3,0,0,1,0,0,1,127,99,0.778,0.945,0.209,13,6,r2l
5,udp,ftp_data,SF,952,391,0,0,0,2,0,1,0,0,0,0,1,0,1,24,19,0.136,0.034,0.749,40,27,normal
17,tcp,telnet,SH,3,70,0,0,0,5,1,0,0,0,0,0,0,0,0,119,126,0.841,0.88,0.333,10,10,probe
1,tcp,ftp,RSTR,163,1064,0,0,0,1,0,1,0,0,0,0,0,0,0,21,15,0.078,0.119,0.705,27,28,normal
0,icmp,dns,RSTR,558,731,0,0,0,0,0,0,0,0,0,1,0,0,0,21,21,0.048,0.179,0.882,42,40,normal
0,tcp,ftp_data,S0,546,816,0,0,0,0,0,1,1,0,0,0,0,0,0,17,13,0.178,0.132,0.897,33,26,normal
7,tcp,smtp,RSTO,2393,1588,0,0,0,2,0,1,0,0,0,0,0,0,0,22,11,0.208,0.015,0.817,38,19,normal
11,udp,smtp,RSTR,31,2,0,0,0,7,2,0,2,0,0,1,0,0,1,119,112,0.661,0.702,0.433,10,6,dos
25,icmp,imap,RSTR,63,295,0,0,0,5,1,0,2,0,0,0,1,0,0,121,121,0.956,0.856,0.15,8,7,probe
3,tcp,ftp_data,RSTO,871,174,0,0,0,1,0,1,0,0,0,0,0,0,1,24,11,0.097,0.064,0.9,25,23,normal
5,tcp,imap,SF,1380,312,0,0,0,1,0,1,0,0,0,0,0,0,0,23,8,0.04,0.154,0.414,44,24,normal
38,icmp,pop3,RSTR,9,375,0,0,0,5,1,0,5,0,0,1,1,0,0,111,97,0.594,0.905,0.11,7,6,dos
3,udp,ftp_data,SH,339,883,0,0,0,1,0,0,1,0,0,1,0,0,0,14,17,0.058,0.067,0.995,34,25,normal
3,icmp,http,SF,368,102,0,0,0,0,0,0,0,0,0,0,0,0,0,14,12,0.082,0.169,0.992,21,26,normal
1,udp,http,RSTR,444,135,0,0,0,1,0,0,0,0,0,0,0,0,1,23,20,0.007,0.237,0.96,39,26,normal
0,udp,ftp_data,RSTR,1468,244,0,0,0,1,0,1,0,0,0,0,0,0,0,25,18,0.056,0.063,0.616,38,22,normal
22,tcp,http,SH,177,486,0,0,0,7,2,0,4,0,0,0,1,0,0,126,121,0.993,0.89,0.115,13,17,dos
39,icmp,smtp,S0,942,2,0,0,0,3,1,0,1,0,0,3,1,0,0,110,121,0.639,0.763,0.12,12,15,probe
3,icmp,imap,RSTO,35,5,0,0,0,3,0,1,2,0,0,2,1,0,1,122,99,0.683,0.933,0.308,13,5,probe
1,tcp,ftp,RSTR,62,4,0,0,0,8,1,0,5,0,0,1,2,0,0,119,119,0.808,0.962,0.213,12,11,dos
34,tcp,ssh,SF,314,86,0,0,0,3,1,1,1,0,0,1,0,0,1,118,110,0.919,0.927,0.078,14,9,dos
3,udp,http,RSTO,2721,45,0,0,0,0,0,1,0,0,0,0,0,0,0,24,14,0.089,0.207,0.585,22,30,normal
11,tcp,telnet,REJ,42,2020,0,0,0,2,1,0,0,0,0,1,0,0,0,131,100,0.708,0.884,0.076,10,5,dos
0,icmp,smtp,SF,877,140,0,0,0,2,0,1,0,0,0,0,0,0,0,14,20,0.088,0.068,0.805,36,27,normal
3,udp,ftp_data,RSTR,39,13,0,1,0,5,1,0,3,0,0,0,2,0,1,131,102,0.908,0.966,0.167,10,11,dos
0,tcp,smtp,SH,10,39,0,0,0,8,1,0,3,1,0,0,0,0,1,106,120,0.978,0.625,0.028,16,15,dos
1,icmp,http,S0,33,404,0,0,0,6,1,1,0,0,0,1,0,0,1,99,110,0.771,0.804,0.296,18,11,r2l
0,icmp,ssh,SF,867,339,0,0,0,1,0,1,0,0,0,0,0,0,0,15,13,0.084,0.117,0.951,36,19,normal
1,tcp,ftp_data,SH,61,9,0,0,0,3,0,0,2,0,0,1,0,0,0,99,114,0.609,0.337,0.218,15,5,probe
1,icmp,ssh,SF,189,17,0,0,0,5,0,0,1,0,0,0,3,0,0,114,115,0.742,0.884,0.265,13,9,probe
24,icmp,dns,S0,28,8,0,0,0,4,1,0,1,0,0,0,1,0,1,114,135,0.764,0.804,0.104,14,9,dos
10,tcp,ftp_data,REJ,75,263,0,0,0,7,1,0,1,0,0,2,0,0,0,121,122,0.759,0.806,0.002,9,8,probe
0,tcp,imap,S0,686,194,0,0,0,1,0,1,0,0,0,0,1,0,0,20,15,0.239,0.138,0.912,37,21,normal
1,tcp,telnet,SF,136,728,0,0,0,0,0,1,1,0,0,0,0,0,0,20,18,0.253,0.181,0.851,37,35,normal
1,tcp,ftp,SH,4828,313,0,0,0,2,0,1,1,0,0,1,0,0,0,15,18,0.039,0.094,0.672,32,24,normal
11,icmp,ftp,SH,225,19,0,0,0,9,0,0,0,0,0,2,1,0,0,116,112,0.625,0.551,0.1,12,7,dos
2,udp,smtp,SH,157,186,0,0,0,1,0,0,0,0,0,0,0,0,0,24,20,0.037,0.048,0.889,38,24,normal
0,icmp,dns,RSTO,474,1071,0,0,0,0,0,1,0,0,0,0,0,0,0,21,15,0.134,0.378,0.832,29,26,normal
7,tcp,smtp,SF,708,156,1,0,0,4,1,0,0,0,0,0,0,0,0,124,117,0.984,0.904,0.36,12,14,probe
0,udp,http,SH,1357,3985,0,0,0,0,0,1,0,0,0,0,0,0,0,12,13,0.065,0.07,0.679,30,22,normal
7,icmp,ssh,SF,1021,10,0,0,0,2,0,0,1,0,0,0,1,0,2,111,112,0.554,0.835,0.145,5,9,dos
1,tcp,http,S0,199,124,0,0,0,2,0,1,0,0,0,1,0,0,0,17,14,0.171,0.134,0.808,23,23,normal
2,tcp,telnet,RSTO,166,289,0,0,0,1,0,1,0,0,0,0,0,0,0,24,22,0.161,0.103,0.682,28,31,normal
1,icmp,pop3,SF,5497,1011,0,0,0,3,0,1,0,0,0,0,0,0,0,27,5,0.359,0.277,0.819,41,18,normal
0,tcp,ssh,S0,613,103,0,0,0,0,0,1,0,0,0,1,1,0,0,21,15,0.2,0.026,0.937,42,36,normal
2,tcp,ftp_data,SH,344,1130,0,0,0,2,0,1,0,0,0,0,0,0,0,25,6,0.263,0.203,0.525,40,29,normal
6,tcp,imap,RSTO,14,1109,0,0,0,1,0,1,0,0,0,2,0,0,0,13,15,0.239,0.082,0.768,43,22,normal
2,icmp,smtp,SF,6762,461,0,0,0,1,0,1,0,0,0,0,0,0,0,23,11,0.214,0.024,0.938,31,24,normal
1,udp,smtp,RSTR,1027,316,0,0,0,2,0,0,0,0,0,0,0,0,1,14,9,0.06,0.005,0.786,40,20,normal
8,tcp,ssh,SH,367,18,0,0,0,5,2,0,2,0,0,2,1,0,1,105,112,0.722,0.65,0.055,10,17,r2l
2,udp,ftp_data,S0,305,1826,0,0,0,2,0,1,0,0,0,0,0,0,0,21,23,0.065,0.116,0.859,24,30,normal
7,tcp,ftp,RSTR,640,2762,0,0,0,0,0,1,0,0,0,0,0,0,0,27,12,0.513,0.121,0.898,36,23,normal
3,icmp,dns,S0,57,344,0,0,0,0,0,1,0,0,0,0,0,0,0,22,13,0.125,0.425,0.434,47,19,normal
1,tcp,imap,REJ,74,363,0,0,0,0,0,1,0,0,0,0,0,0,0,23,15,0.092,0.124,0.422,34,19,normal
4,tcp,imap,SF,719,104,0,0,0,2,0,1,0,0,0,0,0,0,0,16,16,0.099,0.414,0.601,20,20,normal
2,icmp,ssh,RSTR,392,44,0,0,0,1,0,0,0,0,0,0,0,0,0,26,16,0.016,0.305,0.797,40,26,normal
5,udp,ftp_data,SF,2161,468,0,0,0,0,0,0,1,0,0,0,0,0,1,26,22,0.122,0.044,0.895,26,17,normal
18,tcp,telnet,S0,191,26,0,0,0,4,0,0,2,0,0,1,2,0,0,126,98,0.844,0.906,0.093,17,14,probe
5,udp,ssh,REJ,536,539,0,0,0,1,0,1,0,0,0,0,0,0,0,18,11,0.224,0.03,0.571,34,28,normal
1,tcp,imap,RSTR,173,317,0,0,0,1,0,1,0,0,0,1,0,0,0,22,17,0.112,0.177,0.888,35,27,normal
4,icmp,telnet,RSTR,531,393,0,0,0,0,0,1,0,0,0,0,0,0,0,14,25,0.061,0.238,0.633,37,22,normal
1,tcp,dns,RSTO,1699,536,0,0,0,0,0,0,0,0,0,0,0,0,1,22,12,0.266,0.283,0.936,37,18,normal
1,icmp,ftp,RSTR,19,0,0,0,0,6,0,0,4,0,0,1,1,0,0,114,98,0.892,0.8,0.193,13,10,dos
1,udp,http,SH,342,18,0,0,0,7,2,0,6,0,0,2,1,0,0,117,115,0.794,0.756,0.136,15,8,dos
0,icmp,ssh,SF,840,486,0,0,0,0,0,1,0,0,0,0,0,0,0,23,11,0.359,0.148,0.441,51,28,normal
1,icmp,dns,RSTR,1586,218,0,0,0,1,0,1,0,0,0,0,0,0,0,20,19,0.476,0.102,0.742,38,21,normal
11,tcp,ftp,RSTO,36,1,0,0,0,5,1,1,1,0,0,0,0,0,1,132,99,0.99,0.756,0.079,5,8,probe
8,icmp,imap,RSTR,42,7337,0,0,0,5,2,0,3,0,0,0,1,0,2,129,97,0.953,0.902,0.147,16,7,dos
1,udp,ftp,REJ,1164,72,0,0,0,0,0,1,0,0,0,0,1,0,0,29,11,0.136,0.085,0.854,31,22,normal
13,tcp,dns,RSTO,130,111,0,0,0,4,0,1,0,0,0,0,2,0,1,124,108,0.986,0.708,0.224,13,9,dos
27,tcp,ftp_data,RSTO,70,31,0,0,0,10,1,0,0,0,0,2,2,0,1,107,107,0.843,0.98,0.123,12,15,r2l
0,icmp,ssh,SF,423,802,0,0,0,1,0,1,0,0,0,0,0,0,0,9,21,0.235,0.028,0.676,33,27,normal
0,icmp,ssh,SF,507,405,0,0,0,3,0,1,0,0,0,0,0,0,0,17,15,0.071,0.105,0.862,36,27,normal
15,udp,pop3,REJ,638,32,0,0,0,6,1,0,3,0,0,1,2,1,1,131,126,0.967,0.821,0.352,16,13,r2l
0,icmp,pop3,RSTR,332,593,0,0,0,1,0,1,0,0,0,1,0,0,0,24,14,0.044,0.033,0.756,36,27,normal
74,icmp,telnet,SF,414,9,0,0,0,9,0,0,3,0,0,1,1,1,1,114,133,0.758,0.978,0.268,13,8,probe
0,udp,smtp,SF,1446,256,0,0,0,2,0,0,0,0,0,0,0,0,0,20,12,0.315,0.06,0.743,35,22,normal
39,tcp,imap,S0,249,125,0,0,1,6,1,0,2,0,0,1,0,0,1,108,122,0.975,0.953,0.043,12,12,r2l
2,udp,telnet,RSTR,1665,136,0,0,0,0,0,1,0,0,0,0,0,0,0,24,13,0.101,0.107,0.86,38,21,normal
0,icmp,http,SF,136,1687,0,0,0,1,0,1,0,0,0,0,0,0,1,19,16,0.023,0.188,0.804,34,18,normal
1,udp,telnet,RSTR,826,433,0,0,0,1,0,0,0,0,0,0,0,0,0,19,23,0.016,0.022,0.866,38,30,normal
2,icmp,ssh,SH,50,1477,0,0,0,0,0,1,0,0,0,0,0,0,0,25,10,0.087,0.687,0.819,38,23,normal
0,tcp,pop3,SH,884,978,0,0,0,1,0,0,0,0,0,0,0,0,0,18,14,0.05,0.465,0.733,37,24,normal
2,icmp,ftp,RSTO,205,245,0,0,0,1,0,1,0,0,0,0,0,0,0,18,15,0.018,0.26,0.677,30,16,normal
0,udp,ftp,RSTO,249,50,0,0,0,3,0,0,1,0,0,0,1,0,2,121,113,0.928,0.927,0.064,10,12,probe
39,icmp,ssh,RSTO,1100,134,0,0,1,4,0,0,2,0,0,1,1,0,0,111,107,0.831,0.95,0.285,13,10,dos
11,tcp,ftp,S0,3,31,0,0,0,5,2,0,1,0,0,0,2,0,0,101,90,0.931,0.893,0.084,10,5,probe
4,udp,smtp,REJ,22,164,0,0,0,3,1,0,4,0,0,1,0,0,1,121,106,0.885,0.709,0.144,4,11,probe
6,udp,imap,SH,523,66,0,0,0,7,0,0,2,0,0,1,1,0,0,108,127,0.977,0.853,0.359,9,13,probe
1,icmp,ssh,S0,15,1,0,0,0,0,1,0,2,0,0,2,2,0,1,133,108,0.859,0.96,0.19,12,11,r2l
3,tcp,ftp,RSTR,1270,201,0,0,0,0,0,1,0,0,0,1,0,0,0,25,14,0.465,0.428,0.836,35,28,normal
2,udp,pop3,RSTO,110,124,0,0,0,4,0,0,1,0,0,0,0,0,0,106,110,0.757,0.774,0.08,7,7,dos
30,tcp,http,RSTO,5865,4,0,0,0,13,2,0,0,0,0,1,3,0,0,116,115,0.675,0.71,0.076,8,6,dos
15,udp,dns,RSTO,130,147,0,0,0,5,0,0,2,0,0,1,0,0,0,109,104,0.879,0.87,0.148,15,9,probe
14,tcp,ftp_data,SH,273,25,0,0,0,3,0,0,3,0,0,0,1,0,0,120,119,0.922,0.554,0.436,20,6,probe
12,icmp,ftp_data,S0,32,3,0,0,0,5,1,1,2,0,0,1,1,0,0,110,122,0.961,0.949,0.125,14,8,dos
3,icmp,smtp,RSTR,9911,1365,0,0,0,2,0,1,1,0,0,0,0,0,0,18,9,0.19,0.224,0.668,48,20,normal
6,udp,pop3,SF,1230,960,0,0,0,0,0,0,1,0,0,0,0,0,0,21,17,0.116,0.155,0.675,45,19,normal
19,udp,ssh,SH,162,40,0,0,0,6,2,1,3,0,0,2,0,0,0,112,124,0.925,0.644,0.133,14,8,r2l
1,icmp,ssh,REJ,558,2784,0,0,0,5,0,0,0,0,0,0,0,0,0,124,117,0.83,0.481,0.283,19,7,r2l
2,udp,imap,SF,145,655,0,0,0,2,0,0,0,0,0,0,0,0,0,10,13,0.009,0.155,0.894,39,38,normal
10,icmp,pop3,S0,104,75,0,0,0,0,0,1,1,0,0,0,0,0,0,13,15,0.151,0.01,0.811,23,19,normal
2,udp,http,RSTO,469,142,0,0,0,0,0,0,0,0,0,0,0,0,0,16,19,0.038,0.066,0.955,40,29,normal
4,udp,http,REJ,30,5,0,0,1,9,2,0,1,0,0,0,2,0,0,120,112,0.879,0.47,0.445,20,13,dos
2,tcp,imap,SF,1394,487,0,0,0,2,0,1,0,0,0,0,0,0,0,23,9,0.268,0.334,0.682,29,26,normal
2,icmp,ftp,RSTR,428,318,0,0,0,0,0,1,0,0,0,0,0,0,0,16,12,0.546,0.109,0.836,36,22,normal
3,tcp,telnet,SF,724,253,0,0,0,1,0,1,0,0,0,0,0,0,0,15,10,0.146,0.168,0.562,31,28,normal
39,tcp,dns,RSTR,35,3,0,0,0,10,0,0,0,0,0,2,0,0,0,108,108,0.766,0.898,0.248,12,15,u2r
0,icmp,http,S0,61,7,0,0,0,6,2,0,4,0,0,0,1,0,1,112,147,0.819,0.824,0.343,11,16,dos
1,udp,ssh,RSTO,40,247,0,0,0,0,0,0,0,0,0,0,0,0,0,21,17,0.067,0.386,0.882,33,24,normal
1,icmp,ssh,RSTO,96,1117,0,0,0,0,0,1,0,0,0,0,1,0,0,18,16,0.154,0.05,0.912,25,27,normal
19,tcp,smtp,RSTO,15,12,0,0,0,7,1,0,1,0,0,1,1,0,0,119,104,0.736,0.922,0.157,12,18,dos
2,tcp,imap,SF,49,230,0,0,0,0,0,1,0,0,0,0,0,0,0,19,18,0.297,0.006,0.667,45,27,normal
22,tcp,telnet,SH,87,10,0,0,0,4,0,0,1,0,0,0,0,0,1,107,111,0.752,0.68,0.526,13,9,dos
2,icmp,smtp,SH,567,196,0,0,0,0,0,0,0,0,0,0,0,0,0,26,13,0.173,0.243,0.94,29,23,normal
2,icmp,imap,SF,181,686,0,0,0,0,0,1,0,0,0,1,0,0,0,25,14,0.396,0.077,0.528,35,20,normal
16,icmp,pop3,S0,489,24,0,0,0,10,1,0,2,0,0,2,0,0,0,112,116,0.962,0.993,0.283,17,11,probe
0,icmp,ftp_data,SF,1863,393,0,0,0,1,0,1,0,0,0,1,0,0,0,16,14,0.198,0.092,0.38,25,29,normal
1,icmp,pop3,RSTR,519,918,0,0,0,0,0,0,1,0,0,0,0,0,0,17,18,0.108,0.024,0.703,34,33,normal
6,udp,ftp_data,REJ,271,1379,0,0,0,1,0,1,0,0,0,0,0,0,0,10,14,0.396,0.019,0.749,39,15,normal
0,udp,imap,SH,5524,314,0,0,0,0,0,1,0,0,0,0,1,0,0,16,21,0.127,0.102,0.66,45,20,normal
0,udp,http,SH,3662,260,0,0,0,1,0,1,0,0,0,0,0,0,0,27,13,0.023,0.247,0.747,47,28,normal
0,tcp,ftp,RSTO,3212,374,0,0,0,0,0,1,0,0,0,0,0,0,0,18,14,0.518,0.128,0.551,31,31,normal
0,tcp,ftp_data,RSTO,527,108,0,0,0,0,0,1,1,0,0,0,0,0,0,13,12,0.192,0.518,0.857,41,14,normal
4,icmp,ssh,SH,57,1237,0,0,0,1,0,1,0,0,0,0,0,0,0,17,18,0.159,0.324,0.753,43,32,normal
2,tcp,ftp_data,RSTR,907,169,0,0,0,1,0,1,0,0,0,0,0,0,0,23,11,0.103,0.307,0.835,37,18,normal
6,udp,ftp,REJ,58,126,0,0,0,5,0,0,0,0,0,0,0,0,0,115,105,0.733,0.734,0.194,14,10,u2r
1,tcp,telnet,REJ,751,177,0,0,0,1,0,1,0,0,0,0,0,0,0,25,15,0.067,0.23,0.593,37,19,normal
1,udp,smtp,REJ,872,403,0,0,0,1,0,1,0,0,0,0,0,0,0,21,12,0.285,0.085,0.69,40,23,normal
2,tcp,dns,SH,148,102,0,0,0,1,0,1,0,0,0,0,0,0,0,18,19,0.145,0.234,0.963,44,27,normal
0,tcp,dns,REJ,3874,182,0,0,0,0,0,1,0,0,0,1,0,0,0,20,14,0.128,0.066,0.788,33,30,normal
8,icmp,ssh,SH,55,1,0,0,0,8,2,0,3,0,0,1,1,0,0,136,124,0.961,0.663,0.684,13,6,probe
0,tcp,dns,RSTO,150,323,0,0,0,0,0,1,1,0,0,0,0,0,0,27,14,0.193,0.004,0.561,39,20,normal
0,udp,ftp_data,RSTO,911,147,0,0,0,0,0,1,0,0,0,1,0,0,1,27,17,0.03,0.118,0.684,38,26,normal
0,icmp,telnet,RSTO,108,215,0,0,0,2,0,1,0,0,0,0,0,0,0,23,16,0.36,0.043,0.954,28,27,normal
28,udp,imap,REJ,116,62,0,0,0,8,1,0,3,0,0,2,1,0,2,101,104,0.899,0.629,0.249,7,6,probe
1,tcp,telnet,REJ,1160,182,0,0,0,2,0,1,0,0,0,0,0,0,0,25,10,0.158,0.316,0.901,42,22,normal
2,icmp,ftp,SH,65,328,0,0,0,2,0,1,0,0,0,0,0,0,0,26,17,0.285,0.057,0.89,44,22,normal
0,icmp,ssh,REJ,18,99,0,0,0,3,0,0,1,0,0,0,1,0,1,136,111,0.835,0.841,0.063,12,19,dos
22,icmp,http,SF,269,9,0,0,0,6,0,0,1,0,0,0,1,0,0,108,94,0.812,0.65,0.061,13,9,dos
3,icmp,smtp,RSTO,247,227,0,0,0,3,0,1,0,0,0,0,0,0,0,16,14,0.306,0.011,0.819,42,26,normal
28,tcp,pop3,REJ,242,26,0,0,0,10,1,0,3,0,0,0,3,0,0,115,99,0.81,0.965,0.183,15,13,r2l
9,udp,dns,S0,206,1,0,0,0,7,1,0,2,0,0,0,0,0,1,119,99,0.928,0.861,0.18,11,12,dos
2,tcp,imap,SF,529,678,0,0,0,0,0,1,0,0,0,0,0,0,0,26,12,0.038,0.059,0.958,40,31,normal
3,icmp,ftp,RSTR,186,4,0,0,0,5,1,0,2,0,0,1,0,0,0,114,119,0.959,0.874,0.074,8,10,u2r
0,udp,telnet,RSTO,471,293,0,0,0,0,0,1,1,0,0,1,0,0,0,18,17,0.031,0.114,0.795,28,28,normal
2,tcp,telnet,RSTO,78,160,0,0,0,0,0,1,1,0,0,0,0,0,0,22,19,0.149,0.018,0.809,35,29,normal
4,udp,ssh,RSTR,1807,379,0,0,0,1,0,1,1,0,0,0,0,0,0,24,13,0.096,0.006,0.891,35,19,normal
0,icmp,telnet,SF,166,106,0,0,0,1,0,1,1,0,0,0,0,0,1,23,14,0.005,0.231,0.888,31,17,normal
0,icmp,http,SH,343,107,0,0,0,2,0,1,0,0,0,0,0,0,1,16,15,0.116,0.004,0.647,43,28,normal
7,udp,dns,REJ,9,14,0,0,0,7,0,0,2,0,0,0,2,0,0,113,112,0.992,0.604,0.066,10,8,dos
1,tcp,imap,RSTR,617,522,0,0,0,1,0,1,0,0,0,0,0,0,0,9,17,0.094,0.039,0.903,34,24,normal
10,icmp,dns,SF,159,120,0,0,0,6,2,0,1,0,0,0,2,0,0,122,100,0.54,0.983,0.131,12,16,dos
0,icmp,pop3,SF,607,844,0,0,0,0,0,1,0,0,0,0,0,0,0,26,14,0.233,0.013,0.241,34,31,normal
2,tcp,ftp_data,S0,91,4,0,0,0,7,1,0,2,0,0,1,1,0,1,117,114,0.8,0.783,0.395,16,15,dos
11,tcp,telnet,RSTR,30,28,0,0,0,5,0,0,6,0,0,1,1,0,0,119,106,0.761,0.476,0.176,15,7,probe
0,udp,ftp_data,RSTO,541,241,0,0,0,0,0,1,0,0,0,0,0,0,0,23,19,0.169,0.085,0.682,35,30,normal
8,udp,pop3,REJ,80,13,0,1,0,14,1,0,5,0,0,0,0,0,0,118,103,0.727,0.729,0.024,14,11,r2l
1,icmp,imap,SF,167,51,0,0,0,1,0,1,0,0,0,0,0,0,0,16,14,0.169,0.115,0.838,30,25,normal
0,udp,ftp_data,RSTR,281,311,0,0,0,3,0,0,0,0,0,0,0,0,0,20,13,0.093,0.06,0.38,31,25,normal
0,udp,smtp,S0,779,3252,0,0,0,2,0,1,0,0,0,0,0,0,0,16,11,0.208,0.158,0.57,43,35,normal
5,tcp,dns,RSTO,9320,462,0,0,0,0,0,1,0,0,0,0,0,0,0,24,21,0.174,0.002,0.577,37,25,normal
8,udp,ftp_data,REJ,221,1,0,0,0,5,0,0,2,0,0,0,2,1,0,130,118,0.732,0.748,0.146,10,13,dos
2,udp,http,SF,347,79,0,0,0,1,0,1,1,0,0,0,0,0,0,26,13,0.152,0.012,0.816,34,26,normal
1,udp,telnet,SF,462,341,0,0,0,1,0,1,1,0,0,0,0,0,0,18,15,0.163,0.004,0.944,44,22,normal
0,icmp,pop3,SH,5327,1604,0,0,0,5,0,1,1,0,0,0,0,0,0,19,12,0.159,0.104,0.82,28,23,normal
1,icmp,ftp,SF,568,303,0,0,0,0,0,0,0,0,0,1,0,0,0,18,12,0.29,0.134,0.826,38,18,normal
3,tcp,dns,SF,43,10,0,0,0,5,1,0,3,0,0,0,2,0,1,143,130,0.913,0.895,0.319,13,5,dos
50,udp,smtp,SF,425,54,0,0,0,9,0,0,1,0,0,0,0,0,2,137,115,0.266,0.966,0.058,8,6,dos
4,icmp,dns,S0,73,0,0,0,0,4,0,0,3,0,0,0,0,0,1,136,106,0.913,0.662,0.33,16,17,dos
79,udp,http,SF,5,10,0,0,0,5,1,0,2,0,0,1,0,0,1,117,107,0.865,0.893,0.606,19,8,dos
6,icmp,imap,SH,427,15,0,0,0,3,1,0,4,0,0,1,1,0,0,114,138,0.783,0.762,0.051,13,14,dos
37,tcp,smtp,REJ,76,41,0,0,0,6,1,0,1,1,0,2,1,0,0,109,141,0.794,0.91,0.058,6,8,dos
0,icmp,ssh,SF,404,1333,0,0,0,2,0,1,0,0,0,0,0,0,0,17,18,0.02,0.529,0.865,34,28,normal
4,udp,http,SH,58,226,0,0,0,0,0,1,0,0,0,0,0,0,0,26,13,0.073,0.135,0.851,48,28,normal
2,icmp,ssh,REJ,3,37,0,1,0,8,1,0,1,0,0,1,0,0,1,121,111,0.805,0.895,0.369,16,9,probe
0,icmp,smtp,S0,443,1078,0,0,0,1,0,1,0,0,0,1,0,0,0,20,15,0.182,0.015,0.7,40,23,normal
6,udp,pop3,RSTO,111,8,0,0,0,3,1,0,0,0,0,1,0,0,0,147,121,0.737,0.985,0.114,9,13,dos
7,tcp,imap,RSTR,18,13,0,0,0,4,0,0,3,0,0,0,1,0,0,129,94,0.457,0.719,0.052,12,13,probe
1,tcp,pop3,SF,288,235,0,0,0,0,0,1,0,0,0,0,0,0,0,14,14,0.169,0.024,0.931,43,22,normal
1,udp,ftp,SF,415,203,0,0,0,0,0,0,0,0,0,0,0,0,0,12,20,0.318,0.184,0.97,34,27,normal
1,udp,pop3,S0,3,473,0,0,0,4,2,0,0,0,0,1,1,0,1,128,109,0.874,0.826,0.136,17,11,dos
26,icmp,telnet,SF,16,387,0,0,0,9,0,0,5,0,0,0,1,0,1,104,108,0.812,0.922,0.129,11,10,probe
0,udp,ftp,S0,756,1284,0,0,0,0,0,1,1,0,0,0,2,0,0,17,15,0.748,0.097,0.953,45,33,normal
2,tcp,smtp,REJ,243,229,0,0,0,0,0,1,0,0,0,0,0,0,0,24,11,0.043,0.218,0.923,41,30,normal
6,tcp,ssh,REJ,440,244,0,0,0,0,0,1,0,0,0,0,0,0,0,21,11,0.312,0.117,0.997,41,27,normal
2,icmp,ftp,S0,817,117,0,0,0,1,0,1,0,0,0,0,0,0,0,25,16,0.056,0.022,0.845,32,22,normal
20,icmp,smtp,RSTO,346,18,0,0,0,6,0,0,2,0,0,0,0,0,1,132,119,0.92,0.754,0.048,8,13,dos
7,icmp,ftp_data,REJ,100,8,0,0,0,7,1,0,3,0,0,0,0,0,0,136,108,0.934,0.925,0.103,10,9,r2l
14,icmp,pop3,SH,924,17,0,0,0,4,0,0,2,0,0,0,0,0,0,132,111,0.857,0.798,0.531,12,12,u2r
3,tcp,http,SF,23,12,0,0,0,1,1,0,3,0,0,1,1,0,0,102,115,0.721,0.954,0.013,16,6,probe
12,udp,dns,S0,303,152,0,0,0,6,0,0,2,0,0,0,0,0,0,113,133,0.856,0.963,0.018,15,7,r2l
0,udp,smtp,SF,1731,412,0,0,0,0,0,1,0,0,0,0,0,0,0,23,10,0.101,0.037,0.484,31,22,normal
4,udp,ssh,RSTR,6468,587,0,0,0,2,0,1,0,0,0,0,0,0,0,16,14,0.046,0.042,0.749,36,28,normal
31,icmp,ssh,RSTR,48,6,0,0,0,5,0,0,2,0,0,1,1,0,0,118,109,0.836,0.895,0.184,12,16,dos
2,icmp,imap,SF,1316,176,0,0,0,3,0,1,0,0,0,0,0,0,0,29,13,0.016,0.077,0.84,40,28,normal
0,icmp,smtp,SF,1665,261,0,0,0,3,0,0,1,0,0,0,0,0,0,16,11,0.116,0.456,0.896,32,20,normal
1,icmp,smtp,SF,1723,161,0,0,0,0,0,1,1,0,0,0,0,0,0,25,16,0.212,0.289,0.72,29,18,normal
5,icmp,ftp_data,SH,504,449,0,0,0,1,0,1,1,0,0,0,0,0,0,17,10,0.127,0.131,0.87,34,31,normal
5,udp,telnet,RSTO,2789,143,0,0,0,1,0,1,0,0,0,0,0,0,0,26,17,0.132,0.307,0.978,46,25,normal
6,udp,telnet,SH,146,153,0,0,0,3,0,0,1,0,0,0,0,0,1,124,114,0.866,0.903,0.043,14,17,u2r
2,udp,telnet,RSTR,148,105,0,0,0,0,0,0,1,0,0,0,1,0,0,21,23,0.078,0.056,0.631,26,17,normal
14,icmp,http,REJ,95,11,0,0,0,6,2,0,3,0,0,1,0,0,2,99,104,0.874,0.913,0.065,16,9,probe
0,udp,smtp,S0,142,1238,0,0,0,1,0,1,0,0,0,0,0,0,0,16,9,0.264,0.069,0.877,37,28,normal
3,tcp,ftp_data,SH,1278,105,0,0,0,1,0,0,0,0,0,0,0,0,0,27,11,0.072,0.22,0.872,41,31,normal
4,udp,ssh,RSTO,183,27,0,0,0,2,0,1,0,0,0,0,0,0,0,19,12,0.194,0.027,0.881,35,17,normal
2,icmp,http,REJ,196,619,0,0,0,2,0,1,0,0,0,0,0,0,0,20,17,0.125,0.331,0.838,41,25,normal
16,udp,ssh,RSTR,71,151,0,0,0,3,1,1,3,0,0,0,1,0,0,108,116,0.563,0.881,0.306,10,11,dos
2,tcp,dns,SH,243,1053,0,0,0,2,0,1,0,0,0,1,0,0,0,21,18,0.284,0.029,0.88,35,25,normal
42,udp,ftp,S0,54,160,0,0,1,6,0,1,2,0,0,0,0,0,0,122,86,0.96,0.888,0.175,10,8,probe
4,tcp,ftp_data,RSTR,1150,239,0,0,0,1,0,1,0,0,0,0,0,0,0,18,16,0.01,0.122,0.783,36,30,normal
0,tcp,ssh,SH,2367,262,0,0,0,0,0,1,0,0,0,0,0,0,0,20,21,0.195,0.046,0.854,42,25,normal
3,tcp,ftp_data,SF,115,8285,0,0,0,10,1,0,4,0,0,2,0,0,2,117,103,0.82,0.742,0.021,13,8,dos
5,tcp,smtp,RSTO,832,16,0,0,0,0,0,1,0,0,0,0,0,0,0,11,20,0.308,0.135,0.889,33,25,normal
2,udp,http,RSTR,2177,511,0,0,0,1,0,1,0,0,0,1,0,0,0,12,18,0.193,0.017,0.822,32,20,normal
7,tcp,http,RSTO,198,124,0,0,0,3,1,0,3,0,0,1,0,0,1,124,119,0.879,0.811,0.015,6,9,dos
0,udp,smtp,S0,563,110,0,0,0,2,0,1,0,0,0,0,0,0,1,23,8,0.063,0.029,0.779,47,18,normal
4,tcp,ssh,RSTO,30,2,0,0,0,5,2,0,1,0,0,0,0,0,0,133,119,0.62,0.892,0.412,12,9,dos
12,udp,ftp,S0,28,2,0,0,0,6,3,0,0,0,0,0,1,0,0,115,107,0.966,0.967,0.093,15,12,r2l
0,udp,ftp,SF,1038,502,0,0,0,0,0,1,0,0,0,0,0,0,1,20,17,0.066,0.564,0.461,32,24,normal
2,tcp,pop3,REJ,432,283,0,0,0,1,0,1,0,0,0,0,0,0,0,19,17,0.053,0.344,0.669,31,27,normal
1,udp,telnet,S0,310,784,0,0,0,1,0,1,0,0,0,0,0,0,0,16,15,0.102,0.563,0.899,45,28,normal
4,udp,ftp,RSTR,78,1,0,0,0,6,3,0,0,0,0,0,0,0,0,99,98,0.704,0.954,0.047,15,8,dos
2,udp,pop3,REJ,4,0,0,0,0,6,1,0,0,0,0,0,1,0,0,107,108,0.899,0.85,0.242,18,10,dos
5,tcp,ftp,SH,1049,774,0,0,0,3,0,1,0,0,0,0,0,0,0,24,11,0.263,0.067,0.34,25,38,normal
21,icmp,imap,RSTR,63,16,0,0,0,2,1,0,4,0,0,1,0,0,1,101,116,0.952,0.71,0.36,11,9,dos
1,udp,http,REJ,306,504,0,0,0,1,0,1,0,0,0,0,1,0,0,22,15,0.394,0.045,0.941,42,23,normal
6,udp,ssh,RSTR,186,8,0,0,0,5,1,1,6,0,0,0,0,0,0,113,115,0.927,0.897,0.395,7,10,probe
1,icmp,imap,REJ,281,2,0,0,0,3,0,1,2,0,0,1,1,0,0,143,110,0.787,0.937,0.105,10,12,dos
11,tcp,imap,RSTR,203,41,0,0,0,5,1,1,3,0,0,1,0,0,1,129,114,0.917,0.665,0.274,9,12,dos
1,tcp,ssh,RSTO,1175,83,0,0,0,3,0,1,0,0,0,1,0,0,1,23,16,0.149,0.071,0.758,28,28,normal
1,udp,ftp,RSTO,153,26,0,0,0,4,0,1,3,0,0,1,1,0,2,130,101,0.644,0.768,0.292,13,12,dos
0,udp,imap,SH,171,194,0,0,0,2,0,1,0,0,0,0,0,0,0,23,17,0.252,0.086,0.896,30,30,normal
2,icmp,ftp_data,RSTO,667,206,0,0,0,0,0,0,0,0,0,0,0,0,0,14,19,0.244,0.054,0.845,35,23,normal
7,tcp,imap,RSTO,26,20,0,0,0,3,1,0,2,0,0,1,0,0,1,126,107,0.892,0.967,0.243,10,10,probe
2,tcp,ftp,SH,155,344,0,0,0,3,0,0,0,0,0,0,0,0,0,15,19,0.041,0.071,0.877,38,26,normal
12,udp,pop3,SH,7277,11,0,0,0,10,0,0,3,0,0,0,1,0,2,112,109,0.888,0.838,0.027,10,9,dos
14,udp,imap,RSTR,72,18,0,0,0,2,1,1,2,0,0,1,2,0,1,132,132,0.761,0.901,0.073,12,12,dos
21,tcp,ssh,REJ,47,939,0,0,0,1,0,0,0,0,0,0,0,0,1,135,122,0.865,0.724,0.27,15,8,probe
0,udp,http,RSTR,188,191,0,0,0,2,0,1,0,0,0,0,0,0,1,28,19,0.13,0.143,0.871,33,29,normal
8,icmp,telnet,REJ,665,164,0,0,0,1,0,1,0,0,0,0,0,0,0,19,18,0.314,0.165,0.756,42,24,normal
2,udp,imap,SF,771,98,0,0,0,0,0,1,1,0,0,0,1,0,0,17,14,0.282,0.134,0.971,36,32,normal
3,tcp,ftp_data,S0,1982,535,0,0,0,3,0,1,0,0,0,0,1,0,0,15,20,0.197,0.198,0.884,38,27,normal
1,icmp,http,SH,494,271,0,0,0,0,0,1,0,0,0,0,0,0,0,18,12,0.051,0.033,0.695,31,21,normal
0,udp,ssh,S0,466,4220,0,0,0,1,0,0,0,0,0,0,0,0,0,23,14,0.133,0.019,0.705,19,21,normal
1,icmp,http,REJ,316,28,0,0,0,7,0,1,2,0,0,1,1,0,0,125,105,0.993,0.948,0.209,7,13,probe
2,icmp,http,RSTO,62,12,0,0,0,5,2,1,2,0,0,2,1,0,1,126,101,0.908,0.986,0.105,8,11,dos
3,icmp,pop3,S0,222,100,0,0,0,0,0,0,0,0,0,0,2,0,0,22,12,0.22,0.331,0.919,31,27,normal
37,tcp,http,S0,72,20,0,0,0,1,0,0,3,0,0,1,0,0,0,130,93,0.903,0.981,0.34,10,12,dos
14,tcp,telnet,RSTO,1085,1,0,0,0,7,0,0,3,0,1,2,0,0,1,108,127,0.873,0.955,0.447,13,10,dos
3,icmp,http,REJ,4084,249,0,0,0,1,0,0,1,0,0,0,0,0,1,17,16,0.171,0.131,0.87,24,41,normal
2,udp,ftp,RSTO,2504,395,0,0,0,3,0,1,0,0,0,0,0,0,0,26,15,0.128,0.112,0.915,36,22,normal
48,tcp,ftp,RSTO,82,6,0,0,0,8,0,1,1,0,0,2,0,0,1,117,102,0.978,0.957,0.081,10,9,dos
2,udp,ssh,RSTO,748,1291,0,0,0,0,0,1,0,0,0,0,0,0,0,14,14,0.018,0.129,0.615,31,21,normal
4,tcp,ftp,SF,1148,24,0,0,0,6,0,0,1,0,0,1,1,0,1,131,102,0.947,0.964,0.101,12,15,dos
0,icmp,dns,SF,86,572,0,0,0,3,0,1,0,0,0,0,0,0,0,15,11,0.44,0.293,0.868,37,27,normal
0,tcp,ssh,RSTO,304,179,0,0,0,1,0,1,0,0,0,0,1,0,0,24,17,0.302,0.301,0.981,39,19,normal
10,tcp,smtp,RSTR,253,246,0,0,0,0,0,0,0,0,0,0,0,0,0,24,11,0.178,0.123,0.703,43,23,normal
1,udp,pop3,S0,83,48,0,0,0,2,0,0,0,0,0,0,0,0,1,30,19,0.053,0.075,0.649,29,20,normal
3,tcp,ftp,REJ,679,542,0,0,0,1,0,1,1,0,0,0,0,0,0,20,12,0.417,0.01,0.807,39,19,normal
2,tcp,ftp,REJ,41,21,0,0,0,6,0,0,5,0,0,3,1,0,1,135,101,0.862,0.879,0.191,15,5,probe
0,tcp,smtp,RSTO,479,20,0,0,0,0,0,1,1,0,0,0,0,0,0,24,12,0.2,0.154,0.38,26,22,normal
1,udp,http,SH,1717,82,0,0,0,1,0,1,0,0,0,0,0,0,0,19,12,0.205,0.02,0.79,34,36,normal
9,icmp,pop3,RSTO,54,209,0,0,0,7,0,0,1,0,0,1,2,0,1,136,93,0.998,0.926,0.02,8,8,dos
0,udp,smtp,RSTO,2214,514,0,0,0,1,0,0,0,0,0,0,0,0,0,16,10,0.296,0.194,0.638,38,20,normal
12,udp,pop3,SF,827,54,0,0,0,9,2,0,3,0,0,3,1,0,1,117,123,0.581,0.802,0.045,18,13,dos
5,icmp,ftp_data,RSTO,220,506,0,0,0,1,0,1,0,0,0,0,0,0,0,16,13,0.118,0.073,0.831,42,30,normal
0,icmp,ssh,RSTR,788,109,0,0,0,1,0,1,0,0,0,0,0,0,0,16,17,0.299,0.074,0.605,29,25,normal
6,udp,ftp_data,REJ,1658,157,0,0,0,1,0,1,0,0,0,0,0,0,0,18,17,0.137,0.1,0.951,36,19,normal
9,udp,http,SF,568,284,0,0,0,1,0,1,0,0,0,0,0,0,1,22,13,0.031,0.206,0.833,28,18,normal
1,udp,smtp,RSTR,42,46,0,0,0,6,0,0,0,0,0,0,1,0,1,136,111,0.922,0.844,0.136,14,7,probe
1,icmp,imap,RSTO,377,310,0,0,0,0,0,1,0,0,0,1,0,0,1,27,16,0.202,0.256,0.889,36,29,normal
10,tcp,smtp,SH,572,9,0,0,0,4,0,0,0,0,0,0,0,0,0,133,101,0.963,0.512,0.214,13,11,r2l
4,tcp,ssh,S0,122,87,0,0,0,0,0,1,0,0,0,0,0,0,0,22,13,0.002,0.103,0.764,33,27,normal
5,udp,ssh,RSTR,472,1130,0,0,0,0,0,1,1,0,0,0,0,0,0,24,18,0.399,0.055,0.553,42,23,normal
23,tcp,smtp,RSTR,62,11,0,0,0,6,1,1,2,0,1,0,1,0,1,110,114,0.904,0.801,0.259,12,5,u2r
2,udp,telnet,RSTO,2401,434,0,0,0,1,0,1,0,0,0,0,0,0,0,27,12,0.258,0.183,0.637,30,26,normal
5,icmp,pop3,SF,236,34,0,0,0,5,0,0,0,0,0,0,2,0,0,132,83,0.783,0.951,0.18,15,11,dos
9,icmp,smtp,RSTO,34,183,0,0,0,5,0,1,2,0,0,0,0,0,0,138,86,0.563,0.997,0.523,8,14,dos
2,icmp,imap,RSTO,151,2699,0,0,0,3,0,1,0,0,0,0,1,0,0,20,25,0.227,0.397,0.881,40,26,normal
2,icmp,ftp,S0,16,16,0,0,0,3,0,0,1,0,0,1,0,0,0,124,122,0.917,0.989,0.114,16,10,dos
17,udp,pop3,SH,72,41,0,0,0,7,1,0,1,0,0,0,0,0,0,107,99,0.522,0.823,0.104,11,8,dos
9,udp,telnet,REJ,36,1,0,0,0,9,1,0,1,0,0,0,0,0,0,116,114,0.876,0.775,0.176,13,12,dos
1,icmp,ssh,S0,251,274,0,0,0,3,0,1,0,0,0,0,0,0,0,22,14,0.027,0.007,0.801,48,28,normal
3,tcp,dns,RSTR,1229,2657,0,0,0,1,0,1,0,0,0,0,0,0,0,18,12,0.104,0.091,0.759,37,29,normal
2,udp,ftp_data,SH,63,5,0,0,0,6,0,1,0,0,0,1,1,0,0,134,108,0.708,0.84,0.044,15,12,probe
1,tcp,ftp_data,REJ,140,560,0,0,0,2,0,0,0,0,0,0,0,0,0,24,17,0.754,0.421,0.722,39,25,normal
0,tcp,ftp,RSTR,3212,509,0,0,0,0,0,1,0,0,0,0,0,0,0,20,15,0.071,0.384,0.546,40,31,normal
5,icmp,ssh,RSTO,239,88,0,0,0,0,0,1,0,0,0,0,0,0,0,29,22,0.14,0.174,0.809,39,24,normal
2,icmp,imap,SH,23,2,0,0,0,8,0,0,2,0,0,0,0,0,3,125,126,0.885,0.79,0.031,10,7,r2l
0,icmp,dns,RSTO,5960,303,0,0,0,2,0,1,0,0,0,0,0,0,0,16,14,0.038,0.124,0.7,36,23,normal
9,udp,telnet,S0,211,45,0,0,0,6,1,0,0,0,0,1,0,0,0,104,110,0.872,0.971,0.488,12,12,r2l
46,icmp,smtp,SH,145,1,0,0,0,7,0,0,3,0,0,3,1,0,1,114,110,0.768,0.755,0.244,19,9,dos
0,icmp,telnet,SF,385,383,0,0,0,0,0,1,0,0,0,1,0,0,0,17,15,0.352,0.664,0.951,35,27,normal
0,tcp,ftp_data,S0,263,722,0,0,0,2,0,1,0,0,0,0,0,0,0,23,15,0.029,0.089,0.816,30,22,normal
0,icmp,ssh,REJ,1024,3341,0,0,0,0,0,1,0,0,0,0,1,0,0,15,5,0.274,0.088,0.796,40,31,normal
16,tcp,http,RSTO,134,0,0,0,0,3,0,0,7,0,0,3,0,0,1,131,122,0.943,0.776,0.277,7,6,dos
14,udp,telnet,SH,154,10,0,0,0,5,0,0,1,0,0,0,0,0,0,133,105,0.889,0.879,0.242,13,6,u2r
0,tcp,ftp,RSTR,938,462,0,0,0,0,0,1,0,0,0,0,0,0,0,26,11,0.149,0.17,0.631,35,21,normal
4,tcp,smtp,RSTO,2095,340,0,0,0,1,0,1,0,0,0,0,0,0,0,14,15,0.415,0.188,0.768,36,17,normal
3,icmp,dns,SF,844,45,0,0,0,2,0,1,0,0,0,0,0,0,0,13,11,0.389,0.206,0.93,30,28,normal
0,tcp,imap,RSTO,120,1524,0,0,0,1,0,1,0,0,0,0,0,0,0,17,17,0.128,0.201,0.855,30,23,normal
1,tcp,ftp_data,RSTO,1017,67,0,0,0,0,0,1,1,0,0,0,0,0,0,21,17,0.096,0.604,0.734,49,26,normal
2,tcp,ssh,REJ,208,4,0,0,0,8,0,0,1,0,0,0,2,0,0,121,122,0.967,0.939,0.208,9,14,r2l
0,icmp,smtp,RSTR,2090,445,0,0,0,1,0,0,1,0,0,0,0,0,0,21,18,0.054,0.023,0.626,41,22,normal
5,icmp,http,S0,747,243,0,0,0,2,0,1,0,0,0,0,0,0,0,17,16,0.332,0.337,0.906,34,23,normal
0,icmp,smtp,SF,202,110,0,0,0,0,0,1,0,0,0,0,0,0,0,21,16,0.133,0.047,0.877,24,20,normal
2,udp,ssh,RSTO,415,46,0,0,0,2,0,0,0,0,0,1,0,0,0,138,120,0.976,0.722,0.16,13,9,dos
8,icmp,dns,SH,93,3,0,0,0,1,1,0,1,0,0,0,1,0,1,129,115,0.739,0.965,0.341,11,10,probe
16,tcp,pop3,REJ,15,28,0,0,0,8,0,0,3,0,0,1,0,0,1,124,114,0.827,0.95,0.17,11,13,r2l
1,icmp,http,RSTO,901,109,0,0,0,2,0,1,0,0,0,0,0,0,0,24,16,0.015,0.014,0.77,39,22,normal
1,tcp,pop3,REJ,6307,194,0,0,0,1,0,1,0,0,0,1,0,0,0,22,22,0.448,0.18,0.78,33,29,normal
0,udp,dns,SH,179,156,0,0,0,0,0,1,1,0,0,0,0,0,0,20,15,0.06,0.011,0.841,31,40,normal
2,icmp,telnet,RSTO,12,42,0,0,0,8,1,0,3,0,0,1,0,0,1,127,104,0.984,0.732,0.199,12,9,dos
0,udp,smtp,S0,552,1149,0,0,0,0,0,1,0,0,0,0,0,0,0,18,18,0.149,0.009,0.808,47,21,normal
4,tcp,ssh,REJ,210,196,0,0,0,1,0,0,0,0,0,0,0,0,0,20,14,0.174,0.37,0.897,43,34,normal
1,icmp,ftp_data,SH,484,317,0,0,0,1,0,1,0,0,0,0,0,0,0,25,11,0.137,0.207,0.731,31,31,normal
0,tcp,ftp_data,RSTO,1066,428,0,0,0,0,0,1,0,0,0,0,0,0,1,17,15,0.145,0.031,0.628,37,22,normal
0,tcp,http,REJ,121,2,0,0,0,3,0,0,0,0,0,0,0,0,2,124,102,0.803,0.906,0.234,13,5,dos
19,tcp,telnet,S0,33,4,0,0,0,9,0,0,2,0,0,0,0,0,0,124,113,0.734,0.689,0.029,11,11,dos
0,udp,ftp,RSTO,1001,379,0,0,0,0,0,1,0,0,0,0,0,0,0,28,11,0.207,0.318,0.56,33,26,normal
16,tcp,ftp_data,RSTO,359,60,0,0,0,3,0,0,0,0,0,3,1,0,1,102,102,0.971,0.665,0.03,8,5,probe
19,tcp,ftp,S0,190,0,0,0,0,5,0,0,1,0,0,0,2,0,0,124,119,0.926,0.826,0.119,7,10,dos
0,tcp,smtp,S0,874,234,0,0,0,1,0,1,1,0,0,0,1,0,0,18,16,0.14,0.039,0.631,36,20,normal
16,icmp,ftp,RSTO,300,39,0,0,0,5,0,1,2,0,0,4,0,1,0,121,135,0.87,0.677,0.102,6,9,dos
6,tcp,imap,S0,1091,11,0,0,0,4,0,0,5,0,0,0,0,0,0,107,134,0.996,0.882,0.269,16,4,dos
2,tcp,imap,RSTR,1088,254,0,0,0,1,0,0,1,0,0,0,0,0,0,24,14,0.002,0.088,0.827,36,24,normal
9,udp,http,REJ,14,8,0,0,0,3,0,0,2,0,0,1,0,0,0,128,125,0.864,0.889,0.114,14,12,probe
1,icmp,telnet,S0,3956,1400,0,0,0,1,0,1,0,0,0,1,0,0,0,20,8,0.221,0.342,0.66,35,29,normal
24,udp,dns,SF,136,3,0,0,0,8,0,0,3,0,0,2,1,0,1,131,107,0.835,0.586,0.106,9,11,dos
1,udp,imap,RSTR,217,600,0,0,0,1,0,1,0,0,0,0,0,0,0,12,16,0.066,0.098,0.883,35,25,normal
37,udp,ftp,S0,46,313,0,0,0,6,0,0,1,0,0,2,1,0,0,111,100,0.878,0.83,0.179,13,10,u2r
7,udp,telnet,S0,143,32,0,0,0,8,1,0,1,0,0,0,0,0,1,109,100,0.761,0.799,0.242,10,14,dos
9,udp,ftp,SF,60,490,0,0,0,3,0,0,3,0,0,1,2,0,0,105,101,0.933,0.934,0.087,12,12,probe
4,tcp,imap,SF,17,21,0,0,0,0,1,0,0,0,0,2,3,0,2,123,118,0.836,0.971,0.171,11,3,dos
0,tcp,imap,RSTR,241,83,0,0,0,0,0,1,0,0,0,0,0,0,0,23,12,0.293,0.305,0.979,34,28,normal
2,udp,ssh,SH,102,143,0,0,0,9,0,0,1,0,0,2,2,0,1,102,101,0.826,0.666,0.191,9,8,dos
12,udp,imap,RSTO,788,0,0,1,0,3,0,1,4,0,0,2,0,0,1,126,105,0.877,0.937,0.253,13,14,probe
0,udp,http,S0,259,421,0,0,0,2,0,1,0,0,0,0,0,0,0,22,6,0.092,0.507,0.977,37,24,normal
5,icmp,ssh,S0,455,2,0,0,0,9,0,0,3,0,0,0,1,0,0,115,111,0.7,0.969,0.176,12,9,dos
5,udp,smtp,REJ,383,111,0,0,0,1,0,1,0,0,0,0,0,0,0,17,25,0.032,0.099,0.868,40,26,normal
0,udp,imap,SH,712,570,0,0,0,1,0,0,0,0,0,1,0,0,1,14,15,0.229,0.021,0.924,33,25,normal
9,udp,dns,S0,169,108,0,0,0,1,0,1,0,0,0,0,1,0,0,30,16,0.209,0.115,0.901,32,24,normal
8,icmp,pop3,SF,11,7,0,0,0,2,0,0,1,0,0,0,0,0,1,88,113,0.493,0.748,0.138,9,13,r2l
0,tcp,ssh,RSTO,656,78,0,0,0,1,0,1,1,0,0,0,0,0,0,17,13,0.413,0.346,0.655,32,25,normal
1,udp,ftp,RSTR,184,886,0,0,0,3,0,1,0,0,0,0,0,0,0,25,13,0.097,0.138,0.769,29,33,normal
16,icmp,http,SH,164,6,0,0,0,7,1,1,2,0,0,1,0,0,0,126,121,0.959,0.906,0.292,8,9,r2l
0,icmp,telnet,S0,265,186,0,0,0,2,0,1,0,0,0,0,0,0,0,17,14,0.103,0.099,0.75,31,28,normal
5,icmp,imap,SF,1348,83,0,0,0,1,0,1,0,0,0,0,0,0,0,13,15,0.19,0.153,0.971,31,20,normal
8,icmp,ftp,S0,189,92,0,0,0,4,0,0,1,0,0,1,0,0,1,114,110,0.995,0.739,0.093,11,14,dos
49,udp,ftp,SF,128,107,0,0,0,2,0,0,1,0,0,1,1,0,1,110,97,0.808,0.976,0.242,12,5,dos
0,udp,imap,S0,416,983,0,0,0,2,0,1,1,0,0,0,0,0,0,29,13,0.227,0.006,0.863,44,26,normal
0,tcp,dns,RSTO,695,268,0,0,0,1,0,1,0,0,0,4,0,0,1,19,22,0.096,0.188,0.978,39,26,normal
6,icmp,telnet,RSTR,40,2,0,0,0,1,1,0,5,0,0,0,1,0,0,120,103,0.57,0.792,0.089,10,9,dos
1,udp,ftp_data,S0,1963,960,0,0,0,3,0,1,0,0,0,2,0,0,0,22,16,0.259,0.096,0.62,30,23,normal
27,tcp,imap,S0,191,4,0,0,0,5,2,0,5,0,0,2,1,0,0,138,101,0.858,0.797,0.372,13,5,dos
0,udp,smtp,REJ,93,945,0,0,0,0,0,1,0,0,0,0,1,0,0,22,10,0.049,0.1,0.843,35,23,normal
0,icmp,http,SH,664,100,0,0,0,2,0,1,0,0,0,0,0,0,0,18,15,0.324,0.129,0.97,35,26,normal
1,udp,telnet,REJ,27,229,0,0,0,0,0,1,1,0,0,1,0,0,0,23,17,0.1,0.437,0.828,34,27,normal
0,udp,imap,SH,89,18,0,0,0,3,0,0,0,0,0,0,0,0,0,114,130,0.994,0.573,0.067,11,11,dos
4,udp,ftp,REJ,151,27,0,0,0,8,1,0,2,0,0,0,1,0,1,117,110,0.562,0.795,0.055,10,6,dos
59,udp,ssh,REJ,13,43,0,0,0,3,1,0,4,0,1,2,0,0,0,125,108,0.915,0.868,0.012,10,10,dos
18,udp,smtp,SF,66,79,0,0,0,3,2,0,1,0,0,0,1,0,0,116,129,0.734,0.992,0.069,9,11,dos
0,tcp,ftp,RSTR,152,272,0,0,0,0,0,1,0,0,0,0,1,0,0,24,19,0.02,0.071,0.596,46,26,normal
17,udp,imap,SF,247,0,0,0,0,5,2,0,3,0,0,1,0,0,0,113,105,0.818,0.867,0.212,12,9,dos
0,tcp,telnet,RSTR,1355,228,0,0,0,1,0,1,0,0,0,0,1,0,0,16,16,0.064,0.092,0.849,34,29,normal
6,icmp,http,SF,220,386,0,0,0,0,0,1,0,0,0,0,0,0,0,16,10,0.006,0.522,0.837,28,24,normal
8,icmp,dns,S0,156,9,0,0,0,6,1,0,0,0,0,0,0,0,0,120,117,0.575,0.891,0.071,9,10,r2l
1,icmp,ftp,RSTR,331,463,0,0,0,1,0,1,1,0,0,0,0,0,1,18,18,0.115,0.138,0.745,39,27,normal
6,udp,ftp_data,SH,46,1828,0,0,0,0,0,0,0,0,0,1,0,0,0,28,17,0.233,0.16,0.899,39,27,normal
1,udp,imap,REJ,3211,67,0,0,0,1,0,1,0,0,0,0,0,0,0,21,10,0.073,0.125,0.891,33,30,normal
2,icmp,ftp,RSTO,1800,50,0,0,0,2,0,1,0,0,0,0,0,0,0,19,19,0.279,0.017,0.822,37,24,normal
0,udp,http,SF,728,189,0,0,0,0,0,1,0,0,0,0,0,0,0,14,17,0.049,0.402,0.929,31,32,normal
0,udp,smtp,S0,4130,255,0,0,0,1,0,1,0,0,0,0,0,0,0,29,18,0.131,0.029,0.679,29,31,normal
1,udp,smtp,RSTR,1480,1753,0,0,0,1,0,1,0,0,0,0,0,0,0,16,12,0.067,0.091,0.77,38,29,normal
0,tcp,telnet,SF,1603,270,0,0,0,0,0,1,0,0,0,0,0,0,0,22,21,0.172,0.263,0.616,24,23,normal
45,tcp,pop3,SH,1390,1,0,0,0,4,1,1,1,0,0,2,0,0,0,104,119,0.607,0.945,0.05,11,12,u2r
4,udp,ftp,SH,3113,458,0,0,0,2,0,0,0,0,0,0,0,0,0,18,20,0.197,0.411,0.931,34,18,normal
5,tcp,imap,S0,157,113,0,0,0,2,0,1,0,0,0,0,0,0,0,30,15,0.037,0.097,0.772,34,31,normal
2,udp,telnet,RSTO,1093,450,0,0,0,0,0,0,0,0,0,0,0,0,0,16,14,0.21,0.073,0.676,37,17,normal
9,tcp,ftp_data,RSTO,596,578,0,0,0,1,0,1,0,0,0,0,0,0,0,22,15,0.018,0.137,0.891,29,25,normal
7,icmp,imap,SH,144,303,0,0,0,2,0,1,0,0,0,1,0,0,0,23,15,0.091,0.26,0.45,22,19,normal
3,udp,smtp,S0,192,22,0,0,0,5,1,0,2,0,0,1,1,0,0,115,116,0.588,0.864,0.026,6,10,dos
7,icmp,imap,S0,17,83,0,0,0,3,1,0,1,0,0,0,1,0,0,146,110,0.805,0.767,0.017,13,7,dos
2,udp,telnet,SF,44,1599,0,0,0,3,0,0,0,0,0,0,0,0,0,18,12,0.281,0.087,0.748,35,23,normal
3,icmp,ftp,SF,3100,215,0,0,0,0,0,1,0,0,0,0,0,0,0,16,14,0.286,0.394,0.645,38,21,normal
4,tcp,http,SF,177,317,0,0,0,0,0,1,1,0,0,0,0,0,0,19,17,0.032,0.189,0.782,50,14,normal
0,icmp,http,SH,1201,92,0,0,0,1,0,1,0,0,0,0,0,0,0,20,21,0.01,0.048,0.58,35,23,normal
14,udp,ssh,REJ,9,26,0,0,0,3,1,0,1,0,0,1,0,0,1,116,112,0.735,0.798,0.062,10,13,r2l
13,icmp,dns,REJ,115,23,0,0,0,8,0,0,1,0,0,0,2,0,1,132,84,0.895,0.806,0.028,12,11,r2l
1,tcp,ftp,SF,268,495,0,0,0,1,0,1,0,0,0,0,0,0,1,20,12,0.254,0.203,0.837,32,22,normal
1,icmp,pop3,SF,1195,758,0,0,0,0,0,1,0,0,0,0,0,0,0,24,20,0.09,0.262,0.757,24,22,normal
5,icmp,ssh,S0,96,100,0,0,0,1,0,1,1,0,0,0,0,0,0,20,21,0.035,0.036,0.662,35,25,normal
3,icmp,ftp_data,RSTR,323,456,0,0,0,3,0,1,0,0,0,0,0,0,0,18,10,0.352,0.185,0.688,46,32,normal
7,icmp,smtp,REJ,109,49,0,0,0,4,0,0,1,0,0,0,0,0,0,115,103,0.957,0.907,0.069,9,9,dos
0,udp,ftp_data,RSTO,481,990,0,0,0,0,0,1,1,0,0,0,0,0,0,20,16,0.019,0.001,0.807,22,29,normal
22,udp,http,S0,7,12,0,0,0,5,0,1,2,0,0,1,0,0,5,123,111,0.915,0.823,0.164,14,9,dos
1,tcp,http,REJ,168,414,0,0,0,0,0,1,0,0,0,0,0,0,0,25,11,0.463,0.203,0.696,33,24,normal
5,tcp,telnet,SH,574,195,0,0,0,1,0,1,0,0,0,0,0,0,0,17,15,0.037,0.305,0.953,34,12,normal
0,icmp,ssh,RSTO,509,391,0,0,0,0,0,1,0,0,0,0,0,0,0,20,17,0.071,0.236,0.822,32,24,normal
31,udp,ftp,SF,308,15,0,0,0,9,0,0,3,0,0,1,0,0,0,113,116,0.691,0.988,0.009,13,11,dos
8,icmp,smtp,S0,119,5,0,0,0,8,0,0,2,0,0,1,1,0,0,115,105,0.975,0.905,0.38,13,11,dos
0,icmp,ssh,REJ,13945,2484,0,0,0,0,0,1,0,0,0,0,0,0,0,27,8,0.081,0.028,0.885,33,26,normal
0,tcp,ftp_data,RSTO,79,307,0,0,0,2,0,1,0,0,0,0,0,0,0,33,16,0.035,0.231,0.493,33,36,normal
1,udp,ftp_data,SF,1219,2438,0,0,0,2,0,1,0,0,0,0,0,0,0,21,19,0.055,0.242,0.652,43,36,normal
1,udp,telnet,RSTO,304,227,0,0,0,2,0,1,0,0,0,0,0,0,0,18,12,0.191,0.037,0.756,38,25,normal
0,udp,dns,SH,23,2,0,0,0,3,0,0,1,0,0,0,0,0,0,136,112,0.964,0.95,0.033,12,12,probe
22,icmp,http,S0,148,171,0,0,0,8,1,1,2,0,0,0,0,0,1,132,122,0.921,0.956,0.319,8,7,r2l
0,udp,ftp_data,RSTO,1054,969,0,0,0,1,0,1,1,0,0,1,0,0,0,24,18,0.128,0.282,0.171,34,29,normal
39,tcp,imap,SH,16,7,0,0,0,8,1,0,1,0,0,0,2,0,0,132,105,0.813,0.78,0.686,10,14,dos
0,icmp,dns,REJ,364,40,0,0,0,1,0,1,0,0,0,1,0,0,0,21,21,0.104,0.141,0.543,36,18,normal
12,tcp,http,RSTO,810,88,0,0,0,1,0,1,0,0,0,0,0,0,0,21,14,0.113,0.077,0.941,33,27,normal
1,tcp,http,SF,12,13,0,0,0,4,0,0,1,0,0,1,3,0,0,138,115,0.973,0.876,0.524,17,12,dos
0,udp,smtp,SH,33,171,0,0,0,5,0,1,2,0,0,1,1,0,1,114,117,0.564,0.921,0.297,17,6,r2l
1,icmp,ftp,REJ,621,248,0,0,0,1,0,1,0,0,0,1,0,0,0,22,20,0.125,0.158,0.947,34,28,normal
18,tcp,ftp_data,REJ,73,36,0,0,0,4,1,1,1,0,0,2,2,0,0,152,105,0.963,0.981,0.2,10,12,dos
0,tcp,dns,S0,862,352,0,0,0,1,0,1,0,0,0,0,0,0,0,24,15,0.107,0.118,0.417,27,26,normal
4,icmp,telnet,REJ,25,49,0,0,0,2,1,0,1,0,0,2,0,0,1,117,109,0.908,0.958,0.275,14,7,dos
0,icmp,ftp,RSTR,25,291,0,0,0,1,0,0,0,0,0,0,0,0,0,21,21,0.146,0.031,0.771,35,20,normal
1,tcp,imap,SF,314,76,0,0,0,2,1,0,2,0,0,1,2,0,0,117,108,0.879,0.94,0.095,7,14,probe
5,icmp,pop3,RSTR,294,14,0,0,0,5,0,0,2,0,0,3,0,0,1,126,93,0.696,0.91,0.114,13,16,dos
0,tcp,http,S0,23,375,0,0,0,5,0,0,1,0,0,1,1,0,1,127,113,0.735,0.865,0.148,11,11,probe
13,udp,http,REJ,446,13,1,0,0,2,0,0,1,0,0,1,0,0,0,131,107,0.981,0.667,0.675,10,12,probe
0,udp,smtp,REJ,426,1042,0,0,0,1,0,1,2,0,0,0,0,0,0,16,18,0.347,0.063,0.944,40,26,normal
52,tcp,ssh,SH,53,110,0,0,0,2,3,0,1,0,0,0,1,0,0,97,119,0.974,0.882,0.637,12,8,probe
11,tcp,dns,SH,148,14,0,0,0,5,1,1,5,0,0,0,0,0,2,106,114,0.839,0.916,0.14,12,13,dos
5,icmp,ftp,SF,368,42,0,0,0,2,0,1,0,0,0,0,0,0,0,24,16,0.367,0.337,0.745,45,16,normal
1,udp,imap,SF,388,82,0,0,0,0,0,1,0,0,0,0,0,0,0,28,14,0.217,0.039,0.946,32,32,normal
1,tcp,ssh,RSTO,475,160,0,0,0,0,0,1,0,0,0,0,1,0,0,24,9,0.125,0.041,0.953,34,23,normal
18,udp,smtp,SF,94,17,0,0,0,4,2,0,4,0,0,0,1,0,0,121,131,0.989,0.726,0.124,5,12,dos
57,tcp,ftp_data,SH,64,32,0,0,1,6,0,0,4,0,0,2,0,0,0,100,122,0.869,0.772,0.3,12,16,dos
34,tcp,ftp_data,RSTO,400,527,0,0,0,3,1,1,3,0,0,1,1,0,1,114,117,0.988,0.813,0.233,13,9,r2l
0,tcp,ftp_data,RSTO,362,253,0,0,0,0,0,1,1,0,0,1,0,0,0,16,19,0.228,0.128,0.865,26,28,normal
1,udp,pop3,RSTR,1668,845,0,0,0,1,0,1,1,0,0,0,0,0,0,15,6,0.007,0.343,0.892,37,25,normal
1,icmp,pop3,RSTO,639,63,0,0,0,0,0,1,0,0,0,0,0,0,0,13,13,0.186,0.197,0.522,41,28,normal
0,icmp,imap,RSTR,965,88,0,0,0,0,0,1,0,0,0,0,0,0,1,18,8,0.119,0.075,0.965,28,32,normal
0,udp,telnet,RSTO,358,724,0,0,0,0,0,1,1,0,0,0,0,0,0,28,19,0.416,0.204,0.817,37,26,normal
3,icmp,smtp,SH,102,158,0,0,0,2,0,0,0,0,0,0,0,0,0,27,13,0.03,0.054,0.931,40,22,normal
4,icmp,dns,RSTR,110,267,0,0,1,3,0,0,3,0,0,1,0,0,1,128,126,0.824,0.971,0.737,14,12,dos
1,udp,smtp,SH,1386,102,0,0,0,1,0,1,0,0,0,1,0,0,0,22,11,0.237,0.097,0.735,27,16,normal
1,icmp,telnet,REJ,1784,876,0,0,0,0,0,1,0,0,0,0,0,0,1,20,12,0.152,0.319,0.931,45,25,normal
3,icmp,smtp,S0,268,132,0,0,0,3,0,1,1,0,0,0,0,0,0,18,14,0.091,0.423,0.915,40,20,normal
1,udp,pop3,RSTR,1667,412,0,0,0,1,0,1,1,0,0,0,0,0,0,25,11,0.087,0.171,0.728,44,35,normal
18,icmp,telnet,S0,162,7,0,0,0,3,0,0,3,0,0,2,0,0,2,115,109,0.999,0.719,0.411,12,12,dos
4,tcp,ftp_data,SH,1410,1154,0,0,0,0,0,1,1,0,0,0,0,0,0,24,14,0.132,0.185,0.966,35,23,normal
0,udp,smtp,RSTR,988,190,0,0,0,1,0,1,0,0,0,0,0,0,1,20,10,0.133,0.199,0.629,39,32,normal
9,tcp,pop3,SH,90,391,0,0,0,1,0,1,0,0,0,0,0,0,0,27,16,0.141,0.183,0.725,26,29,normal
1,udp,pop3,S0,326,159,0,0,0,1,0,1,0,0,0,0,0,0,0,22,9,0.114,0.099,0.774,33,21,normal
22,tcp,ssh,SF,311,83,0,0,0,9,0,0,0,0,0,0,0,0,1,121,120,0.83,0.964,0.282,7,16,probe
1,tcp,imap,S0,512,1310,0,0,0,2,0,1,0,0,0,0,0,0,0,19,10,0.283,0.121,0.544,28,26,normal
7,udp,ftp,SF,98,5939,0,0,0,3,0,0,0,0,0,1,0,0,0,18,15,0.068,0.219,0.75,32,28,normal
3,icmp,http,RSTO,491,399,0,0,0,0,0,1,0,0,0,0,0,0,0,26,18,0.12,0.003,0.761,40,23,normal
3,udp,dns,REJ,36,2,0,0,0,4,2,0,1,0,0,1,1,0,1,126,104,0.966,0.895,0.405,15,10,r2l
0,icmp,dns,SH,848,69,0,0,0,3,0,0,0,0,0,1,0,0,1,18,14,0.122,0.158,0.662,36,15,normal
40,icmp,ftp,RSTR,16361,170,0,0,0,4,1,0,1,0,0,1,1,0,1,137,91,0.795,0.809,0.082,11,10,r2l
23,icmp,ftp,S0,52,21,0,0,0,6,0,0,1,0,0,0,2,0,1,118,94,0.716,0.725,0.107,13,10,u2r
4,icmp,smtp,SF,406,142,0,0,0,0,0,0,1,0,0,0,0,0,0,19,17,0.076,0.449,0.78,33,22,normal
1,tcp,ssh,SF,186,311,0,0,0,3,0,1,0,0,0,0,0,0,0,22,9,0.045,0.024,0.609,33,27,normal
55,udp,imap,RSTR,45,362,0,0,0,1,1,0,4,0,0,0,2,0,0,111,116,0.794,0.952,0.118,16,4,probe
3,udp,imap,SF,414,1338,0,0,0,1,0,1,0,0,0,0,0,0,0,17,18,0.255,0.064,0.778,39,23,normal
2,udp,smtp,REJ,302,85,0,0,0,1,0,1,1,0,0,0,0,0,1,24,14,0.122,0.318,0.838,43,22,normal
10,tcp,http,RSTR,80,6,0,0,0,4,1,0,2,0,0,3,0,0,0,124,99,0.578,0.852,0.331,16,10,probe
0,icmp,ftp,SH,446,142,0,0,0,2,0,1,0,0,0,1,0,0,1,19,27,0.01,0.249,0.573,30,28,normal
2,tcp,smtp,SF,250,54,0,0,0,0,0,1,0,0,0,0,0,0,0,20,12,0.056,0.08,0.916,36,26,normal
36,icmp,smtp,S0,93,426,0,0,0,6,0,0,6,0,0,1,0,0,0,119,113,0.882,0.896,0.262,12,8,dos
6,icmp,ssh,SH,792,164,0,0,0,0,0,1,0,0,0,0,0,0,0,20,14,0.387,0.439,0.803,23,26,normal
3,tcp,smtp,RSTO,345,1286,0,0,0,1,0,1,0,0,0,0,0,0,1,18,14,0.302,0.369,0.914,34,25,normal
5,tcp,telnet,S0,221,259,0,0,0,0,0,1,0,0,0,1,0,0,0,18,15,0.559,0.47,0.621,49,24,normal
5,udp,telnet,SF,8,104,1,0,0,2,0,1,1,0,0,0,0,0,2,144,101,0.851,0.655,0.431,6,5,dos
1,tcp,http,RSTR,234,108,0,0,0,1,0,1,1,0,0,1,0,0,0,18,13,0.018,0.338,0.888,24,22,normal
56,tcp,dns,SF,238,72,0,0,0,4,0,0,4,0,0,0,0,0,0,130,102,0.904,0.926,0.107,12,10,probe
2,udp,ftp,RSTO,491,1223,0,0,0,2,0,1,0,0,0,0,0,0,0,18,21,0.226,0.361,0.397,35,23,normal
2,udp,smtp,SH,20,1,0,0,0,1,1,0,2,0,0,1,1,1,1,125,110,0.766,0.999,0.239,10,11,dos
1,tcp,ftp,RSTR,2122,234,0,0,0,0,0,1,0,0,0,0,0,0,0,17,17,0.042,0.018,0.946,36,41,normal
2,udp,ssh,S0,246,427,0,0,0,3,0,1,0,0,0,0,0,0,0,25,14,0.223,0.224,0.566,26,28,normal
4,icmp,ssh,SF,353,298,0,0,0,0,0,1,0,0,0,0,0,0,0,25,17,0.159,0.151,0.773,22,20,normal
0,udp,pop3,REJ,592,63,0,0,0,0,0,0,0,0,0,2,0,0,0,24,16,0.27,0.143,0.934,35,42,normal
0,tcp,http,SF,126,783,0,0,0,1,0,1,0,0,0,0,0,0,0,25,9,0.05,0.046,0.746,27,30,normal
3,tcp,telnet,SH,699,662,0,0,0,2,0,1,1,0,0,0,0,0,0,15,16,0.428,0.195,0.555,43,22,normal
0,tcp,imap,S0,96,461,0,0,0,2,0,1,0,0,0,0,0,0,0,26,17,0.406,0.407,0.879,41,34,normal
0,icmp,pop3,SH,352,16,0,0,0,3,0,0,1,0,0,1,1,0,1,135,109,0.948,0.906,0.383,10,9,dos
22,tcp,smtp,REJ,6,1,0,1,0,4,0,0,2,0,0,1,1,0,0,136,111,0.759,0.791,0.241,11,13,dos
6,icmp,smtp,RSTO,192,53,0,0,0,7,0,0,4,0,0,0,0,0,0,106,106,0.932,0.641,0.062,13,6,dos
4,icmp,ftp_data,SH,2499,489,0,0,0,3,0,1,0,0,0,0,1,0,0,21,21,0.037,0.093,0.82,42,35,normal
17,tcp,pop3,SH,65,26,0,0,0,10,0,0,1,0,0,0,0,0,0,126,129,0.971,0.941,0.013,14,7,probe
0,icmp,ftp,RSTR,177,186,0,0,0,1,0,0,0,0,0,0,0,0,0,16,14,0.071,0.057,0.897,37,29,normal
0,tcp,ftp_data,SH,1763,54,0,0,0,2,0,1,0,0,0,0,1,0,0,21,15,0.141,0.037,0.906,26,26,normal
27,icmp,ssh,SF,35,197,0,0,0,6,0,0,2,0,0,2,0,0,0,112,109,0.844,0.782,0.061,10,5,dos
2,icmp,imap,SH,329,270,0,0,0,3,0,1,1,0,0,0,0,0,0,13,12,0.079,0.033,0.772,37,21,normal
0,tcp,telnet,SF,2107,226,0,0,0,0,0,1,0,0,0,1,0,0,0,17,16,0.103,0.207,0.961,25,25,normal
0,icmp,http,SH,2305,359,0,0,0,1,0,0,0,0,0,0,0,0,0,19,13,0.052,0.147,0.622,34,27,normal
0,udp,telnet,RSTR,40,346,0,0,0,0,0,0,0,0,0,0,1,0,0,15,20,0.273,0.168,0.772,35,26,normal
0,tcp,imap,SF,1098,715,0,0,0,2,0,1,0,0,0,0,0,0,0,22,13,0.115,0.348,0.727,28,22,normal
0,icmp,imap,RSTO,190,183,0,1,0,4,1,0,3,0,0,0,0,0,0,110,107,0.983,0.878,0.095,15,16,dos
16,icmp,smtp,RSTR,32,7,0,0,0,7,0,0,1,0,0,2,3,0,0,113,102,0.779,0.625,0.557,14,5,probe
0,icmp,ssh,S0,2155,0,0,0,0,6,0,0,0,0,0,2,0,0,1,116,105,0.994,0.806,0.424,11,16,dos
2,tcp,ftp_data,REJ,215,505,0,0,0,1,0,1,0,0,0,0,0,0,0,18,16,0.063,0.142,0.534,36,25,normal
3,icmp,ftp,RSTO,317,24,0,0,0,0,0,1,1,0,0,0,0,0,0,27,11,0.013,0.134,0.683,19,29,normal
0,icmp,ftp_data,SH,412,1441,0,0,0,0,0,1,0,0,0,0,0,0,0,14,10,0.355,0.049,0.961,40,28,normal
2,tcp,http,SH,15,20,0,0,0,2,1,0,1,0,0,0,0,0,2,131,93,0.979,0.782,0.22,14,11,r2l
71,tcp,ssh,SF,1368,22,0,0,0,7,0,1,1,0,0,0,3,0,0,125,100,0.679,0.866,0.229,15,7,r2l
24,icmp,smtp,SF,61,478,0,0,0,6,2,1,5,0,0,0,1,0,0,129,114,0.714,0.931,0.04,11,10,dos
0,tcp,ssh,SF,232,342,0,0,0,1,0,1,0,0,0,0,0,0,0,25,19,0.224,0.08,0.491,33,19,normal
3,udp,dns,REJ,222,279,0,0,0,2,0,1,0,0,0,0,0,0,0,22,13,0.4,0.216,0.615,42,37,normal
12,icmp,telnet,REJ,105,5,0,0,0,2,1,0,3,0,0,1,0,0,0,117,104,0.658,0.941,0.059,8,13,r2l
0,icmp,smtp,REJ,323,345,0,0,0,2,0,1,0,0,0,0,0,0,0,18,24,0.092,0.372,0.824,36,28,normal
1,tcp,smtp,SF,308,68,0,0,0,0,0,1,0,0,0,0,0,0,1,23,14,0.011,0.225,0.784,43,26,normal
0,udp,ssh,S0,547,655,0,0,0,1,0,1,0,0,0,0,1,0,0,15,13,0.164,0.025,0.948,35,27,normal
8,icmp,ssh,REJ,64,33,0,0,0,7,0,0,1,0,0,0,1,0,0,118,109,0.916,0.555,0.048,8,14,r2l
0,udp,dns,S0,37,6,0,0,0,6,1,0,2,0,0,0,0,0,0,132,101,0.856,0.755,0.238,7,12,probe
4,icmp,smtp,SH,331,5,0,0,0,9,0,0,0,0,0,0,0,0,0,124,112,0.983,0.944,0.204,12,10,probe
3,udp,smtp,SH,523,418,0,0,0,1,0,1,0,0,0,0,0,0,0,18,15,0.119,0.16,0.679,36,23,normal
0,udp,ssh,RSTR,1071,1177,0,0,0,0,0,1,0,0,0,0,0,0,0,27,12,0.011,0.538,0.862,36,24,normal
2,tcp,imap,SF,2266,512,0,0,0,1,0,1,0,0,0,1,0,0,0,26,18,0.518,0.479,0.843,37,24,normal
3,udp,ftp,S0,265,933,0,0,0,2,0,1,0,0,0,0,0,0,0,22,9,0.043,0.018,0.649,36,17,normal
0,udp,ftp,RSTO,184,117,0,0,0,0,0,1,1,0,0,0,0,0,1,21,18,0.183,0.124,0.901,35,38,normal
0,udp,smtp,SH,382,814,0,0,0,2,0,1,0,0,0,0,0,0,0,18,16,0.002,0.17,0.865,34,27,normal
0,tcp,dns,SH,228,39,0,0,0,3,0,0,0,0,0,0,0,0,0,30,18,0.008,0.036,0.901,38,33,normal
3,icmp,smtp,REJ,86,16,0,0,0,8,0,0,1,0,0,1,1,0,1,115,105,0.669,0.882,0.005,6,4,probe
0,icmp,ftp_data,RSTO,166,59,0,0,0,1,0,1,0,0,0,0,0,0,0,19,19,0.058,0.117,0.965,37,25,normal
9,udp,ftp_data,S0,385,124,0,0,0,6,1,0,3,0,0,0,2,0,1,109,118,0.948,0.991,0.128,13,11,probe
0,tcp,smtp,RSTO,530,21,0,0,0,4,1,0,2,0,0,0,1,0,0,152,111,0.512,0.716,0.274,16,10,dos
7,udp,telnet,REJ,53,1929,0,0,0,5,1,0,5,0,0,0,0,0,0,109,113,0.96,0.74,0.025,9,12,dos
9,icmp,http,SF,46,115,0,0,0,6,1,0,2,0,0,1,1,0,0,103,103,0.916,0.794,0.271,15,8,r2l
10,icmp,telnet,S0,242,1323,0,0,0,0,0,1,0,0,0,0,0,0,1,21,15,0.202,0.282,0.741,34,23,normal
1,udp,ftp,REJ,338,193,0,0,0,1,0,1,1,0,0,1,1,0,1,20,13,0.069,0.008,0.788,32,23,normal
25,icmp,ftp,RSTR,204,30,0,0,0,8,0,0,1,0,0,0,0,0,0,109,116,0.826,0.949,0.358,17,12,dos
4,icmp,telnet,RSTO,190,998,0,0,0,1,0,1,0,0,0,0,0,0,0,21,19,0.317,0.149,0.939,33,31,normal
2,tcp,pop3,RSTR,56,313,0,0,0,6,0,0,1,1,0,3,0,0,0,104,110,0.927,0.631,0.079,14,16,probe
20,tcp,dns,SH,141,91,0,0,0,6,1,0,1,0,0,1,0,0,0,111,108,0.737,0.901,0.405,12,9,u2r
0,tcp,ftp_data,REJ,143,61,0,0,0,2,0,1,0,0,0,0,0,0,0,18,13,0.156,0.057,0.893,29,20,normal
4,udp,ssh,REJ,382,11,0,0,0,5,0,0,2,0,0,0,0,0,1,124,106,0.702,0.733,0.01,9,13,dos
6,tcp,ftp,SH,315,850,0,0,0,0,0,1,1,0,0,0,0,0,0,16,22,0.653,0.049,0.551,30,30,normal
31,icmp,ftp,REJ,537,23,0,0,0,6,0,0,2,0,0,0,1,0,0,120,107,0.921,0.653,0.129,16,6,probe
9,icmp,imap,REJ,94,11,0,0,0,5,0,0,2,0,0,1,0,0,1,107,99,0.843,0.923,0.236,11,10,dos
0,tcp,http,SH,544,615,0,0,0,0,0,1,1,0,0,2,0,0,0,11,9,0.246,0.021,0.453,36,21,normal
24,tcp,ssh,S0,89,19,0,0,0,2,1,0,1,0,0,0,0,0,2,123,146,0.955,0.824,0.114,8,9,dos
0,tcp,http,REJ,582,8,0,0,0,4,0,0,2,0,0,0,0,0,1,116,114,0.896,0.469,0.216,17,12,dos
3,icmp,telnet,RSTO,18,141,0,0,0,6,0,0,0,0,0,1,2,0,1,127,109,0.661,0.944,0.024,10,13,dos
2,udp,ftp_data,RSTR,135,96,0,0,0,1,0,1,0,0,0,1,0,0,0,20,24,0.554,0.07,0.554,39,25,normal
13,icmp,http,REJ,595,64,0,0,0,4,0,0,2,0,0,1,0,1,0,126,122,0.92,0.805,0.062,13,15,dos
1,icmp,ssh,S0,594,230,0,0,0,0,0,1,0,0,0,0,1,0,0,17,14,0.3,0.086,0.86,34,27,normal
6,icmp,pop3,SF,75,3,0,0,0,9,0,0,1,0,0,1,1,0,1,118,105,0.678,0.849,0.012,11,5,dos
1,udp,telnet,RSTR,2081,127,0,0,0,0,0,1,0,0,0,0,0,0,0,17,20,0.193,0.133,0.69,36,31,normal
35,tcp,http,REJ,40,25,0,0,0,7,0,0,0,0,0,1,0,0,2,114,114,0.634,0.587,0.032,11,21,probe
2,udp,ftp_data,REJ,3986,460,0,0,0,1,0,0,0,0,0,1,0,0,0,20,15,0.21,0.033,0.905,23,26,normal
3,udp,telnet,SF,141,143,0,0,0,0,0,1,0,0,0,1,0,0,0,19,11,0.065,0.028,0.669,42,27,normal
19,udp,imap,RSTR,377,10,0,0,0,4,0,0,1,0,0,1,0,0,1,115,99,0.816,0.726,0.02,13,12,probe
3,icmp,pop3,SF,382,2129,0,0,0,2,0,1,0,0,0,1,0,0,0,18,18,0.095,0.011,0.662,31,22,normal
18,icmp,ftp_data,S0,45,2,0,0,0,9,0,0,1,0,0,0,1,0,2,114,104,0.807,0.72,0.449,11,10,probe
7,tcp,pop3,SH,723,119,0,0,0,0,0,1,0,0,0,0,1,0,0,34,15,0.065,0.103,0.953,39,25,normal
1,udp,http,S0,886,227,0,0,0,1,0,0,0,0,0,0,0,0,0,17,17,0.09,0.05,0.869,34,23,normal
0,udp,smtp,RSTO,94,287,0,0,0,1,0,1,0,0,0,0,0,0,0,22,12,0.686,0.12,0.65,31,25,normal
0,udp,imap,RSTR,470,236,0,0,0,2,0,1,0,0,0,0,0,0,0,10,13,0.152,0.117,0.851,33,23,normal
4,tcp,ssh,RSTR,290,554,0,0,0,0,0,1,0,0,0,0,0,0,0,22,18,0.337,0.094,0.654,31,22,normal
0,udp,telnet,RSTO,1542,96,0,0,0,1,0,1,0,0,0,0,0,0,0,15,13,0.115,0.134,0.981,40,23,normal
3,udp,ssh,RSTO,24,2,0,0,0,3,1,1,4,1,0,2,0,0,2,124,94,0.785,0.766,0.523,11,9,dos
19,udp,ftp,RSTO,35,35,0,0,0,3,0,0,2,0,0,0,0,0,0,130,98,0.63,0.859,0.044,10,12,r2l
1,udp,http,RSTR,2618,277,0,0,0,0,0,0,0,0,0,1,1,0,0,24,21,0.258,0.129,0.683,38,29,normal
33,udp,ftp_data,RSTO,396,29,0,0,0,3,0,0,3,0,0,1,1,0,1,132,113,0.907,0.75,0.025,11,7,dos
0,udp,ssh,RSTO,360,356,0,0,0,1,0,1,0,0,0,0,0,0,0,15,16,0.201,0.048,0.519,48,26,normal
0,tcp,dns,RSTO,85,42,0,0,0,8,1,0,4,0,0,0,0,0,0,107,101,0.662,0.686,0.09,8,9,dos
1,udp,ssh,REJ,2019,231,0,0,0,0,0,1,0,0,0,1,0,0,1,20,20,0.197,0.015,0.795,40,21,normal
3,icmp,dns,REJ,885,1802,0,0,0,1,0,1,0,0,0,0,0,0,0,28,12,0.212,0.049,0.749,34,28,normal
1,tcp,ftp_data,SF,44,127,0,0,0,3,0,1,1,0,0,1,0,0,0,23,17,0.072,0.249,0.878,28,29,normal
0,udp,ssh,RSTR,609,1711,0,0,0,0,0,1,0,0,0,0,0,0,0,19,20,0.353,0.203,0.824,30,25,normal
2,udp,http,REJ,259,122,0,0,0,4,2,0,5,0,0,4,1,0,1,126,119,0.894,0.968,0.043,9,13,u2r
6,tcp,ftp_data,S0,65,2946,0,0,0,1,0,1,0,0,0,0,0,0,0,20,12,0.244,0.11,0.644,26,23,normal
1,icmp,smtp,S0,434,294,0,0,0,2,0,1,0,0,0,0,0,0,0,19,6,0.036,0.164,0.84,40,20,normal
0,icmp,ftp,RSTO,685,6207,0,0,0,1,0,1,0,0,0,1,1,0,0,25,10,0.109,0.144,0.78,29,26,normal
4,udp,ssh,SH,438,64,0,0,0,3,0,0,2,0,0,0,0,0,0,93,113,0.871,0.83,0.059,9,11,u2r
16,tcp,smtp,SF,49,422,0,0,0,6,0,0,2,0,0,0,1,0,0,125,112,0.664,0.757,0.181,16,4,probe
2,tcp,ssh,RSTR,618,874,0,0,0,0,0,1,0,0,0,0,0,0,0,21,10,0.418,0.077,0.892,40,23,normal
4,udp,ftp,RSTR,6,15,0,0,0,11,0,1,1,0,0,1,0,0,0,109,101,0.852,0.979,0.25,9,9,r2l
0,tcp,ftp,REJ,338,135,0,0,0,1,0,1,0,0,0,0,1,0,0,21,14,0.197,0.034,0.942,42,27,normal
5,tcp,imap,RSTO,787,248,0,0,0,1,0,1,0,0,0,0,0,0,0,13,19,0.152,0.038,0.804,31,25,normal
0,udp,telnet,RSTR,6247,222,0,0,0,3,0,1,0,0,0,0,0,0,1,15,15,0.035,0.03,0.914,35,27,normal
0,udp,imap,RSTO,1526,247,0,0,0,0,0,1,0,0,0,0,1,0,0,18,19,0.139,0.428,0.609,35,32,normal
4,icmp,ssh,S0,460,1347,0,0,0,0,0,1,0,0,0,2,0,0,0,20,24,0.025,0.035,0.875,28,24,normal
1,udp,ftp_data,RSTO,391,1665,0,0,0,0,0,1,0,0,0,0,0,0,0,18,15,0.096,0.039,0.757,40,28,normal
24,udp,pop3,RSTR,24,42,0,0,0,1,1,0,1,0,0,1,0,0,1,113,105,0.86,0.883,0.038,18,9,dos
0,tcp,smtp,S0,159,191,0,0,0,1,0,1,0,0,0,0,0,0,0,20,10,0.265,0.349,0.37,42,28,normal
0,tcp,http,S0,256,2154,0,0,0,1,0,0,0,0,0,0,0,0,0,22,16,0.043,0.137,0.768,34,25,normal
0,tcp,dns,RSTO,5611,1415,0,0,0,1,0,1,1,0,0,1,0,0,0,16,13,0.118,0.119,0.784,32,17,normal
10,icmp,pop3,REJ,112,57,0,1,0,9,1,0,4,0,0,0,1,0,1,136,118,0.928,0.725,0.51,10,8,dos
15,udp,ftp_data,SH,38,21,0,0,0,3,2,0,4,0,0,0,0,0,0,106,92,0.992,0.899,0.474,18,15,dos
15,udp,ftp,SF,123,7,0,0,0,4,3,1,1,0,0,2,0,0,1,139,120,0.935,0.838,0.043,14,14,dos
8,icmp,dns,RSTO,949,5,0,0,0,3,0,0,2,0,0,0,3,0,0,116,119,0.914,0.909,0.039,9,7,probe
3,icmp,http,RSTO,187,306,0,0,0,1,0,1,0,0,0,0,0,0,0,14,13,0.112,0.006,0.951,35,28,normal
0,icmp,ftp_data,REJ,752,393,0,0,0,0,0,1,0,0,0,1,0,0,0,17,16,0.161,0.244,0.834,35,31,normal
0,udp,dns,SF,75,52,0,0,0,0,0,0,0,0,0,0,0,0,0,22,11,0.039,0.149,0.52,33,24,normal
19,tcp,smtp,SH,97,0,0,0,0,8,1,0,3,1,0,1,2,0,2,117,107,0.964,0.708,0.292,15,19,probe
6,icmp,ftp,SF,197,394,0,0,0,0,0,0,0,0,0,0,0,0,0,18,16,0.006,0.301,0.849,40,27,normal
2,icmp,http,SH,540,4824,0,0,0,1,0,1,0,0,0,0,0,0,0,18,10,0.227,0.174,0.51,38,25,normal
1,tcp,pop3,SF,524,30,0,0,0,1,0,1,2,0,0,0,0,0,0,33,17,0.139,0.015,0.682,41,23,normal
1,icmp,smtp,RSTR,274,275,0,0,0,0,0,1,1,0,0,0,0,0,0,11,12,0.191,0.068,0.566,31,33,normal
0,icmp,telnet,SH,625,687,0,0,0,0,0,1,0,0,0,0,0,0,0,21,9,0.017,0.056,0.839,32,30,normal
2,udp,ftp,RSTR,2555,455,0,0,0,0,0,1,0,0,0,0,0,0,0,14,12,0.41,0.162,0.542,36,22,normal
0,udp,ftp_data,REJ,572,540,0,0,0,0,0,1,1,0,0,0,1,0,0,17,19,0.316,0.102,0.868,30,26,normal
1,tcp,pop3,SH,170,559,0,0,0,1,0,1,0,0,0,0,0,0,0,19,13,0.067,0.176,0.58,27,20,normal
1,udp,http,SF,28,120,0,0,0,2,1,0,1,0,0,0,0,0,0,126,104,0.924,0.777,0.534,11,10,dos
1,icmp,pop3,S0,1865,485,0,0,0,0,0,1,1,0,0,0,0,0,2,12,16,0.244,0.132,0.68,42,20,normal
1,tcp,ftp_data,RSTR,190,3345,0,0,0,0,0,1,0,0,0,1,0,0,0,18,13,0.072,0.055,0.566,38,22,normal
1,udp,ftp,RSTR,793,116,0,0,0,2,0,1,0,0,0,0,0,0,0,23,23,0.049,0.315,0.839,32,25,normal
3,icmp,smtp,SF,54,129,0,0,0,6,1,0,0,0,0,0,0,0,0,134,110,0.548,0.627,0.249,17,12,dos
2,tcp,telnet,REJ,456,387,0,0,0,1,0,1,0,0,0,0,0,0,0,21,19,0.249,0.143,0.643,41,31,normal
0,icmp,pop3,RSTO,1032,1063,0,0,0,2,0,1,0,0,0,0,0,0,0,17,12,0.096,0.032,0.909,29,26,normal
1,icmp,pop3,SH,194,628,0,0,0,0,0,1,0,0,0,0,0,0,0,27,14,0.13,0.212,0.68,26,27,normal
1,icmp,http,SF,562,1193,0,0,0,3,0,1,0,0,0,0,0,0,0,17,10,0.22,0.021,0.865,42,26,normal
1,tcp,pop3,REJ,88,275,0,0,0,1,0,1,0,0,0,2,0,0,0,29,20,0.205,0.155,0.978,33,33,normal
5,tcp,pop3,RSTR,41,457,0,0,0,2,0,0,0,0,0,0,0,0,0,27,17,0.225,0.386,0.887,34,27,normal
0,tcp,http,SF,68,716,0,0,0,1,0,0,0,0,0,0,0,0,0,13,14,0.046,0.353,0.949,38,31,normal
2,udp,ftp,RSTO,558,3910,0,0,0,1,0,1,0,0,0,0,0,0,0,20,16,0.228,0.357,0.571,38,17,normal
1,udp,ftp,S0,580,344,0,0,0,0,0,1,1,0,0,0,0,0,0,18,16,0.321,0.407,0.709,34,16,normal
2,udp,ftp_data,SF,530,761,0,0,0,2,0,1,0,0,0,0,0,0,0,14,10,0.41,0.007,0.887,32,23,normal
1,icmp,ftp_data,RSTR,170,96,0,0,0,2,0,1,0,0,0,0,0,0,0,23,10,0.275,0.261,0.725,34,22,normal
4,udp,ftp_data,RSTO,8584,622,0,0,0,0,0,1,0,0,0,0,0,0,0,30,21,0.234,0.065,0.666,46,26,normal
11,udp,dns,S0,3,13,0,0,0,3,1,0,3,0,0,0,3,0,2,116,121,0.667,0.436,0.54,12,7,dos
30,tcp,pop3,RSTO,104,12,0,0,0,3,1,0,1,0,0,1,0,0,0,126,115,0.877,0.759,0.562,7,10,dos
5,udp,telnet,RSTO,3401,1392,0,0,0,0,0,1,0,0,0,0,0,0,0,21,14,0.179,0.044,0.742,41,23,normal
25,icmp,telnet,SF,374,15,0,0,0,2,0,0,4,0,0,2,0,0,0,127,101,0.945,0.885,0.232,14,14,dos
0,icmp,telnet,SH,393,505,0,0,0,1,0,1,0,0,0,1,0,0,0,24,16,0.022,0.046,0.532,39,25,normal
2,tcp,ftp,RSTO,583,149,0,0,0,3,0,1,0,0,0,0,0,0,0,24,15,0.293,0.06,0.497,37,31,normal
1,icmp,ftp,REJ,1527,117,0,0,0,1,0,1,1,0,0,0,0,0,0,24,17,0.1,0.026,0.866,30,27,normal
1,icmp,ftp,RSTO,2102,492,0,0,0,0,0,0,1,0,0,0,0,0,0,23,11,0.049,0.124,0.613,33,23,normal
1,udp,ftp_data,REJ,29,113,0,0,0,6,0,0,0,0,0,1,1,0,0,116,117,0.676,0.644,0.034,17,7,dos
3,icmp,dns,S0,73,15,0,0,0,8,0,0,3,0,0,1,0,0,0,118,94,0.833,0.902,0.259,9,10,probe
2,udp,pop3,RSTR,257,330,0,0,0,3,0,0,0,0,0,0,0,0,0,20,10,0.062,0.171,0.673,35,17,normal
3,icmp,http,REJ,324,210,0,0,0,1,0,1,0,0,0,0,1,0,0,12,9,0.059,0.033,0.996,34,30,normal
1,tcp,ftp_data,RSTR,1578,355,0,0,0,1,0,1,0,0,0,0,0,0,0,25,15,0.037,0.072,0.829,31,31,normal
3,udp,smtp,RSTR,733,55,0,0,0,1,0,1,0,0,0,0,0,0,0,18,14,0.152,0.306,0.834,36,16,normal
33,icmp,ftp,RSTR,850,0,0,0,0,3,0,0,2,0,0,0,1,0,0,130,113,0.897,0.785,0.155,16,4,dos
2,icmp,ftp,RSTR,315,112,0,0,0,5,2,0,3,0,0,0,2,0,0,111,115,0.827,0.952,0.355,9,9,r2l
10,icmp,ssh,SH,211,1,0,0,0,5,0,1,1,0,0,1,2,0,0,132,89,0.998,0.829,0.115,7,12,dos
46,tcp,ssh,S0,32,18,0,0,0,4,1,1,0,0,0,1,2,0,0,131,100,0.886,0.713,0.669,7,15,dos
3,udp,telnet,S0,3957,815,0,0,0,1,0,1,1,0,0,0,0,0,0,14,16,0.304,0.528,0.68,30,21,normal
0,udp,ssh,RSTO,112,93,0,0,0,8,1,0,2,0,0,1,0,0,2,116,126,0.697,0.708,0.284,8,10,probe
6,icmp,ssh,RSTO,621,1122,0,0,0,1,0,0,0,0,0,0,0,0,0,19,14,0.025,0.166,0.865,39,20,normal
3,udp,pop3,RSTO,2298,954,0,0,0,0,0,1,1,0,0,0,0,0,0,18,18,0.164,0.136,0.725,36,26,normal
3,udp,ftp,REJ,2369,110,0,0,0,2,0,1,0,0,0,0,0,0,0,16,8,0.016,0.071,0.761,35,27,normal
0,udp,ssh,REJ,156,211,0,0,0,2,0,1,1,0,0,0,0,0,0,22,10,0.103,0.089,0.934,31,30,normal
0,udp,smtp,REJ,54,268,0,0,0,1,0,0,0,0,0,0,0,0,0,19,22,0.018,0.014,0.877,33,25,normal
50,tcp,http,SH,218,1,0,0,0,4,1,0,2,0,0,1,1,0,0,122,111,0.949,0.91,0.325,13,4,dos
2,tcp,ftp,SF,15,50,0,0,0,5,0,0,3,0,0,1,0,0,1,132,112,0.852,0.954,0.498,18,10,probe
3,tcp,pop3,SH,196,178,0,0,0,4,2,1,4,0,0,0,0,0,0,121,113,0.767,0.974,0.345,13,11,r2l
0,icmp,pop3,SF,197,29,0,0,0,2,0,1,0,0,0,0,1,0,0,22,17,0.11,0.076,0.851,35,28,normal
58,tcp,ssh,RSTR,33,1143,0,0,0,6,0,0,2,0,0,1,2,0,1,110,124,0.657,0.754,0.039,11,8,dos
0,tcp,ftp_data,S0,103,57,0,0,0,2,0,1,0,0,0,0,0,0,0,21,21,0.01,0.14,0.761,34,33,normal
14,icmp,smtp,REJ,16,24,0,0,0,7,0,0,2,0,0,0,0,0,1,118,110,0.991,0.791,0.182,12,16,r2l
56,udp,dns,SH,27,18,0,0,0,7,1,0,1,0,0,0,2,0,0,123,116,0.876,0.853,0.147,19,6,dos
2,icmp,ftp,RSTR,46,158,0,1,0,6,0,0,3,1,0,2,1,0,0,137,112,0.859,0.639,0.263,14,10,dos
3,tcp,smtp,RSTO,617,100,0,0,0,0,0,1,1,0,0,0,0,0,0,20,10,0.371,0.057,0.862,32,32,normal
30,udp,ftp,SH,474,65,0,0,0,3,2,0,2,0,0,0,0,0,0,109,109,0.872,0.93,0.072,21,13,dos
1,udp,ftp_data,S0,323,525,0,0,0,0,0,1,0,0,0,0,0,0,0,17,14,0.213,0.43,0.653,34,14,normal
10,udp,imap,REJ,30,98,0,0,0,4,0,0,1,0,0,1,1,0,0,146,129,0.897,0.704,0.282,12,9,dos
2,tcp,telnet,SH,259,649,0,0,0,1,0,0,0,0,0,0,0,0,0,26,14,0.216,0.031,0.774,36,22,normal
25,icmp,dns,SH,85,22,0,0,0,6,2,0,1,0,0,0,1,0,0,134,98,0.578,0.556,0.369,9,8,u2r
0,udp,ftp,S0,569,43,0,0,0,0,0,1,1,0,0,1,0,0,0,26,13,0.43,0.164,0.84,31,24,normal
2,tcp,ftp_data,RSTO,199,314,0,0,0,4,0,1,0,0,0,0,0,0,0,25,14,0.206,0.185,0.865,39,35,normal
28,udp,imap,REJ,861,2,0,0,0,5,0,1,2,0,0,0,1,0,0,116,113,0.73,0.932,0.491,10,10,dos
1,tcp,smtp,RSTO,212,34,0,0,0,4,0,0,2,0,0,0,2,0,2,123,121,0.782,0.771,0.08,15,11,dos
1,icmp,telnet,RSTR,5,93,0,0,0,7,0,0,6,0,0,1,0,0,1,131,108,0.917,0.941,0.194,9,16,dos
0,icmp,telnet,RSTO,1344,2570,0,0,0,2,0,1,0,0,0,0,0,0,0,17,16,0.002,0.493,0.947,34,22,normal
2,icmp,smtp,SH,792,175,0,0,0,0,0,0,1,0,0,0,0,0,0,14,23,0.093,0.444,0.939,31,30,normal
0,udp,ftp_data,SF,1050,315,0,0,0,0,0,1,0,0,0,0,0,0,0,20,12,0.231,0.035,0.752,38,26,normal
1,tcp,pop3,SF,281,512,0,0,0,0,0,1,0,0,0,0,0,0,1,24,13,0.141,0.053,0.829,24,28,normal
2,udp,imap,SF,2195,73,0,0,0,1,0,1,0,0,0,0,0,0,0,17,12,0.126,0.13,0.953,33,41,normal
0,udp,imap,RSTR,173,325,0,0,0,1,0,1,0,0,0,1,0,0,0,18,17,0.254,0.082,0.344,39,34,normal
11,icmp,imap,REJ,477,11,0,0,1,5,0,1,3,0,0,1,2,0,1,107,109,0.991,0.948,0.366,13,12,dos
0,tcp,http,SF,205,5,0,0,0,4,0,0,2,1,0,0,0,0,0,124,117,0.769,0.979,0.267,9,10,dos
0,icmp,dns,SF,108,677,0,0,0,1,0,1,1,0,0,0,0,0,0,20,17,0.22,0.415,0.742,39,30,normal
1,udp,smtp,SF,333,291,0,0,0,0,0,1,0,0,0,0,0,0,0,24,13,0.107,0.024,0.586,28,26,normal
5,udp,smtp,RSTO,134,232,0,0,0,4,0,0,4,0,0,0,1,0,0,130,109,0.655,0.844,0.303,17,13,u2r
0,icmp,ftp,SF,371,127,0,0,0,2,0,0,0,0,0,0,1,0,0,23,19,0.231,0.031,0.821,38,25,normal
2,icmp,ftp_data,S0,7,63,0,0,0,5,0,1,4,1,0,2,2,0,0,102,121,0.849,0.834,0.066,7,8,dos
11,icmp,ssh,S0,499,11,0,0,0,3,2,0,2,0,0,1,0,0,2,96,97,0.607,0.935,0.013,9,23,probe
5,udp,http,SH,744,705,0,0,0,1,0,1,0,0,0,0,0,0,0,16,15,0.097,0.181,0.854,32,20,normal
7,tcp,ftp,RSTR,20,4,0,0,0,5,1,1,0,0,0,0,0,0,0,122,109,0.832,0.951,0.269,15,8,dos
1,icmp,pop3,RSTO,338,399,0,0,0,0,0,1,1,0,0,0,0,0,0,30,9,0.289,0.595,0.686,27,23,normal
1,icmp,ftp_data,RSTO,519,766,0,0,0,0,0,0,0,0,0,1,1,0,0,27,11,0.08,0.041,0.634,32,31,normal
7,udp,pop3,SH,182,254,0,0,0,1,0,0,0,0,0,1,0,0,0,17,21,0.09,0.04,0.698,29,25,normal
5,tcp,dns,REJ,845,102,0,0,0,2,0,1,0,0,0,0,0,0,0,28,8,0.248,0.032,0.492,36,27,normal
3,udp,dns,S0,5,99,0,0,0,5,0,0,2,0,0,0,0,0,0,101,115,0.922,0.853,0.159,11,9,dos
1,udp,imap,SH,102,21,0,0,0,3,0,1,4,0,0,1,1,0,0,113,137,0.907,0.83,0.556,17,14,u2r
14,icmp,ftp_data,SH,18,63,0,0,0,7,0,1,1,0,0,3,1,0,0,106,124,0.65,0.876,0.209,10,15,dos
1,udp,pop3,RSTR,92,2,0,0,0,9,2,1,3,0,0,1,0,0,0,106,116,0.905,0.838,0.106,12,9,dos
3,udp,ssh,REJ,1215,342,0,0,0,1,0,1,0,0,0,0,1,0,1,22,14,0.134,0.186,0.703,36,21,normal
3,icmp,http,SF,72,112,0,0,0,0,0,1,0,0,0,0,0,0,0,20,17,0.407,0.112,0.915,31,26,normal
4,icmp,dns,S0,5239,207,0,0,0,0,0,1,1,0,0,0,0,0,0,16,16,0.004,0.117,0.752,26,24,normal
14,icmp,ftp_data,SH,42,42,0,0,0,3,0,0,2,0,0,0,0,0,0,137,120,0.909,0.953,0.166,9,8,dos
2,udp,ftp,REJ,885,218,0,0,0,4,0,1,1,0,0,1,0,0,0,25,15,0.049,0.246,0.417,38,27,normal
0,icmp,dns,SH,84,832,0,0,0,1,0,1,0,0,0,0,0,0,0,17,16,0.126,0.276,0.926,28,35,normal
1,icmp,ftp,S0,1920,1234,0,0,0,2,0,1,1,0,0,0,0,0,1,17,15,0.052,0.104,0.585,27,22,normal
56,udp,ssh,RSTO,19,38,0,0,0,4,0,0,1,0,0,2,0,0,2,124,92,0.7,0.938,0.126,18,8,dos
0,icmp,http,REJ,248,276,0,0,0,2,0,1,0,0,0,0,0,0,0,13,20,0.06,0.08,0.906,43,20,normal
2,icmp,dns,RSTR,44,242,0,1,0,5,2,0,1,0,0,0,1,0,0,103,117,0.269,0.75,0.198,11,10,dos
1,icmp,http,SF,573,1038,0,0,0,1,0,1,0,0,0,0,0,0,1,19,9,0.116,0.007,0.873,33,15,normal
1,icmp,ftp_data,SF,615,1821,0,0,0,0,0,1,0,0,0,0,0,0,0,16,20,0.132,0.361,0.872,37,26,normal
0,udp,ftp_data,REJ,1654,188,0,0,0,2,0,1,0,0,0,0,0,0,0,19,11,0.326,0.32,0.611,41,32,normal
32,icmp,dns,SF,12,53,0,0,0,4,0,1,1,0,0,1,1,0,0,130,86,0.826,0.966,0.157,14,14,probe
2,tcp,ssh,SF,922,144,0,0,0,0,0,1,0,0,0,0,0,0,0,24,14,0.176,0.051,0.972,39,21,normal
4,udp,ssh,REJ,93,110,0,0,0,0,0,1,0,0,0,0,0,0,0,17,20,0.382,0.014,0.969,40,21,normal
12,tcp,telnet,RSTR,93,46,0,0,0,6,1,0,3,0,0,1,2,0,0,103,96,0.989,0.882,0.197,16,9,r2l
0,icmp,ssh,RSTR,111,169,0,0,1,8,1,0,1,0,0,1,0,0,1,115,97,0.847,0.895,0.128,19,11,r2l
15,udp,ssh,SF,2179,1062,0,0,0,1,0,1,0,0,0,0,1,0,0,27,13,0.356,0.025,0.952,24,26,normal
2,udp,imap,SF,123,51,0,0,0,8,0,0,3,0,0,1,0,0,0,119,104,0.727,0.823,0.253,6,11,probe
0,icmp,smtp,RSTO,25,0,0,0,1,4,0,1,0,0,0,2,0,0,1,131,124,0.739,0.892,0.247,7,9,dos
0,udp,smtp,RSTO,100,255,0,0,0,0,0,1,0,0,0,1,1,0,0,13,17,0.043,0.079,0.869,38,28,normal
7,udp,smtp,S0,110,13,0,0,0,4,0,0,2,0,0,2,1,0,1,139,109,0.758,0.802,0.06,9,3,r2l
9,udp,imap,RSTR,48,7,0,0,0,7,0,0,3,0,0,1,1,0,1,122,109,0.809,0.875,0.132,8,8,dos
5,udp,ssh,RSTO,1153,1163,0,0,0,3,0,0,0,0,0,0,0,0,0,22,16,0.032,0.129,0.808,36,27,normal
0,tcp,ftp_data,SH,124,351,0,0,0,1,0,1,0,0,0,0,1,0,0,22,16,0.158,0.353,0.803,38,25,normal
3,tcp,pop3,SH,64,116,0,0,0,2,1,1,0,0,0,0,0,0,0,149,133,0.78,0.942,0.288,19,12,r2l
4,tcp,imap,SF,88,22,0,0,0,3,1,0,1,0,0,2,1,0,0,113,118,0.947,0.999,0.269,17,10,dos
24,udp,smtp,S0,31,15,0,0,0,5,2,0,2,0,0,0,1,0,1,136,113,0.742,0.835,0.378,15,8,dos
0,udp,imap,REJ,807,172,0,0,0,0,0,1,0,0,0,1,0,0,0,21,14,0.111,0.113,0.9,28,25,normal
0,udp,imap,REJ,143,954,0,0,0,1,0,1,1,0,0,2,0,0,0,18,11,0.186,0.091,0.416,28,26,normal
0,udp,smtp,SF,815,1032,0,0,0,1,0,1,0,0,0,0,0,0,0,17,14,0.138,0.092,0.885,35,19,normal
7,icmp,pop3,REJ,521,23,0,0,0,1,0,1,0,0,0,0,0,0,0,14,14,0.017,0.06,0.891,30,34,normal
0,icmp,imap,REJ,355,311,0,0,0,7,0,1,5,0,0,1,0,0,0,95,113,1.0,0.799,0.204,17,16,dos
44,udp,http,S0,9,21,0,0,0,6,1,0,2,0,0,0,2,0,1,130,99,0.879,0.981,0.096,13,9,dos
9,icmp,http,SF,14,139,0,0,0,2,2,0,4,0,0,0,2,0,0,104,122,0.793,0.89,0.421,9,8,dos
4,tcp,ftp,RSTO,136,509,0,0,0,2,0,1,0,0,0,0,0,0,0,17,8,0.528,0.057,0.827,43,24,normal
26,udp,smtp,RSTR,311,72,1,0,0,7,1,0,5,0,0,0,0,0,0,131,118,0.535,0.717,0.272,20,9,dos
3,icmp,ftp_data,S0,2956,782,0,0,0,1,0,1,1,0,0,0,1,0,0,16,18,0.092,0.584,0.812,30,27,normal
0,tcp,http,RSTR,5750,475,0,0,0,1,0,0,1,0,0,0,0,0,1,15,17,0.171,0.324,0.559,40,24,normal
4,tcp,ftp,REJ,9,8,0,0,0,3,2,1,3,0,0,0,0,0,0,105,117,0.954,0.676,0.205,18,6,dos
1,tcp,ftp_data,SF,420,240,0,0,0,1,0,1,1,0,0,1,0,0,0,25,21,0.348,0.278,0.841,22,21,normal
0,icmp,ftp,S0,119,220,0,0,0,0,0,1,0,0,0,0,0,0,0,29,11,0.077,0.079,0.98,28,31,normal
1,tcp,http,SH,193,456,0,0,0,1,0,0,0,0,0,0,0,0,0,22,11,0.199,0.051,0.958,31,20,normal
5,icmp,ftp_data,SH,9,2,0,0,0,3,2,0,2,0,0,2,0,0,1,117,119,0.931,0.63,0.436,12,5,dos
0,tcp,imap,RSTO,694,471,0,0,0,1,0,1,0,0,0,0,1,0,0,20,7,0.123,0.068,0.814,31,23,normal
5,tcp,pop3,RSTO,1379,733,0,0,0,3,0,1,0,0,0,0,0,0,1,19,20,0.213,0.27,0.844,29,19,normal
31,tcp,ftp_data,REJ,116,7,0,0,0,5,1,0,2,0,0,1,0,0,1,114,93,0.712,0.756,0.035,12,7,u2r
2,icmp,imap,SH,361,236,0,0,0,1,0,1,0,0,0,1,0,0,0,19,19,0.023,0.215,0.866,29,27,normal
0,tcp,telnet,SF,1170,214,0,0,0,2,0,0,0,0,0,1,0,0,0,15,12,0.095,0.179,0.936,34,26,normal
40,tcp,ssh,RSTR,52,3,0,0,0,10,1,0,1,0,0,1,0,0,0,110,113,0.803,0.775,0.174,11,8,r2l
1,udp,telnet,SF,3628,1062,0,0,0,1,0,1,0,0,0,0,0,0,0,19,16,0.16,0.17,0.762,37,21,normal
39,icmp,http,REJ,473,330,0,0,0,3,1,1,3,0,0,2,0,0,1,116,113,0.963,0.837,0.241,9,11,probe
1,udp,ssh,SH,277,1117,0,0,0,0,0,1,0,0,0,0,0,0,0,17,6,0.111,0.039,0.914,41,17,normal
3,icmp,imap,SH,349,2,0,0,0,5,0,0,4,0,0,1,0,0,0,111,112,0.877,0.435,0.122,11,5,probe
3,icmp,telnet,SH,8,12,0,0,0,8,2,0,1,0,0,1,0,0,0,137,116,0.654,0.854,0.175,13,14,r2l
2,tcp,ftp,RSTR,933,351,0,0,0,0,0,1,0,0,0,0,0,0,0,22,12,0.147,0.529,0.826,34,34,normal
1,udp,ssh,SF,68,6,0,0,0,7,0,0,2,0,0,0,0,0,0,122,113,0.927,0.613,0.125,15,7,r2l
1,tcp,dns,RSTO,449,111,0,0,0,1,0,1,0,0,0,0,0,0,0,16,17,0.124,0.067,0.509,41,19,normal
20,udp,dns,REJ,90,7,0,0,0,8,2,0,3,0,0,0,0,0,0,116,99,0.928,0.963,0.121,10,6,probe
35,icmp,ftp_data,SH,27,101,0,1,0,4,0,0,2,0,0,3,2,0,0,132,101,0.811,0.841,0.198,18,9,probe
65,tcp,ftp,S0,3,12,0,0,0,3,1,0,1,0,0,1,3,0,0,103,112,0.953,0.975,0.4,12,7,dos
2,tcp,ftp_data,RSTO,112,784,0,0,0,3,0,0,0,0,0,0,1,0,0,28,17,0.248,0.036,0.837,27,25,normal
1,tcp,ftp,SF,2035,357,0,0,0,0,0,1,1,0,0,0,0,0,0,25,17,0.011,0.098,0.852,31,22,normal
3,udp,imap,SF,760,1152,0,0,0,0,0,0,0,0,0,0,0,0,0,24,15,0.036,0.24,0.661,38,21,normal
19,icmp,pop3,RSTR,111,132,0,0,0,6,2,0,2,0,0,0,0,0,0,128,104,0.749,0.656,0.137,18,15,dos
16,icmp,pop3,SH,18,2,0,0,0,5,1,0,1,0,0,1,1,0,0,127,99,0.898,0.879,0.281,14,7,dos
4,icmp,ftp,RSTO,1048,561,0,0,0,0,0,1,0,0,0,0,0,0,0,20,19,0.121,0.085,0.577,32,22,normal
41,tcp,http,S0,44,0,0,0,0,5,3,1,2,0,0,0,0,0,2,106,102,0.655,0.576,0.258,11,16,dos
1,udp,dns,RSTO,194,129,0,0,0,3,0,1,0,0,0,0,1,0,1,25,14,0.188,0.139,0.873,29,24,normal
2,tcp,http,SH,132,0,1,0,0,7,1,0,3,0,0,2,0,0,0,109,102,0.731,0.978,0.396,7,10,dos
10,icmp,ssh,SF,6,9,0,0,0,6,1,0,2,0,0,0,0,0,1,117,103,0.84,0.909,0.205,16,18,dos
2,tcp,ssh,RSTR,31,242,0,0,0,0,0,1,0,0,0,0,0,0,0,25,17,0.47,0.091,0.922,37,30,normal
6,udp,dns,SF,83,594,0,0,0,0,0,1,0,0,0,0,0,0,0,19,13,0.054,0.186,0.799,39,20,normal
12,udp,ftp_data,RSTR,18,86,0,0,0,2,1,0,1,0,0,1,0,0,0,126,122,0.88,0.945,0.638,10,12,dos
0,udp,imap,RSTR,70,53,0,0,0,2,4,0,2,0,0,1,0,0,0,156,117,0.926,0.829,0.177,11,12,probe
1,tcp,ftp_data,RSTR,137,30,0,0,0,6,1,0,1,0,0,0,2,0,0,121,120,0.908,0.986,0.051,10,8,probe
17,icmp,imap,RSTO,52,721,0,0,0,11,0,0,1,0,0,0,0,0,2,127,119,0.881,0.972,0.155,10,5,dos
0,udp,smtp,RSTR,272,53,0,0,0,1,0,1,1,0,0,1,0,0,0,28,20,0.017,0.074,0.786,33,25,normal
6,tcp,smtp,RSTR,279,1824,0,0,0,1,0,1,0,0,0,1,0,0,0,27,13,0.018,0.258,0.706,34,28,normal
0,tcp,http,S0,1278,961,0,0,0,1,0,0,0,0,0,0,0,0,0,20,16,0.189,0.184,0.77,33,19,normal
0,udp,http,RSTO,683,682,0,0,0,0,0,1,0,0,0,0,0,0,0,16,15,0.018,0.054,0.581,33,24,normal
0,icmp,smtp,SF,836,532,0,0,0,0,0,1,0,0,0,0,0,0,0,16,16,0.016,0.135,0.646,25,27,normal
7,tcp,imap,REJ,261,172,0,0,0,1,0,0,1,0,0,0,0,0,1,21,15,0.245,0.197,0.792,30,23,normal
1,icmp,pop3,SF,196,995,0,0,0,2,0,1,0,0,0,0,0,0,0,12,14,0.313,0.001,0.617,34,26,normal
0,udp,ssh,RSTR,70,7,0,1,0,6,1,0,1,0,0,1,1,0,0,117,114,0.8,0.974,0.14,10,10,dos
1,udp,ftp,S0,434,1835,0,0,0,2,0,1,0,0,0,0,0,0,0,9,16,0.244,0.004,0.724,25,21,normal
3,tcp,ssh,REJ,881,859,0,0,0,0,0,1,2,0,0,0,0,0,0,15,14,0.105,0.039,0.988,25,32,normal
4,udp,http,REJ,37,294,0,0,0,2,0,1,0,0,0,0,0,0,0,20,16,0.149,0.255,0.984,45,13,normal
20,udp,pop3,REJ,12,9,0,0,0,6,0,1,1,0,0,3,0,0,1,108,109,0.687,0.747,0.159,10,10,dos
0,udp,ssh,RSTO,410,917,0,0,0,1,0,1,0,0,0,0,0,0,0,22,11,0.218,0.024,0.825,31,21,normal
2,tcp,ftp,S0,905,1807,0,0,0,2,0,1,0,0,0,0,0,0,0,21,13,0.245,0.076,0.444,38,32,normal
4,icmp,telnet,SH,32,8,0,0,0,7,1,0,1,0,0,1,3,0,0,116,128,0.774,0.879,0.002,13,8,dos
1,icmp,ftp_data,RSTO,371,242,0,0,0,1,0,1,0,0,0,0,0,0,0,11,16,0.241,0.169,0.881,29,26,normal
22,udp,http,SH,563,8,0,0,0,2,1,1,0,0,0,0,1,0,0,110,88,0.893,0.786,0.426,6,13,dos
4,udp,dns,SF,73,71,0,0,0,4,1,0,2,0,0,3,1,0,0,121,103,0.994,0.977,0.084,17,14,r2l
4,udp,ftp,S0,380,326,0,0,0,1,0,0,0,0,0,0,0,0,0,22,17,0.234,0.025,0.831,32,18,normal
0,tcp,dns,S0,1280,588,0,0,0,1,0,0,0,0,0,0,0,0,0,24,16,0.033,0.129,0.828,31,19,normal
2,udp,telnet,RSTR,519,842,0,0,0,0,0,1,1,0,0,0,0,0,0,33,22,0.021,0.049,0.894,32,20,normal
4,udp,pop3,REJ,482,459,0,0,0,1,0,1,0,0,0,0,0,0,0,22,10,0.347,0.138,0.854,31,27,normal
5,icmp,smtp,RSTR,53,1638,0,0,0,2,0,1,0,0,0,0,0,0,0,12,16,0.028,0.004,0.974,25,28,normal
0,udp,pop3,REJ,191,58,0,0,0,4,0,1,0,0,0,0,0,0,0,19,14,0.075,0.046,0.83,39,26,normal
5,udp,ftp,SH,353,82,0,0,0,1,0,1,0,0,0,0,0,0,0,27,20,0.159,0.16,0.858,37,29,normal
10,tcp,imap,S0,21,50,0,0,0,9,2,0,3,0,0,1,0,0,0,101,106,0.821,0.996,0.17,15,9,probe
0,tcp,pop3,SF,154,0,0,1,0,5,1,1,4,0,0,0,0,0,0,122,100,0.952,0.798,0.287,6,15,probe
10,icmp,dns,REJ,93,0,0,0,0,2,0,0,5,0,0,1,1,0,1,114,112,0.955,0.813,0.253,11,7,dos
0,udp,smtp,S0,622,468,0,0,0,1,0,0,0,0,0,0,0,0,0,30,16,0.087,0.017,0.888,39,27,normal
0,icmp,pop3,REJ,990,127,0,0,0,1,0,1,1,0,0,0,0,0,1,20,10,0.029,0.216,0.655,34,24,normal
1,udp,ssh,RSTO,1095,203,0,0,0,2,0,1,0,0,0,0,0,0,0,24,13,0.311,0.097,0.961,41,17,normal
9,icmp,ftp_data,SF,5,274,0,0,0,7,1,0,3,0,0,2,0,0,1,140,116,0.927,0.805,0.19,9,11,dos
0,udp,smtp,S0,93,175,0,0,0,1,0,1,0,0,0,0,1,0,0,28,20,0.038,0.087,0.72,38,18,normal
0,udp,ssh,REJ,73,26,0,0,0,0,0,1,0,0,0,0,0,0,0,26,16,0.269,0.275,0.724,29,25,normal
1,icmp,ftp_data,RSTR,467,1055,0,0,0,0,0,1,0,0,0,1,0,0,0,20,10,0.026,0.074,0.831,41,24,normal
0,icmp,smtp,RSTR,1011,357,0,0,0,0,0,1,0,0,0,0,0,0,1,13,16,0.165,0.013,0.918,32,23,normal
23,icmp,ftp_data,SF,435,1,0,0,0,3,1,0,2,0,0,0,1,0,1,122,109,0.992,0.951,0.308,14,8,dos
0,icmp,dns,RSTR,236,1683,0,0,0,0,0,1,0,0,0,1,0,0,0,23,12,0.19,0.08,0.856,25,27,normal
1,udp,telnet,SF,347,846,0,0,0,1,0,1,0,0,0,0,0,0,0,26,17,0.047,0.223,0.662,35,30,normal
1,udp,dns,REJ,73,20,0,0,0,6,0,0,4,0,0,1,0,0,2,120,114,0.913,0.916,0.223,13,14,dos
0,udp,telnet,SF,628,10,0,0,0,4,1,0,0,0,0,0,0,0,0,108,114,0.722,0.644,0.076,9,8,dos
8,icmp,ftp_data,S0,95,11,0,1,0,5,2,0,5,0,0,0,0,1,0,101,126,0.883,0.932,0.265,14,13,probe
5,icmp,smtp,SH,348,822,0,0,0,0,0,1,0,0,0,1,0,0,0,23,19,0.016,0.026,0.886,42,24,normal
13,tcp,telnet,SF,65,53,0,0,0,7,1,0,1,0,0,1,0,0,1,119,123,0.778,0.944,0.008,15,12,dos
6,icmp,imap,SF,239,0,0,0,0,2,2,0,1,0,0,1,1,1,1,126,119,0.854,0.845,0.249,11,11,dos
9,tcp,pop3,SH,707,285,0,0,0,1,0,0,0,0,0,1,0,0,0,23,14,0.016,0.101,0.708,37,19,normal
0,icmp,ssh,REJ,121,1181,0,0,0,1,0,1,0,0,0,0,0,0,0,26,18,0.053,0.342,0.953,40,32,normal
14,tcp,telnet,SF,142,40,0,0,0,5,0,1,2,0,0,0,1,0,0,108,101,0.624,0.863,0.107,16,10,probe
3,udp,ftp,S0,20,23,0,0,0,6,1,0,3,0,0,0,1,0,1,127,117,0.955,0.933,0.412,10,10,dos
15,udp,ssh,REJ,194,13,0,0,0,5,1,0,2,0,0,1,0,0,1,131,122,0.682,0.664,0.002,12,8,dos
1,tcp,http,REJ,107,478,0,0,0,1,0,1,0,0,0,0,0,0,0,15,16,0.195,0.069,0.481,45,24,normal
23,udp,ftp_data,RSTO,94,22,0,0,0,5,0,0,2,0,0,1,1,0,1,106,118,0.797,0.965,0.062,10,9,dos
1,tcp,dns,SH,113,262,0,0,0,4,0,1,0,0,0,0,0,0,0,22,13,0.103,0.041,0.925,26,22,normal
103,tcp,telnet,RSTR,51,55,0,0,0,4,0,0,2,0,0,0,0,0,0,119,108,0.992,0.946,0.047,7,6,probe
0,udp,dns,SF,4155,277,0,0,0,1,0,1,0,0,0,0,0,0,0,22,20,0.196,0.069,0.677,36,26,normal
7,icmp,imap,RSTR,325,226,0,0,0,1,0,1,0,0,0,0,1,0,1,20,14,0.166,0.01,0.892,31,26,normal
2,udp,http,REJ,139,46,0,0,0,3,0,0,0,0,0,2,0,0,0,147,110,0.887,0.984,0.115,16,6,dos
5,icmp,telnet,SF,87,294,0,0,0,4,1,0,1,0,0,0,0,0,1,133,99,0.892,0.866,0.268,16,14,probe
17,tcp,smtp,SH,274,592,0,0,0,3,0,1,3,0,0,0,0,0,0,103,118,0.582,0.576,0.516,14,6,dos
0,tcp,ssh,SF,352,494,0,0,0,2,0,0,0,0,0,0,0,0,0,11,19,0.008,0.061,0.503,32,24,normal
3,udp,dns,REJ,182,4075,0,0,0,0,0,0,0,0,0,0,0,0,0,23,17,0.093,0.215,0.794,36,24,normal
11,udp,dns,REJ,471,0,0,0,0,3,1,0,3,0,0,0,0,0,0,118,97,0.653,0.916,0.255,12,4,probe
0,icmp,telnet,RSTR,360,125,0,0,0,0,0,1,0,0,0,0,1,0,0,18,17,0.137,0.236,0.75,47,30,normal
8,tcp,http,SF,49,32,0,0,0,3,1,0,0,0,0,1,0,0,0,118,102,0.938,0.875,0.055,7,10,dos
1,icmp,dns,RSTR,457,312,0,0,0,1,0,1,1,0,0,0,1,0,0,22,21,0.027,0.304,0.916,35,29,normal
7,udp,http,SH,37,9,0,0,0,3,0,0,2,0,0,1,0,0,0,119,106,0.484,0.839,0.008,10,8,dos
5,icmp,http,REJ,277,173,0,0,0,1,0,1,0,0,0,0,0,0,0,25,17,0.265,0.163,0.794,43,25,normal
10,icmp,smtp,RSTR,402,131,0,0,0,0,0,0,0,0,0,0,0,0,0,19,16,0.094,0.39,0.376,38,20,normal
0,icmp,ftp_data,SH,1434,4909,0,0,0,1,0,1,0,0,0,0,0,0,0,30,11,0.647,0.201,0.873,33,37,normal
7,icmp,smtp,RSTR,294,127,0,0,0,0,0,1,0,0,0,0,0,0,0,25,9,0.195,0.141,0.727,29,26,normal
2,icmp,pop3,SF,2319,979,0,0,0,1,0,1,0,0,0,0,0,0,0,19,12,0.122,0.036,0.551,24,39,normal
1,icmp,imap,SH,826,244,0,0,0,3,0,1,0,0,0,0,0,0,1,29,12,0.023,0.286,0.702,40,24,normal
11,udp,ftp_data,REJ,657,307,0,0,0,7,0,0,5,0,0,0,2,0,0,107,98,0.878,0.535,0.258,12,11,dos
2,tcp,dns,S0,88,102,0,0,0,1,0,0,4,0,0,0,0,0,0,121,118,0.678,0.962,0.144,13,13,dos
0,tcp,telnet,S0,418,1172,0,0,0,0,0,0,0,0,0,0,0,0,0,25,13,0.225,0.034,0.679,32,19,normal
0,udp,telnet,RSTR,1052,2102,0,0,0,0,0,1,0,0,0,0,0,0,0,14,12,0.018,0.19,0.946,40,17,normal
19,tcp,telnet,REJ,54,0,0,0,0,3,0,0,3,0,0,0,0,0,0,128,114,0.924,0.998,0.085,13,10,dos
2,icmp,dns,S0,662,174,0,0,0,1,0,0,0,0,0,0,0,0,0,19,11,0.246,0.056,0.683,34,32,normal
3,icmp,pop3,SF,71,285,0,0,0,2,0,1,0,0,0,0,0,0,0,23,16,0.152,0.069,0.81,32,24,normal
4,tcp,dns,SF,665,235,0,0,0,0,0,1,0,0,0,0,0,0,0,18,12,0.175,0.07,0.478,32,29,normal
0,tcp,ssh,SF,39,123,0,0,0,3,0,1,0,0,0,0,0,0,0,17,21,0.142,0.209,0.867,35,33,normal
1,udp,dns,REJ,446,53,0,0,0,2,0,1,0,0,0,0,0,0,0,14,9,0.037,0.106,0.893,40,25,normal
3,udp,smtp,RSTR,194,1518,0,0,0,0,0,1,1,0,0,0,0,0,0,15,12,0.018,0.415,0.765,39,26,normal
10,icmp,pop3,REJ,71,25,0,0,0,7,0,0,3,0,0,1,1,0,0,129,114,0.815,0.704,0.054,8,7,probe
0,udp,http,REJ,23,6,0,0,0,6,0,0,5,0,0,1,0,0,1,125,96,0.862,0.726,0.0,12,7,probe
9,icmp,smtp,SF,129,0,0,0,0,4,2,0,1,0,0,0,1,0,0,122,112,0.808,0.778,0.361,9,7,probe
2,udp,http,SF,302,271,0,0,0,0,0,1,0,0,0,0,0,0,0,17,19,0.065,0.27,0.65,39,20,normal
26,udp,ftp_data,SF,19,21,0,0,0,3,0,0,1,0,0,0,2,0,1,103,99,0.742,0.797,0.228,13,3,u2r
1,icmp,pop3,REJ,336,543,0,0,0,1,0,1,0,0,0,0,0,0,0,26,20,0.035,0.089,0.958,29,21,normal
1,udp,smtp,RSTO,2115,114,0,0,0,0,0,1,0,0,0,0,0,0,0,30,11,0.343,0.08,0.841,25,30,normal
1,icmp,ftp,REJ,290,435,0,0,0,2,0,1,0,0,0,0,0,0,1,23,17,0.032,0.084,0.972,30,26,normal
4,udp,smtp,REJ,28,10,0,0,0,6,0,0,0,0,0,0,1,0,0,133,111,0.572,0.939,0.023,9,2,dos
0,icmp,ssh,RSTR,155,52,0,0,0,6,0,0,3,0,0,2,0,0,0,114,90,0.972,0.904,0.214,13,12,dos
2,icmp,imap,S0,246,35,0,0,0,1,0,1,1,0,0,0,0,0,0,18,12,0.147,0.167,0.555,41,26,normal
0,udp,ssh,RSTR,191,47,0,0,0,1,0,1,0,0,0,0,0,0,0,21,25,0.031,0.298,0.528,40,27,normal
0,icmp,imap,REJ,23,7,0,0,0,9,0,0,2,0,0,1,1,0,0,114,108,0.913,0.814,0.043,10,10,probe
0,tcp,imap,RSTO,2787,464,0,0,0,0,0,1,1,0,0,0,0,0,0,14,19,0.266,0.112,0.76,37,21,normal
25,udp,smtp,REJ,51,40,0,0,0,7,3,0,2,1,0,0,0,0,0,118,121,0.934,0.976,0.079,13,9,dos
2,udp,ftp,SH,1025,1316,0,0,0,2,0,0,0,0,0,0,0,0,0,20,16,0.061,0.03,0.739,24,26,normal
15,tcp,dns,RSTR,12,219,0,0,0,5,0,0,3,0,0,0,0,0,0,98,121,0.978,0.725,0.114,17,8,dos
4,udp,http,S0,473,408,0,0,0,5,1,0,3,0,0,1,1,0,1,148,98,0.825,0.712,0.03,8,6,dos
4,icmp,ftp_data,S0,423,435,0,0,0,1,0,1,0,0,0,0,0,0,0,21,19,0.128,0.093,0.947,32,28,normal
12,tcp,dns,S0,283,27,0,0,0,12,2,0,2,0,0,0,0,0,0,107,109,0.896,0.852,0.073,12,11,dos
6,tcp,imap,SH,13,8,0,0,0,2,0,0,1,0,1,2,2,0,1,143,109,0.919,0.815,0.467,13,10,dos
5,icmp,imap,RSTO,135,329,0,0,0,2,0,0,0,0,0,1,1,0,1,112,113,0.334,0.82,0.149,7,9,dos
10,udp,ssh,SF,10,11,0,0,0,5,0,0,3,0,0,0,2,0,0,129,100,0.999,0.86,0.387,10,13,probe
2,icmp,pop3,S0,185,1107,0,0,0,1,0,0,0,0,0,0,0,0,0,17,11,0.005,0.126,0.481,34,26,normal
2,icmp,imap,S0,189,77,0,0,0,0,0,1,0,0,0,0,0,0,0,21,15,0.37,0.052,0.898,30,28,normal
6,icmp,imap,S0,71,177,0,0,0,3,0,0,3,0,0,1,2,0,2,108,106,0.695,0.922,0.08,7,8,probe
51,tcp,ftp,RSTR,52,287,0,0,0,6,0,0,1,0,0,1,0,0,1,103,122,0.76,0.95,0.314,8,9,probe
6,tcp,telnet,RSTR,927,124,0,0,0,1,0,0,0,0,0,0,0,0,0,24,15,0.153,0.569,0.791,45,28,normal
20,udp,imap,SF,41,3,0,0,0,3,0,0,1,0,0,0,1,0,0,134,116,0.799,0.825,0.162,11,11,dos
21,icmp,smtp,RSTR,4,28,0,0,0,5,1,0,3,0,0,0,2,0,1,109,128,0.651,0.847,0.272,18,11,probe
14,udp,ftp,RSTO,121,45,0,0,0,6,1,1,3,0,0,0,1,0,1,126,112,0.985,0.985,0.101,11,15,r2l
32,icmp,dns,RSTR,7,39,0,0,0,5,0,1,2,0,0,3,0,0,0,130,126,0.539,0.924,0.011,16,12,probe
2,tcp,telnet,SF,750,95,0,0,0,0,0,1,1,0,0,0,0,0,0,12,16,0.202,0.055,0.518,30,28,normal
2,udp,imap,SH,109,158,0,0,0,4,0,0,4,0,0,0,1,0,0,114,114,0.641,0.759,0.178,16,12,probe
1,icmp,ftp,RSTR,44,0,0,0,0,1,2,0,2,0,0,1,1,0,0,129,114,0.707,0.832,0.1,12,7,probe
2,icmp,ftp_data,RSTO,753,83,0,0,0,2,0,1,0,0,0,0,0,0,0,15,18,0.093,0.301,0.675,34,23,normal
12,icmp,telnet,REJ,2123,264,0,0,0,2,0,1,0,0,0,1,0,0,0,14,19,0.054,0.503,0.686,35,23,normal
3,tcp,http,SF,34,175,0,0,1,6,0,1,2,0,0,1,1,0,0,123,102,0.619,0.841,0.061,15,9,dos
75,tcp,telnet,SF,36,123,0,0,0,4,1,0,3,0,0,0,0,0,1,130,119,0.94,0.812,0.182,12,12,dos
0,icmp,ftp,S0,240,1467,0,0,0,1,0,1,0,0,0,1,0,0,0,31,10,0.136,0.14,0.936,41,19,normal
13,udp,imap,SH,55,22,0,0,0,6,0,0,2,0,0,1,1,0,0,122,96,0.721,0.488,0.499,13,17,dos
1,tcp,pop3,REJ,669,439,0,0,0,0,0,1,0,0,0,0,0,0,0,20,17,0.247,0.024,0.889,41,21,normal
9,udp,ftp_data,REJ,10,9,0,0,0,5,1,0,3,0,0,1,1,0,1,125,115,0.92,0.956,0.215,6,9,u2r
6,udp,ftp_data,REJ,188,2,0,0,0,3,0,0,4,0,0,3,0,0,0,119,113,0.958,0.807,0.186,8,6,probe
3,icmp,http,RSTR,469,583,0,0,0,1,0,1,0,0,0,0,0,0,0,26,14,0.041,0.088,0.739,42,20,normal
11,tcp,ssh,S0,91,1,0,0,0,4,1,1,0,0,0,1,0,0,2,123,108,0.751,0.84,0.044,13,5,dos
1,icmp,dns,RSTR,351,518,0,0,0,0,0,0,1,0,0,0,0,0,0,20,16,0.571,0.249,0.794,24,20,normal
0,udp,smtp,SH,92,407,0,0,0,0,0,1,0,0,0,0,0,0,1,19,19,0.182,0.011,0.737,38,37,normal
0,udp,http,REJ,67,339,0,0,0,2,0,0,0,0,0,0,0,0,1,29,14,0.291,0.027,0.53,38,24,normal
22,udp,ftp,SH,107,383,0,0,0,3,0,0,2,0,0,0,3,0,0,140,121,0.943,0.869,0.302,22,11,r2l
20,udp,smtp,REJ,245,0,0,0,0,2,1,0,1,0,0,2,1,0,0,129,101,0.952,0.722,0.296,9,9,probe
24,udp,ftp_data,SH,171,116,0,0,0,6,2,1,2,0,0,1,1,0,0,114,99,0.952,0.961,0.139,7,13,probe
1,icmp,smtp,SF,1314,445,0,0,0,2,0,1,0,0,0,1,0,0,0,13,10,0.289,0.064,0.867,39,26,normal
2,udp,dns,SH,39,78,0,0,0,3,0,0,1,0,0,1,1,0,0,110,113,0.949,0.891,0.018,7,6,dos
39,udp,pop3,REJ,18,0,1,0,0,3,1,0,4,0,0,0,0,0,0,112,128,0.726,0.943,0.481,7,12,r2l
2,udp,ssh,SH,4608,334,0,0,0,1,0,1,0,0,0,0,1,0,0,14,16,0.197,0.083,0.9,39,23,normal
0,udp,ftp_data,SH,140,689,0,0,0,1,0,0,2,0,0,0,0,0,0,20,17,0.006,0.0,0.911,35,32,normal
9,icmp,ftp,SF,324,23,0,0,0,8,0,0,4,0,0,0,0,0,1,122,121,0.792,0.352,0.04,11,13,r2l
7,udp,smtp,SF,58,22,0,0,0,7,0,0,0,0,0,0,0,0,0,104,125,0.829,0.705,0.086,11,7,dos
12,udp,pop3,SH,239,502,0,0,0,1,0,0,3,0,0,1,4,0,1,114,136,0.963,0.943,0.107,15,11,dos
12,tcp,ssh,S0,228,441,0,0,0,0,0,1,0,0,0,0,0,0,0,22,13,0.003,0.094,0.962,34,21,normal
0,udp,smtp,S0,1265,672,0,0,0,1,0,1,0,0,0,0,0,0,0,18,19,0.044,0.207,0.355,34,20,normal
2,udp,imap,SH,3577,431,0,0,0,1,0,0,0,0,0,0,0,0,0,20,14,0.024,0.367,0.945,27,30,normal
0,icmp,imap,SH,952,298,0,0,0,3,0,1,1,0,0,0,0,0,0,18,13,0.335,0.384,0.686,33,24,normal
41,icmp,pop3,REJ,149,201,0,0,0,7,0,0,2,0,0,1,1,0,1,149,85,0.965,0.68,0.108,15,7,probe
0,udp,smtp,SH,68,1,0,0,0,7,0,0,1,0,0,1,0,0,1,127,135,0.99,0.885,0.119,15,6,dos
2,icmp,smtp,RSTR,430,62,0,0,0,0,0,0,0,0,0,0,0,0,1,14,13,0.43,0.0,0.706,37,22,normal
6,udp,ssh,RSTO,401,621,0,0,0,0,0,0,1,0,0,0,0,0,0,16,13,0.17,0.175,0.835,38,25,normal
23,udp,ssh,SH,251,30,0,0,0,7,1,0,4,0,0,1,0,0,0,135,109,0.856,0.769,0.197,13,12,dos
2,tcp,telnet,S0,428,1322,0,0,0,0,0,1,0,0,0,1,0,0,0,17,27,0.279,0.093,0.948,30,18,normal
42,tcp,ftp_data,SF,82,123,0,0,0,1,0,0,2,0,0,0,0,0,0,103,112,0.884,0.746,0.059,14,8,u2r
24,udp,ftp,REJ,90,5,0,0,0,5,2,0,0,0,0,1,1,0,0,118,94,0.719,0.803,0.341,11,10,dos
0,tcp,telnet,SF,442,282,0,0,0,1,0,1,0,0,0,0,0,0,0,13,9,0.1,0.124,0.357,33,22,normal
1,icmp,smtp,S0,110,463,0,0,0,2,0,1,0,0,0,0,0,0,0,16,14,0.053,0.199,0.882,26,26,normal
1,tcp,pop3,SF,4966,1607,0,0,0,0,0,0,0,0,0,1,0,0,1,24,16,0.128,0.063,0.811,30,29,normal
0,tcp,http,S0,697,380,0,0,0,1,0,1,0,0,0,0,0,0,0,17,11,0.13,0.049,0.947,34,26,normal
0,tcp,dns,SH,1395,221,0,0,0,3,0,1,2,0,0,0,1,0,0,15,12,0.056,0.193,0.718,29,23,normal
4,udp,imap,RSTO,53,3,0,0,0,5,0,0,4,0,0,2,2,0,0,114,94,0.891,0.911,0.103,23,9,dos
1,udp,ssh,SF,798,186,0,0,0,1,0,1,0,0,0,0,0,0,0,15,17,0.2,0.027,0.787,32,27,normal
0,tcp,pop3,RSTR,88,436,0,0,0,3,0,0,1,0,0,0,0,0,0,24,13,0.007,0.133,0.916,44,34,normal
1,icmp,dns,RSTR,138,194,0,0,0,1,0,0,0,0,0,0,0,0,1,19,12,0.167,0.01,0.848,21,21,normal
8,udp,ssh,S0,268,0,0,0,0,5,0,1,1,0,0,3,1,0,0,129,127,0.632,0.728,0.261,10,11,probe
21,udp,ftp,REJ,175,7,0,0,0,5,1,0,2,0,0,0,1,0,0,114,112,0.751,0.955,0.1,11,7,dos
1,udp,ftp_data,S0,288,216,0,0,0,1,0,1,0,0,0,0,1,0,0,19,16,0.274,0.142,0.59,39,24,normal
15,icmp,telnet,SF,33,76,0,0,0,7,0,0,2,0,0,0,1,0,0,121,120,0.598,0.941,0.291,12,10,probe
0,tcp,telnet,RSTO,1242,154,0,0,0,0,0,0,1,0,0,1,0,0,0,18,19,0.034,0.297,0.509,32,23,normal
33,tcp,pop3,SH,200,5,0,0,0,2,1,0,2,0,0,0,1,0,1,120,112,0.61,0.832,0.338,9,9,u2r
15,icmp,telnet,REJ,198,7,0,0,0,3,0,0,2,0,0,2,1,0,1,112,127,0.965,0.754,0.075,11,16,r2l
13,tcp,pop3,RSTR,221,1,0,0,0,6,0,0,3,0,0,2,0,0,0,103,95,0.961,0.956,0.089,14,10,dos
10,udp,telnet,SH,41,10,0,0,0,1,0,1,3,0,0,0,0,0,0,111,108,0.929,0.749,0.151,16,13,r2l
2,icmp,http,RSTR,453,69,0,0,0,0,0,1,0,0,0,0,0,0,0,24,9,0.103,0.206,0.946,36,25,normal
0,icmp,ssh,SH,339,2915,0,0,0,2,0,1,0,0,0,1,0,0,0,19,11,0.082,0.57,0.928,24,25,normal
3,udp,pop3,REJ,159,374,0,0,0,2,0,1,0,0,0,0,0,0,0,30,14,0.047,0.104,0.777,36,16,normal
4,tcp,ftp_data,SH,163,101,0,0,0,1,0,1,0,0,0,0,0,0,0,19,12,0.144,0.476,0.486,40,39,normal
0,tcp,ftp,REJ,14155,636,0,0,0,1,0,1,0,0,0,0,0,0,1,23,22,0.049,0.3,0.658,35,29,normal
2,tcp,http,SH,1575,297,0,0,0,1,0,1,0,0,0,0,0,0,0,14,14,0.102,0.056,0.745,38,26,normal
0,udp,pop3,SF,127,423,0,0,0,2,0,1,0,0,0,1,0,0,0,19,8,0.089,0.012,0.59,42,31,normal
2,udp,dns,RSTO,36,13,0,0,0,12,0,0,2,0,0,1,2,0,1,95,106,0.644,0.899,0.269,12,8,probe
1,udp,ftp,SF,39,38,0,0,0,5,1,0,2,1,0,1,1,0,2,131,84,0.707,0.953,0.179,9,13,r2l
8,icmp,ftp_data,SF,731,278,0,0,0,0,0,1,0,0,0,0,0,0,0,22,18,0.099,0.089,0.88,38,19,normal
30,icmp,imap,SF,4,14,0,0,0,4,0,0,2,0,0,0,0,0,3,134,123,0.857,0.81,0.241,10,10,dos
4,icmp,ftp_data,RSTR,317,184,0,0,0,0,0,0,1,0,0,0,0,0,0,15,16,0.023,0.186,0.796,31,17,normal
2,tcp,dns,RSTO,6,9,0,0,0,4,2,0,3,0,0,0,0,0,1,134,110,0.777,0.826,0.065,13,11,dos
22,udp,http,RSTR,80,22,0,0,0,6,0,0,4,0,0,0,1,0,0,110,109,0.969,0.986,0.267,10,14,dos
6,udp,telnet,RSTO,506,124,0,0,0,1,0,0,1,0,0,0,0,0,0,24,14,0.285,0.041,0.982,35,20,normal
0,icmp,ftp,SF,533,649,0,0,0,0,0,1,0,0,0,0,0,0,0,13,13,0.089,0.091,0.93,47,24,normal
1,tcp,dns,REJ,226,1239,0,0,0,2,0,1,0,0,0,0,0,0,0,23,10,0.078,0.138,0.733,36,22,normal
0,udp,imap,SH,47,321,0,0,0,0,0,1,0,0,0,1,0,0,1,21,8,0.187,0.397,0.727,26,38,normal
4,tcp,pop3,SF,173,57,0,0,0,3,1,0,3,0,0,0,2,0,2,100,118,0.588,0.982,0.286,18,13,dos
1,icmp,ssh,RSTO,2221,221,0,0,0,1,0,0,0,0,0,0,0,0,0,20,17,0.024,0.377,0.654,29,22,normal
22,tcp,telnet,RSTO,649,3,0,0,0,7,0,0,3,0,0,2,1,0,1,134,128,0.944,0.682,0.391,14,10,probe
2,udp,smtp,REJ,155,575,0,0,0,1,0,1,0,0,0,0,0,0,0,20,11,0.422,0.039,0.912,23,27,normal
0,udp,smtp,RSTR,522,558,0,0,0,2,0,0,0,0,0,0,0,0,0,24,18,0.16,0.249,0.643,33,30,normal
4,udp,http,SH,111,416,0,0,0,0,0,1,0,0,0,0,0,0,0,16,15,0.13,0.151,0.841,42,23,normal
0,udp,ftp,REJ,98,336,0,0,0,2,0,1,0,0,0,0,0,0,1,19,19,0.067,0.026,0.537,34,25,normal
0,icmp,ssh,SF,513,270,0,0,0,1,0,1,2,0,0,1,0,0,0,18,23,0.481,0.066,0.871,35,24,normal
90,tcp,ftp_data,RSTR,5,228,0,0,0,5,0,0,1,0,0,0,0,0,0,152,107,0.85,0.953,0.266,10,16,dos
0,icmp,imap,REJ,2815,624,0,0,0,0,0,1,0,0,0,0,0,0,1,24,11,0.354,0.368,0.933,26,30,normal
0,icmp,ftp_data,SF,222,27,0,0,0,4,0,0,2,0,0,1,1,0,1,103,100,0.93,0.641,0.122,13,7,dos
0,icmp,ftp_data,RSTO,17,1,0,0,0,1,1,0,0,0,0,4,0,0,1,114,115,0.968,0.916,0.162,11,8,dos
1,tcp,telnet,REJ,394,25,0,0,0,8,1,0,3,0,0,0,0,0,0,110,115,0.76,0.981,0.014,13,9,dos
6,udp,ftp,RSTO,60,71,0,0,0,9,0,0,2,0,0,4,3,0,1,130,106,0.857,0.961,0.023,11,10,dos
7,tcp,ftp,SH,1126,11,0,0,0,3,0,0,2,0,0,1,1,0,1,95,101,0.69,0.809,0.545,5,12,dos
0,icmp,ftp_data,SH,24,725,0,0,0,0,0,1,1,0,0,1,1,0,0,22,14,0.102,0.065,0.835,39,31,normal
0,udp,ftp,RSTR,562,618,0,0,0,0,0,1,1,0,0,0,0,0,0,21,13,0.407,0.228,0.523,20,28,normal
6,tcp,ftp_data,RSTR,118,81,0,0,0,1,0,1,0,0,0,0,0,0,0,25,17,0.001,0.038,0.951,25,23,normal
0,icmp,http,SF,1551,100,0,0,0,1,0,1,0,0,0,0,0,0,0,26,12,0.158,0.162,0.782,39,22,normal
3,icmp,ftp_data,RSTR,689,183,0,0,0,0,0,1,0,0,0,0,0,0,0,19,15,0.054,0.07,0.679,37,15,normal
0,udp,http,RSTR,769,171,0,0,0,0,0,0,0,0,0,0,0,0,0,25,20,0.062,0.016,0.851,32,29,normal
1,udp,pop3,SH,1684,437,0,0,0,0,0,0,0,0,0,0,0,0,1,22,8,0.139,0.095,0.975,35,24,normal
3,icmp,imap,RSTR,465,425,0,0,0,1,0,1,0,0,0,1,0,0,0,20,17,0.072,0.205,0.837,38,22,normal
9,udp,http,RSTO,84,7,0,0,0,3,1,0,5,0,0,1,1,0,0,116,92,0.729,0.887,0.215,11,4,dos
2,icmp,pop3,SH,177,33,0,0,0,9,0,0,4,0,0,0,1,0,0,109,115,0.7,0.966,0.158,16,11,dos
24,udp,ssh,SH,280,26,0,0,0,8,2,0,1,0,0,0,1,0,0,122,99,0.774,0.425,0.319,10,10,r2l
6,tcp,telnet,SH,417,156,0,0,0,2,0,1,1,0,0,0,0,0,0,15,9,0.046,0.074,0.89,33,31,normal
0,icmp,ssh,SH,415,542,0,0,0,0,0,1,0,0,0,0,0,0,0,25,17,0.031,0.196,0.617,39,26,normal
4,icmp,ssh,S0,76,826,0,0,0,7,0,0,1,0,0,1,2,0,1,112,123,0.846,0.838,0.337,7,13,dos
1,icmp,smtp,RSTO,159,53,0,0,0,2,0,1,0,0,0,0,0,0,0,22,9,0.415,0.341,0.904,30,14,normal
1,tcp,telnet,SH,411,860,0,0,0,1,0,1,1,0,0,0,0,0,0,15,16,0.173,0.137,0.843,33,16,normal
16,tcp,ssh,REJ,70,13,0,0,0,2,5,0,1,0,0,0,1,0,1,107,101,0.945,0.826,0.486,9,7,probe
4,icmp,pop3,RSTR,180,8,0,0,0,3,2,1,2,1,0,0,1,0,1,119,116,0.698,0.905,0.638,19,9,dos
0,tcp,ftp_data,SF,631,298,0,0,0,1,0,1,0,0,0,0,0,0,0,21,11,0.02,0.244,0.731,35,27,normal
15,icmp,dns,RSTR,162,11,0,0,0,3,0,0,4,0,0,1,0,0,1,116,115,0.792,0.877,0.068,12,10,dos
2,udp,smtp,S0,203,180,0,0,0,0,0,1,0,0,0,0,0,0,0,18,10,0.005,0.021,0.804,42,20,normal
0,udp,telnet,REJ,485,344,0,0,0,1,0,1,0,0,0,0,0,0,1,21,16,0.085,0.067,0.646,30,20,normal
1,udp,ssh,S0,274,254,0,0,0,1,0,1,0,0,0,0,0,0,0,22,20,0.169,0.091,0.533,27,31,normal
0,icmp,imap,RSTO,137,6274,0,0,0,0,0,0,0,0,0,0,0,0,0,20,20,0.151,0.258,0.918,33,26,normal
0,tcp,dns,REJ,208,139,0,0,0,2,0,0,0,0,0,0,0,0,0,25,10,0.207,0.036,0.958,44,27,normal
1,icmp,telnet,S0,71,82,0,0,0,0,0,0,0,0,0,0,0,0,0,19,10,0.019,0.017,0.593,37,22,normal
3,tcp,pop3,S0,139,2,0,0,0,4,0,0,5,0,0,2,0,1,1,101,105,0.812,0.89,0.095,12,3,dos
2,udp,ftp,SF,196,819,0,0,0,2,0,1,0,0,0,0,0,0,0,17,19,0.173,0.196,0.893,35,26,normal
10,udp,ftp,SH,208,12,0,0,0,5,2,0,1,0,0,0,3,0,1,120,100,0.924,0.719,0.454,10,7,dos
0,tcp,ftp_data,SH,625,497,0,0,0,0,0,0,0,0,0,0,1,0,0,19,15,0.181,0.074,0.739,32,24,normal
15,udp,dns,SH,23,48,0,0,0,4,0,0,1,0,0,0,1,0,0,120,100,0.813,0.922,0.203,12,6,dos
3,udp,http,SF,28,1143,0,0,0,2,0,1,0,0,0,0,0,0,0,19,18,0.086,0.038,0.821,28,22,normal
26,icmp,telnet,SH,77,50,0,0,1,7,2,0,2,0,0,1,0,0,0,138,131,0.782,0.955,0.034,7,10,dos
0,udp,ftp_data,SF,1662,870,0,0,0,0,0,1,0,0,0,0,0,0,0,16,10,0.139,0.245,0.397,36,21,normal
1,icmp,imap,S0,255,18,0,0,0,1,2,0,1,0,0,2,2,0,0,123,93,0.983,0.645,0.09,10,17,probe
3,tcp,dns,SF,3148,518,0,0,0,2,0,1,0,0,0,0,0,0,0,22,22,0.131,0.192,0.289,41,27,normal
4,udp,ftp_data,RSTR,1244,63,0,1,0,3,0,0,3,0,0,0,1,0,1,102,107,0.916,0.959,0.259,10,11,dos
5,tcp,pop3,SH,1227,15,0,0,0,8,1,0,3,0,0,2,1,0,0,130,106,0.833,0.751,0.283,11,11,dos
3,icmp,ftp_data,SH,899,574,0,0,0,2,0,0,1,0,0,1,0,0,0,18,19,0.068,0.006,0.799,34,19,normal
4,icmp,pop3,REJ,288,115,0,0,0,0,0,1,0,0,0,0,0,0,1,26,11,0.003,0.178,0.933,30,20,normal
5,udp,ftp,SF,1185,140,0,0,0,2,0,1,0,0,0,0,0,0,0,23,10,0.155,0.441,0.941,38,28,normal
1,udp,ssh,S0,341,140,0,0,0,0,0,1,0,0,0,0,0,0,0,17,15,0.011,0.003,0.707,38,27,normal
0,tcp,pop3,RSTO,929,139,0,0,0,2,0,1,1,0,0,1,0,0,1,21,15,0.005,0.145,0.81,38,25,normal
0,udp,imap,SF,1433,302,0,0,0,0,0,0,2,0,0,0,0,0,0,23,13,0.148,0.021,0.668,31,24,normal
19,udp,telnet,SH,322,168,0,0,0,5,2,0,1,0,0,0,0,0,2,114,112,0.958,0.881,0.128,8,8,dos
4,icmp,smtp,RSTR,200,0,0,0,0,5,0,0,6,0,0,2,2,0,0,134,103,0.712,0.904,0.109,9,10,dos
10,icmp,ssh,RSTR,267,40,0,0,0,1,0,0,2,0,0,5,0,0,0,102,108,0.938,0.628,0.185,12,9,probe
1,icmp,imap,RSTR,98,158,0,0,0,0,0,1,0,0,0,0,0,0,0,15,14,0.249,0.173,0.825,40,31,normal
1,udp,ftp,RSTO,45,209,0,0,0,4,2,0,1,0,0,0,1,0,0,105,103,0.993,0.956,0.15,14,12,r2l
0,udp,http,SH,470,258,0,0,0,1,0,1,0,0,0,0,0,0,0,21,18,0.209,0.176,0.939,26,26,normal
8,icmp,telnet,SF,257,67,0,0,0,4,3,0,1,0,0,1,0,0,0,131,101,0.621,0.963,0.32,19,14,dos
0,udp,http,SH,698,485,0,0,0,0,0,1,0,0,0,0,1,0,0,24,14,0.117,0.202,0.932,42,29,normal
1,tcp,ftp_data,RSTR,112,820,0,0,0,4,0,1,0,0,0,0,0,0,0,20,16,0.194,0.153,0.903,31,28,normal
43,tcp,dns,SF,86,214,0,0,0,3,1,0,4,0,0,0,2,0,0,117,103,0.955,0.568,0.151,13,11,u2r
1,udp,ftp,RSTR,1273,535,0,0,0,1,0,1,1,0,0,0,0,0,0,13,18,0.163,0.168,0.93,36,19,normal
6,icmp,smtp,SH,336,134,0,0,0,1,0,0,0,0,0,0,0,0,0,20,10,0.006,0.098,0.834,43,34,normal
12,icmp,ftp_data,SH,85,22,0,0,0,6,0,0,3,0,0,2,0,0,1,124,101,0.767,0.803,0.119,9,12,probe
1,icmp,ssh,REJ,69,240,0,0,0,3,1,0,1,0,0,0,1,0,0,110,90,0.961,0.77,0.519,11,8,dos
1,tcp,ssh,SH,692,373,0,0,0,2,0,1,0,0,0,0,0,0,0,21,7,0.169,0.097,0.703,37,25,normal
31,udp,ftp,SH,101,75,0,0,1,3,2,0,0,0,0,1,0,0,1,116,101,0.971,0.835,0.205,13,14,probe
45,tcp,http,RSTR,31,10,0,0,1,5,1,0,2,0,0,0,1,0,0,123,111,0.923,0.932,0.259,12,11,probe
1,udp,dns,SF,434,554,0,0,0,0,0,1,0,0,0,0,0,0,0,21,5,0.026,0.306,0.579,35,25,normal
43,udp,ftp_data,REJ,54,30,0,0,0,6,0,0,2,0,0,0,0,0,0,124,114,0.734,0.723,0.138,21,15,r2l
95,udp,ftp,RSTO,215,28,0,0,0,8,1,0,3,0,0,1,0,0,0,117,104,0.824,0.714,0.086,14,8,dos
1,udp,ssh,RSTR,908,355,0,0,0,0,0,1,0,0,0,2,0,0,0,25,17,0.095,0.133,0.669,31,22,normal
3,icmp,ftp,SH,1069,223,0,0,0,0,0,1,1,0,0,1,0,0,0,10,14,0.001,0.217,0.792,35,22,normal
8,icmp,smtp,SH,351,1774,0,0,0,1,0,1,0,0,0,1,0,0,0,20,10,0.22,0.029,0.835,29,27,normal
3,udp,dns,RSTO,379,928,0,0,0,1,0,1,0,0,0,1,1,0,0,16,20,0.06,0.018,0.666,35,31,normal
1,tcp,smtp,SH,166,1,0,0,0,2,0,0,1,0,0,0,1,0,3,142,106,0.593,0.89,0.074,14,13,dos
4,udp,smtp,SF,9,46,0,0,0,7,1,0,0,0,0,0,2,0,2,125,114,0.807,0.87,0.178,9,6,dos
0,udp,telnet,S0,221,381,0,0,0,1,0,1,0,0,0,1,0,0,0,29,16,0.164,0.062,0.648,38,21,normal
6,tcp,http,SH,95,3,0,0,0,2,2,0,1,0,0,4,0,0,1,124,110,0.828,0.898,0.239,13,17,probe
0,udp,telnet,SF,1916,472,0,0,0,1,0,1,0,0,0,0,0,0,0,24,16,0.299,0.23,0.787,36,25,normal
44,tcp,dns,SF,11,8,0,0,0,5,2,1,1,0,0,2,1,0,2,114,112,0.487,0.822,0.037,12,7,probe
3,icmp,telnet,RSTR,119,4,0,0,0,8,0,0,2,0,0,1,1,0,0,118,119,0.997,0.815,0.031,10,14,r2l
22,icmp,ftp,SF,37,4,0,0,0,8,1,0,4,0,0,1,1,0,0,124,108,0.913,0.891,0.432,16,14,r2l
0,icmp,imap,RSTO,34,110,0,0,0,8,2,0,2,0,0,0,1,0,0,132,115,0.898,0.668,0.074,18,6,probe
2,icmp,ftp,RSTR,1165,763,0,0,0,0,0,1,1,0,0,0,0,0,0,9,18,0.479,0.323,0.77,34,30,normal
4,icmp,telnet,S0,20,5,0,0,0,8,0,0,2,0,0,0,0,0,0,129,109,0.911,0.616,0.086,19,20,probe
4,tcp,http,S0,197,16,0,0,0,3,0,0,1,0,0,3,1,0,1,141,100,0.975,0.891,0.124,15,9,dos
1,icmp,ssh,S0,121,285,0,0,0,1,0,1,0,0,0,0,0,0,0,25,10,0.224,0.119,0.71,31,24,normal
2,tcp,smtp,SH,327,75,0,0,0,1,0,1,1,0,0,0,0,0,0,15,16,0.037,0.117,0.897,43,25,normal
1,udp,ftp_data,RSTR,533,70,0,0,0,1,0,0,0,0,0,2,0,0,0,18,16,0.078,0.52,0.786,52,21,normal
8,icmp,pop3,REJ,2518,234,0,0,0,2,0,1,1,0,0,1,0,0,0,17,16,0.08,0.091,0.889,36,33,normal
0,tcp,ftp_data,SF,544,289,0,0,0,0,0,1,1,0,0,0,0,0,0,18,19,0.107,0.213,0.583,35,30,normal
0,tcp,http,RSTO,1067,88,0,0,0,2,0,1,1,0,0,0,0,0,0,18,18,0.122,0.054,0.86,32,23,normal
1,udp,imap,SH,51,2935,0,0,0,0,0,0,0,0,0,0,0,0,0,19,18,0.121,0.306,0.787,31,36,normal
4,icmp,pop3,SF,1002,146,0,0,0,0,0,1,1,0,0,0,0,0,0,12,15,0.375,0.403,0.698,38,26,normal
3,icmp,http,S0,185,77,0,0,0,1,0,1,1,0,0,0,0,0,1,27,22,0.035,0.244,0.928,26,20,normal
1,tcp,dns,RSTR,168,1,0,0,0,4,1,1,3,0,0,0,1,0,1,127,117,0.878,0.644,0.431,16,7,dos
0,icmp,ftp,SF,137,14,0,0,0,7,1,0,6,0,0,1,1,0,0,123,95,0.897,0.801,0.019,19,3,dos
0,udp,telnet,RSTO,1115,498,0,0,0,2,0,1,0,0,0,0,0,0,2,16,19,0.027,0.117,0.739,43,23,normal
1,tcp,ftp,RSTR,321,468,0,0,0,2,0,1,0,0,0,0,0,0,0,14,8,0.03,0.08,0.96,37,25,normal
7,udp,http,S0,15,244,0,0,0,6,1,0,4,0,0,1,1,0,1,127,119,0.745,0.872,0.284,6,11,probe
6,udp,telnet,RSTR,191,1087,0,0,0,2,0,1,0,0,0,0,0,0,0,23,17,0.024,0.014,0.547,31,22,normal
10,icmp,imap,REJ,29,102,0,0,0,3,0,0,4,0,0,2,0,0,0,134,116,0.981,0.942,0.248,14,9,dos
5,icmp,pop3,S0,816,238,0,0,0,1,0,0,1,0,0,1,0,0,0,16,16,0.199,0.215,0.652,26,21,normal
13,udp,pop3,RSTR,914,10,0,0,0,4,0,0,1,0,0,1,1,0,0,127,100,0.996,0.96,0.149,17,9,r2l
11,tcp,http,REJ,7,18,0,0,0,5,1,1,2,0,0,0,0,0,0,108,114,0.957,0.883,0.1,10,8,dos
27,udp,ftp_data,RSTO,28,6,0,0,0,5,0,0,0,0,0,2,0,0,0,122,99,0.986,0.896,0.339,10,9,probe
1,udp,ftp,S0,1391,134,0,0,0,1,0,1,0,0,0,1,0,0,0,17,17,0.204,0.056,0.961,29,28,normal
37,udp,http,RSTR,180,26,0,0,0,3,1,0,2,0,0,0,0,1,0,122,107,0.842,0.424,0.06,10,9,u2r
2,tcp,http,REJ,611,14,0,0,0,7,0,0,1,0,0,1,1,0,1,141,114,0.721,0.828,0.063,10,12,dos
9,tcp,imap,SF,171,16,0,0,0,9,2,0,1,0,0,1,1,0,0,117,122,0.983,0.833,0.074,7,8,dos
0,udp,pop3,SH,1145,269,0,0,0,0,0,1,0,0,0,0,0,0,0,19,14,0.115,0.194,0.79,36,26,normal
0,icmp,telnet,S0,1764,459,0,0,0,1,0,1,0,0,0,1,0,0,0,15,12,0.551,0.33,0.891,30,30,normal
67,udp,ftp,S0,27,1356,0,0,0,4,1,1,3,0,0,1,0,0,1,129,100,0.647,0.974,0.208,13,12,dos
2,icmp,ftp_data,RSTR,1443,650,0,0,0,2,0,1,0,0,0,0,0,0,0,18,12,0.467,0.321,0.958,46,27,normal
1,tcp,smtp,RSTO,168,18,0,0,1,3,0,0,4,1,0,0,0,0,0,114,109,0.696,0.826,0.102,13,10,dos
2,tcp,pop3,REJ,574,528,0,0,0,2,0,1,1,0,0,0,0,0,0,26,15,0.042,0.009,0.747,23,35,normal
0,icmp,imap,RSTO,637,476,0,0,0,3,0,1,1,0,0,0,0,0,0,12,10,0.149,0.171,0.665,29,27,normal
18,tcp,pop3,REJ,424,21,0,0,0,3,1,0,0,0,0,0,0,0,1,111,98,0.987,0.864,0.05,11,8,dos
11,udp,dns,S0,302,7,0,0,0,6,0,0,4,0,0,0,2,0,0,117,97,0.48,0.952,0.378,20,10,dos
4,icmp,ssh,SH,540,254,0,0,0,2,0,0,0,0,0,0,0,0,1,19,13,0.41,0.159,0.678,24,26,normal
0,icmp,http,SF,811,3550,0,0,0,1,0,1,0,0,0,0,0,0,0,11,18,0.084,0.069,0.908,40,29,normal
27,tcp,smtp,RSTR,163,21,0,0,0,1,2,0,5,0,0,1,0,0,1,122,107,0.961,0.936,0.3,13,13,dos
1,udp,imap,S0,462,197,0,0,0,0,0,1,0,0,0,0,1,0,0,17,19,0.198,0.017,0.886,33,16,normal
1,icmp,pop3,RSTO,299,251,0,0,0,1,0,1,0,0,0,0,0,0,0,24,18,0.356,0.018,0.922,34,25,normal
6,udp,pop3,REJ,1783,1185,0,0,0,0,0,1,1,0,0,0,0,0,0,24,13,0.022,0.245,0.97,31,21,normal
1,icmp,imap,RSTO,310,459,0,0,0,0,0,1,1,0,0,1,0,0,0,20,11,0.056,0.196,0.807,26,27,normal
0,udp,dns,REJ,1153,210,0,0,0,4,0,0,3,0,0,1,0,0,1,110,118,0.667,0.728,0.164,9,9,probe
1,tcp,ftp,RSTO,53,9,0,0,0,4,0,0,1,0,0,1,0,0,0,112,90,0.926,0.981,0.172,10,13,r2l
0,udp,ftp_data,S0,102,8,0,0,0,7,0,1,3,0,0,2,0,0,2,110,98,0.901,0.968,0.342,9,11,dos
1,icmp,dns,S0,359,188,0,0,0,1,0,0,0,0,0,0,0,0,0,21,15,0.212,0.037,0.887,34,15,normal
20,tcp,telnet,SF,64,5,0,0,0,11,0,0,1,0,0,0,1,0,1,114,114,0.626,0.714,0.219,8,11,u2r
3,tcp,pop3,RSTR,77,271,0,0,0,1,0,1,0,0,0,0,0,0,0,30,13,0.279,0.147,0.904,30,22,normal
8,tcp,dns,RSTO,269,714,0,0,0,2,0,0,0,0,0,0,0,0,0,18,14,0.368,0.064,0.91,44,32,normal
5,icmp,ssh,REJ,28,3,0,0,0,7,1,0,0,0,0,0,1,0,0,121,104,0.632,0.877,0.098,11,9,dos
0,udp,dns,S0,525,379,0,0,0,1,0,0,0,0,0,0,0,0,0,15,18,0.057,0.237,0.878,37,26,normal
5,icmp,ssh,RSTO,882,1728,0,0,0,2,0,1,1,0,0,0,0,0,0,23,15,0.005,0.168,0.823,32,33,normal
34,udp,http,RSTO,172,60,0,0,0,3,1,0,2,0,0,0,2,0,0,101,107,0.714,0.872,0.139,14,15,dos
14,icmp,imap,REJ,197,322,0,0,0,6,0,0,3,0,0,0,1,0,2,112,118,0.832,0.797,0.035,13,10,dos
3,udp,smtp,REJ,36,530,0,0,0,2,0,1,0,0,0,0,0,0,0,25,11,0.087,0.052,0.804,27,26,normal
6,tcp,imap,SF,148,40,0,0,0,4,1,0,1,0,0,0,3,0,0,135,102,0.921,0.895,0.053,7,10,probe
1,icmp,pop3,REJ,337,190,0,0,0,0,0,1,0,0,0,0,0,0,0,17,8,0.114,0.188,0.931,36,19,normal
1,icmp,ftp,S0,447,1127,0,0,0,2,0,1,0,0,0,0,0,0,1,16,10,0.1,0.133,0.662,34,27,normal
2,udp,ftp,RSTO,2445,16,0,0,0,5,1,0,3,0,0,3,1,0,2,129,96,0.991,0.773,0.152,13,10,dos
3,udp,http,SH,192,16,0,0,0,4,0,0,2,0,0,1,0,0,0,106,104,0.472,0.795,0.042,21,14,dos
3,tcp,telnet,SH,101,160,0,0,0,3,0,0,3,0,0,1,0,0,0,121,110,0.6,0.799,0.158,13,12,dos
1,icmp,smtp,S0,2177,271,0,0,0,1,0,1,0,0,0,2,0,0,0,23,13,0.325,0.061,0.368,36,31,normal
0,udp,pop3,RSTR,908,188,0,0,0,2,0,1,0,0,0,0,0,0,0,17,13,0.312,0.046,0.959,40,26,normal
4,icmp,ftp,SH,788,182,0,0,0,2,0,1,0,0,0,0,0,0,1,25,16,0.075,0.073,0.905,39,19,normal
2,icmp,ftp_data,RSTR,59,85,0,0,0,1,0,1,0,0,0,0,0,0,0,19,17,0.198,0.128,0.689,37,26,normal
3,icmp,ftp,S0,341,58,0,0,0,1,0,0,1,0,0,0,0,0,0,27,16,0.084,0.179,0.826,39,16,normal
5,udp,ssh,SH,835,932,0,0,0,0,0,1,0,0,0,0,0,0,0,15,14,0.32,0.09,0.504,23,23,normal
0,icmp,pop3,REJ,867,168,0,0,0,1,0,1,2,0,0,2,0,0,0,24,16,0.076,0.204,0.97,26,23,normal
17,tcp,http,RSTO,88,57,0,0,0,3,1,1,3,0,0,3,3,0,0,135,118,0.995,0.673,0.049,10,7,dos
15,tcp,telnet,SF,76,86,0,0,0,10,2,1,5,0,0,2,0,0,0,113,109,0.925,0.977,0.228,9,9,probe
0,udp,imap,REJ,124,393,0,0,0,0,0,1,0,0,0,0,0,0,0,26,21,0.233,0.342,0.676,37,28,normal
0,udp,ssh,SH,47,144,0,0,1,3,1,0,1,0,0,1,0,0,1,114,113,0.866,0.979,0.563,12,11,probe
14,icmp,pop3,SH,147,1,0,0,0,2,1,0,1,0,0,3,0,0,0,118,128,0.762,0.766,0.223,18,11,dos
3,tcp,http,RSTR,136,2164,0,0,0,1,0,0,0,0,0,0,0,0,0,15,23,0.1,0.076,0.991,34,25,normal
4,tcp,dns,S0,43,677,0,0,0,1,0,1,0,0,0,0,0,0,0,14,19,0.107,0.116,0.786,29,23,normal
1,udp,pop3,RSTO,80,205,0,0,0,0,0,1,0,0,0,0,0,0,1,14,15,0.031,0.262,0.872,38,27,normal
3,udp,ftp_data,SH,107,1521,0,0,0,1,0,1,0,0,0,0,0,0,0,20,11,0.248,0.047,0.656,26,24,normal
18,udp,ftp_data,REJ,185,24,0,0,0,5,1,0,3,0,0,1,0,0,1,109,118,0.891,0.753,0.417,20,8,dos
11,udp,imap,S0,1820,408,0,0,0,2,0,1,0,0,0,0,0,0,0,22,9,0.375,0.031,0.71,32,25,normal
2,tcp,ftp_data,SH,35,25,0,1,0,1,1,0,1,0,0,0,1,0,0,131,109,0.959,0.964,0.23,11,7,probe
4,tcp,telnet,RSTR,218,311,0,0,0,2,0,1,0,0,0,0,0,0,0,23,10,0.34,0.077,0.738,35,28,normal
44,udp,smtp,REJ,176,3,0,0,0,8,1,0,3,0,0,0,1,0,0,112,119,0.419,0.667,0.047,10,11,probe
1,udp,ftp_data,REJ,1237,119,0,0,0,2,0,0,0,0,0,0,0,0,0,20,16,0.068,0.108,0.764,39,23,normal
1,icmp,pop3,REJ,214,618,0,0,0,1,0,1,0,0,0,1,0,0,0,19,8,0.027,0.103,0.668,37,23,normal
8,udp,http,RSTO,1396,45,0,0,0,0,0,1,0,0,0,0,0,0,1,21,19,0.102,0.048,0.777,37,30,normal
0,icmp,dns,SF,919,271,0,0,0,0,0,1,0,0,0,0,0,0,0,22,14,0.121,0.317,0.813,36,21,normal
32,tcp,telnet,S0,59,92,0,0,0,6,0,0,3,0,0,2,0,0,1,132,108,0.923,0.669,0.503,15,6,dos
0,tcp,ftp_data,SF,658,356,0,0,0,3,0,0,0,0,0,0,0,0,1,20,9,0.266,0.131,0.892,36,32,normal
26,icmp,ftp,RSTO,217,21,0,0,0,11,0,0,2,0,0,1,2,0,0,132,120,0.936,0.887,0.035,12,6,probe
19,udp,ftp,REJ,20,7,0,0,0,8,0,0,1,0,0,1,0,0,0,129,107,0.375,0.976,0.131,20,15,dos
21,icmp,smtp,SH,32,531,0,0,0,11,2,0,3,0,0,1,1,0,0,124,98,0.458,0.466,0.13,6,9,u2r
42,tcp,dns,REJ,325,73,0,0,0,7,0,1,2,0,0,1,0,0,1,130,125,0.9,0.887,0.141,15,7,dos
31,udp,dns,S0,16,156,0,0,0,4,1,0,2,0,0,0,0,0,0,112,123,0.963,0.94,0.091,13,13,r2l
2,tcp,ssh,REJ,245,789,0,0,0,0,0,1,0,0,0,0,0,0,0,12,20,0.075,0.051,0.824,28,21,normal
1,tcp,telnet,REJ,1178,811,0,0,0,0,0,1,1,0,0,0,0,0,1,15,15,0.196,0.059,0.959,34,24,normal
6,tcp,ftp_data,SH,112,789,0,0,0,1,0,1,1,0,0,0,0,0,1,15,16,0.058,0.084,0.907,35,17,normal
1,udp,dns,REJ,272,319,0,0,0,1,0,1,0,0,0,1,0,0,0,23,16,0.133,0.03,0.903,38,21,normal
1,icmp,ftp_data,SH,246,1,0,0,0,10,0,0,3,0,0,1,2,0,2,111,102,0.998,0.98,0.074,15,15,probe
3,icmp,imap,REJ,415,1120,0,0,0,0,0,0,2,0,0,0,0,0,0,22,16,0.099,0.068,0.94,31,23,normal
1,icmp,smtp,RSTR,1591,389,0,0,0,0,0,1,0,0,0,0,0,0,0,18,21,0.355,0.013,0.907,30,32,normal
2,udp,imap,RSTR,2224,3107,0,0,0,4,0,1,0,0,0,0,0,0,0,20,19,0.279,0.105,0.515,35,29,normal
20,icmp,smtp,SF,265,0,0,0,0,8,0,0,3,0,0,2,1,0,0,120,115,0.65,0.584,0.343,13,11,dos
0,udp,ssh,SF,53,4,0,0,0,7,1,0,0,0,0,0,0,0,0,117,105,0.901,0.897,0.106,12,16,dos
0,udp,ftp,REJ,73,5,0,0,0,5,2,0,3,0,0,0,1,0,0,117,102,0.769,0.731,0.26,16,8,probe
3,tcp,ftp,REJ,304,1336,0,0,0,2,0,1,0,0,0,0,0,0,0,17,19,0.183,0.039,0.932,29,20,normal
0,tcp,http,RSTO,130,11,0,0,0,7,3,0,4,0,0,1,0,0,0,123,107,0.906,0.647,0.099,14,12,u2r
0,tcp,pop3,RSTR,185,125,0,0,0,0,0,1,0,0,0,0,0,0,0,16,22,0.023,0.331,0.796,24,25,normal
1,icmp,pop3,RSTR,265,0,0,0,0,7,2,0,1,0,0,2,2,0,2,122,111,0.941,0.418,0.264,12,22,probe
8,udp,pop3,SF,69,15,0,0,0,4,1,1,0,0,0,0,0,0,0,117,102,0.959,0.942,0.149,5,9,dos
4,tcp,http,SF,3216,1198,0,0,0,0,0,1,0,0,0,0,0,0,0,17,17,0.122,0.01,0.556,34,21,normal
0,tcp,pop3,SF,1413,4,0,0,0,3,1,0,5,0,0,1,1,0,0,120,106,0.742,0.613,0.151,16,10,dos
4,icmp,smtp,RSTO,294,197,0,0,0,3,0,1,0,0,0,1,0,0,0,31,14,0.084,0.196,0.55,40,20,normal
2,icmp,pop3,S0,143,464,0,0,0,1,0,1,0,0,0,0,1,0,0,18,17,0.177,0.046,0.9,36,28,normal
0,tcp,imap,RSTR,1023,44,0,0,0,0,0,1,1,0,0,1,0,0,0,14,15,0.04,0.111,0.869,24,21,normal
2,udp,imap,RSTR,187,19,0,0,0,6,0,0,3,0,0,0,0,0,1,123,111,0.88,0.929,0.183,11,10,r2l
11,icmp,ftp_data,S0,43,0,0,0,0,7,1,0,2,0,0,0,0,0,0,146,142,0.943,0.889,0.17,21,11,dos
5,udp,imap,RSTR,813,310,0,0,0,2,0,1,0,0,0,0,0,0,0,18,14,0.057,0.047,0.554,46,22,normal
7,icmp,ftp,RSTO,1622,812,0,0,0,5,1,0,0,0,0,1,1,0,0,120,113,0.813,0.983,0.058,14,7,r2l
10,icmp,ftp,SF,14,52,0,0,0,4,1,0,2,0,0,1,1,0,1,94,102,0.959,0.914,0.085,12,12,dos
13,udp,dns,SH,304,13,0,0,0,2,0,1,4,0,0,2,0,0,0,123,119,0.797,0.951,0.426,18,14,probe
0,tcp,ssh,SH,1163,635,0,0,0,0,0,1,2,0,0,0,0,0,0,19,16,0.012,0.054,0.799,40,23,normal
2,tcp,ftp_data,RSTO,777,45,0,0,0,3,0,0,0,0,0,0,0,0,0,11,15,0.162,0.1,0.8,24,23,normal
7,tcp,pop3,REJ,91,157,0,0,0,5,0,0,3,0,0,0,0,0,0,123,116,0.415,0.672,0.105,16,6,probe
0,tcp,telnet,RSTO,49,772,0,0,0,2,0,0,0,0,0,0,0,0,0,16,15,0.169,0.094,0.845,48,32,normal
7,tcp,dns,S0,976,547,0,0,0,0,0,1,0,0,0,0,0,0,0,16,11,0.197,0.035,1.0,36,18,normal
9,tcp,imap,RSTO,103,114,0,0,0,6,2,0,0,0,0,2,0,0,0,139,106,0.568,0.986,0.394,15,5,dos
6,icmp,ssh,REJ,602,1745,0,0,0,2,0,0,0,0,0,0,0,0,0,22,14,0.01,0.369,0.902,31,24,normal
8,tcp,imap,SH,2174,271,0,0,0,2,0,1,0,0,0,0,0,0,0,19,18,0.168,0.231,0.757,33,22,normal
1,tcp,dns,SH,516,739,0,0,0,0,0,1,0,0,0,0,0,0,0,20,17,0.188,0.199,0.902,40,25,normal
4,icmp,dns,S0,1919,123,0,0,0,2,0,1,0,0,0,0,0,0,0,17,10,0.073,0.063,0.873,38,29,normal
19,tcp,ftp,S0,13,23,0,0,0,5,1,1,5,0,0,0,1,0,1,118,99,0.98,0.939,0.246,10,13,dos
0,icmp,smtp,SF,419,584,0,0,0,1,0,1,0,0,0,0,0,0,0,15,18,0.273,0.056,0.906,42,18,normal
28,icmp,pop3,RSTR,673,76,0,0,0,7,0,0,4,0,0,1,1,0,0,125,113,0.73,0.776,0.592,24,8,dos
2,tcp,dns,S0,136,4,0,0,0,8,0,0,0,0,0,1,2,0,0,105,123,0.84,0.627,0.063,16,7,r2l
2,udp,ssh,REJ,1820,387,0,0,0,2,0,1,0,0,0,0,0,0,0,9,16,0.095,0.243,0.611,35,15,normal
2,udp,http,RSTO,143,221,0,0,0,3,0,1,0,0,0,1,2,0,0,11,11,0.051,0.194,0.774,35,25,normal
3,icmp,ssh,REJ,91,288,0,0,0,4,0,0,1,0,1,0,4,1,1,126,91,0.833,0.868,0.246,12,10,u2r
72,tcp,ssh,RSTO,2975,71,0,0,0,6,1,0,5,0,0,0,0,0,2,107,105,0.988,0.878,0.2,9,7,u2r
12,tcp,dns,RSTO,20,0,0,0,0,4,0,0,1,0,0,1,0,0,0,111,115,0.554,0.85,0.016,10,14,u2r
5,icmp,dns,SF,25,0,0,0,0,0,1,0,0,0,0,2,0,0,1,133,117,0.917,0.761,0.092,10,11,dos
8,tcp,http,SF,110,1618,0,0,0,4,0,1,0,0,0,0,0,0,0,100,124,0.966,0.961,0.199,13,11,dos
2,icmp,smtp,RSTO,1717,1260,0,0,0,1,0,1,0,0,0,0,1,0,0,22,16,0.009,0.179,0.87,41,35,normal
3,udp,smtp,SF,128,321,0,0,0,5,1,1,3,0,0,1,1,0,0,131,115,0.934,0.73,0.281,17,11,dos
6,tcp,http,REJ,102,6,0,0,0,7,0,0,0,0,0,2,0,0,2,129,100,0.908,0.813,0.033,11,8,dos
4,tcp,imap,RSTR,1479,351,0,0,0,1,0,1,0,0,0,0,0,0,0,21,22,0.126,0.086,0.502,20,23,normal
1,icmp,ssh,RSTO,730,1538,0,0,0,3,0,1,0,0,0,0,0,0,0,21,20,0.111,0.221,0.972,48,19,normal
5,tcp,ssh,RSTR,31,396,0,0,0,2,0,0,0,0,0,0,1,0,0,23,10,0.175,0.01,0.803,40,24,normal
10,tcp,dns,RSTR,239,220,0,0,0,0,0,0,0,0,0,0,0,0,0,19,13,0.263,0.022,0.624,31,27,normal
16,tcp,http,S0,133,5,0,0,0,8,2,0,1,0,0,0,0,0,0,103,112,0.723,0.933,0.236,13,10,probe
8,tcp,http,RSTR,228,35,0,0,0,4,0,0,4,0,0,1,0,0,1,107,114,0.897,0.976,0.126,10,15,dos
4,udp,imap,SH,203,478,0,0,0,0,0,1,0,0,0,0,0,0,0,15,14,0.126,0.018,0.85,21,30,normal
1,tcp,ftp_data,SH,527,458,0,0,0,1,0,1,0,0,0,0,0,0,2,20,10,0.077,0.515,0.724,33,24,normal
4,tcp,imap,SH,40,791,0,0,0,2,0,1,0,0,0,0,0,0,0,26,17,0.113,0.141,0.768,42,23,normal
2,tcp,http,REJ,58,33,0,0,0,2,0,1,6,0,0,1,1,0,1,105,109,0.838,0.662,0.222,9,13,dos
8,icmp,smtp,RSTO,285,2,0,0,0,2,0,1,6,0,0,0,2,0,0,105,121,0.829,0.8,0.036,12,8,probe
11,udp,dns,SF,1286,83,0,0,0,0,0,1,0,0,0,0,0,0,0,17,12,0.268,0.078,0.787,43,28,normal
27,udp,ssh,S0,193,58,0,0,0,7,2,0,3,0,0,2,1,0,0,116,105,0.632,0.469,0.204,17,9,u2r
5,icmp,ftp,RSTR,533,811,0,0,0,3,0,0,0,0,0,0,0,0,0,15,11,0.013,0.244,0.89,31,28,normal
4,icmp,dns,RSTO,160,2303,0,0,0,3,0,1,0,0,0,0,1,0,0,17,19,0.067,0.029,0.736,36,20,normal
11,icmp,pop3,SH,206,8,0,0,0,3,2,0,3,0,0,1,2,0,1,108,110,0.681,0.979,0.028,15,12,dos
17,tcp,ftp_data,SF,80,3,0,0,0,5,0,0,1,0,0,1,1,0,0,111,130,0.804,0.811,0.159,6,14,dos
22,icmp,ssh,RSTO,29,6,0,0,0,4,1,0,5,0,0,1,0,0,0,118,112,0.781,0.836,0.024,18,13,dos
13,tcp,ftp,REJ,33,1,0,0,0,9,0,0,3,0,0,1,0,0,1,116,108,0.875,0.681,0.239,13,5,dos
2,tcp,ssh,SF,1124,182,0,0,0,0,0,0,0,0,0,0,0,0,0,17,18,0.012,0.027,0.705,34,23,normal
68,udp,dns,SF,75,0,0,0,0,2,1,0,1,0,0,1,0,0,1,109,112,0.918,0.758,0.202,19,16,probe
3,tcp,ssh,REJ,143,417,0,0,0,2,0,1,0,0,0,0,0,0,0,22,20,0.247,0.321,0.8,43,26,normal
1,tcp,pop3,REJ,404,480,0,0,0,1,0,1,1,0,0,0,0,0,0,30,23,0.397,0.052,0.813,43,32,normal
0,icmp,smtp,RSTO,1499,64,0,0,0,1,0,0,2,0,0,0,0,0,0,17,15,0.003,0.093,0.9,32,28,normal
0,tcp,http,SF,764,141,0,0,0,0,0,1,1,0,0,0,0,0,0,20,13,0.123,0.288,0.809,37,24,normal
56,icmp,ftp_data,SF,205,93,0,0,0,4,0,0,1,0,0,1,0,0,1,118,110,0.881,0.68,0.161,9,11,dos
3,tcp,smtp,RSTO,975,60,0,0,0,3,0,0,0,0,0,0,0,0,0,22,18,0.337,0.284,0.964,35,20,normal
0,tcp,ftp_data,REJ,307,970,0,0,0,2,0,1,0,0,0,0,0,0,0,21,13,0.075,0.07,0.693,35,24,normal
7,tcp,pop3,REJ,443,114,0,0,0,2,0,1,0,0,0,0,0,0,0,31,13,0.241,0.341,0.959,27,27,normal
56,udp,pop3,RSTO,86,25,0,0,0,6,1,0,1,0,0,1,0,0,0,128,97,0.963,0.981,0.151,12,5,dos
1,icmp,ftp,RSTO,1269,93,0,0,0,1,0,0,0,0,0,0,0,0,0,20,10,0.067,0.459,0.744,31,24,normal
4,udp,ftp,REJ,151,1524,0,0,0,0,0,1,0,0,0,0,0,0,0,16,21,0.272,0.041,0.568,20,31,normal
0,tcp,ssh,SH,84,7,0,0,0,7,0,0,1,0,0,0,0,0,0,115,106,0.974,0.876,0.119,7,9,dos
26,tcp,imap,REJ,304,26,0,0,0,3,0,0,1,0,0,1,0,0,1,130,94,0.682,0.813,0.116,13,10,dos
12,udp,ssh,REJ,207,362,0,0,0,2,0,1,0,0,0,0,0,0,0,21,15,0.072,0.118,0.947,32,25,normal
1,icmp,http,REJ,259,129,0,0,0,2,0,1,0,0,0,0,0,0,0,23,15,0.15,0.228,0.803,30,42,normal
0,icmp,ssh,SF,726,543,0,0,0,1,0,1,0,0,0,1,0,0,1,17,20,0.198,0.189,0.844,39,21,normal
0,tcp,dns,RSTO,127,395,0,0,0,0,0,1,1,0,0,0,1,0,0,16,15,0.167,0.26,0.732,32,21,normal
4,udp,http,S0,1061,155,0,0,0,0,0,0,0,0,0,0,0,0,0,20,19,0.121,0.065,0.886,37,21,normal
5,udp,ssh,SF,21,8,0,0,0,8,0,0,2,0,0,1,2,0,1,121,94,0.973,0.809,0.052,8,12,dos
0,udp,ftp,SF,659,40,0,0,0,1,0,1,0,0,0,0,0,0,0,19,10,0.258,0.106,0.832,34,20,normal
3,udp,http,SF,1087,108,0,0,0,2,0,0,0,0,0,0,1,0,0,28,14,0.111,0.047,0.558,40,23,normal
2,icmp,http,RSTO,469,605,0,0,0,1,0,1,0,0,0,0,0,0,0,13,21,0.122,0.158,0.591,31,24,normal
1,icmp,telnet,REJ,15,233,0,0,0,6,0,0,1,0,0,0,0,0,0,129,107,0.675,0.95,0.191,14,11,u2r
0,icmp,imap,SF,2915,258,0,0,0,0,0,0,0,0,0,0,0,0,0,15,14,0.029,0.048,0.743,37,20,normal
0,udp,dns,REJ,797,86,0,0,0,0,0,1,0,0,0,0,0,0,0,16,8,0.202,0.021,0.489,42,21,normal
2,tcp,pop3,REJ,51,124,0,0,0,5,0,0,2,0,0,3,1,0,1,108,124,0.822,0.904,0.153,9,7,dos
1,icmp,pop3,RSTO,173,484,0,0,0,2,0,1,1,0,0,0,0,0,1,14,20,0.31,0.228,0.81,36,23,normal
1,tcp,pop3,S0,48,11,0,0,0,3,0,1,3,0,0,0,0,0,0,119,105,0.33,0.541,0.129,13,7,dos
5,tcp,telnet,RSTR,39,1018,0,0,0,1,0,0,0,0,0,0,0,0,0,20,19,0.258,0.125,0.929,27,38,normal
2,tcp,ftp,RSTO,1365,190,0,0,0,0,0,1,1,0,0,0,0,0,0,16,21,0.046,0.07,0.722,33,28,normal
0,udp,smtp,RSTR,2712,152,0,0,0,1,0,1,1,0,0,0,0,0,1,26,10,0.087,0.008,0.554,43,27,normal
3,udp,telnet,RSTR,93,151,0,0,0,1,0,0,0,0,0,0,0,0,0,14,11,0.258,0.419,0.907,41,31,normal
0,icmp,dns,RSTR,2639,1127,0,0,0,2,0,1,0,0,0,1,0,0,0,21,18,0.043,0.201,0.797,47,29,normal
7,udp,ssh,REJ,113,29,0,0,0,4,0,0,3,0,0,1,0,0,0,129,110,0.927,0.901,0.021,14,11,r2l
0,icmp,ssh,REJ,537,200,0,0,0,0,0,0,0,0,0,0,0,0,1,20,25,0.047,0.007,0.798,47,26,normal
7,udp,ftp,S0,1580,287,0,0,0,1,0,1,0,0,0,0,0,0,0,13,12,0.029,0.499,0.705,28,22,normal
2,icmp,dns,RSTR,220,291,0,0,0,4,0,0,0,0,0,0,1,0,0,24,15,0.039,0.349,0.723,40,25,normal
5,icmp,ftp,RSTO,89,1353,0,0,0,1,0,1,0,0,0,0,0,0,0,23,19,0.051,0.108,0.606,36,26,normal
28,tcp,telnet,RSTR,294,83,0,0,0,7,0,1,4,0,0,2,1,0,0,114,104,0.923,0.732,0.372,10,4,dos
4,tcp,ssh,REJ,16,14,0,0,0,6,3,0,4,0,0,1,0,0,1,135,110,0.779,0.776,0.344,20,6,dos
2,udp,pop3,S0,302,1682,0,0,0,1,0,1,2,0,0,0,0,0,1,25,20,0.068,0.125,0.894,40,25,normal
0,icmp,ftp_data,REJ,264,776,0,0,0,0,0,1,0,0,0,0,0,0,0,32,18,0.142,0.047,0.809,39,21,normal
5,icmp,imap,S0,1437,349,0,0,0,0,0,0,1,0,0,2,0,0,0,19,15,0.115,0.076,0.914,40,27,normal
4,tcp,ftp_data,SH,293,1503,0,0,0,0,0,1,0,0,0,0,0,0,0,19,20,0.164,0.093,0.881,38,24,normal
0,udp,ftp,S0,135,139,0,0,0,7,0,0,1,0,0,0,0,0,1,131,115,0.92,0.841,0.28,13,8,dos
1,icmp,ssh,SH,410,1299,0,0,0,2,0,1,1,0,0,0,0,0,0,14,12,0.182,0.184,0.469,29,36,normal
6,udp,ssh,SF,2092,138,0,0,0,7,1,0,2,0,0,0,3,0,2,114,103,0.98,0.892,0.281,17,12,dos
8,udp,imap,REJ,49,53,0,0,0,5,1,0,1,0,0,0,0,0,0,118,116,0.938,0.968,0.029,16,8,probe
4,icmp,smtp,RSTO,63,8,0,0,0,6,0,0,1,0,0,0,0,0,1,122,107,0.764,0.86,0.138,3,12,u2r
13,udp,http,REJ,68,6,0,0,0,7,0,0,0,0,0,1,0,0,1,130,106,0.968,0.89,0.091,12,11,probe
0,tcp,ftp,SH,828,41,0,0,0,2,0,0,0,0,0,0,1,0,0,17,14,0.024,0.148,0.81,36,23,normal
1,icmp,imap,SH,9051,661,0,0,0,4,0,0,2,1,0,2,0,0,0,114,107,0.891,0.881,0.139,16,10,dos
36,tcp,telnet,SH,30,222,0,0,0,5,0,0,2,0,0,1,0,0,0,123,122,0.777,0.979,0.061,12,7,probe
4,tcp,http,S0,113,316,1,0,0,3,0,0,3,0,0,1,0,0,0,131,116,0.906,0.677,0.375,17,7,u2r
1,tcp,ftp_data,REJ,564,3,0,0,0,5,1,0,2,0,0,1,1,0,0,124,106,0.552,0.639,0.126,7,7,dos
2,udp,http,RSTR,473,245,0,0,0,0,0,0,1,0,0,0,0,0,0,23,16,0.024,0.018,0.915,29,26,normal
2,icmp,ftp_data,SF,330,2097,0,0,0,3,0,1,0,0,0,1,0,0,0,23,19,0.15,0.292,0.843,35,26,normal
2,udp,http,RSTR,385,216,0,0,0,1,0,1,0,0,0,0,0,0,0,24,13,0.169,0.086,0.641,31,25,normal
11,icmp,http,SF,124,1,0,0,0,5,1,1,4,0,0,0,0,0,1,129,120,0.932,0.89,0.419,14,11,dos
2,icmp,ftp_data,RSTR,575,1507,0,0,0,1,0,0,0,0,0,0,0,0,0,19,19,0.011,0.378,0.831,45,23,normal
5,icmp,smtp,S0,626,120,0,0,0,4,0,1,0,0,0,0,2,0,1,19,17,0.418,0.296,0.584,31,28,normal
1,tcp,dns,SF,1897,580,0,0,0,0,0,0,2,0,0,0,1,0,0,23,15,0.098,0.111,0.502,35,36,normal
2,tcp,pop3,SF,233,621,0,0,0,0,0,1,1,0,0,0,0,0,0,13,16,0.256,0.083,0.807,36,25,normal
0,icmp,smtp,RSTR,23,1064,0,0,0,5,1,0,1,0,0,1,1,0,0,108,119,0.926,0.997,0.161,12,14,probe
3,tcp,smtp,RSTO,2141,132,0,0,0,3,1,0,2,0,0,0,1,0,0,145,123,0.601,0.762,0.48,10,6,dos
33,icmp,ssh,SH,119,29,0,0,0,8,0,0,3,0,0,0,1,0,1,118,114,0.864,0.818,0.062,20,11,probe
2,udp,smtp,RSTO,494,237,0,0,0,0,0,1,0,0,0,0,0,0,0,18,24,0.067,0.26,0.915,35,17,normal
2,tcp,smtp,S0,3154,351,0,0,0,1,0,1,0,0,0,0,1,0,1,28,9,0.117,0.135,0.929,34,33,normal
13,udp,http,RSTO,259,58,0,0,0,3,2,0,2,0,0,2,0,0,0,120,104,0.965,0.873,0.394,11,10,dos
36,udp,http,SF,28,3,0,0,0,7,0,0,0,0,0,1,0,0,0,139,105,0.878,0.794,0.301,16,19,dos
1,icmp,pop3,S0,447,302,0,0,0,1,0,0,0,0,0,0,0,0,1,27,15,0.01,0.046,0.701,33,26,normal
0,tcp,ftp,SF,122,559,0,0,0,1,0,1,0,0,0,0,0,0,0,17,12,0.129,0.117,0.643,33,27,normal
1,udp,dns,RSTR,1264,113,0,0,0,1,0,1,0,0,0,0,0,0,0,17,22,0.259,0.084,0.88,31,29,normal
5,tcp,imap,RSTO,362,114,0,0,0,1,0,1,0,0,0,0,0,0,0,23,15,0.159,0.567,0.611,31,21,normal
0,icmp,pop3,RSTO,2507,1010,0,0,0,1,0,1,0,0,0,0,0,0,0,12,18,0.109,0.023,0.875,41,32,normal
5,tcp,imap,RSTO,623,79,0,0,0,0,0,1,0,0,0,0,0,0,0,28,15,0.044,0.546,0.929,38,25,normal
8,tcp,smtp,REJ,79,6,0,0,1,4,2,0,3,0,0,0,1,0,1,134,106,0.703,0.75,0.149,11,9,dos
21,udp,ssh,SF,283,105,0,0,0,5,1,0,1,0,0,2,1,0,0,112,133,0.804,0.951,0.212,11,11,probe
2,icmp,imap,SF,629,711,0,0,0,2,0,1,0,0,0,0,0,0,0,25,18,0.113,0.054,0.672,37,29,normal
10,icmp,http,RSTR,4,568,0,0,0,7,0,1,1,0,0,1,1,0,0,136,118,0.937,0.932,0.017,15,16,probe
32,icmp,ftp_data,SF,256,22,0,0,0,5,0,1,0,0,0,1,0,0,1,111,107,0.832,0.97,0.371,10,9,dos
2,icmp,dns,RSTR,36,12,0,0,0,4,1,0,0,0,0,0,1,0,0,117,81,0.442,0.905,0.161,8,10,dos
1,tcp,ftp,RSTR,1277,1033,0,0,0,6,0,0,2,0,0,1,0,0,0,118,106,0.979,0.979,0.04,8,8,dos
4,udp,ftp,RSTO,628,235,0,0,0,1,0,0,0,0,0,0,0,0,0,23,11,0.004,0.026,0.713,32,26,normal
0,tcp,imap,S0,1062,1094,0,0,0,0,0,1,0,0,0,1,0,0,1,16,15,0.51,0.153,0.922,39,20,normal
3,icmp,http,REJ,367,207,0,0,0,2,0,1,0,0,0,0,0,0,0,21,12,0.323,0.001,0.702,39,21,normal
1,icmp,telnet,SH,51,8,0,1,0,6,0,0,1,0,0,0,0,0,1,126,121,0.812,0.674,0.132,10,10,dos
56,icmp,ftp_data,SF,129,14,0,0,0,5,1,0,5,0,0,2,1,0,0,123,103,0.711,0.848,0.209,8,3,probe
0,icmp,smtp,S0,230,1107,0,0,0,0,0,1,0,0,0,0,0,0,0,27,10,0.313,0.064,0.966,32,31,normal
2,udp,telnet,REJ,568,286,0,0,0,1,0,0,0,0,0,0,0,0,0,10,11,0.212,0.007,0.939,37,26,normal
1,tcp,telnet,REJ,805,363,0,0,0,1,0,1,0,0,0,0,1,0,0,22,13,0.127,0.177,0.892,39,28,normal
6,tcp,http,SH,1138,488,0,0,0,1,0,0,0,0,0,0,0,0,0,14,19,0.105,0.043,0.805,28,21,normal
0,tcp,ssh,S0,332,340,0,0,0,0,0,0,0,0,0,0,1,0,0,23,11,0.14,0.044,0.808,37,21,normal
2,udp,ftp,RSTR,297,305,0,0,0,2,0,0,0,0,0,1,0,0,0,25,11,0.1,0.036,0.493,35,19,normal
0,tcp,dns,RSTO,425,61,0,0,0,0,0,1,0,0,0,0,0,0,0,25,11,0.315,0.339,0.421,30,28,normal
40,tcp,pop3,RSTR,11,79,0,0,0,2,0,0,4,0,0,0,0,0,0,134,118,0.985,0.953,0.011,9,6,dos
3,icmp,http,S0,942,245,0,0,0,1,0,1,0,0,0,0,0,0,0,20,18,0.088,0.143,0.666,38,16,normal
4,icmp,imap,RSTR,32,28,0,0,0,5,2,0,3,0,0,1,0,0,1,114,112,0.783,0.837,0.357,6,13,probe
1,icmp,smtp,S0,880,726,0,0,0,2,0,1,0,0,0,0,0,0,0,19,13,0.173,0.219,0.849,30,25,normal
43,tcp,ftp_data,REJ,1118,0,0,0,0,4,1,0,1,0,0,2,1,0,2,121,112,0.648,0.913,0.332,13,9,dos
6,icmp,smtp,RSTO,12,277,0,0,0,1,0,1,1,0,0,0,0,0,0,14,20,0.09,0.129,0.88,40,34,normal
6,udp,pop3,S0,1123,93,0,0,0,3,0,1,0,0,0,0,0,0,0,21,13,0.04,0.437,0.9,36,28,normal
6,udp,http,RSTO,5,26,0,0,0,6,0,0,2,0,0,0,1,0,0,123,108,0.769,0.454,0.115,14,9,dos
0,icmp,pop3,REJ,724,2095,0,0,0,0,0,1,0,0,0,0,0,0,0,17,17,0.143,0.159,0.944,27,26,normal
0,udp,dns,RSTO,429,491,0,0,0,1,0,1,0,0,0,0,0,0,0,23,12,0.005,0.176,0.655,38,35,normal
0,icmp,imap,REJ,2294,33,0,0,0,2,0,1,0,0,0,0,0,0,0,23,15,0.011,0.175,0.341,41,29,normal
6,tcp,imap,RSTR,54,335,0,0,0,2,0,0,3,0,0,2,1,0,0,105,94,0.896,0.799,0.222,9,9,probe
2,tcp,ftp,S0,2223,724,0,0,0,1,0,1,0,0,0,0,0,0,0,15,14,0.252,0.194,0.771,46,27,normal
0,udp,ftp_data,SH,156,47,0,0,0,3,0,0,3,1,0,0,0,0,0,120,105,0.972,0.892,0.236,11,10,dos
12,icmp,pop3,SH,27,31,0,0,0,5,0,0,0,0,0,3,1,0,0,118,100,0.847,0.833,0.081,14,10,dos
20,udp,telnet,S0,1114,17,0,0,0,7,0,1,4,0,0,1,1,0,0,123,115,0.774,0.984,0.063,9,15,dos
3,icmp,smtp,S0,1755,76,0,0,0,5,0,0,4,0,0,0,1,0,1,127,119,0.773,0.627,0.12,12,6,r2l
14,icmp,ftp,SH,477,12,0,1,0,2,1,0,2,0,0,1,0,0,1,121,110,0.863,0.917,0.033,8,8,r2l
1,udp,pop3,S0,4,34,0,0,0,3,1,0,7,0,0,1,0,0,1,114,115,0.848,0.942,0.075,18,8,dos
0,udp,telnet,S0,767,312,0,0,0,0,0,1,1,0,0,1,0,0,1,31,14,0.033,0.066,0.83,56,26,normal
1,tcp,ftp_data,S0,732,188,0,0,0,1,0,1,0,0,0,0,0,0,0,14,15,0.212,0.078,0.957,27,31,normal
0,udp,ssh,RSTO,295,231,0,0,0,2,0,1,0,0,0,1,0,0,0,20,12,0.119,0.116,0.71,38,28,normal
2,tcp,imap,REJ,1450,143,0,0,0,5,2,0,1,0,0,1,0,0,1,120,92,0.816,0.699,0.252,15,10,dos
7,udp,ftp,S0,3408,1570,0,0,0,1,0,1,0,0,0,1,0,0,0,27,11,0.111,0.331,0.836,27,26,normal
3,tcp,pop3,SH,389,388,0,0,0,3,0,0,0,0,0,0,1,0,0,26,15,0.519,0.005,0.799,22,20,normal
18,icmp,smtp,S0,91,131,0,0,0,4,0,0,4,0,0,0,0,0,0,106,104,0.611,0.994,0.3,9,5,dos
11,tcp,http,RSTO,161,230,0,0,0,2,0,1,1,0,0,0,0,0,1,19,15,0.197,0.02,0.853,34,22,normal
0,udp,dns,S0,579,2953,0,0,0,1,0,0,0,0,0,0,0,0,0,12,14,0.125,0.023,0.82,44,23,normal
5,icmp,smtp,SF,1337,230,0,0,0,1,0,0,1,0,0,0,0,0,0,17,17,0.031,0.263,0.986,40,17,normal
0,udp,ssh,REJ,42,264,0,0,0,0,0,1,0,0,0,0,0,0,0,22,16,0.488,0.191,0.737,28,22,normal
0,icmp,smtp,RSTO,374,336,0,0,0,1,0,1,0,0,0,0,1,0,0,21,16,0.101,0.143,0.626,44,16,normal
17,tcp,dns,SF,209,20,0,0,0,2,0,0,1,0,0,1,0,0,1,128,95,0.978,0.891,0.376,4,7,probe
3,udp,ftp,S0,12,70,0,0,0,6,0,0,3,0,1,0,1,0,0,99,102,0.711,0.608,0.106,13,14,dos
0,tcp,ftp,SF,7534,1047,0,0,0,1,0,1,0,0,0,0,0,0,0,23,14,0.152,0.017,0.85,35,32,normal
19,udp,pop3,SF,358,12,0,0,0,2,0,0,2,0,0,2,2,0,1,114,100,0.705,0.986,0.152,13,10,dos
15,udp,smtp,SH,21,9,0,0,0,8,0,0,3,0,0,3,0,0,0,130,94,0.694,0.994,0.105,11,9,dos
1,udp,dns,S0,142,8,0,0,0,5,3,0,1,0,0,0,0,0,0,126,110,0.948,0.942,0.307,6,6,probe
1,udp,ftp_data,REJ,1709,279,0,0,0,0,0,1,0,0,0,0,0,0,0,23,19,0.203,0.179,0.541,25,19,normal
3,udp,ftp_data,RSTO,1368,703,0,0,0,0,0,1,0,0,0,0,0,0,1,24,11,0.436,0.037,0.741,31,23,normal
4,tcp,smtp,RSTR,491,91,0,0,0,2,0,1,0,0,0,0,0,0,0,17,16,0.065,0.029,0.693,30,27,normal
22,icmp,http,REJ,31,23,0,0,0,6,0,0,2,0,0,2,0,0,1,128,114,0.736,0.788,0.217,14,5,dos
6,icmp,telnet,RSTO,301,424,0,0,0,0,0,1,1,0,0,0,0,0,1,31,22,0.072,0.222,0.731,37,27,normal
21,udp,ftp_data,SF,10,2,0,0,0,6,0,0,2,0,0,1,3,0,0,117,129,0.969,0.904,0.219,19,10,probe
0,tcp,imap,RSTO,121,890,0,0,0,3,1,0,2,0,0,1,1,0,0,111,91,0.809,0.901,0.112,9,5,r2l
1,tcp,dns,SH,1322,1666,0,0,0,1,0,1,0,0,0,0,0,0,0,18,14,0.471,0.056,0.924,45,25,normal
0,icmp,pop3,RSTO,4050,398,0,0,0,1,0,1,0,0,0,1,0,0,0,24,9,0.208,0.35,0.951,40,25,normal
56,icmp,http,REJ,217,54,0,0,0,4,0,0,3,0,0,0,1,0,0,94,116,0.976,0.858,0.034,6,9,dos
25,icmp,dns,SF,203,31,1,0,0,2,0,0,1,0,0,1,0,0,0,116,102,0.969,0.984,0.045,8,10,r2l
8,tcp,dns,RSTO,424,10,0,0,0,6,0,0,0,0,0,4,0,0,1,130,102,0.986,0.775,0.083,12,17,probe
1,icmp,dns,SH,2090,443,0,0,0,1,0,1,0,0,0,0,1,0,0,20,15,0.024,0.002,0.821,39,26,normal
0,udp,telnet,RSTR,1653,324,0,0,0,0,0,1,0,0,0,2,0,0,0,24,19,0.21,0.042,0.695,32,25,normal
0,icmp,http,REJ,512,156,0,0,0,0,0,1,0,0,0,1,0,0,0,18,17,0.024,0.106,0.884,38,21,normal
27,udp,ssh,RSTR,328,6,0,0,0,2,0,0,1,0,0,0,1,0,0,128,103,0.76,0.553,0.208,8,7,probe
1,tcp,telnet,S0,62,5,0,0,0,3,0,0,1,0,0,1,1,0,0,111,119,0.859,0.623,0.145,10,9,dos
0,tcp,telnet,RSTR,33,16,0,0,0,4,0,0,1,0,0,0,0,0,0,130,98,0.964,0.912,0.198,16,12,probe
23,tcp,imap,RSTO,1090,12,0,0,0,7,0,0,5,0,0,1,1,0,1,114,124,0.839,0.635,0.39,16,11,dos
0,icmp,ftp,SF,182,53,0,0,0,1,0,1,1,0,0,2,1,0,0,25,20,0.172,0.316,0.259,45,21,normal
17,tcp,telnet,SH,31,26,0,0,0,4,0,0,1,0,0,0,2,0,2,146,121,0.922,0.763,0.016,14,7,dos
0,icmp,dns,SH,493,168,0,0,0,0,0,1,0,0,0,0,1,0,0,18,13,0.192,0.414,0.217,40,27,normal
5,udp,pop3,S0,598,849,0,0,0,2,0,1,0,0,0,0,0,0,0,23,16,0.212,0.105,0.659,43,37,normal
23,udp,imap,RSTR,243,38,0,0,0,7,1,0,4,0,0,1,1,1,1,103,108,0.641,0.775,0.35,12,13,r2l
4,icmp,imap,RSTO,400,284,0,0,0,1,0,1,0,0,0,0,0,0,0,20,14,0.096,0.065,0.919,32,27,normal
0,udp,http,SF,419,1533,0,0,0,1,0,1,0,0,0,0,1,0,0,16,14,0.049,0.247,0.677,26,18,normal
0,udp,imap,SF,480,292,0,0,0,1,0,1,0,0,0,0,0,0,1,16,18,0.031,0.183,0.627,42,29,normal
4,icmp,ftp,S0,89,29,0,0,0,2,0,0,4,0,0,0,0,0,0,129,101,0.966,0.919,0.136,10,13,dos
2,icmp,smtp,SH,56,1170,0,0,0,6,0,0,1,0,0,3,2,0,1,111,98,0.948,0.847,0.308,17,8,dos
9,udp,telnet,RSTO,153,45,0,0,0,8,1,0,1,0,0,0,1,0,0,114,113,0.974,0.882,0.038,11,11,dos
5,icmp,dns,RSTO,172,57,0,1,0,3,0,1,4,0,0,1,0,0,0,134,121,0.997,0.9,0.194,17,12,dos
10,tcp,imap,SH,244,6,0,0,0,3,0,0,1,0,0,1,0,0,1,109,107,0.667,0.791,0.174,13,11,r2l
0,icmp,ssh,RSTO,141,60,0,0,0,6,1,0,4,0,1,0,2,0,0,119,114,0.953,0.953,0.032,18,11,dos
3,udp,smtp,S0,84,3,0,0,0,2,1,0,3,0,0,2,1,0,1,126,107,0.68,0.838,0.25,11,14,r2l
19,icmp,ftp_data,REJ,60,35,0,0,0,5,0,0,1,0,0,0,0,0,0,120,112,0.941,0.97,0.413,4,7,probe
0,udp,http,REJ,759,454,0,0,0,1,0,1,1,0,0,0,0,0,0,32,15,0.082,0.222,0.75,35,23,normal
11,tcp,ftp,S0,616,151,0,0,0,1,0,1,1,0,0,0,0,0,0,23,21,0.263,0.267,0.746,39,23,normal
4,icmp,ftp_data,S0,2507,440,0,1,0,6,0,0,4,0,0,0,0,0,1,111,112,0.986,0.808,0.192,12,11,dos
5,udp,imap,RSTO,258,306,0,0,0,4,0,1,0,0,0,0,1,0,0,19,12,0.163,0.386,0.644,28,34,normal
0,tcp,http,SH,732,1111,0,0,0,0,0,0,1,0,0,0,0,0,0,23,16,0.183,0.142,0.656,40,19,normal
0,tcp,ssh,RSTO,119,1013,0,0,0,0,0,0,0,0,0,0,0,0,0,17,14,0.147,0.029,0.459,32,21,normal
5,tcp,telnet,RSTO,39,45,0,0,0,5,0,0,6,0,0,0,0,0,3,127,110,0.984,0.977,0.506,9,10,dos
8,tcp,ssh,RSTR,37,6,0,0,0,1,1,0,3,0,0,3,2,0,1,145,115,0.733,0.82,0.272,8,10,dos
2,icmp,ftp,REJ,3030,1028,0,0,0,0,0,1,0,0,0,0,1,0,0,18,9,0.032,0.02,0.82,40,25,normal
1,icmp,imap,SF,481,773,0,0,0,0,0,1,0,0,0,0,0,0,0,16,10,0.005,0.314,0.984,40,19,normal
2,tcp,ftp_data,RSTR,480,401,0,0,0,0,0,0,0,0,0,0,0,0,0,16,21,0.28,0.08,0.925,25,25,normal
42,icmp,ftp_data,S0,2,5,0,0,0,4,1,0,3,0,0,1,2,0,0,111,89,0.715,0.887,0.148,10,7,dos
0,tcp,http,RSTO,279,383,0,0,0,0,0,1,1,0,0,0,0,0,0,22,20,0.083,0.434,0.778,38,27,normal
0,udp,ftp,RSTO,2278,435,0,0,0,0,0,0,0,0,0,1,0,0,0,20,24,0.321,0.057,0.771,39,29,normal
8,udp,http,RSTO,227,457,0,0,0,5,2,0,2,0,0,1,2,0,1,113,102,0.895,0.884,0.224,8,14,dos
1,udp,ssh,RSTO,363,278,0,0,0,2,0,1,0,0,0,0,0,0,0,22,14,0.092,0.091,0.882,39,22,normal
11,tcp,http,S0,89,5,0,0,0,5,0,0,0,0,0,0,0,0,0,109,101,0.926,0.961,0.282,13,14,r2l
13,tcp,telnet,SH,132,39,0,0,0,2,3,0,0,0,0,2,0,0,0,108,124,0.945,0.813,0.12,12,10,dos
2,icmp,http,S0,1939,59,0,0,0,0,0,0,0,0,0,0,0,0,0,18,14,0.372,0.149,0.877,37,21,normal
5,udp,telnet,REJ,297,18,0,0,0,3,0,0,1,0,0,2,0,0,0,105,108,0.857,0.529,0.582,11,6,dos
4,tcp,smtp,REJ,140,67,0,0,0,2,0,1,0,0,0,1,0,0,0,32,20,0.077,0.365,0.772,35,22,normal
1,icmp,ftp,S0,2784,341,0,0,0,0,0,0,2,0,0,0,0,0,0,22,15,0.677,0.175,0.534,31,21,normal
0,tcp,smtp,SF,116,158,0,0,0,0,0,1,0,0,0,0,1,0,0,17,9,0.286,0.096,0.949,36,26,normal
0,udp,imap,RSTR,3033,336,0,0,0,0,0,0,0,0,0,0,0,0,0,25,9,0.099,0.065,0.821,41,20,normal
2,udp,dns,SH,257,149,0,0,0,2,0,1,0,0,0,0,0,0,0,22,21,0.047,0.444,0.969,38,19,normal
3,icmp,ftp,SH,566,380,0,0,0,3,0,1,0,0,0,0,0,0,0,12,14,0.092,0.416,0.785,32,30,normal
13,tcp,pop3,S0,209,4,0,0,0,5,0,0,2,0,0,0,1,0,2,113,118,0.764,0.785,0.478,9,8,probe
18,tcp,dns,S0,62,29,0,0,0,2,0,0,1,0,0,0,1,0,0,117,114,0.846,0.905,0.319,10,7,dos
3,udp,pop3,SH,918,291,0,0,0,3,0,0,0,0,0,0,0,0,0,20,13,0.488,0.017,0.747,33,25,normal
29,icmp,pop3,REJ,32,1687,0,0,0,6,2,0,3,0,0,2,0,0,1,133,109,0.731,0.664,0.098,14,7,dos
8,tcp,smtp,REJ,140,21,0,0,0,6,1,1,6,0,0,1,2,0,0,106,113,0.881,0.796,0.293,13,16,dos
5,icmp,ftp_data,RSTR,1230,878,0,0,0,2,0,1,0,0,0,0,0,0,0,12,20,0.298,0.23,0.929,37,24,normal
4,udp,dns,S0,322,667,0,0,0,0,0,1,1,0,0,0,0,0,0,17,14,0.189,0.174,0.713,30,25,normal
20,icmp,ssh,SH,63,13,0,0,0,6,3,1,1,0,0,1,1,1,1,146,105,0.543,0.422,0.106,13,10,probe
1,udp,http,SF,739,1343,0,0,0,0,0,0,1,0,0,0,0,0,0,20,12,0.058,0.052,0.886,42,18,normal
0,tcp,ftp,RSTR,1475,75,0,0,0,0,0,1,0,0,0,1,0,0,0,23,17,0.066,0.244,0.915,29,32,normal
6,icmp,ftp,RSTO,108,162,0,0,0,3,0,1,1,0,0,0,0,0,0,20,15,0.206,0.143,0.765,26,27,normal
4,tcp,smtp,SF,96,193,0,0,0,1,0,0,1,0,0,0,0,0,0,19,12,0.009,0.318,0.92,37,30,normal
1,icmp,imap,SF,795,240,0,0,0,2,0,0,0,0,0,0,0,0,0,21,16,0.43,0.033,0.764,41,19,normal
1,udp,pop3,RSTR,524,224,0,0,0,3,0,1,0,0,0,0,0,0,0,19,8,0.268,0.307,0.732,31,23,normal
6,tcp,telnet,SF,87,4084,0,0,0,5,1,0,1,0,0,1,2,0,0,125,123,0.889,0.866,0.097,12,6,dos
8,icmp,telnet,RSTO,277,374,0,0,0,1,0,1,0,0,0,0,0,0,0,20,14,0.203,0.003,0.543,47,23,normal
5,udp,pop3,S0,297,224,0,0,0,5,1,0,2,0,0,1,0,0,0,136,123,0.532,0.918,0.267,9,13,dos
8,tcp,ssh,RSTR,908,106,0,0,0,1,0,0,0,0,0,0,0,0,1,24,16,0.264,0.1,0.873,37,25,normal
0,tcp,http,S0,75,638,0,0,0,2,0,1,0,0,0,0,0,0,0,18,8,0.093,0.067,0.672,34,38,normal
11,tcp,ftp_data,SH,26,26,0,0,0,6,0,0,2,0,0,1,0,0,2,124,101,0.974,0.943,0.437,7,10,r2l
0,tcp,imap,SH,1076,186,0,0,0,1,0,0,0,0,0,0,0,0,0,21,20,0.125,0.149,0.891,34,24,normal
24,icmp,http,SF,136,13,0,0,0,7,0,0,2,0,0,1,1,0,0,104,100,0.943,0.711,0.289,11,13,dos
0,udp,imap,RSTO,568,221,0,0,0,0,0,0,1,0,0,0,1,0,0,25,10,0.012,0.036,0.971,43,27,normal
4,icmp,pop3,RSTO,95,16,0,0,0,4,1,0,2,0,0,0,1,1,1,105,109,0.99,0.957,0.077,6,11,dos
0,udp,imap,SF,2476,265,0,0,0,1,0,1,0,0,0,1,0,0,0,23,14,0.138,0.046,0.742,38,26,normal
1,icmp,pop3,SH,89,2149,0,0,0,0,0,1,1,0,0,0,0,0,0,26,12,0.399,0.414,0.892,29,19,normal
0,udp,smtp,RSTR,649,191,0,0,0,1,0,1,0,0,0,1,0,0,1,24,14,0.268,0.338,0.653,32,18,normal
8,icmp,imap,RSTO,1278,237,0,0,0,1,0,1,0,0,0,2,0,0,0,21,16,0.488,0.1,0.417,37,34,normal
2,udp,ssh,REJ,696,184,0,0,0,2,0,1,0,0,0,0,0,0,0,19,22,0.162,0.196,0.909,40,26,normal
1,udp,imap,REJ,25,10,0,0,0,4,1,0,3,0,0,0,1,0,0,129,143,0.833,0.969,0.194,20,7,dos
0,tcp,pop3,SH,650,77,0,0,0,0,0,1,1,0,0,0,0,0,1,16,16,0.004,0.011,0.731,37,28,normal
0,tcp,smtp,S0,15,1,0,0,0,8,1,1,2,0,0,0,0,0,0,123,116,0.662,0.829,0.297,18,6,dos
20,udp,pop3,SH,246,36,0,0,0,4,0,0,1,0,0,2,0,0,1,124,103,0.822,0.976,0.156,11,10,dos
10,icmp,ftp_data,SH,29,28,0,0,0,10,1,1,0,0,0,1,0,0,1,138,103,0.709,0.844,0.47,6,9,dos
18,udp,ssh,SH,19,12,0,0,0,4,0,0,2,0,0,0,0,0,0,145,126,0.79,0.753,0.083,10,18,probe
28,udp,dns,REJ,84,476,0,0,0,8,0,0,1,0,0,1,0,0,3,138,119,0.982,0.612,0.402,9,11,probe
0,tcp,ftp_data,RSTO,926,134,0,0,0,0,0,1,0,0,0,0,1,0,0,27,19,0.148,0.171,0.518,35,20,normal
2,udp,imap,RSTR,321,553,0,0,0,0,0,1,0,0,0,0,0,0,0,23,16,0.212,0.212,0.622,41,17,normal
0,udp,http,SH,137,79,0,0,0,2,0,1,0,0,0,0,0,0,0,17,15,0.174,0.319,0.726,34,24,normal
7,tcp,ftp_data,S0,97,3,0,0,0,2,1,0,0,0,0,0,2,0,0,122,121,0.939,0.855,0.477,15,8,dos
1,tcp,ssh,S0,718,385,0,0,0,1,0,1,1,0,0,0,0,0,0,16,11,0.094,0.046,0.889,29,21,normal
4,udp,dns,RSTO,599,180,0,0,0,3,0,1,0,0,0,0,0,0,0,22,11,0.192,0.101,0.682,34,28,normal
7,icmp,pop3,SF,77,444,0,0,0,4,0,0,0,0,0,0,0,0,0,118,121,0.956,0.595,0.438,13,16,dos
2,icmp,telnet,SH,409,106,0,0,0,2,0,0,2,0,0,0,1,0,0,16,17,0.196,0.055,0.719,34,24,normal
0,tcp,smtp,RSTR,216,9,0,0,0,5,0,0,0,0,0,1,0,0,0,124,121,0.86,0.592,0.241,14,10,dos
2,icmp,imap,RSTR,523,168,0,0,0,2,0,1,0,0,0,2,0,0,0,19,10,0.069,0.038,0.811,38,23,normal
0,icmp,imap,RSTR,155,58,0,0,0,0,0,1,0,0,0,0,0,0,0,21,16,0.292,0.002,0.663,37,16,normal
0,tcp,imap,SH,61,0,0,0,1,4,0,0,2,0,0,0,1,0,0,117,115,0.946,0.782,0.052,14,10,dos
29,udp,ftp_data,REJ,19,226,0,0,0,7,0,1,2,0,0,0,0,0,0,130,99,0.699,0.739,0.17,10,11,dos
0,tcp,ftp,RSTR,1853,330,0,0,0,1,0,1,0,0,0,0,0,0,0,15,17,0.345,0.141,0.921,40,23,normal
1,tcp,smtp,SF,8237,589,0,0,0,1,0,1,0,0,0,0,0,0,0,18,11,0.274,0.22,0.886,42,26,normal
1,icmp,ftp_data,RSTO,978,200,0,0,0,0,0,1,0,0,0,1,0,0,0,21,14,0.139,0.251,0.951,39,20,normal
0,icmp,ftp_data,RSTO,2031,190,0,0,0,1,0,0,0,0,0,0,0,0,0,21,13,0.231,0.123,0.865,39,29,normal
3,udp,dns,REJ,4844,25,0,0,0,0,0,1,0,0,0,0,0,0,0,15,21,0.07,0.421,0.577,36,21,normal
2,icmp,smtp,RSTR,15,12,0,0,0,3,0,0,2,0,0,1,1,0,2,103,117,0.938,0.9,0.179,15,9,dos
2,icmp,imap,SF,435,265,0,0,0,1,0,0,0,0,0,0,0,0,1,18,15,0.071,0.21,0.631,35,22,normal
23,tcp,imap,REJ,209,603,0,1,0,5,0,1,4,0,0,0,0,0,0,119,123,0.787,0.905,0.129,21,7,dos
1,icmp,smtp,REJ,257,404,0,0,0,0,0,0,0,0,0,0,0,0,0,25,13,0.19,0.211,0.713,30,26,normal
1,icmp,pop3,S0,212,433,0,0,0,1,0,1,1,0,0,1,0,0,0,19,14,0.083,0.287,0.774,40,31,normal
21,udp,http,SF,34,3528,0,0,1,5,0,0,6,0,0,2,1,0,0,128,120,0.709,0.594,0.591,11,12,dos
2,icmp,http,RSTO,70,26,0,0,0,6,1,0,2,0,0,0,1,0,0,103,132,0.949,0.935,0.073,13,10,dos
3,udp,pop3,RSTR,416,870,0,0,0,1,0,1,0,0,0,0,0,0,0,18,12,0.062,0.365,0.681,33,21,normal
6,tcp,ftp_data,RSTO,56,0,0,0,0,0,0,0,1,0,0,1,0,0,0,137,114,0.98,0.746,0.496,11,9,dos
1,udp,ssh,S0,200,113,0,0,0,2,0,1,0,0,0,0,0,0,0,22,18,0.141,0.047,0.988,28,23,normal
1,udp,telnet,SF,186,20,0,0,0,6,0,0,1,0,0,0,0,0,0,121,105,0.84,0.827,0.016,13,5,dos
10,icmp,pop3,SH,51,19,0,0,0,4,0,1,4,0,0,0,0,0,0,110,95,0.629,0.837,0.1,12,8,dos
1,tcp,imap,RSTR,1589,171,0,0,0,4,0,0,0,0,0,0,0,0,1,14,16,0.106,0.126,0.774,47,30,normal
0,icmp,ssh,REJ,967,917,0,0,0,0,0,1,0,0,0,0,0,0,0,12,14,0.32,0.033,0.682,26,25,normal
2,udp,imap,RSTO,641,348,0,0,0,2,0,1,0,0,0,0,0,0,0,27,11,0.06,0.118,0.954,32,23,normal
26,tcp,http,REJ,51,12,0,0,0,4,0,0,0,0,0,1,0,0,0,99,107,0.509,0.846,0.438,17,9,dos
12,icmp,ssh,REJ,403,1,0,0,0,7,0,0,0,0,0,2,0,0,1,102,105,0.728,0.856,0.026,17,14,dos
1,tcp,dns,RSTR,753,97,0,0,0,1,0,1,0,0,0,0,0,0,0,20,12,0.093,0.093,0.316,39,19,normal
2,udp,ftp,RSTR,277,66,0,0,0,1,0,0,0,0,0,2,0,0,0,21,7,0.073,0.139,0.82,34,31,normal
40,icmp,imap,REJ,11,10,0,0,0,6,0,1,1,0,0,0,0,0,1,110,106,0.76,0.919,0.059,11,10,u2r
3,tcp,smtp,RSTO,3400,72,0,0,0,1,0,1,0,0,0,1,0,0,0,19,10,0.065,0.056,0.847,34,16,normal
1,icmp,http,RSTO,686,367,0,0,0,1,0,0,0,0,0,0,0,0,0,17,20,0.231,0.085,0.818,38,27,normal
3,tcp,ftp_data,RSTR,38,2,0,0,0,8,0,0,3,0,0,1,0,0,1,109,101,0.818,0.976,0.091,14,10,dos
9,tcp,dns,RSTR,159,8,0,0,0,1,1,0,3,0,0,0,0,0,0,113,108,0.966,0.977,0.105,18,13,dos
18,tcp,ssh,SF,84,5,0,0,0,7,1,0,2,0,0,1,0,0,1,121,115,0.956,0.73,0.059,12,9,dos
2,udp,pop3,SF,634,187,0,0,0,1,0,1,0,0,0,0,0,0,0,15,12,0.522,0.065,0.711,34,29,normal
3,tcp,ftp,S0,661,196,0,0,0,2,0,1,0,0,0,0,0,0,0,16,14,0.04,0.003,0.927,41,34,normal
16,tcp,smtp,RSTR,72,32,0,0,0,2,0,0,5,0,0,0,0,0,0,130,114,0.965,0.805,0.135,12,8,dos
25,icmp,dns,RSTO,21,1120,0,0,0,7,0,0,3,0,0,1,0,0,1,133,122,0.943,0.919,0.115,12,14,dos
0,udp,dns,RSTO,1809,702,0,0,0,1,0,1,0,0,0,0,0,0,0,25,20,0.034,0.192,0.45,37,26,normal
15,icmp,ssh,REJ,83,13,0,0,0,4,3,0,3,0,0,2,1,0,1,104,105,0.884,0.919,0.083,12,10,r2l
0,icmp,dns,S0,395,372,0,0,0,0,0,1,1,0,0,0,0,0,0,16,13,0.051,0.11,0.927,42,30,normal
28,udp,smtp,REJ,25,385,0,0,0,3,1,0,1,0,0,1,0,0,1,122,111,0.62,0.704,0.324,8,11,dos
0,icmp,telnet,S0,1050,669,0,0,0,2,0,1,0,0,0,0,0,0,1,26,15,0.161,0.001,0.555,23,23,normal
3,icmp,http,REJ,1393,302,0,0,0,1,0,1,1,0,0,0,0,0,0,19,5,0.128,0.424,0.638,28,21,normal
1,tcp,telnet,SH,2809,1658,0,0,0,0,0,1,1,0,0,0,0,0,0,12,12,0.013,0.207,0.943,39,12,normal
0,icmp,imap,S0,69,709,0,0,0,1,0,1,0,0,0,0,0,0,0,25,11,0.229,0.02,0.961,39,28,normal
2,tcp,ftp_data,REJ,799,0,0,0,0,4,0,0,0,0,0,2,1,0,2,123,107,0.849,0.954,0.002,14,12,r2l
38,udp,pop3,SF,97,2,0,0,0,4,0,0,2,0,0,2,2,0,0,120,109,0.902,0.896,0.339,6,9,probe
3,tcp,imap,REJ,644,338,0,0,0,6,2,0,5,0,0,1,0,0,1,94,111,0.997,0.937,0.339,12,11,probe
13,udp,telnet,SH,233,209,0,0,0,1,0,0,1,0,0,0,0,0,0,120,115,0.819,0.762,0.039,12,13,probe
1,tcp,imap,RSTR,572,342,0,0,0,1,0,1,0,0,0,0,0,0,0,20,18,0.012,0.211,0.934,37,25,normal
0,icmp,http,SF,408,510,0,0,0,1,0,1,0,0,0,1,0,0,0,22,18,0.186,0.086,0.84,44,33,normal
8,icmp,http,REJ,20,91,0,0,0,6,1,0,2,0,0,2,0,0,2,93,116,0.884,0.61,0.167,13,6,dos
1,tcp,smtp,SH,439,307,0,0,0,0,0,1,1,0,0,0,0,0,0,25,10,0.045,0.242,0.626,28,23,normal
3,udp,imap,S0,340,164,0,0,0,3,0,1,0,0,0,0,0,0,0,16,15,0.035,0.091,0.836,44,30,normal
2,icmp,smtp,SF,3707,1390,0,0,0,0,0,1,0,0,0,0,0,0,0,17,21,0.134,0.18,0.604,42,27,normal
32,icmp,ssh,RSTO,263,420,0,0,0,5,1,0,0,0,0,0,1,0,1,127,109,0.63,0.731,0.114,7,16,u2r
2,icmp,ftp_data,S0,530,392,0,0,0,0,0,1,2,0,0,0,0,0,0,21,18,0.147,0.161,0.368,35,24,normal
29,icmp,ftp_data,SF,79,1,0,0,0,6,0,0,3,0,0,0,0,0,0,129,115,0.954,0.932,0.164,12,16,dos
0,icmp,telnet,SF,707,508,0,0,0,1,0,1,0,0,0,0,0,0,0,18,22,0.193,0.057,0.98,37,23,normal
3,udp,http,REJ,602,46,0,0,0,1,0,0,1,0,0,0,0,0,0,20,12,0.176,0.528,0.889,52,31,normal
6,udp,ftp_data,REJ,9695,538,0,0,0,1,0,1,0,0,0,1,0,0,0,29,16,0.064,0.306,0.747,38,20,normal
2,udp,imap,SH,406,111,0,0,0,0,0,0,1,0,0,2,1,0,0,23,16,0.004,0.314,0.967,35,29,normal
4,tcp,ftp,SF,384,283,0,0,0,3,1,0,1,0,0,1,1,0,0,127,107,0.857,0.638,0.14,12,15,probe
0,icmp,ftp,SH,580,299,0,0,0,2,0,1,0,0,0,1,0,0,0,18,20,0.122,0.561,0.572,42,26,normal
3,tcp,imap,RSTR,155,878,0,0,0,0,0,1,0,0,0,0,0,0,1,17,14,0.324,0.023,0.792,45,25,normal
11,udp,ftp_data,SH,112,0,0,0,0,2,0,0,3,0,0,2,1,0,1,109,116,0.949,0.888,0.237,20,8,dos
3,udp,imap,RSTR,86,659,0,0,0,1,0,0,5,0,0,1,0,0,2,139,123,0.956,0.961,0.229,8,15,dos
0,udp,pop3,S0,666,57,0,0,0,0,0,1,0,0,0,0,0,0,0,18,14,0.191,0.35,0.989,45,16,normal
3,udp,telnet,RSTO,1989,46,0,0,0,3,1,0,1,0,0,3,0,0,0,115,97,0.827,0.972,0.078,15,9,dos
5,icmp,smtp,RSTO,341,235,0,0,0,0,0,1,0,0,0,0,1,0,0,18,20,0.417,0.169,0.839,26,16,normal
14,icmp,dns,SH,192,150,0,0,0,7,0,0,2,0,0,1,0,0,0,109,116,0.614,0.776,0.13,10,7,probe
16,udp,pop3,SF,79,24,0,0,0,4,0,0,2,0,0,1,3,0,1,117,102,0.868,0.655,0.196,10,18,dos
3,udp,dns,S0,243,442,0,0,0,0,0,0,0,0,0,0,0,0,0,24,18,0.15,0.206,0.588,29,23,normal
16,tcp,pop3,RSTO,24,49,0,0,0,3,2,0,1,0,0,0,0,0,0,136,128,0.759,0.74,0.272,12,11,dos
10,udp,ssh,SH,296,19,0,0,0,3,0,0,1,0,0,1,0,0,0,136,106,0.737,0.243,0.207,12,12,dos
4,udp,ftp,RSTR,67,193,0,0,0,0,0,0,0,0,0,0,0,0,0,22,16,0.322,0.118,0.805,45,29,normal
32,udp,telnet,S0,138,4,0,0,1,5,1,0,3,0,0,1,1,0,0,120,107,0.618,0.784,0.33,6,8,dos
0,icmp,ssh,S0,509,480,0,0,0,0,0,1,0,0,0,0,0,0,0,21,15,0.219,0.082,0.857,32,22,normal
9,tcp,telnet,REJ,23,7,0,0,0,8,0,1,2,0,0,0,1,0,0,118,120,0.865,0.954,0.221,10,6,dos
7,udp,http,REJ,56,517,0,0,0,2,1,0,1,0,0,0,0,0,1,118,98,0.834,0.798,0.007,7,10,dos
8,icmp,dns,RSTO,331,181,0,0,0,3,0,1,0,0,0,0,0,0,0,18,11,0.427,0.132,0.912,43,24,normal
0,tcp,ftp_data,RSTR,811,109,0,0,0,0,0,1,0,0,0,1,0,0,0,13,22,0.042,0.035,0.827,41,19,normal
0,udp,http,RSTO,548,1181,0,0,0,2,0,0,0,0,0,1,0,0,0,18,14,0.118,0.259,0.874,31,23,normal
31,udp,dns,REJ,38,32,0,0,0,3,0,0,3,0,0,0,0,0,0,111,102,0.816,0.809,0.267,10,11,dos
7,tcp,telnet,SH,1496,2,0,0,0,3,0,0,2,0,0,0,1,0,1,114,108,0.568,0.857,0.101,13,13,dos
1,tcp,telnet,SF,568,991,0,0,0,0,0,1,0,0,0,0,0,0,0,18,14,0.076,0.002,0.526,29,30,normal
0,tcp,pop3,S0,667,2488,0,0,0,0,0,1,0,0,0,0,0,0,0,21,16,0.199,0.002,0.651,34,32,normal
6,tcp,telnet,RSTR,25,94,0,0,0,7,0,0,2,0,0,0,4,0,0,130,111,0.648,0.728,0.048,10,7,dos
25,udp,telnet,REJ,376,168,0,0,0,6,1,0,1,0,0,2,2,0,2,124,122,0.88,0.987,0.089,20,7,dos
2,icmp,ssh,SF,3301,244,0,0,0,0,0,1,0,0,0,0,0,0,0,16,11,0.6,0.051,0.828,30,19,normal
0,udp,http,SF,3080,1396,0,0,0,2,0,1,0,0,0,1,0,0,1,20,13,0.006,0.308,0.476,35,16,normal
5,udp,smtp,S0,271,2,0,0,0,3,0,1,2,0,0,1,0,0,0,111,115,0.594,0.894,0.28,7,8,dos
19,udp,ssh,S0,16,284,0,0,0,3,0,0,6,0,0,2,1,0,0,122,124,0.986,0.972,0.011,15,15,dos
4,icmp,http,SH,1062,409,0,0,0,0,0,1,0,0,0,0,1,0,0,23,11,0.186,0.016,0.529,36,27,normal
4,udp,ftp_data,RSTR,8495,159,0,0,0,1,0,1,0,0,0,0,0,0,0,24,21,0.075,0.164,0.534,42,28,normal
2,tcp,telnet,REJ,132,540,0,0,0,1,0,0,0,0,0,0,0,0,0,21,15,0.093,0.12,0.27,38,33,normal
4,udp,imap,RSTR,75,14,0,0,0,2,0,0,3,0,1,1,1,0,0,128,108,0.719,0.907,0.292,12,10,dos
4,icmp,pop3,RSTR,1303,33,0,0,0,1,0,1,0,0,0,0,0,0,0,19,7,0.007,0.018,0.697,40,26,normal
34,tcp,ftp,S0,55,1098,0,0,0,4,0,1,2,0,0,1,0,0,1,126,115,0.978,0.805,0.559,9,15,probe
0,icmp,dns,RSTO,372,147,0,0,0,3,0,1,0,0,0,0,0,0,0,23,16,0.2,0.023,0.876,27,24,normal
7,tcp,ssh,S0,41,856,0,0,0,6,1,1,2,0,0,1,0,0,0,117,118,0.937,0.519,0.197,10,9,dos
1,icmp,ftp,REJ,818,602,0,0,0,1,0,1,0,0,0,0,0,0,0,15,10,0.065,0.273,0.879,49,24,normal
0,udp,http,REJ,1489,396,0,0,0,2,0,0,1,0,0,0,0,0,3,13,16,0.181,0.03,0.694,40,27,normal
0,tcp,dns,REJ,502,228,0,0,0,1,0,1,0,0,0,0,0,0,0,24,18,0.276,0.117,0.669,32,18,normal
5,udp,smtp,S0,58,7,0,0,0,12,0,0,2,0,0,0,0,0,0,137,105,0.896,0.822,0.076,14,8,dos
3,icmp,imap,REJ,993,3096,0,0,0,0,0,1,0,0,0,0,0,0,0,22,14,0.255,0.023,0.803,33,23,normal
0,tcp,http,RSTO,320,336,0,0,0,0,0,1,0,0,0,0,0,0,0,16,12,0.154,0.058,0.721,37,26,normal
5,udp,pop3,SF,19,58,0,0,0,4,0,1,1,0,0,1,1,0,0,94,101,0.922,0.571,0.24,8,11,r2l
9,tcp,telnet,SH,408,440,0,0,0,2,0,1,0,0,0,1,1,0,0,21,22,0.059,0.111,0.709,30,30,normal
0,udp,telnet,S0,257,58,0,0,0,0,0,0,0,0,0,0,0,0,0,10,17,0.03,0.007,0.926,33,29,normal
1,tcp,ftp_data,SF,201,44,0,0,0,0,0,0,0,0,0,1,0,0,0,12,18,0.285,0.225,0.808,47,23,normal
6,icmp,http,RSTR,228,79,0,0,0,1,0,1,0,0,0,0,0,0,0,18,14,0.152,0.327,0.888,27,21,normal
1,icmp,smtp,S0,1604,112,0,0,0,1,0,1,1,0,0,0,0,0,0,19,18,0.094,0.168,0.919,35,28,normal
1,udp,smtp,RSTR,2307,239,0,0,0,0,0,1,1,0,0,0,1,0,0,20,12,0.221,0.169,0.762,36,28,normal
0,udp,ftp,SH,273,1448,0,0,0,1,0,0,0,0,0,1,0,0,0,16,12,0.406,0.043,0.905,37,24,normal
15,udp,smtp,RSTR,62,293,0,0,0,6,1,0,0,0,0,0,1,0,0,108,115,0.874,0.762,0.375,11,10,r2l
2,icmp,http,S0,292,516,0,0,0,0,0,1,0,0,0,0,0,0,0,17,13,0.076,0.025,0.828,43,28,normal
77,udp,smtp,S0,11,119,0,0,0,6,1,1,0,0,0,1,1,0,1,97,114,0.541,0.833,0.063,13,13,dos
0,tcp,pop3,RSTO,1143,6,0,0,1,3,0,1,3,0,0,1,0,0,0,109,89,0.706,0.861,0.383,14,8,dos
7,icmp,telnet,SF,313,3,0,0,0,6,1,0,3,0,0,1,0,0,0,144,114,0.962,0.678,0.247,11,10,u2r
7,tcp,imap,SH,62,23,0,0,1,5,1,0,3,0,0,2,1,0,0,105,124,0.679,0.876,0.138,13,8,r2l
5,tcp,ftp,S0,150,21,0,0,0,8,1,1,0,0,0,1,0,1,0,111,116,0.937,0.879,0.072,11,11,probe
0,icmp,dns,SF,610,464,0,0,0,5,0,0,0,0,0,1,1,0,2,115,88,0.908,0.954,0.182,15,8,dos
0,tcp,pop3,REJ,118,11,0,1,0,2,1,0,3,0,0,1,2,0,2,134,88,0.777,0.887,0.131,15,6,dos
16,udp,ftp_data,S0,314,87,0,0,0,6,0,0,3,0,0,1,0,0,0,113,111,0.818,0.922,0.128,7,12,dos
0,icmp,telnet,SH,951,78,0,0,0,2,0,0,1,0,0,0,0,0,2,17,14,0.053,0.176,0.427,33,24,normal
0,icmp,http,S0,929,662,0,0,0,0,0,1,0,0,0,0,0,0,0,20,22,0.207,0.014,0.831,36,31,normal
0,icmp,http,SF,1098,176,0,0,0,0,0,1,0,0,0,0,1,0,0,17,15,0.089,0.32,0.705,28,24,normal
0,icmp,smtp,RSTR,1230,121,0,0,0,3,0,0,0,0,0,0,0,0,0,21,21,0.26,0.171,0.976,41,26,normal
0,icmp,pop3,RSTO,4751,54,0,0,0,3,0,1,0,0,0,0,0,0,0,21,18,0.082,0.06,0.772,32,25,normal
1,udp,telnet,SH,478,436,0,0,0,1,0,0,0,0,0,0,1,0,0,16,15,0.22,0.07,0.881,38,33,normal
0,icmp,ftp,REJ,284,441,0,0,0,1,0,1,0,0,0,0,0,0,0,20,18,0.037,0.005,0.526,37,30,normal
9,udp,ssh,SF,40,7,0,0,0,5,2,0,3,0,0,0,0,0,0,107,113,0.855,0.685,0.024,9,7,dos
12,icmp,dns,RSTO,545,81,0,0,0,0,0,0,3,0,0,2,0,0,1,127,111,0.97,0.939,0.047,14,9,probe
4,tcp,dns,RSTR,158,3631,0,0,0,0,0,1,0,0,0,1,0,0,0,23,18,0.04,0.301,0.718,29,22,normal
0,tcp,telnet,RSTO,97,856,0,0,0,2,0,1,0,0,0,0,0,0,0,20,8,0.078,0.071,0.927,46,24,normal
1,udp,ssh,S0,4369,118,0,0,0,1,0,1,0,0,0,0,0,0,0,24,16,0.082,0.218,0.834,43,23,normal
0,udp,dns,RSTO,185,534,0,0,0,1,0,1,0,0,0,0,0,0,0,24,12,0.074,0.119,0.962,42,27,normal
10,icmp,smtp,SH,13,52,0,0,0,4,0,0,4,0,0,0,1,0,0,112,122,0.975,0.985,0.023,17,11,dos
7,udp,telnet,S0,206,680,0,0,0,2,0,1,0,0,0,0,0,0,0,28,15,0.022,0.087,0.626,39,23,normal
5,udp,ftp_data,SH,223,1253,0,0,0,1,0,1,0,0,0,0,0,0,0,26,16,0.045,0.105,0.799,37,24,normal
8,udp,ftp,S0,62,59,0,0,0,4,0,0,1,0,0,0,1,0,0,122,128,0.837,0.956,0.449,15,8,u2r
25,icmp,http,SF,9,117,0,0,0,0,1,0,2,0,0,0,1,0,0,124,102,0.574,0.962,0.049,11,5,dos
27,icmp,http,RSTO,40,79,0,0,0,4,1,0,2,0,0,0,1,0,0,123,83,0.913,0.966,0.299,8,10,dos
6,udp,smtp,SF,27,11,0,0,0,6,0,0,3,0,0,2,0,0,0,121,106,0.809,0.988,0.252,14,8,dos
2,icmp,ftp,REJ,1671,157,0,0,0,1,0,1,0,0,0,0,0,0,0,14,24,0.062,0.108,0.435,24,22,normal
14,tcp,http,RSTO,63,21,0,0,0,4,0,0,0,0,0,0,1,0,0,102,115,0.677,0.943,0.54,9,9,r2l
4,tcp,ftp_data,S0,69,8,0,0,0,4,1,0,3,0,0,1,0,0,0,125,91,0.931,0.939,0.072,10,11,probe
2,icmp,ssh,SH,390,216,0,0,0,2,0,1,0,0,0,0,0,0,0,22,16,0.025,0.037,0.752,34,16,normal
0,tcp,ftp_data,SF,67,98,0,0,0,0,0,0,0,0,0,1,0,0,0,24,11,0.154,0.176,0.978,34,32,normal
2,udp,telnet,RSTO,311,181,0,0,0,2,0,1,1,0,0,0,0,0,1,16,12,0.017,0.448,0.963,38,31,normal
12,icmp,smtp,SF,132,1,0,0,0,5,2,0,4,0,0,0,1,0,0,131,95,0.83,0.876,0.187,8,5,dos
0,tcp,smtp,SH,1004,1095,0,0,0,1,0,1,0,0,0,1,0,0,0,10,14,0.378,0.064,0.687,36,23,normal
7,udp,pop3,REJ,14,35,0,0,0,7,0,0,0,0,0,1,0,0,0,126,99,0.795,0.984,0.059,11,13,u2r
25,tcp,ftp,RSTO,31,35,0,0,0,9,0,0,3,0,0,1,2,0,0,118,100,0.92,0.59,0.068,11,8,dos
1,tcp,smtp,REJ,553,683,0,0,0,1,0,1,0,0,0,0,0,0,0,25,16,0.24,0.138,0.867,27,28,normal
1,udp,dns,RSTO,613,566,0,0,0,0,0,1,0,0,0,0,0,0,0,23,16,0.121,0.073,0.768,34,25,normal
15,udp,ftp_data,SF,46,59,0,0,0,5,0,1,0,0,0,0,1,0,0,119,116,0.673,0.911,0.067,10,9,u2r
49,icmp,ssh,RSTO,284,115,0,0,0,5,0,0,5,0,0,1,1,0,1,111,103,0.911,0.807,0.641,15,8,dos
1,udp,imap,RSTO,922,372,0,0,0,1,0,0,0,0,0,0,0,0,0,22,15,0.436,0.289,0.844,28,24,normal
16,tcp,ssh,SF,157,197,0,0,0,2,1,0,4,0,0,1,2,0,0,135,121,0.817,0.833,0.217,7,11,dos
1,udp,imap,REJ,982,92,0,0,0,0,0,1,0,0,0,0,0,0,1,20,19,0.584,0.11,0.683,33,20,normal
2,icmp,imap,S0,116,151,0,0,0,1,0,1,0,0,0,0,0,0,1,13,16,0.022,0.046,0.998,55,30,normal
12,icmp,pop3,SF,51,1,0,0,1,1,1,0,0,0,0,0,1,1,0,117,111,0.832,0.812,0.452,13,4,dos
20,icmp,telnet,REJ,34,11,0,0,0,8,3,0,2,0,0,1,2,0,1,115,105,0.645,0.914,0.297,11,5,dos
9,udp,pop3,SH,194,59,0,0,0,9,1,1,1,0,0,0,1,0,1,105,144,0.96,0.443,0.411,8,9,dos
0,icmp,smtp,SF,1312,615,0,0,0,1,0,0,0,0,0,0,0,0,0,21,18,0.015,0.255,0.578,33,25,normal
0,tcp,dns,SH,174,463,0,0,0,0,0,1,0,0,0,0,0,0,0,22,8,0.071,0.22,0.817,39,23,normal
3,udp,http,RSTO,153,250,0,0,0,2,0,1,0,0,0,0,0,0,0,17,19,0.249,0.336,0.741,34,31,normal
3,udp,http,S0,100,1010,0,0,0,2,0,1,0,0,0,0,1,0,1,21,13,0.02,0.059,0.686,31,31,normal
30,udp,ssh,RSTR,4,14,0,0,0,0,0,0,2,0,0,1,1,0,0,123,112,0.74,0.981,0.326,15,13,dos
13,udp,pop3,RSTR,151,3,0,0,0,4,2,0,2,0,0,0,0,0,0,110,97,0.887,0.957,0.073,11,10,dos
2,udp,imap,SH,248,245,0,0,0,0,0,1,0,0,0,1,1,0,0,16,20,0.154,0.086,0.677,36,23,normal
0,icmp,smtp,RSTO,970,244,0,0,0,0,0,1,0,0,0,1,0,0,0,14,12,0.051,0.253,0.92,35,27,normal
1,udp,http,RSTO,1826,275,0,0,0,1,0,1,1,0,0,0,0,0,0,25,12,0.408,0.198,0.951,40,31,normal
0,tcp,smtp,SH,189,106,0,0,0,0,0,1,1,0,0,0,0,0,0,24,16,0.029,0.003,0.829,23,22,normal
14,tcp,telnet,SF,40,9,0,0,0,7,2,1,2,0,0,1,0,0,0,123,98,0.908,0.955,0.058,10,12,dos
0,udp,ssh,RSTO,1103,39,0,0,0,0,0,0,1,0,0,0,0,0,0,14,18,0.084,0.002,0.514,37,34,normal
0,icmp,ftp_data,RSTR,477,120,0,0,0,2,0,1,0,0,0,0,1,0,0,21,11,0.239,0.16,0.925,30,32,normal
4,udp,http,SH,228,124,0,0,0,4,0,0,1,0,0,1,1,0,0,113,110,0.712,0.977,0.141,9,8,probe
8,icmp,ssh,SF,670,20,0,0,0,1,0,1,0,0,0,1,0,0,0,28,19,0.268,0.133,0.761,34,17,normal
10,icmp,dns,RSTO,39,5,0,0,0,8,1,1,1,0,0,0,0,0,0,125,105,0.979,0.779,0.005,10,5,probe
4,icmp,ftp_data,SF,319,447,0,0,0,0,0,1,0,0,0,0,0,0,0,14,11,0.626,0.037,0.798,41,21,normal
7,tcp,pop3,REJ,11,2,0,0,0,10,2,1,4,0,0,1,0,0,0,120,116,0.292,0.598,0.47,13,6,dos
5,icmp,http,SH,269,26,0,0,0,8,0,0,3,0,0,1,2,0,1,128,96,0.992,0.827,0.037,12,10,probe
35,icmp,ftp_data,SH,12,3,0,0,0,5,1,0,3,0,0,1,1,0,0,99,108,0.711,0.997,0.114,17,14,r2l
1,udp,telnet,REJ,1965,124,0,0,0,0,0,0,1,0,0,1,0,0,0,15,11,0.109,0.14,0.793,26,23,normal
0,udp,http,S0,962,559,0,0,0,0,0,1,1,0,0,0,0,0,0,17,15,0.157,0.213,0.731,47,17,normal
11,tcp,smtp,SH,158,170,0,0,0,4,2,0,3,0,0,0,1,0,2,87,124,0.837,0.902,0.207,9,11,r2l
6,icmp,smtp,SF,0,70,0,0,0,3,2,0,0,0,0,0,0,0,1,111,105,0.961,0.857,0.17,9,18,dos
21,tcp,ssh,REJ,5,82,0,0,0,6,0,0,4,0,0,1,1,0,0,134,115,0.904,0.85,0.139,12,8,dos
0,udp,telnet,SF,286,384,0,0,0,0,0,1,1,0,0,0,0,0,0,19,12,0.162,0.253,0.941,26,24,normal
7,tcp,pop3,REJ,276,4,0,0,0,0,1,0,4,0,0,0,0,0,1,117,100,0.727,0.983,0.059,15,12,dos
2,tcp,ftp_data,SH,457,776,0,0,0,0,0,1,0,0,0,0,0,0,0,14,23,0.141,0.055,0.687,35,27,normal
0,icmp,ftp_data,S0,91,464,0,0,0,2,0,1,0,0,0,0,0,0,0,25,10,0.107,0.244,0.706,38,27,normal
9,tcp,ssh,SH,298,12,0,0,0,7,1,0,2,0,0,1,0,0,0,119,107,0.998,0.7,0.492,8,5,probe
10,udp,smtp,SF,5,5,0,0,0,9,1,0,2,0,0,0,1,0,1,123,107,0.731,0.362,0.227,9,7,dos
1,udp,telnet,REJ,342,305,0,0,0,1,0,0,0,0,0,0,0,0,0,17,14,0.117,0.088,0.868,32,20,normal
8,icmp,telnet,SH,70,65,0,0,0,8,1,0,3,0,0,3,0,0,0,128,107,0.816,0.873,0.183,13,10,probe
0,udp,ftp,S0,2488,625,0,0,0,2,0,0,0,0,0,0,0,0,0,18,15,0.254,0.061,0.978,33,19,normal
1,tcp,telnet,SH,295,55,0,0,0,6,0,0,3,0,0,1,0,0,0,141,104,0.963,0.976,0.111,17,14,dos
8,udp,http,RSTO,15,2,0,0,0,7,1,0,1,0,0,2,1,0,1,131,88,0.984,0.912,0.131,13,13,dos
10,udp,dns,SF,219,250,0,0,0,5,1,0,4,0,0,1,1,0,1,130,107,0.792,0.729,0.266,18,9,u2r
0,tcp,imap,S0,887,371,0,0,0,0,0,1,0,0,0,0,2,0,0,18,20,0.244,0.274,0.934,35,29,normal
23,udp,telnet,RSTO,49,7,0,0,0,1,0,0,3,0,0,0,0,0,0,120,112,0.722,0.898,0.269,9,12,probe
39,tcp,pop3,SF,4,11,0,1,0,5,0,0,2,0,0,0,0,0,2,128,127,0.606,0.796,0.317,12,8,r2l
4,tcp,pop3,SH,2871,271,0,0,0,0,0,1,1,0,0,0,0,0,0,7,10,0.126,0.246,0.739,26,27,normal
1,icmp,ftp_data,RSTR,282,462,0,0,0,3,0,1,0,0,0,0,0,0,0,20,15,0.322,0.235,0.835,37,25,normal
1,icmp,pop3,SF,585,87,0,0,0,2,0,1,1,0,0,0,0,0,0,23,28,0.182,0.028,0.966,30,17,normal
4,tcp,telnet,S0,395,1856,0,0,0,0,0,1,1,0,0,0,0,0,0,19,10,0.19,0.063,0.725,36,31,normal
32,tcp,imap,S0,842,24,0,0,0,4,0,0,1,0,0,1,0,0,0,125,112,0.899,0.964,0.047,9,5,dos
2,tcp,imap,RSTO,1368,668,0,0,0,2,0,1,1,0,0,0,0,0,0,11,15,0.343,0.115,0.864,35,26,normal
5,tcp,ssh,SF,68,403,0,0,0,0,0,0,0,0,0,0,0,0,0,26,10,0.016,0.181,0.671,35,21,normal
10,udp,imap,S0,323,33,0,0,0,3,0,0,0,0,0,0,0,0,1,129,101,0.963,0.671,0.093,13,8,dos
13,tcp,imap,RSTO,58,61,0,0,0,4,0,0,1,0,0,1,1,0,0,127,102,0.9,0.951,0.001,12,13,dos
0,tcp,dns,RSTO,208,760,0,0,0,1,0,1,0,0,0,0,0,0,0,19,16,0.017,0.534,0.689,37,28,normal
3,udp,ssh,SF,20,22,0,0,0,3,0,1,3,0,0,0,1,0,0,116,117,0.86,0.957,0.298,17,11,dos
0,tcp,ftp_data,SH,651,552,0,0,0,0,0,0,1,0,0,1,0,0,0,18,14,0.091,0.2,0.855,27,27,normal
5,udp,ftp_data,RSTO,692,1111,0,0,0,2,0,0,0,0,0,1,0,0,0,18,15,0.443,0.243,0.394,39,26,normal
3,udp,imap,SF,178,80,0,0,0,0,0,1,1,0,0,0,0,0,0,23,8,0.216,0.131,0.823,27,23,normal
1,tcp,ftp_data,SH,173,139,0,0,0,1,0,1,0,0,0,0,0,0,0,12,13,0.293,0.181,0.843,36,22,normal
1,icmp,dns,RSTO,1994,262,0,0,0,0,0,0,1,0,0,0,1,0,0,18,14,0.118,0.19,0.891,40,17,normal
24,icmp,ftp,SH,364,3,0,0,0,1,1,0,2,0,0,0,1,0,0,127,109,0.962,0.703,0.009,15,11,probe
6,icmp,ftp_data,RSTR,3,8,0,0,1,4,0,0,0,0,0,2,0,0,1,129,104,0.818,0.533,0.118,9,13,dos
0,udp,dns,S0,1077,274,0,0,0,1,0,1,0,0,0,0,0,0,0,21,11,0.436,0.087,0.705,40,27,normal
5,tcp,smtp,REJ,712,2018,0,0,0,0,0,1,0,0,0,0,0,0,0,19,15,0.166,0.074,0.805,29,28,normal
0,icmp,ftp,S0,2201,1329,0,0,0,0,0,1,0,0,0,0,0,0,0,19,12,0.303,0.125,0.605,37,31,normal
3,icmp,imap,SH,502,3676,0,0,0,0,0,1,2,0,0,0,0,0,0,21,13,0.332,0.032,0.783,38,17,normal
0,udp,imap,REJ,1145,42,0,0,0,2,0,0,0,0,0,0,0,0,0,25,18,0.085,0.381,0.899,37,26,normal
1,icmp,smtp,S0,130,431,0,0,0,1,0,1,0,0,0,0,0,0,0,22,15,0.096,0.054,0.79,41,29,normal
1,icmp,http,RSTR,4009,259,0,0,0,0,0,1,0,0,0,0,0,0,0,19,17,0.19,0.056,0.596,36,24,normal
1,tcp,ftp_data,REJ,713,204,0,0,0,2,0,1,0,0,0,0,0,0,0,25,10,0.156,0.197,0.486,38,23,normal
18,icmp,ftp_data,SH,324,208,0,0,0,2,2,0,1,0,0,0,1,0,1,117,104,0.919,0.802,0.058,10,11,probe
5,icmp,imap,S0,1993,728,0,0,0,0,0,1,0,0,0,0,1,0,0,29,16,0.014,0.083,0.795,31,28,normal
8,udp,smtp,S0,148,63,0,0,0,5,0,0,3,0,0,1,0,0,0,120,110,0.889,0.979,0.243,14,13,dos
14,icmp,pop3,SH,177,21,0,0,0,10,0,0,3,1,0,0,1,0,0,126,110,0.594,0.949,0.071,11,8,u2r
1,udp,http,S0,306,1179,0,0,0,0,0,0,0,0,0,0,0,0,0,18,19,0.112,0.156,0.922,54,18,normal
6,icmp,telnet,S0,169,42,0,0,1,2,2,0,1,0,0,1,1,0,2,131,119,0.985,0.693,0.516,13,7,r2l
1,tcp,http,S0,1323,2338,0,0,0,0,0,1,0,0,0,1,0,0,0,23,11,0.015,0.073,0.786,35,26,normal
1,tcp,smtp,RSTR,354,1909,0,0,0,0,0,1,0,0,0,0,0,0,0,12,15,0.147,0.237,0.91,37,20,normal
2,udp,http,SH,625,1444,0,0,0,4,0,1,0,0,0,0,0,0,0,27,12,0.195,0.092,0.526,36,22,normal
0,udp,ftp,RSTO,520,2725,0,0,0,0,0,1,0,0,0,0,0,0,0,14,9,0.195,0.17,0.585,33,20,normal
8,tcp,dns,S0,56,58,0,0,0,1,0,1,0,0,0,1,0,0,0,20,16,0.042,0.255,0.996,42,36,normal
0,icmp,ftp,SF,801,16,0,0,0,3,2,0,1,0,0,1,0,0,2,123,111,0.695,0.545,0.14,14,14,r2l
0,udp,http,REJ,583,805,0,0,0,2,0,1,0,0,0,0,0,0,0,19,18,0.478,0.097,0.778,35,15,normal
33,udp,imap,SH,127,37,0,0,0,4,0,1,1,0,0,1,1,0,2,107,98,0.878,0.896,0.592,11,12,dos
29,tcp,ssh,REJ,138,31,0,0,0,5,0,0,2,0,0,2,0,0,0,123,111,0.935,0.662,0.159,8,14,dos
0,tcp,imap,RSTR,18,3,0,0,0,6,1,0,5,0,0,1,0,0,1,130,101,0.941,0.921,0.229,11,7,dos
20,udp,ftp,RSTR,314,21,0,0,0,7,1,0,1,0,0,0,2,0,1,121,140,0.726,0.904,0.097,15,6,probe
7,tcp,http,S0,396,28,0,0,0,6,0,0,1,0,0,0,2,0,0,116,88,0.855,0.828,0.131,10,10,r2l
0,tcp,smtp,RSTR,352,383,0,0,0,0,0,0,1,0,0,0,0,0,0,21,24,0.058,0.326,0.999,30,34,normal
7,tcp,telnet,REJ,26,8,0,0,0,5,1,0,3,0,0,0,0,0,0,125,111,0.679,0.911,0.41,9,12,probe
1,tcp,smtp,REJ,322,528,0,0,0,1,0,1,0,0,0,0,0,0,0,23,13,0.33,0.394,0.736,38,23,normal
0,icmp,http,RSTO,528,140,0,0,0,3,0,1,0,0,0,0,0,0,0,12,18,0.029,0.039,0.963,35,24,normal
4,tcp,telnet,RSTO,16,4,0,0,0,6,2,1,0,0,0,0,0,0,1,131,89,0.717,0.888,0.318,6,10,dos
5,icmp,ftp_data,S0,94,46,0,0,0,8,2,0,5,0,0,0,1,0,0,115,92,0.677,0.944,0.161,7,11,probe
5,icmp,dns,S0,376,962,0,0,0,1,0,1,0,0,0,0,0,0,0,20,14,0.21,0.245,0.939,42,28,normal
0,icmp,ssh,SH,2397,311,0,0,0,1,0,0,0,0,0,0,0,0,0,22,11,0.124,0.103,0.759,30,13,normal
0,tcp,ftp_data,RSTR,567,302,0,0,0,0,0,1,0,0,0,0,0,0,0,19,11,0.032,0.192,0.838,29,29,normal
1,udp,smtp,RSTO,971,232,0,0,0,1,0,1,1,0,0,0,0,0,0,17,18,0.067,0.082,0.824,35,25,normal
5,udp,telnet,REJ,465,235,0,0,0,1,0,0,0,0,0,0,0,0,0,21,22,0.284,0.138,0.925,32,19,normal
6,udp,http,RSTO,450,51,0,0,0,1,0,1,2,0,0,1,0,0,0,19,13,0.074,0.206,0.8,32,22,normal
2,tcp,ssh,SH,312,5,0,0,0,1,0,0,1,0,0,0,0,0,1,137,100,0.709,0.876,0.043,16,6,dos
9,tcp,pop3,SH,26,87,0,0,0,6,0,0,0,0,0,3,1,0,1,105,100,0.981,0.986,0.192,11,12,probe
17,tcp,ssh,RSTR,2272,262,0,0,0,5,0,0,1,0,0,0,0,0,0,122,115,0.957,0.89,0.141,6,8,r2l
5,udp,ssh,REJ,2591,44,0,0,0,0,0,1,0,0,0,0,0,0,0,26,15,0.048,0.202,0.882,27,25,normal
20,icmp,smtp,SH,262,16,0,0,0,5,0,0,5,0,0,0,0,0,1,120,103,0.861,0.737,0.013,14,11,dos
1,tcp,smtp,REJ,1223,90,0,0,0,0,0,0,0,0,0,1,0,0,0,23,21,0.15,0.191,0.886,48,29,normal
0,tcp,telnet,SF,130,484,0,0,0,0,0,1,0,0,0,0,0,0,0,19,7,0.28,0.145,0.881,36,25,normal
2,icmp,telnet,REJ,128,946,0,0,0,0,0,1,1,0,0,0,0,0,0,17,19,0.405,0.225,0.883,35,20,normal
1,icmp,telnet,SH,353,127,0,0,0,3,0,1,0,0,0,0,0,0,0,16,18,0.043,0.284,0.843,35,21,normal
1,udp,pop3,SF,4613,118,0,0,0,0,0,1,0,0,0,0,1,0,0,18,12,0.461,0.126,0.593,37,28,normal
0,tcp,imap,REJ,1866,242,0,0,0,0,0,1,0,0,0,0,0,0,0,14,18,0.078,0.435,0.593,39,26,normal
18,tcp,telnet,SF,86,12,0,0,0,7,0,0,0,0,0,1,0,0,0,131,127,0.847,0.597,0.292,17,11,dos
25,icmp,http,SF,189,22,0,0,0,2,0,0,4,0,0,0,1,0,1,143,95,0.832,0.75,0.272,6,12,probe
3,udp,ftp,SF,2596,148,0,0,0,0,0,1,0,0,0,0,0,0,0,17,13,0.059,0.388,0.913,26,15,normal
2,tcp,ftp_data,SH,568,180,0,0,0,1,0,1,0,0,0,0,1,0,1,20,15,0.34,0.031,0.944,43,29,normal
1,tcp,ssh,SH,693,94,0,0,0,0,0,0,0,0,0,0,0,0,0,20,12,0.035,0.026,0.819,37,25,normal
16,icmp,imap,RSTO,211,82,0,0,0,5,1,0,1,0,0,1,1,0,1,124,100,0.896,0.845,0.07,19,9,dos
1,icmp,ssh,SF,1918,91,0,0,0,0,0,1,0,0,0,0,0,0,0,17,22,0.365,0.169,0.936,33,23,normal
6,icmp,http,RSTR,721,92,0,0,0,1,0,1,1,0,0,0,0,0,0,24,13,0.08,0.011,0.795,27,27,normal
7,icmp,ssh,RSTR,459,106,0,0,0,1,0,1,0,0,0,0,1,0,0,23,19,0.041,0.101,0.671,30,27,normal
0,tcp,telnet,S0,148,38,0,0,0,0,0,0,0,0,0,0,0,0,0,20,15,0.277,0.197,0.642,37,32,normal
52,tcp,imap,RSTR,171,63,0,0,0,8,2,0,3,0,0,1,1,0,0,142,99,0.682,0.913,0.25,8,7,dos
0,icmp,http,REJ,416,549,0,0,0,2,0,1,0,0,0,1,0,0,0,10,13,0.134,0.109,0.881,34,18,normal
1,icmp,dns,SH,275,146,0,0,0,8,0,0,3,0,0,1,0,0,1,129,111,0.963,0.984,0.431,9,11,r2l
12,udp,smtp,RSTO,46,46,0,0,0,4,2,0,1,0,0,1,1,0,0,125,96,0.622,0.765,0.097,18,12,dos
2,tcp,smtp,RSTO,1064,674,0,0,0,0,0,1,0,0,0,0,0,0,0,21,12,0.663,0.058,0.954,44,35,normal
5,icmp,ssh,REJ,107,1,0,0,0,3,0,0,2,0,0,0,1,0,0,118,112,0.976,0.713,0.188,9,8,dos
4,icmp,http,S0,634,702,0,0,0,1,0,1,0,0,0,1,0,0,0,26,13,0.063,0.041,0.935,32,20,normal
0,udp,pop3,REJ,502,141,0,0,0,2,0,1,1,0,0,0,1,0,0,26,16,0.195,0.136,0.859,27,20,normal
5,icmp,telnet,SF,311,281,0,0,0,0,0,1,0,0,0,0,0,0,0,23,13,0.273,0.371,0.816,36,19,normal
2,tcp,telnet,SH,197,748,0,0,0,0,0,1,0,0,0,1,0,0,0,24,14,0.101,0.137,0.776,36,25,normal
2,tcp,pop3,RSTR,232,450,0,0,0,0,0,1,0,0,0,0,0,0,0,13,20,0.243,0.238,0.865,42,19,normal
0,tcp,ssh,S0,78,458,0,0,0,2,0,1,0,0,0,0,0,0,0,18,18,0.251,0.112,0.874,33,32,normal
2,icmp,ftp,RSTO,808,777,0,0,0,1,0,1,0,0,0,1,0,0,0,15,13,0.093,0.097,0.326,38,20,normal
0,icmp,pop3,SF,445,202,0,0,0,0,0,1,0,0,0,0,0,0,0,16,19,0.305,0.116,0.994,36,28,normal
9,icmp,ftp_data,RSTR,1087,148,0,0,0,1,0,1,0,0,0,1,0,0,0,24,9,0.1,0.255,0.704,35,19,normal
48,udp,smtp,RSTO,51,131,0,0,0,9,1,0,1,0,0,0,1,0,0,115,97,0.832,0.764,0.255,12,10,dos
2,tcp,ftp,RSTR,366,109,0,0,0,1,0,1,0,0,0,0,0,0,0,17,11,0.255,0.228,0.647,44,28,normal
12,icmp,imap,RSTR,25,4,0,0,0,5,2,0,1,0,0,3,3,0,0,125,132,0.787,0.831,0.175,13,12,dos
0,udp,smtp,RSTR,208,111,0,0,0,1,0,1,1,0,0,0,0,0,0,19,19,0.058,0.092,0.673,41,30,normal
12,tcp,smtp,RSTO,4,4,0,0,0,6,1,0,0,0,0,0,4,0,0,127,126,0.87,0.904,0.028,16,12,dos
4,icmp,imap,SH,2,5,0,0,0,3,1,0,3,0,0,1,1,0,0,114,112,0.735,0.735,0.311,15,8,dos
9,udp,http,SF,24,45,0,0,0,7,2,0,0,0,0,3,1,0,1,117,105,0.937,0.949,0.053,12,12,dos
1,tcp,ftp,RSTR,191,117,0,0,0,0,0,1,0,0,0,0,0,0,0,24,11,0.045,0.091,0.873,34,26,normal
33,icmp,ssh,SF,89,33,0,0,0,7,1,1,0,0,0,1,0,0,1,106,117,0.886,0.767,0.434,9,10,dos
4,tcp,dns,REJ,1054,53,0,0,0,7,1,1,5,0,0,0,0,0,0,114,111,0.986,0.917,0.155,17,6,probe
1,tcp,smtp,SF,381,207,0,0,0,2,0,0,0,0,0,1,0,0,0,20,16,0.255,0.026,0.961,38,29,normal
0,tcp,dns,SF,515,145,0,0,0,3,0,1,0,0,0,0,0,0,0,25,18,0.018,0.173,0.896,27,33,normal
3,tcp,dns,S0,130,47,0,0,0,6,0,0,2,0,0,1,0,0,1,111,115,0.858,0.934,0.359,16,9,probe
19,tcp,pop3,REJ,35,57,0,0,0,5,0,0,3,0,0,0,1,0,0,115,113,0.995,0.841,0.359,17,9,dos
24,icmp,ftp,SF,283,2,0,0,0,5,2,0,2,0,0,0,1,0,1,106,96,0.969,0.928,0.45,13,10,dos
5,udp,smtp,S0,264,52,0,0,0,5,0,0,3,0,0,3,0,0,1,127,113,0.958,0.897,0.075,12,10,dos
2,udp,dns,RSTO,19,14,0,0,0,6,1,0,3,0,0,0,2,0,0,118,123,0.81,0.929,0.096,12,6,dos
13,icmp,pop3,S0,364,173,0,0,0,0,0,1,1,0,0,0,0,0,1,20,15,0.076,0.2,0.876,37,32,normal
13,icmp,ftp,RSTR,216,27,0,0,0,6,0,0,2,0,0,1,1,0,1,128,121,0.886,0.963,0.416,16,11,dos
1,udp,ftp_data,SH,679,220,0,0,0,0,0,1,1,0,0,0,0,0,0,15,15,0.295,0.036,0.845,37,19,normal
5,udp,smtp,RSTO,475,545,0,0,0,1,0,1,0,0,0,2,0,0,1,25,16,0.401,0.402,0.732,31,18,normal
0,icmp,imap,REJ,353,1179,0,0,0,2,0,1,0,0,0,0,0,0,0,19,19,0.273,0.065,0.717,31,19,normal
1,udp,http,REJ,663,197,0,0,0,1,0,0,0,0,0,0,0,0,0,22,20,0.066,0.118,0.601,31,28,normal
5,udp,dns,REJ,172,31,0,0,0,4,0,0,1,0,0,0,1,0,1,109,111,0.811,0.958,0.128,10,12,dos
23,icmp,ftp_data,SF,34,32,0,0,0,6,0,0,2,0,0,0,1,0,1,114,119,0.813,0.934,0.108,6,12,dos
4,tcp,smtp,RSTR,9104,486,0,0,0,1,0,1,0,0,0,1,0,0,0,20,20,0.202,0.003,0.762,35,42,normal
0,icmp,ssh,RSTO,320,406,0,0,0,2,0,1,0,0,0,0,0,0,0,21,13,0.046,0.227,0.854,29,34,normal
22,tcp,imap,S0,62,4,0,0,0,4,1,0,0,0,0,5,0,0,0,140,131,0.953,0.673,0.283,15,6,probe
1,udp,pop3,S0,66,19,0,1,0,8,2,0,3,0,0,2,0,0,1,118,115,0.825,0.973,0.211,18,15,probe
2,tcp,telnet,REJ,792,46,0,0,0,1,0,0,0,0,0,0,1,0,1,21,17,0.05,0.12,0.503,46,16,normal
7,udp,http,S0,112,6,0,0,0,3,1,0,2,0,0,0,2,0,0,99,116,0.671,0.856,0.012,8,16,u2r
6,udp,pop3,SH,82,10,0,0,0,6,0,0,1,0,0,0,0,0,1,134,116,0.454,0.833,0.175,13,9,dos
0,icmp,telnet,SH,67,333,0,0,0,0,0,1,0,0,0,1,0,0,0,30,12,0.124,0.221,0.252,43,29,normal
2,udp,http,RSTO,1342,308,0,0,0,0,0,1,0,0,0,0,1,0,0,16,9,0.509,0.171,0.875,34,28,normal
1,udp,dns,RSTR,18,91,0,0,0,6,1,0,3,0,0,2,0,0,0,106,111,0.966,0.906,0.161,8,7,dos
9,icmp,pop3,SH,8,240,0,0,0,7,0,0,2,0,0,0,3,0,0,110,104,0.927,0.951,0.087,9,8,dos
1,tcp,ftp_data,RSTR,147,976,0,0,0,1,0,1,0,0,0,0,0,0,0,27,12,0.002,0.179,0.565,32,16,normal
1,udp,telnet,SF,691,6123,0,0,0,1,0,1,1,0,0,0,1,0,0,23,11,0.068,0.159,0.472,31,24,normal
1,icmp,dns,RSTO,92,43,0,0,0,0,0,1,1,0,0,0,1,0,0,22,11,0.064,0.132,0.375,34,26,normal
33,icmp,ftp,SF,62,98,0,0,0,7,1,0,4,0,0,0,3,0,0,130,111,0.752,0.804,0.506,9,9,probe
1,icmp,pop3,REJ,333,518,0,0,0,2,0,1,0,0,0,0,1,0,0,26,15,0.013,0.158,0.973,44,23,normal
0,icmp,http,S0,1110,101,0,0,0,1,0,1,0,0,0,0,0,0,0,15,18,0.064,0.034,0.883,32,28,normal
1,icmp,pop3,RSTO,1051,118,0,0,0,1,0,1,0,0,0,0,1,0,0,19,14,0.276,0.237,0.958,36,29,normal
0,udp,http,RSTR,362,825,0,0,0,0,0,1,1,0,0,0,0,0,0,24,11,0.137,0.312,0.905,48,35,normal
14,udp,telnet,RSTR,137,27,0,0,0,5,0,0,5,0,0,1,0,0,1,120,111,0.672,0.982,0.304,16,4,probe
2,udp,ftp,S0,5350,1150,0,0,0,1,0,1,0,0,0,1,0,0,0,22,15,0.072,0.202,0.949,47,28,normal
0,tcp,dns,RSTO,237,2464,0,0,0,3,0,1,0,0,0,0,0,0,0,23,18,0.18,0.036,0.795,26,34,normal
1,icmp,dns,RSTO,1564,1576,0,0,0,0,0,1,1,0,0,0,0,0,0,18,8,0.121,0.196,0.922,41,23,normal
2,tcp,dns,REJ,119,478,0,0,0,3,0,0,0,0,0,0,0,0,1,18,16,0.139,0.046,0.914,37,17,normal
1,tcp,ftp,SF,142,93,0,0,0,1,0,1,0,0,0,0,0,0,0,17,11,0.009,0.138,0.909,27,24,normal
0,udp,smtp,SH,57,184,0,0,0,1,0,1,0,0,0,0,0,0,0,21,11,0.216,0.44,0.972,40,25,normal
16,tcp,ftp_data,SF,222,2,0,0,0,6,3,0,5,0,0,1,0,0,0,105,113,0.999,0.958,0.132,8,9,dos
0,udp,http,REJ,77,748,0,0,0,1,0,1,1,0,0,2,0,0,0,28,13,0.382,0.007,0.804,33,25,normal
10,tcp,smtp,SH,27,11,0,0,0,6,2,0,2,0,0,3,2,0,1,126,110,0.97,0.973,0.055,16,4,dos
2,udp,smtp,SF,444,104,0,0,0,7,4,0,1,0,0,1,1,0,0,116,118,0.908,0.822,0.042,11,10,probe
1,icmp,smtp,RSTR,132,384,0,0,0,1,0,1,0,0,0,0,0,0,0,21,12,0.206,0.086,0.881,30,26,normal
1,udp,dns,S0,180,312,0,0,0,1,0,1,0,0,0,0,0,0,0,13,18,0.234,0.079,0.879,28,23,normal
21,icmp,smtp,SF,81,3,0,0,1,6,0,0,6,0,0,0,0,0,0,120,116,0.861,0.742,0.341,7,12,probe
8,icmp,http,REJ,160,1398,0,0,0,2,0,1,0,0,0,1,0,0,0,18,10,0.558,0.012,0.581,40,23,normal
3,tcp,ftp_data,RSTR,1006,522,0,0,0,0,0,1,0,0,0,0,0,0,0,24,14,0.098,0.046,0.89,28,24,normal
1,tcp,ftp,RSTO,1861,510,0,0,0,1,0,1,0,0,0,0,0,0,1,18,29,0.006,0.259,0.777,28,29,normal
6,udp,pop3,RSTO,75,16,0,0,0,5,1,0,3,0,0,2,1,0,0,132,126,0.993,0.937,0.008,10,9,dos
0,tcp,smtp,SF,171,521,0,0,0,1,0,1,0,0,0,0,0,0,1,12,22,0.09,0.259,0.783,40,17,normal
1,icmp,ftp_data,SF,19,24,0,0,0,5,0,1,2,0,0,0,0,0,1,109,94,0.729,0.923,0.081,14,8,probe
8,udp,ssh,REJ,9,20,0,0,0,9,0,0,1,0,0,0,1,0,1,111,119,0.921,0.851,0.395,13,14,probe
3,tcp,ftp,SF,1850,321,0,0,0,0,0,0,0,0,0,0,0,0,0,29,18,0.109,0.095,0.806,24,25,normal
2,udp,pop3,SH,2889,690,0,0,0,1,0,0,0,0,0,0,0,0,0,17,19,0.1,0.09,0.558,39,30,normal
0,icmp,pop3,SH,577,451,0,0,0,3,0,0,0,0,0,0,0,0,0,23,9,0.109,0.225,0.941,46,19,normal
10,udp,http,S0,12,339,0,0,0,5,3,0,1,0,0,1,1,0,0,126,96,0.762,0.872,0.193,12,6,probe
9,tcp,dns,RSTO,425,262,0,0,0,0,0,1,0,0,0,1,1,0,0,18,15,0.116,0.114,0.452,31,33,normal
4,icmp,imap,REJ,32,127,0,1,0,2,0,0,0,0,0,2,0,0,0,127,121,0.435,0.79,0.112,21,8,r2l
3,udp,dns,SH,3128,142,0,0,0,2,0,1,0,0,0,1,0,0,1,18,18,0.225,0.075,0.739,33,28,normal
2,udp,imap,S0,1566,529,0,0,0,0,0,1,0,0,0,1,0,0,1,25,13,0.608,0.033,0.872,29,28,normal
0,icmp,ssh,REJ,471,207,0,0,0,1,0,0,0,0,0,1,0,0,0,22,14,0.278,0.128,0.582,32,18,normal
0,icmp,ftp,SF,381,320,0,0,0,1,0,1,0,0,0,0,0,0,0,22,7,0.115,0.089,0.684,42,20,normal
5,udp,dns,SH,750,116,0,0,0,0,0,1,0,0,0,0,0,0,0,21,16,0.015,0.308,0.686,31,29,normal
8,tcp,ftp_data,RSTR,1408,251,0,0,0,1,0,1,1,0,0,0,0,0,0,20,17,0.305,0.035,0.964,36,33,normal
15,icmp,smtp,RSTO,43,102,0,0,0,8,0,0,1,0,0,0,1,0,0,104,120,0.773,0.511,0.218,15,15,probe
0,icmp,ftp,REJ,114,3813,0,0,0,1,0,1,0,0,0,1,0,0,0,20,20,0.061,0.003,0.725,39,21,normal
51,udp,ftp,REJ,13,23,0,1,0,6,1,0,2,0,0,0,0,0,0,113,101,0.745,0.873,0.339,12,16,dos
8,udp,dns,SF,61,77,0,0,0,6,0,0,3,0,0,0,1,0,0,113,100,0.99,0.987,0.09,4,11,dos
0,udp,imap,SH,618,174,0,0,0,1,0,1,0,0,0,0,0,0,0,24,12,0.03,0.017,0.933,35,22,normal
7,icmp,dns,S0,9,4,0,0,0,0,1,0,1,0,0,2,1,0,0,118,106,0.909,0.732,0.263,14,6,dos
0,udp,ftp,SH,310,140,0,0,0,0,0,1,0,0,0,0,0,0,0,29,11,0.024,0.027,0.339,30,23,normal
21,tcp,ftp_data,S0,46,20,0,0,0,7,1,1,3,0,0,2,3,0,0,110,91,0.478,0.964,0.072,19,6,dos
1,icmp,smtp,REJ,44,686,0,0,0,0,0,0,0,0,0,0,0,0,0,14,19,0.516,0.404,0.682,33,21,normal
125,tcp,http,SH,198,6,0,0,0,2,0,0,1,0,1,1,0,0,0,124,98,0.822,0.936,0.223,16,15,dos
1,icmp,ftp_data,RSTO,1234,51,0,0,0,1,0,1,1,0,0,1,0,0,0,27,10,0.025,0.153,0.87,32,21,normal
3,udp,pop3,RSTR,529,77,0,0,0,3,0,0,0,0,0,0,0,0,0,13,17,0.204,0.08,0.87,37,25,normal
4,udp,ftp_data,SF,248,67,0,0,0,0,0,1,0,0,0,0,0,0,0,21,10,0.12,0.01,0.744,32,25,normal
14,udp,ftp_data,RSTO,653,0,0,0,1,4,0,0,1,0,0,1,0,0,0,105,104,0.826,0.894,0.112,9,12,u2r
6,icmp,imap,SF,178,682,0,0,0,1,0,1,0,0,0,0,0,0,0,16,14,0.156,0.31,0.493,26,20,normal
14,tcp,ftp_data,RSTO,196,351,0,0,0,0,0,0,0,0,0,0,0,0,0,24,14,0.09,0.103,0.848,42,23,normal
2,udp,telnet,REJ,2017,214,0,0,0,1,0,0,1,0,0,1,0,0,0,19,18,0.069,0.045,0.732,30,25,normal
19,tcp,http,REJ,4,8,0,0,1,0,4,0,0,0,0,0,1,0,0,124,110,0.768,0.982,0.303,15,10,dos
1,tcp,ftp,RSTO,1860,147,0,0,0,1,0,0,0,0,0,0,0,0,0,18,17,0.235,0.308,0.822,44,32,normal
8,tcp,telnet,REJ,34,0,0,0,0,4,0,0,2,0,0,0,0,0,0,116,104,0.742,0.93,0.068,24,9,dos
4,udp,ssh,RSTR,178,190,0,0,0,1,0,1,1,0,0,1,0,0,0,22,24,0.313,0.119,0.536,26,18,normal
0,icmp,dns,REJ,76,5,0,0,0,3,2,1,1,0,0,3,4,0,1,116,101,0.806,0.967,0.192,19,7,r2l
9,udp,telnet,RSTR,131,1,0,0,0,7,0,0,3,0,0,1,0,0,1,145,121,0.638,0.827,0.188,10,8,dos
12,tcp,ftp_data,REJ,783,1,0,0,0,7,0,0,2,0,0,1,1,0,0,121,124,0.546,0.988,0.063,11,10,probe
0,udp,pop3,SH,188,398,0,0,0,1,0,1,1,0,0,0,0,0,0,17,15,0.136,0.059,0.587,38,23,normal
36,udp,telnet,REJ,3,2,0,0,0,4,1,0,0,0,0,1,1,0,1,131,102,0.995,0.538,0.408,10,5,dos
1,udp,smtp,RSTO,130,80,0,0,0,0,0,1,1,0,0,0,0,0,1,12,23,0.013,0.197,0.756,32,31,normal
12,icmp,ssh,RSTR,144,2,0,0,0,4,1,0,1,0,0,1,1,0,1,113,99,0.707,0.987,0.074,13,6,dos
2,tcp,smtp,REJ,310,140,0,0,0,1,0,1,0,0,0,0,0,0,0,27,15,0.098,0.144,0.826,40,17,normal
3,icmp,dns,SF,1798,7,0,0,0,7,1,0,3,0,0,1,2,0,1,116,112,0.8,0.852,0.219,16,11,probe
10,udp,ftp,SH,272,69,0,0,0,0,0,1,0,0,0,1,0,0,0,19,18,0.353,0.021,0.559,32,28,normal
3,icmp,smtp,S0,2164,543,0,0,0,0,0,1,0,0,0,1,0,0,0,24,7,0.111,0.049,0.684,22,26,normal
7,tcp,imap,RSTR,829,784,0,0,0,0,0,1,0,0,0,0,1,0,0,26,12,0.087,0.196,0.78,40,23,normal
6,tcp,telnet,REJ,1317,258,0,0,0,1,0,1,0,0,0,0,0,0,0,20,18,0.025,0.382,0.681,41,26,normal
2,tcp,ssh,SF,254,2154,0,0,0,2,0,1,0,0,0,0,0,0,0,17,16,0.369,0.253,0.879,45,26,normal
26,icmp,imap,RSTO,29,0,0,0,0,4,0,1,0,0,0,0,1,0,2,139,113,0.84,0.629,0.159,23,8,probe
1,tcp,ssh,S0,2134,535,0,0,0,0,0,1,0,0,0,1,0,0,0,17,15,0.2,0.039,0.76,34,22,normal
2,icmp,ftp_data,S0,16,2,0,0,0,7,0,1,4,0,0,1,0,0,2,122,115,0.951,0.846,0.236,14,11,dos
31,icmp,http,SH,349,150,0,0,0,5,2,0,1,0,0,0,1,0,0,111,99,0.933,0.949,0.094,9,9,dos
3,icmp,ssh,SH,3085,290,0,0,0,0,0,1,0,0,0,0,1,0,0,21,9,0.159,0.249,0.935,41,34,normal
4,tcp,ftp_data,SH,189,10,0,0,0,3,0,0,1,0,0,0,0,0,0,126,112,0.898,0.965,0.318,16,11,probe
3,icmp,telnet,SH,1088,166,0,0,0,1,0,0,0,0,0,0,0,0,0,18,13,0.211,0.026,0.729,25,26,normal
14,tcp,dns,RSTO,9,19,0,0,0,5,0,0,2,1,0,1,0,0,0,117,118,0.675,0.732,0.11,13,9,dos
2,icmp,imap,S0,676,294,0,0,0,0,0,1,0,0,0,0,0,0,0,15,13,0.172,0.308,0.956,39,30,normal
5,tcp,smtp,RSTR,139,738,0,0,0,2,0,1,1,0,0,0,0,0,0,22,12,0.17,0.167,0.619,45,22,normal
3,udp,imap,RSTR,640,605,0,0,0,2,0,0,0,0,0,0,0,0,0,25,7,0.066,0.031,0.871,36,28,normal
5,tcp,dns,SF,80,13,0,0,0,4,2,0,3,0,0,2,1,0,1,129,123,0.543,0.929,0.236,7,9,dos
3,icmp,smtp,REJ,3592,109,0,0,0,4,1,0,4,0,0,1,1,0,0,123,93,0.85,0.945,0.079,11,13,dos
13,tcp,smtp,RSTR,18,1545,0,0,0,5,1,0,4,0,0,1,1,0,1,119,113,0.814,0.885,0.172,13,13,probe
0,icmp,ftp,REJ,443,267,0,0,0,4,0,1,1,0,0,1,0,0,0,35,13,0.255,0.002,0.774,36,26,normal
3,udp,imap,SF,743,86,0,0,0,6,2,0,0,0,0,2,1,0,0,133,91,0.927,0.98,0.263,7,12,dos
2,tcp,pop3,RSTR,1257,2482,0,0,0,0,0,1,0,0,0,0,0,0,0,19,15,0.221,0.235,0.82,34,28,normal
4,udp,dns,REJ,563,1994,0,0,0,2,0,1,0,0,0,0,1,0,0,27,15,0.106,0.288,0.918,23,25,normal
5,udp,pop3,SH,4809,5,0,0,0,8,1,1,5,0,0,1,0,0,0,121,107,0.916,0.939,0.062,13,9,dos
0,tcp,ssh,S0,368,628,0,0,0,0,0,1,0,0,0,0,1,0,0,22,13,0.116,0.197,0.87,45,26,normal
0,udp,telnet,RSTO,714,609,0,0,0,0,0,0,0,0,0,0,0,0,0,16,8,0.226,0.049,0.825,27,25,normal
1,tcp,ftp,SH,215,118,0,0,0,0,0,1,1,0,0,0,0,0,0,26,12,0.163,0.184,0.606,28,30,normal
3,udp,http,SF,2499,620,0,0,0,1,0,0,0,0,0,0,1,0,0,23,19,0.012,0.003,0.961,39,22,normal
9,icmp,pop3,SF,44,62,0,0,0,6,0,0,3,0,0,1,1,0,0,120,111,0.821,0.966,0.086,12,11,probe
1,tcp,pop3,RSTR,181,114,0,0,0,1,0,0,1,0,0,2,0,0,0,21,12,0.198,0.04,0.881,28,28,normal
0,tcp,telnet,SF,1285,267,0,0,0,1,0,1,0,0,0,0,0,0,0,18,21,0.009,0.17,0.831,41,23,normal
0,icmp,http,REJ,3544,432,0,0,0,3,0,0,0,0,0,0,0,0,0,23,11,0.292,0.144,0.784,29,31,normal
2,tcp,ssh,SH,561,140,0,0,0,0,0,0,0,0,0,0,1,0,0,26,13,0.029,0.035,0.872,34,30,normal
7,udp,ssh,S0,693,521,0,0,0,2,0,1,0,0,0,0,0,0,0,33,18,0.155,0.233,0.964,30,31,normal
4,tcp,http,SF,138,89,0,0,0,1,0,1,0,0,0,0,0,0,0,19,17,0.041,0.127,0.847,58,31,normal
3,udp,http,REJ,79,20,0,1,0,6,1,0,3,0,0,1,1,0,0,103,121,0.93,0.936,0.31,10,10,probe
2,udp,ftp,SF,1005,1260,0,0,0,0,0,0,1,0,0,1,0,0,1,20,21,0.066,0.094,0.834,31,22,normal
0,icmp,dns,SH,1221,1081,0,0,0,1,0,1,0,0,0,0,0,0,1,24,14,0.023,0.21,0.459,33,13,normal
4,tcp,ftp,RSTO,682,318,0,0,0,0,0,1,1,0,0,0,0,0,2,22,20,0.289,0.235,0.816,33,24,normal
0,udp,telnet,RSTR,1036,245,0,0,0,0,0,1,0,0,0,0,0,0,0,20,20,0.016,0.291,0.74,28,24,normal
1,tcp,dns,SH,8379,148,0,0,0,2,0,0,1,0,0,0,0,0,0,16,9,0.078,0.004,0.655,30,29,normal
1,icmp,smtp,RSTR,577,568,0,0,0,1,0,1,0,0,0,0,1,0,1,19,16,0.056,0.001,0.796,42,27,normal
0,tcp,smtp,RSTR,3052,1134,0,0,0,2,0,1,2,0,0,1,0,0,0,20,16,0.173,0.044,0.701,44,35,normal
0,icmp,smtp,SH,377,230,0,0,0,1,0,1,0,0,0,0,0,0,0,13,18,0.246,0.062,0.983,49,27,normal
0,icmp,imap,RSTO,80,384,0,0,0,1,0,1,0,0,0,0,0,0,0,20,15,0.08,0.067,0.886,43,27,normal
1,tcp,imap,SF,1904,393,0,0,0,5,0,1,0,0,0,0,0,0,0,19,13,0.071,0.001,0.346,46,15,normal
0,tcp,imap,RSTR,482,97,0,0,0,1,0,1,0,0,0,1,0,0,0,18,13,0.485,0.084,0.866,35,24,normal
2,udp,smtp,S0,553,9,0,0,0,8,0,1,3,0,0,1,1,0,3,147,88,0.898,0.498,0.18,16,11,r2l
60,tcp,pop3,S0,2526,643,0,0,0,2,2,0,3,0,0,0,1,0,2,107,118,0.683,0.728,0.179,11,6,probe
27,udp,http,SH,25,14,0,0,0,5,0,0,1,0,0,0,1,0,1,128,100,0.948,0.543,0.051,17,7,dos
12,tcp,dns,RSTR,241,16,0,0,0,2,1,1,3,0,0,1,1,0,1,130,110,0.968,0.932,0.158,17,13,dos
0,udp,ftp_data,S0,25,82,0,0,0,0,0,1,0,0,0,1,0,0,0,16,22,0.104,0.167,0.984,37,20,normal
0,udp,smtp,REJ,192,403,0,0,0,0,0,1,0,0,0,1,0,0,0,17,13,0.01,0.512,0.766,32,24,normal
1,udp,ftp,RSTR,1004,226,0,0,0,1,0,1,1,0,0,0,0,0,0,19,15,0.084,0.028,0.704,27,24,normal
3,tcp,telnet,RSTR,631,257,0,0,0,0,0,0,0,0,0,0,1,0,0,26,17,0.233,0.213,0.737,33,16,normal
2,icmp,dns,S0,1396,557,0,0,0,1,0,0,0,0,0,1,0,0,0,19,17,0.055,0.125,0.88,27,35,normal
1,udp,ftp,RSTR,37,480,0,0,0,1,0,1,0,0,0,0,0,0,0,28,15,0.082,0.073,0.452,50,23,normal
5,tcp,telnet,REJ,21,16,0,0,0,4,1,0,1,0,0,0,1,0,1,109,102,0.896,0.881,0.012,7,14,dos
19,tcp,smtp,RSTO,83,0,0,0,0,7,3,0,2,0,0,1,0,0,0,132,116,0.918,0.72,0.054,13,10,dos
1,udp,telnet,S0,1622,1963,0,0,0,1,0,1,0,0,0,0,0,0,0,23,17,0.032,0.033,0.531,42,30,normal
6,udp,ftp,REJ,896,101,0,0,0,2,0,1,0,0,0,0,0,0,0,27,19,0.08,0.067,0.907,21,23,normal
6,udp,http,RSTO,68,44,0,0,0,5,0,1,2,0,0,1,0,0,0,116,106,0.961,0.987,0.098,10,10,probe
2,tcp,ftp,SH,840,2020,0,0,0,1,0,1,0,0,0,0,0,0,1,30,18,0.221,0.048,0.932,39,20,normal
1,tcp,ftp,RSTR,7658,310,0,0,0,2,0,1,0,0,0,0,0,0,0,23,14,0.177,0.067,0.874,37,28,normal
4,icmp,http,RSTO,177,792,0,0,0,3,0,0,0,0,0,0,0,0,0,17,13,0.2,0.105,0.868,34,25,normal
2,tcp,ftp_data,SH,429,1504,0,0,0,0,0,1,0,0,0,0,0,0,0,22,17,0.285,0.001,0.856,46,18,normal
1,icmp,imap,RSTR,1098,563,0,0,0,0,0,1,0,0,0,0,1,0,0,21,14,0.505,0.006,0.807,38,25,normal
1,udp,imap,RSTO,1321,282,0,0,0,2,0,1,0,0,0,1,0,0,0,24,19,0.13,0.002,0.919,34,32,normal
3,udp,pop3,SH,63,386,0,0,0,3,0,1,2,0,0,2,0,0,2,127,108,0.963,0.973,0.058,14,8,r2l
12,udp,pop3,RSTR,4,5,0,0,0,5,0,1,6,0,0,0,3,0,0,126,103,0.95,0.938,0.01,17,7,dos
0,tcp,ftp,RSTR,396,485,0,0,0,1,0,1,1,0,0,0,0,0,0,21,12,0.121,0.056,0.64,43,20,normal
0,tcp,smtp,RSTR,1267,637,0,0,0,1,0,1,0,0,0,0,0,0,0,20,13,0.076,0.103,0.87,30,23,normal
8,icmp,smtp,SF,604,544,0,0,0,3,0,0,0,0,0,0,0,0,0,23,19,0.166,0.102,0.927,38,36,normal
39,tcp,ssh,SF,27,22,0,0,0,2,0,1,4,0,0,2,0,0,2,126,140,0.952,0.587,0.073,11,5,probe
13,udp,telnet,S0,213,410,0,0,0,1,0,1,0,0,0,1,0,0,0,19,22,0.427,0.043,0.909,30,23,normal
9,udp,ftp_data,RSTR,99,92,0,0,0,7,0,0,1,0,0,0,0,0,1,123,115,0.901,0.811,0.117,14,11,probe
0,icmp,dns,REJ,44,461,0,0,0,0,0,1,0,0,0,0,0,0,0,23,15,0.02,0.111,0.886,35,19,normal
4,icmp,ssh,RSTO,170,136,0,0,0,0,0,1,0,0,0,0,0,0,0,20,14,0.566,0.066,0.96,38,29,normal
0,icmp,ftp,SF,2078,42,0,0,0,2,0,1,0,0,0,0,0,0,0,22,10,0.15,0.016,0.931,39,23,normal
1,udp,pop3,SF,248,195,0,0,0,2,0,1,0,0,0,1,0,0,0,20,10,0.072,0.125,0.735,45,23,normal
10,udp,telnet,S0,22,57,0,0,0,6,2,0,1,0,0,0,0,0,0,115,104,0.917,0.792,0.002,13,12,dos
1,udp,ftp_data,SF,805,1,0,0,0,10,0,0,0,0,0,2,0,0,3,115,124,0.573,0.533,0.615,14,6,dos
0,tcp,telnet,RSTO,80,4,0,0,0,4,0,0,0,0,0,2,0,0,0,124,104,0.855,0.815,0.307,11,17,dos
4,tcp,telnet,S0,434,509,0,0,0,1,0,1,1,0,0,0,0,0,0,19,20,0.085,0.537,0.896,39,32,normal
2,icmp,pop3,SH,141,102,0,0,0,4,1,0,2,0,0,2,1,0,2,131,108,0.932,0.86,0.312,18,15,dos
16,icmp,pop3,S0,73,11,0,0,0,1,0,1,1,0,0,0,1,0,0,104,123,0.895,0.805,0.17,7,9,probe
0,udp,ftp,SF,288,435,0,0,0,4,0,0,3,0,0,2,0,0,0,119,118,0.755,0.756,0.134,10,8,dos
3,udp,dns,SH,10,408,0,0,0,3,1,0,4,0,0,1,0,0,1,113,102,0.826,0.808,0.176,13,8,probe
3,tcp,smtp,RSTO,498,371,0,0,0,2,0,1,0,0,0,0,0,0,0,18,14,0.094,0.055,0.881,38,22,normal
3,tcp,ftp,S0,201,87,0,0,0,0,0,1,0,0,0,0,0,0,0,17,15,0.054,0.12,0.787,30,30,normal
9,tcp,smtp,S0,191,1248,0,0,0,3,2,0,0,0,1,1,0,0,1,114,118,0.458,0.932,0.141,11,5,u2r
24,tcp,http,REJ,266,66,0,0,0,5,0,0,2,0,0,1,1,0,0,112,112,0.595,0.809,0.134,10,9,dos
6,tcp,telnet,REJ,1002,556,0,0,0,2,0,1,0,0,0,0,0,0,0,18,9,0.034,0.231,0.92,35,22,normal
14,icmp,ssh,REJ,11,132,0,0,0,3,0,1,1,0,0,1,1,0,0,95,117,0.88,0.998,0.355,8,13,dos
17,icmp,ftp,SF,72,18,0,0,0,1,1,0,3,0,0,2,0,0,1,118,108,0.993,0.815,0.261,12,7,probe
1,icmp,ssh,SF,928,2072,0,0,0,2,0,0,1,0,0,0,0,0,1,25,15,0.19,0.132,0.678,34,24,normal
6,tcp,telnet,RSTR,24,134,0,0,0,4,0,1,3,0,0,1,0,0,0,102,128,0.893,0.943,0.073,13,9,r2l
13,udp,imap,RSTO,122,69,0,0,0,7,1,0,3,0,0,1,0,0,0,110,131,0.98,0.865,0.244,9,8,dos
4,udp,ftp,REJ,254,574,0,0,0,0,0,1,0,0,0,0,0,0,0,21,12,0.209,0.466,0.848,39,28,normal
39,tcp,telnet,REJ,11,8,0,0,0,5,0,0,2,0,0,1,1,0,1,130,94,0.71,0.97,0.127,13,11,probe
2,icmp,imap,RSTR,1216,396,0,0,0,2,0,1,1,0,0,0,0,0,0,21,20,0.166,0.136,0.361,35,23,normal
0,icmp,pop3,REJ,96,3,0,0,0,5,1,0,2,0,0,1,2,0,0,111,115,0.35,0.695,0.167,9,14,probe
0,tcp,imap,RSTO,336,362,0,0,0,2,0,1,0,0,0,0,0,0,0,21,13,0.061,0.014,0.835,26,20,normal
4,tcp,ftp_data,SF,733,702,0,0,0,0,0,1,0,0,0,1,0,0,0,22,19,0.181,0.055,0.949,39,22,normal
1,tcp,ftp_data,RSTO,943,132,0,0,0,1,0,1,0,0,0,0,0,0,0,19,12,0.365,0.236,0.842,25,25,normal
10,icmp,ftp_data,SH,57,17,0,0,0,3,1,0,2,0,0,1,1,0,0,133,106,0.728,0.888,0.15,13,10,r2l
6,icmp,smtp,SH,55,1646,0,0,0,0,0,1,0,0,0,0,0,0,0,15,11,0.065,0.18,0.931,30,22,normal
8,udp,ssh,S0,599,1124,0,0,0,0,0,1,0,0,0,0,0,0,0,19,8,0.147,0.182,0.877,39,21,normal
1,udp,smtp,REJ,540,2659,0,0,0,1,0,1,0,0,0,0,1,0,0,27,18,0.116,0.07,0.731,31,23,normal
0,udp,dns,RSTR,794,314,0,0,0,0,0,1,0,0,0,0,0,0,0,19,17,0.179,0.115,0.618,43,22,normal
0,tcp,telnet,RSTR,660,348,0,0,0,0,0,0,1,0,0,1,0,0,0,17,18,0.16,0.118,0.763,34,24,normal
1,icmp,ssh,REJ,174,345,0,0,0,0,0,1,0,0,0,0,0,0,0,21,10,0.004,0.443,0.897,40,24,normal
3,tcp,dns,SH,103,61,0,0,0,12,1,1,5,0,0,0,1,0,0,112,124,0.963,0.917,0.078,13,3,probe
3,tcp,ftp_data,SF,1135,507,0,0,0,1,0,1,0,0,0,0,0,0,0,22,10,0.009,0.183,0.885,39,33,normal
7,icmp,dns,SH,10,76,0,0,1,1,0,0,1,0,0,0,0,0,0,125,125,0.675,0.966,0.183,16,8,dos
1,udp,smtp,REJ,442,243,0,0,0,1,0,1,0,0,0,0,0,0,0,21,23,0.135,0.033,0.63,36,31,normal
7,udp,smtp,RSTO,169,47,0,0,0,1,0,1,1,0,0,0,0,0,0,21,15,0.237,0.225,0.948,34,14,normal
16,tcp,telnet,SH,1402,87,0,0,0,6,1,0,1,0,0,2,0,0,0,94,95,0.794,0.88,0.066,9,8,dos
0,tcp,ftp_data,S0,126,3,0,1,0,1,0,0,1,0,0,0,2,0,0,108,100,0.984,0.929,0.168,10,11,dos
0,udp,telnet,S0,74,1682,0,0,0,0,0,1,1,0,0,1,0,0,0,19,10,0.06,0.142,0.913,33,27,normal
45,udp,ftp,REJ,41,185,0,0,0,7,0,0,2,0,0,1,0,1,2,119,115,0.618,0.858,0.433,9,11,dos
0,icmp,smtp,S0,4464,258,0,0,0,0,0,0,0,0,0,0,0,0,0,22,17,0.047,0.061,0.81,30,29,normal
2,udp,ftp,SF,1792,775,0,0,0,1,0,1,2,0,0,0,1,0,0,19,18,0.004,0.008,0.791,41,27,normal
7,udp,ftp,REJ,160,43,0,0,0,2,0,0,0,0,0,0,0,0,0,25,14,0.079,0.149,0.796,30,26,normal
0,udp,smtp,RSTR,460,1169,0,0,0,1,0,1,1,0,0,0,0,0,0,22,16,0.216,0.046,0.698,32,26,normal
6,icmp,ftp_data,SH,82,4,0,0,0,4,1,0,2,0,0,0,0,0,0,117,107,0.848,0.93,0.043,12,11,dos
0,icmp,http,RSTO,380,179,0,0,0,1,0,1,1,0,0,0,0,0,0,24,14,0.285,0.045,0.859,38,23,normal
5,icmp,ftp,REJ,1037,63,0,0,0,12,0,0,1,0,0,1,0,0,3,124,103,0.926,0.845,0.095,11,8,dos
12,udp,telnet,REJ,1698,3,0,0,0,9,1,0,3,0,0,0,1,0,0,113,109,0.978,0.9,0.315,12,9,dos
0,udp,dns,SH,50,630,0,0,0,2,0,1,0,0,0,0,1,0,0,24,11,0.338,0.543,0.708,34,33,normal
38,icmp,http,SH,81,599,0,0,0,5,2,1,5,0,0,0,1,0,1,128,95,0.924,0.635,0.131,16,9,probe
3,tcp,http,SF,1829,193,0,0,0,1,0,1,1,0,0,0,0,0,0,19,13,0.146,0.343,0.369,40,28,normal
15,udp,http,RSTR,64,7,0,0,0,4,0,0,0,0,0,3,2,0,3,134,127,0.884,0.955,0.194,10,12,dos
4,icmp,ssh,RSTR,486,520,0,0,0,0,0,0,0,0,0,1,0,0,0,18,14,0.112,0.05,0.777,39,19,normal
3,tcp,dns,RSTO,1251,684,0,0,0,1,0,1,0,0,0,1,0,0,0,23,16,0.14,0.025,0.886,24,20,normal
27,icmp,smtp,SH,68,76,0,0,0,2,0,0,1,0,0,1,2,0,1,121,94,0.749,0.736,0.182,11,10,dos
3,tcp,ftp_data,S0,7931,496,0,0,0,2,0,0,0,0,0,1,0,0,0,15,8,0.327,0.031,0.424,33,17,normal
1,icmp,ftp_data,SH,87,36,0,0,0,3,0,1,3,0,0,1,1,0,1,120,103,0.761,0.762,0.054,15,10,dos
1,udp,ftp,S0,71,3,0,0,0,7,0,0,1,0,0,0,1,0,0,126,107,0.952,0.966,0.095,14,15,dos
2,udp,ftp_data,RSTO,670,345,0,0,0,1,0,1,0,0,0,0,0,0,0,13,12,0.051,0.682,0.455,32,23,normal
4,tcp,ftp,SF,405,143,0,0,0,1,0,1,0,0,0,0,0,0,0,17,19,0.229,0.184,0.734,33,18,normal
0,udp,telnet,SF,123,79,0,0,0,1,0,1,0,0,0,0,0,0,0,25,13,0.115,0.116,0.733,44,19,normal
0,tcp,imap,SH,365,195,0,0,0,0,0,1,1,0,0,0,1,0,0,20,16,0.4,0.034,0.804,39,17,normal
0,icmp,dns,SH,1847,98,0,0,0,1,0,1,0,0,0,0,0,0,0,23,17,0.264,0.139,0.831,35,19,normal
2,tcp,ssh,SF,236,1098,0,0,0,1,0,1,0,0,0,0,0,0,0,19,22,0.061,0.071,0.754,40,23,normal
2,tcp,ssh,RSTO,1467,88,0,0,0,3,0,1,0,0,0,0,0,0,0,28,10,0.193,0.09,0.907,41,24,normal
1,udp,smtp,REJ,118,866,0,0,0,1,0,1,0,0,0,0,0,0,0,23,10,0.198,0.323,0.468,31,24,normal
7,tcp,ftp_data,RSTR,1200,1,0,0,0,3,0,0,0,0,0,0,0,0,0,123,118,0.951,0.687,0.817,6,8,r2l
0,icmp,http,S0,2064,343,0,0,0,2,0,0,0,0,0,0,0,0,0,20,17,0.257,0.133,0.898,34,23,normal
0,tcp,dns,RSTO,126,586,0,0,0,2,0,1,0,0,0,1,0,0,0,23,22,0.077,0.215,0.789,32,30,normal
1,tcp,http,REJ,915,190,0,0,0,1,0,1,0,0,0,0,0,0,0,26,16,0.078,0.104,0.716,30,30,normal
3,tcp,dns,REJ,873,2020,0,0,0,2,0,1,0,0,0,0,0,0,1,19,19,0.004,0.045,0.777,32,21,normal
19,icmp,pop3,REJ,75,163,0,0,0,5,1,0,2,0,0,2,2,0,0,136,112,0.88,0.868,0.018,10,9,dos
0,icmp,ftp_data,SH,883,3820,0,0,0,2,0,0,1,0,0,0,0,0,1,25,22,0.082,0.253,0.869,37,28,normal
2,tcp,imap,S0,5464,124,0,0,0,0,0,1,1,0,0,0,0,0,0,15,15,0.025,0.159,0.481,36,24,normal
0,udp,ftp,SF,566,104,0,0,0,2,0,1,0,0,0,0,1,0,0,21,11,0.132,0.276,0.954,35,26,normal
23,tcp,imap,SF,5,35,0,0,0,2,0,0,3,0,0,1,0,0,2,112,105,0.975,0.926,0.089,13,12,dos
0,icmp,imap,SF,125,205,0,0,0,3,0,0,0,0,0,1,1,0,0,21,12,0.048,0.17,0.726,29,35,normal
0,tcp,pop3,RSTO,94,108,0,0,0,0,0,1,0,0,0,0,0,0,0,23,15,0.221,0.282,0.924,38,23,normal
0,udp,http,RSTO,179,275,0,0,0,0,0,1,1,0,0,1,1,0,0,23,18,0.184,0.453,0.751,37,30,normal
1,icmp,ssh,S0,3711,209,0,0,0,1,0,1,0,0,0,0,0,0,0,21,15,0.052,0.371,0.8,32,31,normal
39,tcp,pop3,RSTR,80,27,0,0,0,3,1,1,2,0,0,1,0,0,0,127,130,0.738,0.719,0.044,12,10,dos
5,udp,http,RSTO,178,6,0,0,0,7,1,0,1,0,0,0,0,0,0,120,121,0.946,0.835,0.078,15,13,dos
7,icmp,pop3,SH,3,31,0,0,0,8,2,0,4,0,0,0,0,0,0,132,112,0.849,0.979,0.333,10,6,probe
0,icmp,smtp,RSTR,417,372,0,0,0,0,0,1,0,0,0,0,0,0,0,20,20,0.346,0.155,0.589,36,25,normal
15,tcp,ftp,SH,38,10,0,0,0,9,0,0,1,0,0,2,0,0,0,112,117,0.829,0.81,0.403,10,8,dos
5,udp,telnet,SF,6797,268,0,0,0,5,0,0,0,0,0,0,0,0,0,20,12,0.08,0.518,0.392,31,23,normal
2,udp,imap,RSTR,200,59,0,0,0,2,0,0,1,0,0,1,0,0,0,111,105,0.975,0.825,0.336,17,6,probe
10,udp,pop3,S0,878,114,0,0,0,0,0,1,0,0,0,1,0,0,0,13,18,0.06,0.285,0.851,40,26,normal
1,tcp,smtp,RSTR,403,193,0,0,0,1,0,1,0,0,0,0,0,0,0,18,23,0.216,0.007,0.705,39,22,normal
3,tcp,pop3,S0,564,142,0,0,0,2,0,1,1,0,0,0,0,0,0,15,12,0.02,0.036,0.524,28,24,normal
29,udp,imap,RSTO,307,7,0,0,0,1,1,0,1,0,0,2,0,0,0,131,99,0.782,0.977,0.153,7,6,dos
1,icmp,pop3,RSTR,2999,248,0,0,0,0,0,1,0,0,0,0,0,0,0,26,13,0.281,0.245,0.679,34,28,normal
1,tcp,smtp,S0,1611,512,0,0,0,1,0,1,0,0,0,0,1,0,0,22,15,0.21,0.329,0.843,26,28,normal
1,udp,http,RSTR,44,5,0,0,0,9,1,0,3,0,0,0,1,0,1,117,124,0.873,0.581,0.15,19,10,probe
3,icmp,dns,SF,184,178,0,0,0,0,0,0,0,0,0,0,0,0,0,19,16,0.325,0.183,0.862,26,22,normal
9,udp,imap,SF,857,69,0,0,0,11,2,0,0,0,0,2,0,0,3,131,118,0.938,0.519,0.26,15,9,dos
42,tcp,imap,SF,21,17,0,0,0,5,0,0,4,0,0,0,0,0,0,110,110,0.708,0.989,0.52,14,14,dos
0,tcp,ftp_data,SF,613,476,0,0,0,3,0,1,0,0,0,1,1,0,0,33,14,0.109,0.094,0.654,38,15,normal
2,icmp,ftp_data,SH,2761,627,0,0,0,1,0,1,1,0,0,0,0,0,0,21,18,0.105,0.035,0.964,31,35,normal
4,udp,ftp,RSTO,408,278,0,0,0,0,0,1,0,0,0,0,0,0,0,17,16,0.133,0.442,0.598,31,20,normal
27,icmp,pop3,S0,111,0,0,0,0,7,1,0,2,0,0,0,0,0,1,118,122,0.912,0.853,0.02,11,9,probe
8,icmp,ftp,SH,886,210,0,0,0,4,0,1,0,0,0,0,0,0,0,13,16,0.285,0.015,0.905,41,18,normal
27,icmp,ftp_data,SH,321,36,0,0,0,5,0,0,1,0,0,1,0,0,0,135,105,0.998,0.94,0.003,10,8,dos
15,udp,dns,S0,94,16,0,0,0,7,0,0,3,0,0,1,0,0,0,132,116,0.493,0.937,0.014,13,11,dos
4,tcp,imap,RSTR,26,83,0,0,0,3,0,1,4,0,0,2,0,0,1,124,105,0.828,0.965,0.166,12,12,dos
3,udp,ftp,SF,1655,79,0,0,0,1,0,1,0,0,0,1,0,0,0,25,17,0.404,0.006,0.348,43,23,normal
23,tcp,http,S0,15,6,0,0,0,5,2,1,1,0,0,1,0,0,0,94,107,0.946,0.768,0.177,10,5,dos
13,tcp,http,SF,216,3,0,0,0,5,0,1,2,0,0,0,1,0,0,137,108,0.958,0.951,0.162,17,6,dos
1,tcp,ssh,REJ,66,403,0,0,0,1,0,1,0,0,0,0,0,0,0,21,13,0.15,0.194,0.288,35,19,normal
1,tcp,ssh,REJ,1156,186,0,0,0,6,0,0,3,0,0,1,0,0,2,136,96,0.771,0.834,0.179,9,12,r2l
3,icmp,imap,REJ,1312,43,0,0,0,2,1,0,2,0,0,2,0,0,1,113,118,0.877,0.829,0.074,12,9,probe
20,udp,pop3,S0,64,10,0,0,0,3,0,0,1,0,0,1,0,0,1,116,123,0.87,0.873,0.061,10,1,probe
16,udp,telnet,RSTR,69,10,0,0,0,7,1,0,5,0,0,0,0,0,1,142,100,0.74,0.999,0.175,13,6,dos
0,udp,ftp_data,SH,128,22,0,0,0,2,0,1,0,0,0,1,0,0,0,19,16,0.206,0.186,0.143,32,22,normal
1,udp,telnet,REJ,102,6,0,0,0,3,1,0,2,0,0,0,0,0,2,103,107,0.707,0.963,0.036,16,8,dos
3,tcp,ftp_data,S0,570,1223,0,0,0,2,0,1,0,0,0,0,0,0,1,16,17,0.206,0.121,0.799,24,19,normal
2,tcp,dns,RSTO,1549,311,0,0,0,2,0,1,0,0,0,1,1,0,0,25,10,0.036,0.065,0.999,36,25,normal
0,udp,imap,RSTO,187,2448,0,0,0,1,0,1,0,0,0,0,0,0,0,23,11,0.114,0.127,0.893,32,29,normal
4,udp,ftp,REJ,349,12,0,0,0,2,3,0,2,0,0,0,3,0,1,127,103,0.865,0.921,0.104,9,8,probe
0,tcp,ftp_data,RSTO,1296,82,0,0,0,1,0,0,0,0,0,0,0,0,0,27,11,0.023,0.413,0.95,37,24,normal
2,udp,http,RSTO,605,324,0,0,0,0,0,0,0,0,0,1,0,0,0,14,18,0.248,0.133,0.905,39,19,normal
5,udp,http,REJ,464,13,0,0,0,3,1,0,5,0,0,0,0,0,1,134,105,0.954,0.923,0.103,19,9,probe
15,tcp,telnet,RSTR,108,0,0,0,0,7,0,0,1,0,0,1,1,0,0,111,85,0.836,0.789,0.032,7,11,dos
3,tcp,telnet,S0,124,161,0,0,0,2,0,1,1,0,0,0,0,0,0,18,8,0.113,0.049,0.804,33,32,normal
11,udp,dns,RSTR,5173,227,0,0,0,1,0,0,0,0,0,0,0,0,0,24,20,0.107,0.044,0.52,42,19,normal
33,icmp,pop3,REJ,111,11,0,0,0,4,0,0,3,0,0,2,1,0,2,129,79,0.867,0.985,0.059,13,12,dos
10,udp,pop3,SH,947,1,0,0,0,7,0,0,3,0,0,0,2,0,0,107,120,0.982,0.883,0.043,6,14,r2l
2,tcp,ftp,REJ,1038,44,0,0,0,5,0,1,2,0,0,1,0,0,0,109,117,0.467,0.987,0.459,10,10,dos
2,udp,telnet,RSTR,11,10,0,0,0,4,1,1,1,0,0,1,0,0,0,128,92,0.948,0.81,0.007,9,7,dos
15,udp,ssh,SH,15,24,0,0,0,3,1,0,0,0,0,0,0,0,0,127,125,0.69,0.915,0.386,12,15,dos
20,udp,http,S0,55,24,0,0,0,3,0,1,2,0,0,2,1,0,2,113,114,0.743,0.86,0.439,7,7,probe
1,udp,ssh,REJ,2463,371,0,0,0,2,0,1,1,0,0,1,0,0,0,18,22,0.151,0.188,0.75,42,26,normal
0,udp,pop3,RSTR,1140,161,0,0,0,1,0,1,0,0,0,1,0,0,0,29,11,0.03,0.22,0.944,33,30,normal
1,tcp,ftp_data,SH,96,517,0,0,0,1,0,1,1,0,0,0,0,0,1,24,19,0.023,0.012,0.792,47,32,normal
4,icmp,smtp,RSTO,57,8,0,0,0,2,0,0,3,0,0,0,3,0,2,119,110,0.72,0.875,0.055,15,9,probe
1,icmp,ftp_data,REJ,478,609,0,0,0,0,0,1,0,0,0,0,0,0,0,12,15,0.005,0.158,0.589,28,24,normal
6,tcp,pop3,REJ,184,849,0,0,0,1,0,1,1,0,0,0,0,0,1,27,13,0.123,0.031,0.894,35,34,normal
0,tcp,ssh,SH,425,190,0,0,0,1,0,1,0,0,0,0,0,0,0,26,12,0.098,0.151,0.899,39,32,normal
5,icmp,smtp,RSTR,48,7,0,0,0,7,0,1,4,0,0,0,0,1,0,116,105,0.762,0.353,0.324,20,14,dos
0,udp,http,RSTR,3112,375,0,0,0,1,0,1,1,0,0,0,0,0,0,16,15,0.028,0.125,0.689,41,24,normal
0,udp,imap,S0,155,469,0,0,0,2,0,1,1,0,0,0,1,0,0,16,18,0.008,0.016,0.611,27,29,normal
25,icmp,smtp,SF,315,4,0,0,0,2,1,0,3,0,0,2,2,0,0,121,112,0.847,0.974,0.394,14,6,r2l
20,tcp,dns,S0,169,26,0,0,0,7,2,0,1,0,0,2,1,0,1,108,124,0.731,0.929,0.061,17,10,probe
29,tcp,ftp_data,S0,10,6,0,0,0,6,0,0,5,0,0,0,1,0,1,111,104,0.913,0.968,0.095,12,4,dos
3,icmp,http,RSTO,1276,65,0,0,0,0,0,1,0,0,0,0,0,0,0,16,16,0.338,0.088,0.762,29,28,normal
6,tcp,ftp_data,RSTO,227,126,0,0,0,0,0,1,1,0,0,0,0,0,0,24,17,0.174,0.222,0.686,29,24,normal
65,icmp,http,SH,106,57,1,0,0,4,1,0,2,0,0,2,1,0,1,127,109,0.79,0.989,0.032,18,10,dos
29,tcp,ftp_data,RSTR,17,28,0,0,0,1,2,0,1,0,0,0,2,0,0,124,117,0.942,0.787,0.075,13,8,probe
8,udp,smtp,SF,589,227,0,0,0,2,0,0,0,0,0,0,0,0,0,16,21,0.399,0.022,0.701,41,27,normal
2,icmp,http,S0,174,188,0,0,0,2,0,1,0,0,0,0,1,0,0,20,15,0.06,0.09,0.952,38,18,normal
2,udp,ftp,RSTO,802,522,0,0,0,0,0,1,0,0,0,0,0,0,1,19,18,0.216,0.118,0.551,35,23,normal
0,udp,ftp_data,S0,8,11,0,0,0,2,0,0,1,0,0,0,1,0,0,120,107,0.948,0.724,0.653,14,8,r2l
7,tcp,dns,S0,14,38,0,0,0,7,2,1,2,0,0,0,0,0,0,123,102,0.942,0.92,0.286,9,12,dos
0,icmp,ftp,RSTO,225,193,0,0,0,1,0,1,0,0,0,0,0,0,0,13,12,0.175,0.102,0.573,38,22,normal
2,tcp,ftp_data,SF,666,268,0,0,0,0,0,1,0,0,0,0,0,0,0,23,12,0.146,0.048,0.779,39,15,normal
2,udp,http,RSTR,433,239,0,0,0,3,0,1,0,0,0,1,0,0,1,14,21,0.344,0.126,0.783,27,25,normal
0,icmp,dns,REJ,2395,173,0,0,0,0,0,0,0,0,0,0,0,0,0,20,9,0.218,0.093,0.79,38,11,normal
2,icmp,http,RSTR,106,58,0,0,0,3,1,0,3,0,0,2,0,0,0,111,114,0.656,0.854,0.121,9,10,u2r
0,icmp,ftp,SH,67,898,0,0,0,1,0,1,1,0,0,0,0,0,0,19,14,0.101,0.354,0.697,42,16,normal
11,udp,ftp,REJ,15,22,0,0,0,6,1,0,4,0,0,1,1,0,1,109,116,0.971,0.908,0.058,16,17,dos
4,tcp,ftp_data,SF,104,48,0,0,0,4,0,0,2,0,0,1,2,0,0,103,88,0.889,0.768,0.236,16,3,r2l
0,icmp,ssh,SH,426,1495,0,0,0,2,0,1,0,0,0,1,0,0,0,14,18,0.123,0.035,0.895,31,27,normal
1,udp,telnet,SF,1006,712,0,0,0,0,0,0,0,0,0,0,0,0,0,15,16,0.276,0.125,0.703,35,22,normal
0,tcp,telnet,RSTO,325,178,0,0,0,1,0,1,0,0,0,0,0,0,0,23,20,0.104,0.226,0.901,33,26,normal
48,tcp,http,SH,22,810,1,0,0,9,2,0,2,0,0,0,1,0,0,107,110,0.797,0.682,0.076,13,11,dos
49,icmp,imap,S0,426,12,0,0,0,4,1,0,1,0,0,0,0,0,0,111,97,0.948,0.951,0.221,19,8,probe
0,udp,imap,RSTO,4394,342,0,0,0,2,0,1,0,0,0,0,0,0,0,14,16,0.221,0.366,0.868,30,24,normal
2,icmp,http,RSTR,4375,41,0,0,0,1,0,0,0,0,0,0,0,0,0,19,15,0.008,0.084,0.778,23,31,normal
8,tcp,smtp,S0,464,176,0,0,0,8,0,0,5,0,0,0,0,0,0,143,120,0.818,0.452,0.248,14,17,probe
0,icmp,pop3,RSTR,917,312,0,0,0,2,0,1,0,0,0,1,0,0,0,21,14,0.121,0.119,0.835,32,25,normal
2,icmp,ftp_data,SH,106,213,0,0,0,1,0,1,0,0,0,0,1,0,0,24,15,0.245,0.397,0.896,38,20,normal
4,tcp,http,RSTO,4004,725,0,0,0,1,0,1,0,0,0,0,0,0,1,24,17,0.261,0.308,0.862,24,19,normal
0,udp,ftp_data,SF,1006,308,0,0,0,3,0,1,0,0,0,0,0,0,0,17,14,0.234,0.099,0.932,40,23,normal
0,tcp,imap,RSTR,591,149,0,0,0,2,0,1,0,0,0,0,0,0,0,18,20,0.025,0.125,0.585,30,20,normal
0,udp,telnet,REJ,424,311,0,0,0,1,0,1,0,0,0,0,0,0,0,14,12,0.251,0.206,0.455,48,22,normal
27,udp,ftp,RSTR,542,40,0,0,0,4,0,0,3,0,0,1,1,0,0,119,114,0.778,0.819,0.054,9,7,r2l
1,tcp,ssh,SH,261,78,0,0,0,1,0,1,0,0,0,0,0,0,0,16,14,0.189,0.052,0.868,39,29,normal
7,icmp,smtp,REJ,33,627,0,0,0,6,0,1,0,0,0,1,1,0,1,108,116,0.609,0.808,0.27,17,8,dos
3,udp,telnet,S0,24,6,0,0,0,3,1,0,8,0,0,0,0,0,0,102,102,0.804,0.986,0.138,10,13,dos
15,icmp,pop3,SH,388,72,0,0,1,7,1,0,0,0,0,2,1,0,0,121,112,0.947,0.815,0.268,10,11,u2r
0,icmp,http,SH,261,292,0,0,0,1,0,1,0,0,0,0,0,0,0,31,13,0.052,0.04,0.711,26,19,normal
1,icmp,ftp_data,SF,913,57,0,0,0,3,0,1,1,0,0,1,0,0,0,25,17,0.369,0.303,0.595,28,21,normal
83,tcp,smtp,SF,215,109,0,0,0,7,0,1,3,0,0,2,1,0,1,137,93,0.675,0.669,0.264,8,9,probe
0,tcp,http,SF,3196,1823,0,0,0,0,0,0,0,0,0,0,0,0,0,19,17,0.107,0.327,0.936,30,23,normal
3,tcp,http,S0,1165,160,0,0,0,2,0,0,0,0,0,0,0,0,0,20,14,0.036,0.092,0.877,40,23,normal
1,udp,http,REJ,386,82,0,0,0,1,0,1,1,0,0,0,1,0,0,16,15,0.036,0.07,0.943,37,27,normal
1,icmp,ssh,RSTR,2302,200,0,0,0,3,0,1,0,0,0,1,1,0,0,14,12,0.112,0.043,0.606,39,22,normal
10,icmp,telnet,SH,1846,53,0,0,0,3,0,0,4,0,0,2,1,0,0,105,117,0.86,0.905,0.529,8,13,r2l
11,udp,telnet,SF,316,1235,0,0,0,0,0,1,0,0,0,0,0,0,0,25,14,0.007,0.066,0.799,26,26,normal
11,udp,dns,SH,19,39,0,0,0,5,0,0,5,0,0,0,1,0,0,128,110,0.843,0.945,0.155,9,7,dos
12,tcp,dns,RSTR,212,1,0,0,0,8,1,1,1,0,0,3,3,0,1,102,124,0.561,0.731,0.134,12,16,dos
3,udp,imap,SF,145,86,0,0,0,1,0,1,0,0,0,0,0,0,0,31,18,0.474,0.11,0.798,24,23,normal
0,tcp,telnet,RSTR,121,152,0,0,0,2,0,1,0,0,0,0,0,0,0,16,21,0.082,0.055,0.553,35,20,normal
13,tcp,ftp,S0,193,11,0,0,0,6,1,0,2,0,0,1,1,0,3,120,102,0.946,0.806,0.087,10,5,dos
0,tcp,ssh,RSTO,1265,31,0,0,0,4,1,1,3,0,0,0,1,0,0,125,137,0.801,0.987,0.095,15,12,probe
5,udp,http,RSTO,241,373,0,0,0,6,1,0,2,0,0,0,1,0,1,139,104,0.899,0.637,0.399,11,7,probe
31,tcp,ftp_data,REJ,27,17,0,0,0,8,0,0,0,0,0,1,2,0,0,136,111,0.96,0.552,0.097,10,11,probe
0,tcp,ssh,RSTR,85,521,0,0,0,1,0,1,1,0,0,0,0,0,0,25,18,0.08,0.091,0.731,43,18,normal
3,udp,http,SF,148,7,0,0,0,7,1,0,1,0,0,1,1,0,0,138,104,0.992,0.702,0.074,10,9,dos
23,udp,http,REJ,621,10,0,0,0,4,2,0,2,0,0,0,1,0,0,113,102,0.874,0.993,0.013,15,10,dos
7,udp,ftp,REJ,12,37,0,0,0,5,1,0,1,0,0,2,2,0,2,114,102,0.959,0.963,0.079,12,13,dos
0,icmp,dns,REJ,20,604,0,0,0,1,0,1,0,0,0,0,0,0,0,18,15,0.447,0.208,0.659,33,24,normal
0,icmp,pop3,S0,301,58,0,0,0,0,0,1,0,0,0,0,0,0,1,21,18,0.073,0.165,0.968,39,27,normal
0,udp,http,SH,364,73,0,0,0,0,0,0,0,0,0,0,0,0,0,14,14,0.066,0.305,0.765,29,33,normal
3,icmp,ssh,S0,329,4319,0,0,0,1,0,0,0,0,0,0,0,0,0,17,11,0.274,0.204,0.344,39,27,normal
1,udp,ftp_data,RSTR,650,1475,0,0,0,2,0,1,0,0,0,0,0,0,0,19,21,0.239,0.192,0.968,33,15,normal
0,icmp,smtp,RSTR,674,482,0,0,0,0,0,1,1,0,0,0,0,0,0,21,10,0.222,0.059,0.595,40,28,normal
5,tcp,smtp,RSTO,780,119,0,0,0,1,0,1,0,0,0,0,0,0,0,14,14,0.148,0.344,0.897,45,21,normal
0,udp,telnet,RSTO,1892,654,0,0,0,1,0,1,2,0,0,0,0,0,0,18,23,0.202,0.204,0.828,47,19,normal
23,icmp,dns,S0,39,8,0,0,0,2,0,0,4,0,0,1,2,0,0,137,112,0.743,0.919,0.305,10,10,dos
30,icmp,http,REJ,43,1,0,0,0,5,1,0,4,0,0,0,2,0,0,100,101,0.943,0.868,0.41,11,15,probe
1,tcp,telnet,RSTO,736,329,0,0,0,0,0,1,0,0,0,1,0,0,0,27,15,0.254,0.114,0.579,36,32,normal
5,tcp,ssh,RSTO,39,74,0,0,0,2,0,1,0,0,0,0,0,0,0,19,16,0.277,0.27,0.88,34,28,normal
19,udp,dns,RSTR,71,28,0,0,0,4,2,0,3,1,0,0,0,0,0,133,119,0.837,0.793,0.382,16,13,probe
4,tcp,dns,REJ,276,110,0,0,0,3,0,1,1,0,0,1,0,0,0,15,21,0.052,0.215,0.854,33,25,normal
1,icmp,http,RSTO,265,170,0,0,0,0,0,0,0,0,0,0,0,0,0,19,17,0.278,0.266,0.848,41,18,normal
30,icmp,pop3,RSTO,70,19,0,0,0,1,1,0,2,0,0,0,0,0,0,116,114,0.759,0.791,0.128,9,12,dos
2,tcp,ssh,SF,352,217,0,0,0,1,0,1,0,0,0,1,0,0,0,19,21,0.186,0.163,0.879,36,24,normal
0,udp,ftp,REJ,139,116,0,0,0,1,0,1,1,0,0,0,0,0,0,17,14,0.093,0.051,0.859,35,22,normal
0,icmp,dns,SH,921,180,0,0,0,0,0,1,0,0,0,1,0,0,0,17,14,0.154,0.078,0.681,29,26,normal
13,udp,telnet,RSTO,2264,2,0,0,0,7,2,1,2,0,0,3,1,0,0,117,93,0.838,0.74,0.036,10,13,dos
3,udp,pop3,REJ,652,215,0,0,0,1,0,1,0,0,0,0,0,0,0,18,14,0.534,0.053,0.757,29,25,normal
16,icmp,smtp,SF,1,2,0,0,0,0,0,0,4,0,0,1,1,0,1,123,121,0.863,0.824,0.17,11,8,dos
10,icmp,ssh,REJ,207,1,0,0,0,4,0,0,4,0,0,0,0,0,1,131,109,0.907,0.832,0.208,9,13,dos
2,icmp,dns,RSTR,1109,388,0,0,0,0,0,1,0,0,0,0,0,0,0,14,15,0.111,0.111,0.782,46,27,normal
9,tcp,imap,RSTO,25,21,0,0,0,5,1,0,4,0,0,0,1,0,0,123,115,0.885,0.86,0.188,13,5,probe
6,udp,imap,RSTO,722,136,0,0,0,9,0,0,1,0,0,1,1,0,0,123,107,0.989,0.703,0.157,14,9,dos
0,icmp,imap,REJ,397,156,0,0,0,2,0,0,1,0,0,0,0,0,0,17,19,0.065,0.047,0.863,37,24,normal
1,tcp,smtp,SF,282,146,0,0,0,0,0,1,0,0,0,0,0,0,0,22,14,0.028,0.141,0.958,45,26,normal
4,udp,ftp_data,S0,484,445,0,0,0,3,0,1,0,0,0,0,0,0,0,28,17,0.213,0.173,0.947,41,15,normal
6,udp,imap,S0,12,1,0,0,0,6,2,0,2,0,0,1,1,0,1,125,104,0.837,0.968,0.137,16,11,dos
0,tcp,imap,SF,437,475,0,0,0,1,0,1,0,0,0,0,0,0,1,22,14,0.092,0.325,0.895,54,27,normal
0,icmp,telnet,SH,101,132,0,0,0,0,0,0,0,0,0,0,0,0,0,29,14,0.0,0.054,0.669,33,32,normal
0,tcp,telnet,REJ,17,113,0,0,0,1,0,1,0,0,0,0,0,0,0,22,5,0.072,0.303,0.986,37,30,normal
2,icmp,telnet,REJ,2324,363,0,0,0,2,0,1,0,0,0,0,0,0,0,23,17,0.151,0.032,0.96,32,26,normal
1,icmp,ftp,REJ,42,17,0,0,0,6,2,0,0,0,0,0,3,0,0,116,132,0.93,0.83,0.347,14,10,probe
8,tcp,ftp_data,SH,2359,5,0,0,0,3,1,0,1,0,0,0,0,0,0,111,122,0.908,0.836,0.062,6,15,probe
11,tcp,dns,REJ,41,1,0,0,0,4,1,0,0,0,0,1,0,0,0,114,111,0.648,0.864,0.28,7,9,r2l
2,tcp,ftp_data,SH,1599,178,0,0,0,1,0,1,0,0,0,0,0,0,0,13,16,0.134,0.142,0.864,32,17,normal
1,udp,telnet,REJ,892,365,0,0,0,1,0,0,0,0,0,0,0,0,0,21,14,0.208,0.39,0.643,24,34,normal
6,udp,ftp_data,REJ,1045,89,0,0,0,0,0,1,1,0,0,1,0,0,0,26,8,0.012,0.025,0.293,35,22,normal
5,udp,ssh,RSTR,965,82,0,0,0,1,0,1,0,0,0,0,0,0,0,22,21,0.255,0.1,0.661,33,27,normal
32,tcp,pop3,S0,90,2,0,0,0,2,0,0,2,0,0,1,0,0,1,112,115,0.863,0.996,0.121,11,13,dos
1,icmp,telnet,S0,56,2,0,0,0,2,2,0,2,0,0,1,0,0,0,109,117,0.915,0.713,0.351,9,6,probe
2,tcp,http,SF,77,395,0,0,0,2,0,1,0,0,0,0,0,0,0,18,10,0.165,0.219,0.476,36,31,normal
17,udp,dns,RSTR,478,40,0,0,0,4,0,0,2,0,0,2,2,0,0,118,110,0.656,0.938,0.134,12,11,dos
1,udp,imap,S0,87,145,0,0,0,3,0,0,2,0,0,2,1,0,3,125,114,0.984,0.618,0.322,16,3,probe
2,icmp,smtp,REJ,2785,534,0,0,0,0,0,1,0,0,0,0,0,0,0,24,14,0.155,0.407,0.746,35,29,normal
9,udp,telnet,RSTO,19,76,0,1,0,5,0,0,1,0,0,0,0,0,0,127,95,0.964,0.84,0.062,14,11,r2l
0,icmp,smtp,REJ,445,423,0,0,0,0,0,1,1,0,0,0,0,0,0,17,14,0.301,0.053,0.535,46,25,normal
1,icmp,dns,REJ,600,210,0,0,0,1,0,0,1,0,0,0,0,0,0,19,14,0.092,0.023,0.633,37,29,normal
4,icmp,dns,RSTO,1058,826,0,0,0,1,0,1,0,0,0,0,1,0,0,22,15,0.116,0.328,0.64,29,27,normal
10,icmp,imap,RSTR,1369,133,0,0,0,1,0,0,0,0,0,0,0,0,0,21,21,0.303,0.222,0.945,34,24,normal
3,tcp,ftp,RSTO,21,290,0,0,0,2,2,0,2,0,0,0,0,0,1,126,115,0.687,0.645,0.144,7,13,dos
27,udp,telnet,S0,18,190,0,0,0,5,1,0,0,0,0,0,0,0,0,132,123,0.786,0.924,0.18,5,3,probe
3,icmp,telnet,RSTO,208,417,0,0,0,0,0,0,1,0,0,1,0,0,0,25,11,0.163,0.019,0.743,40,29,normal
6,tcp,smtp,SF,358,369,0,0,0,1,0,1,0,0,0,0,0,0,0,19,14,0.099,0.118,0.812,32,21,normal
44,tcp,ftp_data,S0,16,4,0,0,0,2,0,0,2,0,0,1,1,0,0,116,107,0.887,0.633,0.14,9,10,dos
9,udp,imap,SH,61,34,0,0,0,6,0,0,1,0,0,0,0,0,1,105,110,0.986,0.862,0.057,8,13,r2l
31,tcp,ftp_data,RSTR,15,692,0,0,0,4,0,0,1,0,0,1,2,0,1,115,102,0.899,0.356,0.034,12,12,probe
28,tcp,imap,SH,116,1,0,0,0,3,0,0,1,0,0,2,2,0,0,122,92,0.842,0.901,0.18,17,7,dos
0,icmp,dns,S0,2461,366,0,0,0,0,0,1,1,0,0,0,0,0,0,17,13,0.49,0.149,0.669,36,31,normal
3,icmp,http,S0,1527,80,0,0,0,1,0,1,0,0,0,1,0,0,1,24,17,0.048,0.018,0.931,50,28,normal
0,icmp,ftp_data,RSTO,501,53,0,0,0,0,0,1,1,0,0,1,0,0,0,19,17,0.034,0.188,0.76,45,27,normal
4,icmp,imap,RSTR,598,178,0,0,0,0,0,1,0,0,0,0,1,0,0,26,18,0.001,0.055,0.658,22,32,normal
23,udp,ftp_data,RSTO,104,68,0,0,0,8,0,0,0,0,0,1,0,0,0,132,106,0.817,0.906,0.351,9,13,r2l
9,tcp,ftp,RSTO,444,469,0,0,0,2,0,1,0,0,0,0,0,0,0,17,18,0.186,0.122,0.985,33,25,normal
1,icmp,telnet,SH,25,428,0,0,0,10,1,0,1,0,0,0,1,0,0,118,111,0.855,0.795,0.078,12,6,dos
0,icmp,ftp,REJ,158,476,0,0,0,0,0,1,0,0,0,0,0,0,0,15,9,0.131,0.085,0.869,43,23,normal
3,udp,http,SH,637,2,0,0,0,3,2,0,2,0,0,2,2,0,1,115,102,0.447,0.991,0.011,11,8,dos
15,tcp,ssh,S0,28,53,0,0,0,4,1,0,0,0,0,0,2,0,0,124,118,0.8,0.77,0.224,5,13,r2l
28,udp,http,SH,7,4,0,0,0,3,1,0,4,0,0,0,2,0,0,119,103,0.824,0.949,0.202,11,9,dos
0,udp,ftp,REJ,860,221,0,0,0,0,0,1,0,0,0,0,0,0,0,23,14,0.003,0.304,0.832,39,33,normal
1,tcp,dns,SH,1169,607,0,0,0,1,0,1,0,0,0,0,0,0,1,13,18,0.071,0.046,0.873,24,29,normal
4,tcp,ssh,RSTO,484,542,0,0,0,0,0,1,0,0,0,0,1,0,0,18,12,0.077,0.225,0.904,43,21,normal
0,udp,smtp,S0,74,277,0,0,0,2,0,1,0,0,0,0,0,0,0,33,22,0.121,0.271,0.588,27,30,normal
3,icmp,imap,REJ,4,11,0,0,0,3,0,0,3,0,0,0,2,0,1,104,110,0.733,0.97,0.4,5,8,dos
0,udp,ssh,REJ,310,48,0,0,0,8,0,0,5,0,0,0,0,0,1,134,117,0.959,0.642,0.083,11,9,probe
2,udp,imap,REJ,811,243,0,0,0,0,0,1,0,0,0,0,0,0,0,20,15,0.248,0.075,0.839,45,16,normal
0,udp,telnet,S0,55,359,0,0,0,0,0,1,0,0,0,0,0,0,0,17,15,0.407,0.235,0.771,36,21,normal
0,udp,pop3,RSTR,769,61,0,0,0,0,0,1,1,0,0,0,0,0,1,26,13,0.134,0.336,0.785,42,21,normal
3,udp,telnet,RSTR,62,203,0,0,0,10,0,0,0,0,0,0,0,0,0,134,114,0.46,0.531,0.038,7,5,probe
35,udp,smtp,RSTR,654,371,0,0,0,9,0,0,1,0,0,0,2,0,0,129,111,0.837,0.871,0.243,12,10,u2r
0,tcp,ftp,SH,128,2762,0,0,0,1,0,1,0,0,0,1,0,0,0,22,13,0.111,0.092,0.57,34,28,normal
1,icmp,http,SH,713,195,0,0,0,0,0,1,2,0,0,1,0,0,0,22,19,0.015,0.189,0.706,40,20,normal
21,udp,smtp,S0,38,2,0,0,0,1,3,0,1,0,0,1,1,0,0,115,112,0.833,0.997,0.47,10,13,dos
8,icmp,ssh,RSTO,18,19,0,0,0,4,1,0,2,0,0,2,1,0,1,120,111,0.803,0.534,0.412,14,8,probe
1,tcp,smtp,S0,1140,316,0,0,0,0,0,0,0,0,0,0,0,0,0,19,14,0.156,0.158,0.563,29,26,normal
0,tcp,telnet,S0,896,209,0,0,0,1,0,1,0,0,0,1,1,0,0,30,18,0.15,0.189,0.908,38,23,normal
0,udp,imap,REJ,804,11,0,0,0,8,1,1,3,0,0,1,1,0,1,122,120,0.825,0.946,0.022,13,12,probe
1,tcp,smtp,SF,150,0,1,0,0,6,1,0,3,0,0,2,0,0,0,127,103,0.909,0.815,0.209,17,9,dos
4,udp,ftp_data,SH,113,149,0,0,0,1,0,1,0,0,0,0,0,0,0,20,10,0.135,0.091,0.965,34,21,normal
9,icmp,ftp,S0,237,0,0,0,0,6,0,0,0,0,0,2,1,0,1,125,116,0.686,0.775,0.016,10,2,dos
7,udp,ftp,REJ,382,153,0,0,0,0,0,1,0,0,0,0,0,0,0,21,18,0.013,0.088,0.678,34,26,normal
1,icmp,imap,SF,1105,52,0,0,0,3,0,1,1,0,0,0,0,0,0,19,18,0.155,0.174,0.814,35,24,normal
6,udp,dns,RSTO,44,415,0,0,0,0,0,1,0,0,0,0,0,0,0,21,13,0.226,0.068,0.83,33,22,normal
0,icmp,telnet,RSTR,61,2,0,0,0,6,1,0,3,0,0,1,0,0,1,115,94,0.768,0.953,0.174,16,14,dos
25,udp,dns,RSTO,89,0,0,1,0,6,0,0,3,0,0,0,2,0,1,145,110,0.864,0.89,0.295,13,8,probe
6,udp,ftp,REJ,40,85,0,0,1,5,0,0,2,0,0,0,0,0,1,116,126,0.729,0.809,0.159,13,13,probe
10,udp,imap,RSTO,497,386,0,0,1,7,0,0,1,0,0,2,0,0,1,110,102,0.769,0.856,0.456,14,9,dos
0,icmp,ftp_data,S0,69,264,0,0,0,0,0,0,0,0,0,1,0,0,0,20,10,0.039,0.084,0.81,30,20,normal
31,icmp,pop3,S0,68,25,0,0,0,6,0,0,0,0,0,3,0,0,0,80,120,0.939,0.942,0.158,10,9,dos
0,udp,dns,S0,100,47,0,0,0,1,0,0,0,0,0,0,1,0,1,20,17,0.143,0.102,0.208,31,25,normal
1,udp,http,SF,346,112,0,0,0,0,0,0,0,0,0,0,0,0,0,31,16,0.197,0.443,0.789,32,34,normal
2,tcp,pop3,S0,151,1798,0,0,0,1,0,1,0,0,0,0,1,0,0,16,17,0.16,0.19,0.855,42,31,normal
20,tcp,ssh,SH,1789,2,0,0,0,7,1,0,4,0,0,1,2,0,0,118,103,0.785,0.604,0.393,13,10,dos
43,icmp,smtp,RSTR,47,1,0,0,0,3,2,0,2,0,0,1,0,0,1,125,115,0.985,0.963,0.156,15,8,r2l
11,icmp,http,S0,45,147,0,0,0,8,1,0,1,0,0,1,1,0,2,114,114,0.808,0.789,0.274,10,10,probe
2,icmp,smtp,S0,2,18,0,0,0,5,0,0,0,0,0,0,0,0,0,112,123,0.706,0.847,0.026,9,6,dos
18,udp,pop3,REJ,60,25,0,0,0,8,1,0,0,0,0,2,1,0,0,129,116,0.865,0.99,0.402,10,13,dos
0,tcp,dns,REJ,397,107,0,0,0,3,0,1,0,0,0,0,0,0,0,11,16,0.085,0.007,0.89,34,30,normal
13,icmp,imap,SF,10918,515,0,0,0,2,0,1,0,0,0,0,0,0,0,19,12,0.246,0.163,0.662,47,29,normal
3,tcp,pop3,SF,107,184,0,0,0,1,0,1,0,0,0,0,0,0,0,22,16,0.133,0.059,0.781,34,27,normal
4,udp,ftp,REJ,64,11,0,0,0,1,1,0,0,0,0,3,0,0,0,116,115,0.608,0.593,0.19,17,9,dos
0,icmp,dns,REJ,1686,386,0,0,0,1,0,1,0,0,0,1,1,0,0,16,13,0.147,0.076,0.805,33,20,normal
1,udp,smtp,RSTO,129,514,0,0,0,0,0,1,0,0,0,0,0,0,0,28,15,0.03,0.149,0.968,31,32,normal
0,icmp,ftp,S0,570,232,0,0,0,1,0,1,0,0,0,0,0,0,0,17,15,0.297,0.087,0.892,27,28,normal
1,udp,ssh,REJ,863,707,0,0,0,1,0,1,2,0,0,0,0,0,1,23,14,0.036,0.114,0.826,37,30,normal
1,tcp,ftp_data,RSTO,586,518,0,0,0,1,0,1,1,0,0,0,0,0,0,18,19,0.042,0.236,0.916,33,22,normal
0,udp,http,RSTR,2727,78,0,0,0,1,0,1,0,0,0,0,0,0,0,22,15,0.259,0.266,0.853,33,21,normal
0,udp,ssh,REJ,300,960,0,0,0,0,0,1,0,0,0,0,0,0,0,22,13,0.333,0.195,0.776,41,24,normal
3,icmp,smtp,REJ,66,19,0,0,0,4,0,0,1,0,0,0,1,0,1,131,105,0.711,0.668,0.27,16,9,probe
0,udp,ftp_data,SH,610,410,0,0,0,0,0,1,0,0,0,0,0,0,1,15,11,0.252,0.341,0.945,40,33,normal
1,icmp,imap,RSTR,1634,750,0,0,0,1,0,0,0,0,0,0,0,0,1,18,13,0.149,0.202,0.695,27,23,normal
0,tcp,imap,REJ,350,133,0,0,0,1,0,1,1,0,0,0,0,0,0,17,14,0.245,0.028,0.779,22,27,normal
0,icmp,dns,SF,2099,75,0,0,0,1,0,1,1,0,0,0,0,0,0,20,15,0.376,0.32,0.981,35,20,normal
2,udp,dns,RSTO,369,298,0,0,0,0,0,1,1,0,0,0,0,0,0,17,16,0.045,0.016,0.855,36,22,normal
1,icmp,imap,SH,1103,257,0,0,0,0,0,0,0,0,0,0,1,0,1,22,23,0.136,0.058,0.94,32,26,normal
2,tcp,ftp_data,REJ,163,700,0,0,0,0,0,1,0,0,0,0,0,0,0,19,21,0.197,0.241,0.785,33,26,normal
3,tcp,ssh,SH,919,161,0,0,0,0,0,1,0,0,0,1,0,0,0,19,15,0.358,0.048,0.93,31,27,normal
4,icmp,dns,RSTR,318,12,0,0,0,9,2,0,7,0,0,0,1,0,0,106,119,0.865,0.796,0.2,12,5,r2l
1,udp,ftp,S0,275,1331,0,0,0,0,0,1,1,0,0,0,0,0,1,22,9,0.142,0.019,0.642,37,25,normal
7,tcp,smtp,REJ,191,163,0,0,0,0,0,0,0,0,0,0,0,0,0,17,18,0.021,0.242,0.638,34,19,normal
3,tcp,ssh,RSTR,287,653,0,0,0,0,0,1,0,0,0,0,0,0,0,22,8,0.107,0.209,0.826,31,28,normal
2,udp,dns,SH,979,729,0,0,0,0,0,1,1,0,0,0,1,0,0,22,18,0.051,0.256,0.689,43,27,normal
2,icmp,telnet,SH,1501,125,0,0,0,0,0,1,0,0,0,0,1,0,0,15,13,0.233,0.035,0.895,33,24,normal
20,udp,ftp,SH,40,1,0,0,0,3,1,0,3,0,0,0,1,0,0,105,115,0.758,0.712,0.183,11,8,dos
21,icmp,smtp,SH,14,55,0,0,0,3,0,0,2,0,0,1,1,0,0,132,101,0.888,0.541,0.221,14,7,r2l
1,icmp,http,SH,207,138,0,0,0,1,0,0,0,0,0,0,1,0,0,16,13,0.285,0.087,0.935,47,19,normal
0,tcp,pop3,REJ,500,629,0,0,0,1,0,1,0,0,0,0,0,0,0,12,22,0.112,0.005,0.739,24,28,normal
0,icmp,smtp,SF,278,245,0,0,0,1,0,0,0,0,0,0,0,0,1,20,23,0.056,0.232,0.967,28,27,normal
6,udp,telnet,REJ,525,151,0,0,0,2,0,1,0,0,0,0,0,0,0,18,16,0.068,0.081,0.978,41,25,normal
20,udp,dns,SH,20,328,0,0,0,8,0,0,1,0,0,0,0,0,1,131,103,0.78,0.925,0.478,17,13,probe
2,udp,telnet,S0,24,124,0,0,0,8,1,0,1,0,0,1,1,0,0,147,97,0.506,0.918,0.112,21,12,dos
0,icmp,http,SH,400,78,0,0,0,0,0,1,0,0,0,0,0,0,1,14,14,0.449,0.184,0.716,46,30,normal
26,udp,dns,REJ,9,588,0,0,0,4,1,0,3,0,0,1,1,0,0,103,110,0.792,0.695,0.475,10,7,dos
3,udp,imap,SF,2478,344,0,0,0,3,0,1,0,0,0,0,0,0,0,14,15,0.017,0.152,0.926,27,26,normal
1,icmp,pop3,RSTO,3281,271,0,0,0,0,0,1,0,0,0,0,0,0,1,24,17,0.02,0.132,0.778,42,20,normal
0,udp,ftp_data,RSTO,523,330,0,0,0,0,0,1,0,0,0,0,1,0,0,13,12,0.044,0.149,0.751,40,25,normal
0,icmp,pop3,RSTO,72,140,0,0,0,1,0,1,0,0,0,0,0,0,0,16,14,0.116,0.043,0.843,34,30,normal
63,tcp,imap,RSTR,204,10,0,0,0,2,2,0,1,0,0,0,0,0,1,120,117,0.883,0.652,0.416,13,9,dos
41,udp,pop3,RSTO,1,2,0,0,0,4,0,0,2,0,0,1,1,0,1,130,114,0.933,0.749,0.314,15,9,r2l
1,udp,ftp_data,RSTO,134,677,0,0,0,0,0,1,0,0,0,0,0,0,0,24,20,0.089,0.155,0.983,39,26,normal
4,icmp,ssh,SH,265,192,0,0,0,0,0,1,0,0,0,0,0,0,0,15,9,0.199,0.157,0.779,37,31,normal
1,tcp,ssh,RSTR,24,57,0,0,0,4,0,0,4,0,0,2,0,0,0,123,122,0.731,0.783,0.184,10,8,dos
10,tcp,ftp_data,SF,76,24,0,0,0,11,3,0,2,0,0,2,0,0,0,121,117,0.796,0.548,0.252,12,10,dos
9,udp,smtp,SF,1163,580,0,0,0,1,0,1,2,0,0,0,0,0,1,18,13,0.352,0.165,0.915,41,22,normal
9,tcp,smtp,RSTO,1617,140,0,0,0,1,0,1,0,0,0,0,0,0,0,22,14,0.391,0.239,0.416,45,25,normal
1,icmp,dns,RSTR,709,117,0,0,0,1,0,1,0,0,0,0,0,0,0,20,19,0.38,0.086,0.978,40,18,normal
3,icmp,telnet,RSTR,61,6,0,0,0,6,2,0,4,0,0,1,2,0,0,122,106,0.78,0.937,0.184,13,14,dos
0,tcp,pop3,RSTO,3806,331,0,0,0,1,0,0,1,0,0,0,0,0,0,20,11,0.114,0.063,0.506,41,37,normal
2,udp,http,REJ,118,27,0,0,0,1,0,1,0,0,0,0,0,0,0,18,16,0.044,0.01,0.741,30,21,normal
13,tcp,ftp_data,RSTR,152,2,0,0,0,5,1,0,3,0,0,1,0,0,0,128,106,0.919,0.976,0.326,13,9,dos
2,udp,http,RSTR,212,426,0,0,0,1,0,1,0,0,0,0,0,0,0,22,14,0.211,0.054,0.728,35,30,normal
15,tcp,smtp,SF,76,8,0,0,0,4,4,0,3,0,0,0,2,0,0,110,112,0.791,0.901,0.26,10,14,dos
17,udp,http,SF,243,106,0,1,0,9,0,0,2,0,0,3,2,0,2,106,112,0.932,0.948,0.02,16,12,dos
16,tcp,smtp,RSTO,147,174,0,0,0,1,0,1,0,0,0,1,0,0,0,21,14,0.04,0.201,0.792,38,19,normal
13,icmp,http,S0,93,25,0,0,0,8,1,1,2,0,0,1,0,0,1,120,136,0.817,0.889,0.011,15,13,dos
1,icmp,imap,REJ,52,23,0,0,0,10,0,0,1,0,0,2,1,0,1,119,122,0.887,0.692,0.121,16,15,dos
1,tcp,dns,SH,365,456,0,0,0,0,0,0,0,0,0,0,1,0,0,16,13,0.149,0.113,0.975,41,31,normal
2,tcp,ftp,RSTO,28,156,0,0,0,6,0,0,3,0,0,0,2,0,0,133,116,0.712,0.907,0.315,9,13,dos
3,icmp,pop3,RSTO,217,173,0,0,0,1,0,1,0,0,0,1,0,0,0,12,8,0.224,0.098,0.668,32,20,normal
14,tcp,telnet,RSTO,194,4,0,0,0,8,1,0,1,0,0,1,2,0,1,104,114,0.651,0.706,0.167,14,8,r2l
2,tcp,dns,RSTO,104,12,0,0,0,9,2,0,2,0,0,1,0,0,0,114,119,0.84,0.855,0.124,14,6,r2l
21,tcp,pop3,S0,66,27,0,0,0,3,1,0,2,0,0,0,0,0,1,129,104,0.97,0.701,0.011,8,15,dos
0,tcp,smtp,S0,1615,252,0,0,0,1,0,1,0,0,0,0,1,0,1,29,16,0.067,0.081,0.688,42,32,normal
27,icmp,ftp_data,SH,591,7,0,0,0,3,0,0,1,0,0,0,0,0,1,116,129,0.846,0.864,0.445,11,13,r2l
13,tcp,smtp,REJ,59,332,0,0,0,1,1,1,2,0,0,0,0,0,0,112,106,0.967,0.442,0.138,13,14,dos
16,icmp,ftp,RSTO,697,83,0,0,0,7,0,0,0,0,0,1,0,0,0,121,112,0.824,0.733,0.255,18,7,probe
4,tcp,ftp,REJ,415,7,0,0,0,6,1,0,1,0,0,2,0,0,0,97,116,0.807,0.926,0.299,1,12,r2l
9,tcp,http,RSTO,1359,5,0,0,0,4,1,1,4,0,0,2,1,0,0,102,128,0.989,0.991,0.072,9,7,r2l
0,udp,http,S0,2306,222,0,0,0,1,0,1,0,0,0,0,0,0,0,13,9,0.097,0.137,0.854,41,32,normal
6,icmp,ftp,REJ,424,469,0,0,0,1,0,1,0,0,0,0,0,0,0,19,12,0.115,0.037,0.836,30,35,normal
8,tcp,imap,RSTR,19,29,0,0,0,3,1,0,1,0,0,1,1,0,2,120,123,0.786,0.88,0.484,11,8,u2r
34,tcp,dns,REJ,5,13,0,0,1,6,1,0,0,0,0,2,1,0,0,124,112,0.78,0.791,0.056,14,10,dos
1,tcp,dns,REJ,269,1238,0,0,0,0,0,1,0,0,0,0,0,0,0,24,12,0.28,0.225,0.933,32,27,normal
0,udp,imap,RSTR,711,903,0,0,0,1,0,1,0,0,0,0,0,0,0,26,11,0.015,0.292,0.802,31,30,normal
57,icmp,telnet,RSTR,43,111,0,0,0,9,1,0,4,0,0,0,1,0,1,125,115,0.848,0.84,0.059,7,9,dos
1,icmp,smtp,SF,291,362,0,0,0,7,1,0,1,0,0,1,1,0,1,133,121,0.851,0.933,0.394,12,6,probe
35,tcp,ftp,REJ,2242,12,0,0,0,5,1,0,2,0,0,0,1,0,1,119,97,0.858,0.812,0.265,10,17,r2l
0,tcp,smtp,RSTR,1062,74,0,0,0,1,0,1,0,0,0,0,0,0,0,22,22,0.317,0.142,0.963,30,25,normal
1,icmp,dns,RSTO,1583,953,0,0,0,2,0,1,1,0,0,1,0,0,0,22,16,0.137,0.011,0.876,30,21,normal
18,udp,telnet,SF,592,115,0,0,0,2,2,0,1,0,0,1,0,0,0,122,111,0.384,0.889,0.194,8,18,dos
60,tcp,http,RSTO,261,2,0,0,0,6,0,0,2,0,0,0,0,0,0,116,115,0.92,0.953,0.194,8,12,dos
5,tcp,ftp,RSTR,956,775,0,0,0,1,0,1,0,0,0,0,0,0,0,30,11,0.343,0.096,0.918,33,33,normal
33,tcp,http,RSTR,169,18,0,0,0,2,1,0,4,0,0,0,1,0,0,104,120,0.794,0.67,0.131,17,7,probe
1,tcp,ftp,RSTR,1193,260,0,0,0,0,0,0,0,0,0,0,0,0,0,25,24,0.362,0.087,0.944,28,24,normal
1,icmp,http,RSTR,914,555,0,0,0,1,0,0,0,0,0,0,0,0,0,23,15,0.002,0.036,0.735,31,36,normal
8,udp,ftp_data,S0,170,464,0,0,0,1,0,1,0,0,0,0,0,0,0,18,16,0.245,0.143,0.795,37,36,normal
5,icmp,telnet,S0,59,126,0,0,0,3,0,0,2,0,0,1,2,0,1,111,92,0.839,0.98,0.155,12,15,dos
0,icmp,dns,RSTO,384,43,0,0,0,2,0,1,0,0,0,0,0,0,0,24,13,0.015,0.072,0.782,43,26,normal
0,udp,http,RSTO,105,234,0,0,0,4,0,0,0,0,0,0,0,0,0,18,16,0.066,0.023,0.902,37,26,normal
1,udp,telnet,RSTO,93,8,0,0,0,6,0,0,1,0,0,0,0,0,0,116,111,0.895,0.928,0.162,9,13,dos
0,icmp,imap,RSTR,157,211,0,0,0,0,0,1,0,0,0,0,0,0,0,24,20,0.074,0.077,0.672,36,19,normal
2,tcp,ssh,RSTR,326,289,0,0,0,2,0,1,0,0,0,1,0,0,0,19,22,0.298,0.033,0.797,35,29,normal
2,udp,ssh,RSTR,1514,926,0,0,0,2,0,0,0,0,0,0,0,0,0,22,14,0.357,0.188,0.5,25,21,normal
5,icmp,dns,SH,3931,166,0,0,0,0,0,0,1,0,0,0,1,0,1,27,22,0.181,0.372,0.32,33,33,normal
1,udp,smtp,RSTO,85,9,0,0,0,4,1,0,5,0,0,0,0,0,0,99,115,0.973,0.942,0.042,13,8,probe
0,tcp,telnet,SF,307,282,0,0,0,3,0,1,1,0,0,0,0,0,0,24,16,0.084,0.161,0.955,36,19,normal
1,icmp,ftp_data,SH,1978,75,0,0,0,2,0,1,0,0,0,0,0,0,0,20,13,0.337,0.085,0.707,35,23,normal
5,tcp,dns,RSTR,1800,148,0,0,0,3,0,1,0,0,0,0,0,0,0,21,15,0.085,0.309,0.605,33,19,normal
18,tcp,ftp_data,SF,50,7,0,0,0,9,0,0,2,0,0,0,0,0,3,109,115,0.914,0.871,0.327,16,5,probe
6,icmp,pop3,SH,649,561,0,0,0,2,0,0,0,0,0,0,0,0,0,17,11,0.247,0.464,0.572,28,28,normal
5,icmp,http,SH,851,86,0,0,0,0,0,1,0,0,0,0,0,0,0,16,12,0.067,0.056,0.9,39,24,normal
2,udp,ssh,RSTO,330,59,0,0,0,1,0,0,1,0,0,0,0,0,0,22,16,0.022,0.085,0.94,33,33,normal
10,tcp,smtp,S0,706,9,0,0,0,4,0,0,3,0,0,1,0,0,0,124,97,0.965,0.933,0.277,9,10,dos
1,udp,ftp,RSTR,735,632,0,0,0,1,0,1,1,0,0,0,0,0,0,18,12,0.492,0.267,0.693,28,17,normal
0,udp,pop3,RSTO,895,764,0,0,0,1,0,0,0,0,0,0,0,0,0,21,14,0.226,0.186,0.259,31,23,normal
0,icmp,dns,RSTO,766,875,0,0,0,4,0,1,0,0,0,0,0,0,0,22,20,0.01,0.104,0.833,38,23,normal
3,tcp,http,S0,35,40,0,0,0,2,0,0,0,0,0,1,0,0,0,16,14,0.185,0.223,0.684,35,27,normal
7,icmp,pop3,S0,1106,335,0,0,0,0,0,1,0,0,0,0,0,0,0,16,13,0.458,0.083,0.754,28,25,normal
1,tcp,dns,RSTR,111,43,0,0,0,0,0,1,0,0,0,0,0,0,0,23,20,0.063,0.205,0.718,32,26,normal
1,udp,telnet,SF,1895,155,0,0,0,1,0,1,0,0,0,0,0,0,0,24,16,0.064,0.099,0.701,38,29,normal
45,icmp,ssh,SF,20,2,0,0,0,3,0,0,2,0,0,1,1,0,0,128,112,0.963,0.88,0.092,12,11,dos
0,icmp,dns,SH,643,29,0,0,0,3,2,0,3,0,0,2,4,0,0,113,110,0.973,0.825,0.006,16,10,dos
1,udp,telnet,SF,344,3,0,0,0,5,1,0,3,0,0,3,0,0,0,108,118,0.726,0.845,0.018,6,14,r2l
2,udp,dns,RSTR,688,833,0,0,0,0,0,1,0,0,0,0,0,0,0,26,16,0.086,0.244,0.749,35,21,normal
0,udp,ftp_data,S0,163,455,0,0,0,0,0,0,0,0,0,1,0,0,0,21,13,0.1,0.071,0.83,36,30,normal
0,tcp,dns,S0,97,251,0,0,0,1,0,1,0,0,0,0,0,0,0,20,18,0.18,0.009,0.701,53,30,normal
3,icmp,smtp,SF,1279,181,0,0,0,1,0,1,1,0,0,0,0,0,0,23,11,0.084,0.048,0.911,30,27,normal
0,icmp,http,RSTO,2560,148,0,0,0,0,0,0,1,0,0,0,0,0,0,16,16,0.022,0.048,0.893,45,20,normal
0,tcp,ssh,RSTR,233,158,0,0,0,1,0,1,0,0,0,0,0,0,0,15,17,0.519,0.209,0.911,21,32,normal
0,tcp,ssh,RSTR,528,67,0,0,0,1,0,1,0,0,0,0,0,0,0,20,9,0.158,0.055,0.966,42,34,normal
1,icmp,imap,SH,389,565,0,0,0,3,0,1,0,0,0,1,1,0,0,28,13,0.313,0.417,0.81,31,22,normal
0,icmp,http,SF,470,128,0,0,0,2,0,1,1,0,0,0,0,0,0,18,18,0.202,0.087,0.842,37,25,normal
6,tcp,ftp_data,REJ,771,1042,0,0,0,3,0,1,0,0,0,1,0,0,0,20,15,0.16,0.035,0.898,31,21,normal
7,udp,ftp_data,SH,801,178,0,0,0,2,0,1,0,0,0,0,0,0,0,24,14,0.199,0.139,0.909,33,23,normal
9,icmp,ssh,RSTR,7,9,0,0,0,7,1,0,1,1,0,0,0,0,0,111,126,0.941,0.489,0.257,13,13,r2l
0,tcp,pop3,REJ,806,169,0,0,0,0,0,1,0,0,0,0,0,0,0,18,16,0.125,0.237,0.917,24,31,normal
4,udp,imap,RSTO,4729,142,0,0,0,0,0,1,1,0,0,0,0,0,0,22,14,0.315,0.126,0.536,42,20,normal
1,icmp,ftp_data,RSTR,1172,670,0,0,0,0,0,1,0,0,0,0,0,0,0,23,12,0.018,0.225,0.755,36,30,normal
38,icmp,ssh,S0,1660,5,0,0,0,2,1,0,2,0,0,2,0,0,1,117,102,0.888,0.997,0.197,14,13,dos
0,udp,telnet,SF,93,420,0,0,0,1,0,1,0,0,0,0,0,0,1,17,22,0.057,0.156,0.508,39,27,normal
4,tcp,pop3,SF,1223,438,0,0,0,1,0,0,1,0,0,0,0,0,0,25,12,0.166,0.112,0.707,37,25,normal
8,tcp,pop3,RSTR,303,24,0,0,0,3,1,0,2,0,0,0,0,0,1,107,123,0.833,0.854,0.351,11,8,dos
1,icmp,ssh,REJ,182,692,0,0,0,0,0,0,0,0,0,0,0,0,0,20,16,0.424,0.189,0.985,30,22,normal
29,tcp,pop3,RSTO,399,31,0,0,0,4,1,1,0,0,0,1,0,0,0,118,109,0.867,0.833,0.402,15,5,probe
2,udp,ftp_data,SH,717,2094,0,0,0,2,0,1,0,0,0,1,0,0,0,24,20,0.227,0.347,0.826,28,23,normal
6,tcp,ssh,S0,235,94,0,0,0,0,0,1,0,0,0,0,0,0,0,22,19,0.24,0.19,0.384,52,19,normal
12,icmp,pop3,RSTO,77,1003,0,0,0,1,0,1,0,0,0,1,0,0,0,21,19,0.006,0.058,0.683,28,20,normal
27,udp,imap,RSTR,676,9,0,0,0,9,0,0,2,0,0,4,0,0,0,121,108,0.897,0.963,0.061,5,8,probe
1,icmp,dns,S0,176,356,0,0,0,2,0,1,0,0,0,0,0,0,0,24,12,0.058,0.121,0.467,37,26,normal
0,udp,smtp,S0,592,617,0,0,0,1,0,1,1,0,0,0,0,0,0,23,14,0.039,0.197,0.744,32,26,normal
1,icmp,telnet,REJ,1049,517,0,0,0,1,0,1,0,0,0,0,0,0,1,13,14,0.269,0.009,0.831,28,28,normal
5,tcp,ssh,SH,20,309,0,0,0,2,0,0,1,0,0,1,1,0,0,129,117,0.683,0.782,0.006,7,10,dos
1,tcp,ftp,RSTR,1504,578,0,0,0,0,0,1,0,0,0,0,0,0,0,21,8,0.312,0.012,0.979,45,18,normal
30,udp,smtp,RSTO,1541,7,0,0,0,6,0,1,2,0,0,0,0,0,0,111,101,0.966,0.861,0.02,16,10,probe
36,udp,telnet,SF,1198,59,0,0,0,8,2,0,0,0,0,2,1,0,1,93,95,0.932,0.698,0.083,10,10,dos
0,udp,dns,RSTO,2527,8,0,0,0,4,1,0,1,0,0,1,1,0,0,99,120,0.936,0.908,0.512,14,5,probe
5,icmp,ftp,RSTR,44,13,0,0,0,5,0,0,2,0,0,2,0,0,0,134,114,0.795,0.948,0.047,12,8,dos
3,icmp,smtp,SF,98,286,0,0,0,1,0,1,0,0,0,0,0,0,0,23,20,0.048,0.039,0.892,39,25,normal
2,tcp,ftp_data,SH,806,104,0,0,0,1,0,1,1,0,0,0,0,0,0,15,11,0.087,0.273,0.84,26,27,normal
2,udp,http,RSTR,2167,313,0,0,0,1,0,1,0,0,0,0,0,0,0,23,19,0.03,0.406,0.839,39,28,normal
13,icmp,dns,SF,1003,9,0,0,0,5,0,0,2,0,0,2,1,0,0,127,125,0.906,0.711,0.014,8,8,dos
0,tcp,ssh,SF,236,271,0,0,0,1,0,1,1,0,0,0,0,0,0,17,25,0.237,0.205,0.571,40,26,normal
2,udp,ftp,SH,75,224,0,0,0,0,0,0,0,0,0,1,0,0,0,21,18,0.068,0.346,0.784,37,15,normal
4,tcp,http,RSTO,608,2,0,0,0,6,0,0,0,0,0,2,0,0,0,104,99,0.803,0.634,0.376,11,8,probe
11,udp,telnet,RSTO,29,79,0,0,0,7,0,0,4,0,0,0,1,0,0,115,124,0.887,0.917,0.009,12,19,probe
0,tcp,smtp,RSTO,24,209,0,0,0,1,0,1,0,0,0,0,0,0,0,20,11,0.369,0.185,0.897,29,25,normal
4,udp,telnet,SH,1310,1082,0,0,0,0,0,1,0,0,0,0,0,0,0,18,13,0.251,0.368,0.613,37,29,normal
22,udp,telnet,RSTO,132,0,0,0,0,5,1,1,3,0,0,1,0,0,1,130,127,0.828,0.996,0.33,8,8,dos
1,tcp,dns,REJ,833,875,0,0,0,0,0,1,1,0,0,0,0,0,0,17,13,0.359,0.053,0.831,42,28,normal
26,tcp,imap,RSTO,17,7,0,0,0,10,1,0,3,0,0,1,2,0,1,131,89,0.877,0.859,0.175,10,14,dos
0,udp,imap,SH,535,605,0,0,0,1,0,0,0,0,0,0,0,0,0,14,15,0.356,0.203,0.943,39,23,normal
11,icmp,ssh,RSTO,92,98,0,0,0,4,2,0,4,0,0,0,3,0,1,120,108,0.595,0.778,0.334,16,9,dos
35,icmp,ftp_data,REJ,30,0,0,0,0,3,0,1,0,0,0,0,1,0,0,135,103,0.7,0.753,0.172,10,6,u2r
6,udp,ssh,SH,40,3,0,0,0,8,0,0,4,0,0,0,1,0,0,133,131,0.664,0.88,0.009,12,10,probe
12,tcp,smtp,RSTR,328,1001,1,0,0,7,1,0,1,0,0,0,1,0,0,106,110,0.408,0.938,0.107,16,8,dos
1,icmp,ftp_data,REJ,924,166,0,0,0,3,0,1,0,0,0,0,0,0,0,19,17,0.221,0.012,0.938,30,29,normal
1,udp,dns,RSTO,181,210,0,0,0,4,1,0,2,0,0,0,0,0,1,118,108,0.744,0.868,0.103,6,12,probe
0,icmp,dns,S0,65,205,0,0,0,1,0,0,0,0,0,0,0,0,0,26,15,0.011,0.26,0.585,48,32,normal
0,tcp,imap,S0,1522,55,0,0,0,2,0,0,0,0,0,0,0,0,0,18,15,0.076,0.13,0.786,34,26,normal
5,icmp,ssh,SH,1824,110,0,0,0,0,0,1,0,0,0,0,0,0,0,20,14,0.327,0.134,0.396,29,19,normal
1,tcp,ftp,S0,885,1666,0,0,0,2,0,1,0,0,0,0,0,0,0,23,11,0.047,0.168,0.829,36,25,normal
2,udp,ftp,RSTO,156,193,0,0,0,0,0,0,0,0,0,1,0,0,0,16,12,0.133,0.178,0.73,27,24,normal
24,tcp,imap,SH,177,124,0,0,0,5,1,1,4,0,0,0,1,0,0,110,118,0.857,0.886,0.07,14,13,r2l
1,udp,ssh,RSTO,168,321,0,0,0,1,0,1,0,0,0,2,0,0,0,23,13,0.037,0.121,0.744,42,30,normal
0,icmp,imap,SH,2833,97,0,0,0,1,0,0,0,0,0,0,0,0,0,22,6,0.172,0.098,0.838,45,29,normal
11,udp,pop3,S0,1348,47,0,0,0,0,0,1,0,0,0,0,0,0,0,13,18,0.016,0.103,0.777,39,31,normal
1,icmp,http,RSTR,159,115,0,0,0,5,0,0,2,0,0,0,0,0,2,125,108,0.582,0.794,0.655,10,11,dos
4,tcp,dns,SH,5,32,0,0,0,9,0,0,2,0,0,2,0,0,1,119,111,0.921,0.973,0.237,18,10,dos
13,tcp,ftp,RSTO,1327,12,0,0,0,4,0,0,2,0,0,0,0,0,1,127,114,0.91,0.968,0.135,8,12,dos
1,icmp,ftp,REJ,429,817,0,0,0,0,0,1,0,0,0,1,0,0,1,25,16,0.148,0.23,0.983,33,27,normal
0,udp,ftp,SH,2310,324,0,0,0,1,0,1,0,0,0,0,0,0,1,22,15,0.05,0.285,0.982,28,28,normal
0,udp,ftp_data,RSTR,337,96,0,0,0,1,0,1,0,0,0,0,0,0,0,20,12,0.309,0.106,0.563,37,26,normal
9,tcp,http,RSTR,292,182,0,0,0,3,0,1,0,0,0,0,0,0,0,16,16,0.033,0.005,0.645,36,23,normal
12,icmp,ftp,SH,55,38,0,0,0,6,2,0,1,0,0,0,0,0,0,115,110,0.641,0.855,0.068,11,6,r2l
1,tcp,dns,SH,4657,911,0,0,0,1,0,1,0,0,0,0,0,0,0,12,17,0.137,0.185,0.772,36,18,normal
4,icmp,http,REJ,638,270,0,0,0,2,0,1,0,0,0,0,0,0,0,20,11,0.095,0.01,0.507,36,23,normal
1,tcp,imap,RSTO,214,15,0,0,0,8,0,0,1,0,0,1,1,1,1,129,128,0.929,0.977,0.113,9,12,dos
24,icmp,ftp,SF,645,2,0,0,0,5,2,0,1,0,0,2,0,0,0,116,105,0.845,0.753,0.032,8,9,dos
2,icmp,smtp,RSTR,528,338,0,0,0,0,0,1,0,0,0,1,1,0,0,23,12,0.456,0.075,0.846,47,30,normal
5,icmp,smtp,RSTO,122,1128,0,0,0,1,0,0,0,0,0,0,0,0,0,19,16,0.021,0.06,0.78,40,22,normal
11,icmp,telnet,SF,380,207,0,0,0,0,0,0,0,0,0,0,0,0,0,23,12,0.05,0.021,0.938,44,29,normal
4,tcp,pop3,SH,375,95,0,0,0,7,0,0,3,0,0,0,2,0,1,110,128,0.998,0.94,0.148,21,8,dos
0,udp,pop3,SH,588,307,0,0,0,0,0,1,1,0,0,0,1,0,0,16,10,0.011,0.103,0.965,38,33,normal
3,icmp,ftp_data,SF,82,35,0,0,0,2,0,0,1,0,0,0,0,0,0,127,87,0.915,0.615,0.248,13,10,dos
32,icmp,dns,SH,170,11,0,0,0,7,1,0,1,0,0,0,1,0,0,114,104,0.709,0.898,0.347,11,10,dos
3,tcp,pop3,SH,315,319,0,0,0,2,0,0,0,0,0,0,1,0,0,16,19,0.149,0.572,0.861,33,35,normal
3,udp,pop3,SF,632,40,0,0,0,2,0,1,0,0,0,0,0,0,0,21,18,0.078,0.024,0.69,27,31,normal
2,tcp,pop3,S0,940,297,0,0,0,1,0,1,0,0,0,0,0,0,0,20,8,0.097,0.22,0.946,33,17,normal
0,icmp,smtp,RSTR,282,389,0,0,0,3,0,0,1,0,0,0,0,0,0,22,17,0.434,0.111,0.937,24,27,normal
16,udp,ftp,SF,165,28,0,0,0,11,2,0,1,0,0,1,0,0,0,121,101,0.922,0.901,0.012,12,10,dos
0,icmp,http,SF,452,285,0,0,0,0,0,1,0,0,0,0,0,0,0,26,14,0.098,0.419,0.813,31,24,normal
11,tcp,telnet,S0,99,1,0,0,0,9,0,0,1,0,0,0,1,0,0,82,110,0.951,0.793,0.076,17,7,probe
2,udp,ftp_data,SH,937,611,0,0,0,2,0,1,0,0,0,0,0,0,0,20,13,0.258,0.098,0.975,45,29,normal
0,icmp,smtp,RSTR,1287,225,0,0,0,0,0,0,0,0,0,0,1,0,1,24,20,0.122,0.044,0.561,29,26,normal
0,tcp,smtp,RSTO,416,75,0,0,0,0,0,1,0,0,0,0,0,0,0,19,21,0.156,0.003,0.736,38,16,normal
0,udp,ftp_data,S0,455,607,0,0,0,1,0,1,0,0,0,0,0,0,0,20,16,0.199,0.057,0.854,28,20,normal
12,icmp,smtp,S0,93,3,0,0,0,7,0,0,2,0,0,0,2,0,0,115,111,0.922,0.925,0.088,12,11,probe
2,icmp,http,SF,175,129,0,0,0,2,0,1,0,0,0,1,0,0,0,16,20,0.236,0.469,0.527,40,28,normal
17,udp,smtp,S0,85,346,0,0,0,1,0,1,0,0,0,0,0,0,0,23,14,0.08,0.293,0.857,27,28,normal
2,udp,ssh,S0,91,714,0,0,0,1,0,1,0,0,0,2,0,0,1,19,21,0.081,0.044,0.816,30,28,normal
4,udp,ssh,SH,299,99,0,0,0,1,0,1,0,0,0,0,0,0,0,18,16,0.294,0.147,0.902,43,25,normal
0,icmp,telnet,SH,319,419,0,0,0,1,0,1,0,0,0,0,0,0,0,20,16,0.056,0.043,0.624,45,16,normal
4,udp,telnet,REJ,734,154,0,0,0,3,0,1,0,0,0,0,0,0,0,21,20,0.036,0.008,0.793,30,32,normal
18,icmp,dns,REJ,810,2,0,0,0,5,0,0,4,0,0,1,0,0,0,134,110,0.958,0.753,0.049,18,7,dos
5,udp,dns,RSTO,297,6,0,0,0,3,2,0,1,0,0,0,1,0,0,116,101,0.854,0.908,0.209,13,6,probe
3,tcp,ftp_data,SH,754,365,0,0,0,1,0,1,0,0,0,0,0,0,0,19,16,0.18,0.095,0.893,31,33,normal
0,icmp,pop3,RSTO,106,247,0,0,0,1,0,0,0,0,0,0,0,0,0,14,18,0.149,0.348,0.817,29,22,normal
0,udp,ssh,SF,590,306,0,0,0,1,0,1,0,0,0,0,1,0,0,17,19,0.106,0.086,0.553,42,17,normal
0,icmp,smtp,RSTR,32,3,0,0,1,5,0,0,1,0,0,2,1,0,1,95,129,0.948,0.957,0.103,9,14,r2l
3,tcp,smtp,RSTR,1048,622,0,0,0,5,0,1,0,0,0,1,0,0,0,30,11,0.149,0.27,0.848,36,17,normal
37,udp,ftp,S0,480,223,0,0,0,10,0,0,1,0,0,1,2,0,0,139,125,0.926,0.85,0.122,16,7,dos
26,tcp,ssh,REJ,98,9,0,0,1,7,0,0,1,0,0,2,1,0,1,120,127,0.919,0.546,0.09,13,13,r2l
4,udp,pop3,SF,1086,79,0,0,0,4,0,0,5,0,0,3,2,0,0,113,104,0.918,0.722,0.103,16,8,dos
0,udp,pop3,RSTO,1893,262,0,0,0,0,0,0,0,0,0,0,0,0,0,15,20,0.281,0.008,0.496,27,24,normal
2,icmp,smtp,SH,750,43,0,0,0,2,0,0,0,0,0,0,0,0,0,19,17,0.091,0.092,0.893,40,18,normal
2,tcp,http,RSTR,130,124,0,0,0,3,2,0,1,0,0,0,2,0,0,119,124,0.712,0.985,0.041,14,10,probe
2,udp,ftp,RSTR,556,108,0,0,0,0,0,1,0,0,0,0,2,0,0,23,17,0.168,0.074,0.697,43,22,normal
1,udp,imap,REJ,5432,628,0,0,0,1,0,0,0,0,0,0,0,0,0,19,17,0.009,0.181,0.804,31,17,normal
1,icmp,pop3,REJ,36,27,0,0,1,4,0,0,1,0,0,1,0,0,0,108,117,0.969,0.875,0.249,12,14,probe
1,icmp,pop3,SF,47,24,0,0,0,11,0,1,1,0,0,0,0,0,1,128,107,0.822,0.994,0.029,15,11,r2l
1,icmp,smtp,REJ,319,200,0,0,0,1,0,1,0,0,0,0,0,0,0,16,14,0.005,0.192,0.817,28,33,normal
6,udp,ftp,SF,558,594,0,0,0,1,0,1,1,0,0,1,1,0,0,16,17,0.1,0.099,0.719,32,26,normal
17,udp,imap,SF,276,28,0,0,0,7,0,0,0,0,0,1,2,0,0,124,102,0.82,0.885,0.287,14,7,dos
18,udp,ftp_data,RSTO,28,6,0,0,0,4,0,0,4,0,0,1,2,0,0,120,113,0.588,0.964,0.118,11,7,probe
2,icmp,ssh,SH,1193,311,0,0,0,1,0,1,0,0,0,0,0,0,0,18,12,0.208,0.423,0.784,41,25,normal
29,icmp,pop3,REJ,436,6,0,0,0,5,0,1,5,0,0,0,2,0,1,107,121,0.923,0.994,0.02,11,10,dos
3,udp,imap,RSTO,1987,108,0,0,0,2,0,1,0,0,0,0,0,0,0,23,20,0.332,0.005,0.881,43,22,normal
0,udp,pop3,RSTO,102,163,0,0,0,0,0,1,0,0,0,0,0,0,0,25,13,0.433,0.006,0.798,26,20,normal
4,udp,telnet,SH,284,15,0,0,0,4,3,0,3,0,0,0,1,0,0,107,106,0.809,0.682,0.169,6,9,dos
8,tcp,imap,S0,54,19,0,0,0,8,0,0,0,0,0,0,0,0,1,125,98,0.916,0.664,0.037,13,6,probe
7,icmp,imap,SH,123,216,0,0,0,0,0,0,0,0,0,0,0,0,0,17,17,0.002,0.014,0.619,43,29,normal
8,udp,smtp,RSTO,256,1,0,0,0,0,0,0,2,0,0,0,1,0,0,127,113,0.651,0.92,0.075,15,9,dos
19,icmp,smtp,RSTR,371,15,0,0,0,3,0,0,5,0,0,1,0,0,1,111,96,0.752,0.861,0.312,11,6,r2l
3,icmp,smtp,REJ,129,4,0,0,0,6,0,1,1,0,0,2,0,0,0,111,97,0.955,0.945,0.011,6,7,r2l
112,icmp,pop3,RSTO,315,6,0,0,1,7,0,1,0,0,0,1,0,0,1,138,100,0.956,0.896,0.187,8,11,dos
4,icmp,ftp_data,REJ,600,664,0,0,0,0,0,1,0,0,0,1,0,0,0,19,20,0.277,0.018,0.981,36,27,normal
6,udp,ftp_data,REJ,1499,747,0,0,0,1,0,1,0,0,0,0,0,0,0,19,14,0.366,0.341,0.869,36,23,normal
7,tcp,ftp,REJ,143,144,0,0,0,2,0,1,0,0,0,0,0,0,0,22,14,0.011,0.071,0.406,36,25,normal
0,tcp,imap,RSTO,885,669,0,0,0,0,0,1,0,0,0,0,0,0,0,24,18,0.211,0.541,0.82,32,25,normal
5,udp,ftp,SF,227,488,0,0,0,1,0,1,0,0,0,0,0,0,0,13,16,0.275,0.037,0.741,37,31,normal
33,tcp,ftp_data,REJ,150,24,0,0,0,4,2,0,1,0,0,1,1,0,0,113,89,0.717,0.953,0.016,14,7,dos
3,tcp,ssh,SH,1277,42,0,0,0,1,0,1,0,0,0,0,0,0,0,21,14,0.242,0.103,0.783,26,28,normal
3,tcp,http,RSTR,1135,58,0,0,0,1,0,1,0,0,0,0,0,0,1,19,16,0.122,0.277,0.75,33,24,normal
0,icmp,ftp_data,RSTR,405,120,0,0,0,3,0,1,0,0,0,0,0,0,0,17,9,0.07,0.125,0.758,38,31,normal
1,tcp,smtp,RSTR,378,594,0,0,0,1,0,1,0,0,0,0,0,0,0,18,14,0.044,0.317,0.891,40,22,normal
11,tcp,telnet,RSTO,3753,225,0,0,0,0,0,1,1,0,0,1,0,0,0,19,16,0.151,0.028,0.648,29,22,normal
5,udp,http,RSTR,1247,658,0,0,0,2,0,0,0,0,0,0,0,0,0,15,16,0.406,0.249,0.601,46,15,normal
0,udp,imap,RSTO,557,665,0,0,0,2,0,1,0,0,0,0,0,0,0,17,12,0.028,0.047,0.816,36,32,normal
6,tcp,ftp,S0,101,19,0,0,0,7,0,0,2,0,0,1,1,0,0,127,106,0.815,0.937,0.306,4,16,dos
0,icmp,ftp,SF,66,52,0,0,0,3,1,0,2,0,0,1,0,0,0,110,117,0.901,0.993,0.254,14,7,dos
3,tcp,pop3,S0,174,1172,0,0,0,0,0,1,0,0,0,1,0,0,0,18,18,0.183,0.097,0.742,40,29,normal
4,tcp,telnet,RSTR,258,108,0,0,0,0,0,1,1,0,0,1,0,0,0,32,18,0.033,0.109,0.612,36,25,normal
8,udp,dns,RSTR,1343,3,0,0,0,6,1,1,2,0,0,0,2,0,0,136,116,0.851,0.826,0.122,10,14,dos
25,icmp,ftp,SF,39,0,0,0,0,3,0,0,1,0,0,0,2,0,1,117,122,0.786,0.866,0.21,9,8,dos
0,tcp,telnet,REJ,1266,138,0,0,0,2,0,1,0,0,0,0,0,0,0,17,14,0.274,0.316,0.822,29,28,normal
6,tcp,ssh,RSTO,721,28,0,0,0,2,0,1,0,0,0,0,0,0,0,31,13,0.332,0.538,0.586,28,25,normal
3,tcp,dns,S0,44,53,0,0,0,1,0,1,1,0,0,0,0,0,1,22,12,0.132,0.382,0.496,28,24,normal
39,tcp,telnet,RSTO,8,2,0,0,0,2,0,0,2,0,0,1,0,0,1,104,107,0.886,0.982,0.107,9,9,probe
1,icmp,ftp,SH,191,843,0,0,0,2,0,0,0,0,0,0,0,0,0,16,9,0.016,0.167,0.677,39,27,normal
0,udp,smtp,S0,2713,113,0,0,0,1,0,1,0,0,0,0,0,0,0,17,19,0.022,0.025,0.86,41,31,normal
0,udp,ssh,SF,205,71,0,0,0,2,0,1,0,0,0,1,0,0,0,16,13,0.25,0.494,0.816,48,19,normal
4,tcp,ssh,SH,185,611,0,0,0,3,2,0,1,0,0,1,0,0,2,116,130,0.679,0.873,0.063,14,9,r2l
11,udp,imap,SF,131,69,0,0,0,3,0,1,2,0,0,1,1,0,0,120,109,0.48,0.928,0.384,10,9,probe
0,udp,dns,RSTO,300,40,0,0,0,0,0,1,1,0,0,0,0,0,0,25,15,0.039,0.026,0.952,40,29,normal
39,tcp,imap,REJ,7,107,0,0,0,5,0,0,4,0,0,0,0,0,0,135,108,0.683,0.817,0.305,10,11,dos
6,icmp,dns,REJ,3,24,0,0,0,7,1,0,4,0,0,1,1,0,1,126,130,0.935,0.952,0.262,14,8,dos
4,udp,pop3,RSTO,694,209,0,0,0,0,0,0,0,0,0,0,0,0,0,23,20,0.101,0.138,0.842,36,26,normal
11,tcp,pop3,SH,37,7,0,0,0,6,0,0,0,0,0,0,0,0,0,118,113,0.887,0.725,0.133,7,11,dos
2,udp,ssh,SF,55,143,0,0,0,0,0,1,1,0,0,1,1,0,0,23,16,0.074,0.129,0.815,35,22,normal
1,udp,smtp,SF,3934,352,0,0,0,0,0,1,1,0,0,0,0,0,0,11,14,0.22,0.197,0.68,33,25,normal
1,icmp,ftp_data,SF,714,3616,0,0,0,1,0,0,0,0,0,1,0,0,0,21,20,0.233,0.03,0.548,40,25,normal
1,icmp,ssh,RSTR,446,3000,0,0,0,2,0,1,0,0,0,0,0,0,0,21,16,0.036,0.129,0.969,32,30,normal
1,tcp,telnet,SF,135,388,0,0,0,1,0,1,1,0,0,0,0,0,1,20,16,0.03,0.006,0.89,28,21,normal
0,udp,ftp_data,REJ,2665,22,0,0,0,0,0,0,1,0,0,0,0,0,0,27,15,0.138,0.137,0.749,27,27,normal
0,tcp,ftp_data,S0,18,467,0,0,0,0,0,1,1,0,0,1,1,0,1,22,19,0.115,0.107,0.815,40,21,normal
0,tcp,telnet,S0,1085,617,0,0,0,3,0,1,1,0,0,0,0,0,0,20,22,0.21,0.027,0.494,40,21,normal
0,tcp,smtp,REJ,24972,1259,0,0,0,2,0,1,0,0,0,0,0,0,0,23,12,0.009,0.006,0.684,50,21,normal
20,udp,dns,SH,173,8,0,0,0,5,0,0,1,0,0,0,3,0,0,133,122,0.661,0.776,0.167,6,10,r2l
42,udp,imap,REJ,75,46,0,0,0,9,1,0,1,0,0,1,1,0,0,120,115,0.975,0.798,0.153,11,11,dos
2,icmp,ftp,RSTR,647,961,0,0,0,0,0,1,0,0,0,0,0,0,0,18,20,0.111,0.003,0.597,30,15,normal
0,udp,ftp_data,REJ,447,108,0,0,0,0,0,1,1,0,0,0,0,0,0,27,10,0.213,0.006,0.732,39,31,normal
0,udp,dns,S0,112,51,0,0,0,0,0,0,0,0,0,0,0,0,0,23,9,0.009,0.349,0.89,33,26,normal
40,udp,pop3,SH,11,434,0,0,0,4,2,0,4,0,0,1,0,0,1,128,100,0.921,0.537,0.191,14,7,probe
4,udp,http,RSTO,117,122,0,0,0,2,0,0,0,0,0,0,0,0,0,31,8,0.115,0.247,0.814,35,27,normal
5,udp,ssh,SH,106,4,0,0,0,5,0,1,4,0,0,1,0,0,0,110,116,0.815,0.974,0.304,14,10,probe
4,tcp,pop3,RSTO,720,563,0,0,0,0,0,1,0,0,0,0,0,0,0,25,15,0.226,0.06,0.793,37,25,normal
0,udp,http,RSTO,246,10558,0,0,0,1,0,1,0,0,0,0,0,0,0,10,15,0.306,0.175,0.803,33,27,normal
7,icmp,smtp,S0,28,0,0,0,0,6,2,0,4,0,0,1,3,0,1,136,108,0.954,0.949,0.156,12,13,dos
40,udp,ftp_data,RSTR,172,114,0,0,0,5,2,1,1,0,0,1,0,0,0,118,107,0.912,0.863,0.396,4,8,dos
1,udp,ftp_data,SH,967,152,0,0,0,4,0,1,0,0,0,0,0,0,0,17,12,0.142,0.464,0.942,40,34,normal
0,udp,smtp,REJ,1470,108,0,0,0,2,0,1,0,0,0,1,0,0,0,11,12,0.118,0.109,0.893,41,21,normal
0,tcp,ftp_data,S0,433,427,0,0,0,2,0,0,1,0,0,1,0,0,0,16,12,0.072,0.194,0.755,35,25,normal
1,tcp,dns,SH,241,286,0,0,0,0,0,1,0,0,0,0,0,0,0,18,14,0.207,0.015,0.603,36,23,normal
5,icmp,imap,SH,10,2,0,0,0,8,0,0,1,0,0,0,0,0,0,115,104,0.82,0.906,0.197,8,7,dos
14,icmp,smtp,S0,17,42,0,0,0,4,1,0,3,0,0,1,0,0,1,128,101,0.847,0.942,0.229,10,7,probe
2,udp,ftp,SH,4216,1410,0,0,0,1,0,1,0,0,0,0,0,0,0,26,15,0.032,0.077,0.84,40,21,normal
0,tcp,imap,REJ,929,653,0,0,0,1,0,1,0,0,0,0,2,0,0,21,18,0.175,0.018,0.707,33,27,normal
1,icmp,http,SF,11,3,0,0,0,2,0,0,0,0,0,1,2,0,0,118,90,0.897,0.846,0.276,10,17,dos
11,udp,dns,SH,432,39,0,0,0,6,1,0,2,0,0,1,0,1,1,106,116,0.879,0.838,0.494,9,19,probe
3,icmp,ssh,RSTO,358,602,0,0,0,0,0,1,0,0,0,0,0,0,0,16,18,0.541,0.026,0.828,48,40,normal
9,tcp,http,RSTO,1144,6,0,0,0,5,0,1,1,0,0,0,0,0,0,110,96,0.605,0.424,0.276,24,9,r2l
14,tcp,http,SH,48,108,0,0,0,9,4,0,4,0,0,1,2,0,0,123,110,0.929,0.578,0.283,8,10,dos
0,tcp,ftp,S0,42,160,0,0,0,2,0,0,0,0,0,0,0,0,0,22,14,0.131,0.229,0.909,29,20,normal
0,tcp,ftp,RSTO,659,295,0,0,0,0,0,1,0,0,0,0,0,0,0,22,12,0.031,0.059,0.822,43,25,normal
13,tcp,ftp,S0,180,139,0,0,0,6,0,0,3,0,0,1,0,0,1,109,105,0.934,0.849,0.121,12,7,probe
7,icmp,ftp,REJ,84,12,0,0,0,3,0,0,0,0,0,2,0,0,1,129,92,0.998,0.871,0.423,10,14,dos
0,udp,ssh,RSTR,101,1653,0,0,0,0,0,1,0,0,0,0,0,0,0,28,11,0.154,0.184,0.904,41,26,normal
29,udp,smtp,S0,476,82,0,0,0,5,1,0,1,0,0,1,0,0,0,135,106,0.992,0.959,0.057,13,7,probe
1,udp,ftp,REJ,563,131,0,0,0,2,0,1,0,0,0,0,0,0,0,10,16,0.051,0.084,0.882,38,24,normal
3,udp,ftp_data,S0,292,6,0,0,0,6,2,0,3,0,0,0,0,0,1,119,115,0.782,0.718,0.074,12,2,probe
23,tcp,http,REJ,2,15,0,0,0,7,1,0,1,0,0,1,3,0,0,130,121,0.999,0.841,0.018,12,8,u2r
5,tcp,ssh,SF,1264,518,0,0,0,0,0,1,0,0,0,0,0,0,0,21,9,0.233,0.074,0.574,35,28,normal
8,icmp,http,REJ,275,24,0,0,0,7,2,0,0,0,0,0,2,0,0,110,110,0.855,0.892,0.025,12,11,dos
8,icmp,ssh,SH,1049,124,0,0,0,2,0,1,0,0,0,1,0,0,0,20,18,0.107,0.271,0.428,40,23,normal
7,udp,ftp_data,RSTO,150,19,0,0,0,10,2,0,2,0,0,1,0,0,1,134,109,0.904,0.916,0.408,16,13,dos
21,udp,telnet,RSTO,6,71,0,0,0,2,1,0,1,0,0,0,0,0,1,143,113,0.976,0.861,0.042,3,9,dos
1,udp,ftp,S0,558,264,0,0,0,1,0,1,1,0,0,0,0,0,0,16,11,0.388,0.02,0.926,28,29,normal
32,udp,ftp_data,SH,173,143,0,0,0,2,2,0,4,0,0,1,1,0,0,115,122,0.733,0.853,0.083,14,17,dos
5,udp,ftp,SF,326,1460,0,0,0,6,0,1,1,0,0,0,0,0,0,125,115,0.666,0.724,0.013,10,8,dos
16,tcp,dns,REJ,59,180,0,0,0,11,1,0,3,0,0,0,2,0,0,101,122,0.767,0.833,0.144,11,11,r2l
3,icmp,smtp,SF,1639,599,0,0,0,2,0,0,0,0,0,0,0,0,0,22,13,0.124,0.168,0.573,29,25,normal
5,icmp,dns,REJ,1626,529,0,0,0,0,0,0,0,0,0,0,0,0,0,15,16,0.033,0.077,0.596,30,27,normal
2,udp,dns,RSTR,375,405,0,0,0,2,0,1,0,0,0,0,0,0,0,15,20,0.046,0.657,0.76,47,26,normal
1,tcp,smtp,REJ,131,1460,0,0,0,3,0,1,0,0,0,0,0,0,0,22,15,0.31,0.241,0.714,37,21,normal
6,icmp,pop3,SH,222,465,0,0,0,2,0,0,0,0,0,0,0,0,0,26,18,0.126,0.207,0.582,38,28,normal
18,udp,imap,SF,5256,18,0,0,0,6,1,0,3,0,0,1,2,0,0,133,118,0.904,0.944,0.109,9,12,dos
26,tcp,ftp,S0,13,4,0,0,0,5,1,0,1,0,0,1,3,0,0,103,112,0.787,0.989,0.52,9,15,dos
2,udp,ftp,REJ,1019,419,0,0,0,2,0,1,0,0,0,1,0,0,0,28,6,0.19,0.094,0.641,40,31,normal
0,tcp,telnet,SH,1600,95,0,0,0,1,0,1,0,0,0,0,0,0,0,17,22,0.05,0.369,0.72,27,26,normal
6,udp,dns,RSTR,22,31,0,0,0,3,0,0,1,0,0,1,0,0,1,105,121,0.841,0.66,0.08,6,11,dos
7,udp,ftp_data,SH,38,0,0,0,0,7,1,0,1,0,0,0,1,0,0,124,111,0.863,0.59,0.275,9,13,probe
0,icmp,http,REJ,555,177,0,0,0,1,0,0,0,0,0,1,0,0,1,17,20,0.118,0.293,0.58,32,31,normal
2,icmp,telnet,SH,2201,111,0,0,0,2,0,1,0,0,0,0,0,0,0,17,11,0.038,0.177,0.872,45,30,normal
40,udp,ftp_data,SF,886,30,0,0,0,6,1,0,1,0,0,0,1,0,0,107,114,0.654,0.93,0.007,13,9,r2l
4,tcp,ssh,RSTO,1030,351,0,0,0,2,0,1,0,0,0,0,0,0,0,16,16,0.03,0.286,0.634,36,36,normal
1,icmp,http,S0,210,1401,0,0,0,0,0,1,0,0,0,1,0,0,0,22,18,0.029,0.075,0.651,41,18,normal
1,icmp,dns,REJ,151,5,0,0,0,2,0,0,1,0,0,2,0,0,0,128,103,0.82,0.907,0.126,14,11,probe
10,icmp,http,S0,58,1,0,0,0,6,0,0,2,0,0,1,0,0,0,141,119,0.943,0.896,0.008,7,10,dos
7,icmp,dns,RSTR,745,56,0,0,0,7,1,0,4,0,0,2,0,0,0,118,97,0.838,0.89,0.088,10,13,dos
34,tcp,ssh,RSTO,97,6,0,0,0,4,0,0,1,0,0,2,0,0,0,121,108,0.867,0.922,0.476,17,13,dos
13,tcp,http,SF,65,36,0,0,0,3,1,0,4,0,0,0,2,0,2,113,120,0.9,0.703,0.042,12,13,r2l
2,udp,http,REJ,40,622,0,0,0,5,0,0,4,0,0,1,1,0,2,101,115,0.977,0.976,0.039,6,8,u2r
0,tcp,ssh,SF,3831,610,0,0,0,1,0,1,0,0,0,0,0,0,1,16,15,0.168,0.093,0.894,35,32,normal
3,icmp,ssh,RSTR,213,33,0,0,0,1,0,1,1,0,0,0,0,0,0,17,10,0.336,0.05,0.583,33,20,normal
0,udp,ftp_data,REJ,133,259,0,0,0,2,0,0,1,0,0,0,0,0,0,16,15,0.437,0.169,0.99,40,19,normal
1,icmp,http,SF,1754,1022,0,0,0,2,0,1,0,0,0,1,1,0,0,20,15,0.092,0.19,0.967,44,35,normal
2,icmp,pop3,RSTO,422,487,0,0,0,4,0,0,0,0,0,0,0,0,0,13,21,0.01,0.076,0.908,36,20,normal
0,tcp,telnet,SH,24,1,0,0,0,6,1,0,4,0,0,0,1,0,1,121,95,0.889,0.96,0.057,6,8,dos
8,tcp,ftp_data,SF,80,23,0,0,0,3,3,1,8,0,0,2,0,0,1,120,120,0.91,0.911,0.112,20,9,dos
18,icmp,dns,S0,121,2,0,0,0,4,0,0,3,0,0,0,0,0,1,111,93,0.959,0.761,0.064,5,11,probe
25,tcp,http,SH,154,22,0,0,0,7,1,0,2,0,0,1,3,0,0,135,117,0.983,0.723,0.396,4,13,probe
0,udp,dns,SF,235,885,0,0,0,0,0,0,0,0,0,0,0,0,0,20,19,0.307,0.108,0.899,35,25,normal
1,tcp,ssh,RSTO,109,206,0,0,0,1,0,1,1,0,0,1,0,0,0,7,11,0.045,0.138,0.844,24,21,normal
6,icmp,pop3,RSTO,1574,401,0,0,0,0,0,1,0,0,0,2,0,0,0,20,15,0.395,0.104,0.919,32,21,normal
7,udp,ftp,SF,136,69,0,0,0,4,0,0,3,0,0,0,0,0,0,115,117,0.696,0.949,0.02,12,6,probe
18,udp,ftp,RSTR,165,9,0,0,0,8,1,0,2,0,0,0,0,0,0,114,97,0.774,0.799,0.095,15,8,r2l
0,tcp,ftp_data,RSTR,1126,551,0,0,0,0,0,1,0,0,0,0,0,0,0,14,11,0.008,0.133,0.562,29,24,normal
1,udp,imap,RSTR,227,265,0,0,0,2,0,1,0,0,0,0,1,0,0,22,16,0.041,0.208,0.959,37,17,normal
3,icmp,ftp_data,SH,5176,878,0,0,0,5,0,1,0,0,0,1,0,0,0,19,15,0.118,0.436,0.794,43,29,normal
0,icmp,telnet,RSTO,67,285,0,0,0,1,0,1,2,0,0,1,0,0,0,22,18,0.011,0.387,0.615,29,17,normal
0,udp,imap,SF,115,302,0,0,0,1,0,1,0,0,0,0,1,0,0,20,14,0.377,0.009,0.811,26,28,normal
3,icmp,ssh,RSTO,3,6,0,0,0,5,0,0,1,0,0,0,1,0,1,112,99,0.844,0.669,0.121,13,11,u2r
0,icmp,ssh,S0,289,82,0,0,0,1,0,1,0,0,0,0,0,0,0,17,14,0.087,0.468,0.763,34,24,normal
0,icmp,http,SH,1792,281,0,0,0,1,0,1,0,0,0,1,1,0,0,14,12,0.204,0.115,0.986,35,27,normal
0,icmp,telnet,RSTR,358,441,0,0,0,0,0,0,0,0,0,0,0,0,0,21,19,0.59,0.216,0.913,36,23,normal
0,udp,pop3,REJ,896,606,0,0,0,0,0,0,0,0,0,0,0,0,1,27,14,0.114,0.234,0.985,39,23,normal
8,tcp,http,SF,57,78,0,0,0,5,1,0,2,0,0,1,0,0,0,106,108,0.958,0.908,0.461,8,8,dos
0,tcp,pop3,RSTR,224,852,0,0,0,0,0,1,0,0,0,0,1,0,0,17,16,0.051,0.013,0.538,45,30,normal
0,tcp,dns,S0,1288,229,0,0,0,1,0,1,0,0,0,0,0,0,0,22,22,0.225,0.265,0.944,37,21,normal
2,udp,ssh,SF,1387,166,0,0,0,1,0,1,0,0,0,0,0,0,0,19,13,0.181,0.269,0.708,34,21,normal
32,udp,ftp,SF,26,8,0,0,0,5,1,1,1,0,0,1,0,0,2,98,105,0.747,0.93,0.631,16,9,dos
28,icmp,dns,REJ,131,416,0,0,0,2,1,0,0,0,0,2,1,0,1,120,126,0.794,0.916,0.048,10,12,dos
1,icmp,http,S0,2818,0,0,0,1,2,1,0,3,0,0,1,0,0,0,119,110,0.782,0.988,0.369,13,5,probe
2,icmp,smtp,SH,414,376,0,0,0,3,0,1,0,0,0,0,0,0,0,14,17,0.116,0.202,0.772,34,26,normal
2,icmp,imap,RSTO,91,11,0,0,0,4,0,0,2,0,0,1,0,0,0,120,108,0.907,0.662,0.109,11,6,dos
2,udp,imap,RSTO,2806,59,0,0,0,0,0,1,0,0,0,0,0,0,0,16,14,0.589,0.235,0.904,32,30,normal
23,udp,ftp,S0,552,59,0,0,0,6,0,1,1,0,0,0,1,0,1,120,124,0.918,0.899,0.002,13,16,probe
22,icmp,pop3,SH,47,126,0,0,0,6,1,0,1,0,0,2,0,0,1,111,116,0.799,0.883,0.021,14,11,r2l
1,tcp,ssh,S0,143,185,0,0,0,5,0,0,4,0,0,1,0,0,1,113,117,0.827,0.771,0.15,18,9,dos
8,icmp,smtp,RSTO,755,176,0,0,0,1,0,1,0,0,0,0,0,0,0,16,19,0.056,0.058,0.962,20,27,normal
3,tcp,ssh,RSTR,351,260,0,0,0,0,0,1,1,0,0,0,0,0,0,17,15,0.538,0.084,0.681,42,28,normal
39,icmp,smtp,RSTR,21,34,0,0,0,5,1,0,1,0,0,0,1,0,0,122,107,0.926,0.94,0.047,9,13,dos
6,tcp,smtp,REJ,176,88,0,0,0,1,0,1,0,0,0,0,0,0,0,20,14,0.099,0.178,0.595,35,30,normal
1,tcp,ftp_data,SH,1279,626,0,0,0,0,0,1,1,0,0,0,0,0,0,15,15,0.095,0.114,0.465,32,16,normal
0,tcp,pop3,REJ,691,33,0,0,0,1,0,0,0,0,0,0,0,0,0,15,12,0.181,0.024,0.872,43,28,normal
7,tcp,imap,RSTO,926,4554,0,0,0,0,0,0,0,0,0,0,0,0,0,17,10,0.153,0.095,0.502,36,32,normal
1,tcp,ftp_data,RSTR,4195,424,0,0,0,1,0,1,0,0,0,0,0,0,0,14,10,0.052,0.572,0.831,40,30,normal
2,udp,ftp,RSTR,182,93,0,0,0,1,0,0,1,0,0,0,1,0,1,123,99,0.729,0.923,0.272,9,13,dos
3,tcp,ssh,SH,538,554,0,0,0,1,0,1,0,0,0,0,0,0,0,16,19,0.096,0.284,0.654,39,32,normal
4,icmp,ssh,RSTR,510,128,0,0,0,1,0,1,0,0,0,1,0,0,0,23,9,0.401,0.062,0.609,32,28,normal
7,icmp,imap,RSTO,2561,764,0,0,0,0,0,1,0,0,0,0,0,0,1,18,15,0.228,0.195,0.643,36,27,normal
13,tcp,telnet,REJ,97,22,0,0,0,5,0,0,2,0,0,1,1,0,0,110,105,0.897,0.688,0.194,18,10,dos
33,udp,pop3,SH,83,1,0,0,0,6,0,0,0,0,0,1,0,0,1,107,114,0.792,0.839,0.249,13,7,u2r
5,tcp,imap,RSTO,939,1732,0,0,0,1,0,1,2,0,0,0,1,0,0,30,16,0.556,0.066,0.73,36,26,normal
25,tcp,telnet,SF,60,152,0,0,0,3,1,0,3,0,0,0,0,0,0,125,104,0.972,0.839,0.182,12,7,dos
17,icmp,smtp,SF,78,34,0,0,0,1,3,0,2,0,0,0,0,0,0,136,112,0.724,0.829,0.171,11,8,dos
1,icmp,ssh,SF,1007,110,0,0,0,0,0,0,0,0,0,1,0,0,0,22,18,0.174,0.372,0.849,35,19,normal
21,icmp,smtp,SH,1150,18,0,0,0,7,0,0,1,0,0,2,0,0,1,125,103,0.991,0.9,0.18,7,12,dos
1,tcp,telnet,SF,200,177,0,0,0,0,0,1,0,0,0,0,0,0,0,19,10,0.201,0.164,0.673,39,23,normal
20,udp,ftp,S0,105,193,0,0,0,6,0,1,1,0,0,0,0,0,2,102,103,0.917,0.875,0.337,11,15,dos
11,icmp,http,RSTO,198,1267,0,0,0,1,0,0,0,0,0,0,0,0,0,23,17,0.174,0.435,0.689,36,28,normal
21,tcp,ssh,RSTO,20,57,0,0,0,7,1,0,4,0,0,2,1,0,0,129,103,0.657,0.706,0.56,14,12,dos
1,icmp,ftp,RSTO,142,97,0,0,0,0,0,1,0,0,0,0,0,0,0,23,15,0.111,0.222,0.774,31,25,normal
0,udp,ftp_data,SF,1191,310,0,0,0,2,0,1,0,0,0,0,0,0,0,18,14,0.052,0.105,0.852,21,21,normal
0,tcp,ftp_data,SF,98,364,0,0,0,2,0,0,0,0,0,0,1,0,0,23,13,0.089,0.114,0.717,40,26,normal
14,icmp,dns,RSTO,10,95,0,0,0,3,0,0,1,0,0,1,0,0,1,110,122,0.922,0.853,0.011,21,9,dos
14,udp,ftp_data,RSTO,167,2,0,0,0,9,1,0,4,0,0,1,1,1,0,132,113,0.943,0.916,0.427,9,15,u2r
1,tcp,smtp,RSTR,89,194,0,0,0,1,0,1,0,0,0,1,1,0,0,22,15,0.095,0.07,0.707,37,17,normal
37,icmp,ssh,S0,104,252,0,0,0,5,0,0,4,0,0,0,0,0,1,111,111,0.861,0.887,0.271,12,7,probe
0,udp,smtp,SF,446,424,0,0,0,0,0,1,0,0,0,0,0,0,0,18,17,0.616,0.075,0.666,38,29,normal
1,udp,telnet,S0,112,669,0,0,0,0,0,1,1,0,0,0,0,0,0,22,19,0.167,0.16,0.879,33,26,normal
0,udp,http,RSTO,498,1319,0,0,0,0,0,1,0,0,0,0,1,0,0,23,14,0.011,0.035,0.89,37,26,normal
1,tcp,telnet,SH,904,1696,0,0,0,0,0,0,0,0,0,0,0,0,0,22,13,0.156,0.316,0.567,38,20,normal
31,udp,ssh,SH,101,13,0,0,0,5,0,0,2,0,0,0,1,0,0,123,108,0.83,0.721,0.266,11,15,dos
1,tcp,telnet,REJ,105,15,0,0,0,5,0,1,3,0,0,0,0,0,1,134,119,0.765,0.687,0.104,12,9,dos
20,icmp,ssh,SF,107,6,0,0,0,3,1,0,5,0,0,2,1,0,0,123,126,0.771,0.974,0.155,17,5,probe
3,tcp,dns,RSTO,127,544,0,0,0,2,0,0,0,0,0,0,0,0,1,22,13,0.312,0.034,0.951,35,29,normal
0,icmp,ssh,RSTR,396,890,0,0,0,0,0,0,0,0,0,0,0,0,0,18,16,0.053,0.064,0.943,39,32,normal
0,icmp,telnet,RSTO,239,172,0,0,0,2,0,1,0,0,0,0,0,0,1,16,12,0.091,0.23,0.922,32,16,normal
1,icmp,dns,SH,1100,478,0,0,0,0,0,1,1,0,0,0,0,0,0,21,12,0.014,0.154,0.855,36,25,normal
0,udp,ftp_data,RSTO,537,246,0,0,0,2,0,1,0,0,0,0,0,0,0,28,12,0.068,0.03,0.697,39,19,normal
2,tcp,pop3,SF,332,146,0,0,0,1,0,1,0,0,0,0,0,0,0,21,15,0.054,0.357,0.968,41,17,normal
0,tcp,smtp,SH,207,6,0,0,0,1,0,0,1,0,0,0,0,0,1,121,113,0.685,0.876,0.014,12,8,u2r
6,tcp,dns,RSTO,28,53,0,0,0,4,1,0,2,0,0,0,0,0,0,120,113,0.709,0.726,0.339,16,13,probe
1,tcp,dns,SH,383,455,0,0,0,0,0,1,0,0,0,0,0,0,0,17,19,0.571,0.111,0.933,39,19,normal
10,tcp,telnet,RSTR,66,30,0,0,0,3,0,0,1,0,0,1,0,0,0,133,104,0.858,0.598,0.437,8,15,probe
15,tcp,imap,SH,52,4,0,0,0,5,0,0,3,0,1,1,1,0,1,117,121,0.89,0.884,0.033,15,7,r2l
14,tcp,ftp,RSTR,117,2,0,0,0,5,0,1,1,0,0,2,0,0,1,106,111,0.886,0.885,0.431,19,10,probe
4,tcp,ssh,RSTO,611,151,0,0,0,1,0,1,0,0,0,0,0,0,0,15,13,0.012,0.054,0.941,26,25,normal
0,icmp,imap,REJ,246,231,0,0,0,0,0,0,0,0,0,0,0,0,1,22,11,0.084,0.125,0.943,31,25,normal
3,tcp,smtp,RSTR,746,132,0,0,0,1,0,1,1,0,0,1,1,0,0,25,18,0.321,0.15,0.913,35,26,normal
4,icmp,http,RSTR,237,74,0,0,0,2,0,1,0,0,0,0,0,0,1,21,13,0.086,0.329,0.916,33,21,normal
4,icmp,pop3,S0,22,93,0,0,0,4,1,1,2,0,0,2,0,0,0,127,108,0.816,0.917,0.303,12,9,r2l
12,icmp,ssh,S0,53,3,0,0,0,7,0,0,1,0,0,0,0,0,0,107,121,0.97,0.861,0.384,7,6,dos
32,icmp,http,S0,351,10,0,0,0,7,0,0,0,0,0,0,0,1,0,142,109,0.863,0.863,0.313,10,10,dos
19,udp,dns,S0,257,97,0,1,0,5,0,0,2,0,0,3,0,0,0,110,109,0.612,0.953,0.085,16,16,dos
1,udp,ssh,REJ,804,404,0,0,0,2,0,1,0,0,0,0,0,0,0,22,18,0.128,0.169,0.422,26,29,normal
6,udp,http,RSTR,267,1878,0,0,0,1,0,1,0,0,0,0,0,0,0,15,15,0.15,0.138,0.818,32,17,normal
2,icmp,ftp_data,S0,184,221,0,0,0,0,0,0,0,0,0,0,0,0,1,23,15,0.023,0.228,0.622,35,30,normal
1,icmp,telnet,REJ,622,253,0,0,0,1,0,1,0,0,0,0,0,0,0,19,17,0.082,0.322,0.812,29,25,normal
5,tcp,ftp,RSTO,380,43,0,0,0,0,0,0,1,0,0,0,0,0,0,12,15,0.24,0.052,0.681,43,25,normal
26,udp,imap,RSTR,49,8,0,0,0,6,3,0,1,0,0,1,1,0,0,123,97,0.929,0.813,0.045,11,9,dos
21,udp,telnet,RSTO,1438,3,0,0,0,4,1,0,2,0,0,0,1,0,0,123,112,0.909,0.871,0.173,16,2,r2l
0,tcp,ftp_data,SF,302,75,0,0,0,2,0,0,1,0,0,0,0,0,0,23,12,0.176,0.02,0.574,35,21,normal
2,tcp,ftp,REJ,1037,200,0,0,0,1,0,1,0,0,0,0,0,0,0,24,10,0.321,0.149,0.879,30,31,normal
0,udp,ftp_data,RSTR,1750,468,0,0,0,0,0,1,0,0,0,0,0,0,0,25,13,0.022,0.084,0.808,29,21,normal
1,udp,ftp_data,RSTR,1360,274,0,0,0,0,0,1,0,0,0,0,1,0,0,16,14,0.009,0.053,0.896,30,28,normal
1,udp,ssh,REJ,261,11,0,0,0,6,2,0,1,0,0,0,0,0,1,117,100,0.838,0.807,0.108,10,9,dos
37,udp,telnet,S0,23,0,0,0,0,6,0,0,3,0,0,0,0,0,0,138,110,0.745,0.768,0.112,15,6,dos
2,tcp,imap,REJ,1002,1791,0,0,0,0,0,1,0,0,0,0,0,0,0,16,23,0.184,0.109,0.843,34,23,normal
2,udp,dns,SF,77,115,0,0,0,1,2,0,0,0,0,0,0,0,0,109,90,0.738,0.755,0.688,10,5,dos
6,tcp,pop3,RSTR,356,1177,0,0,0,3,0,1,0,0,0,0,0,0,0,22,12,0.171,0.158,0.812,49,23,normal
1,udp,telnet,SH,564,175,0,0,0,0,0,1,0,0,0,0,0,0,0,16,17,0.098,0.0,0.933,27,26,normal
15,tcp,pop3,SH,78,47,0,0,0,8,1,0,2,0,0,1,2,0,0,110,110,0.957,0.922,0.013,18,7,dos
0,icmp,imap,REJ,345,140,0,0,0,0,0,1,0,0,0,1,0,0,0,24,13,0.018,0.28,0.915,35,31,normal
1,udp,smtp,SF,77,234,0,0,0,1,0,0,0,0,0,1,0,0,0,23,10,0.063,0.011,0.822,41,30,normal
3,udp,ftp,RSTO,12,39,0,0,0,9,0,0,2,0,0,0,0,0,0,143,119,0.792,0.889,0.008,9,8,dos
3,tcp,ftp,S0,786,135,0,0,0,1,0,1,0,0,0,0,0,0,0,15,11,0.113,0.214,0.552,31,25,normal
18,icmp,http,REJ,21,4,0,0,0,6,0,1,3,0,0,0,1,0,1,115,121,0.897,0.581,0.405,15,7,u2r
1,icmp,telnet,SH,120,52,0,0,0,2,0,1,0,0,0,1,0,0,0,25,18,0.034,0.251,0.698,39,25,normal
11,udp,smtp,SH,32,15,0,0,0,2,0,1,1,0,0,0,0,0,1,116,100,0.916,0.986,0.136,19,9,r2l
1,icmp,http,S0,14,20,0,0,1,5,2,0,1,0,0,1,0,0,1,116,114,0.623,0.902,0.042,14,9,dos
4,tcp,telnet,REJ,53,1,0,0,0,11,0,0,3,0,0,0,1,0,0,113,131,0.898,0.669,0.173,16,10,dos
3,icmp,smtp,SH,338,550,0,0,0,4,0,1,0,0,0,0,1,0,0,15,15,0.11,0.063,0.815,42,23,normal
37,tcp,ftp_data,RSTO,45,72,0,0,0,5,0,0,0,0,0,0,0,0,1,101,93,0.473,0.713,0.008,14,12,probe
22,icmp,imap,RSTR,23,14,0,0,0,3,0,0,2,0,0,1,1,0,0,113,121,0.384,0.649,0.053,10,6,r2l
17,udp,ssh,REJ,421,3,0,0,0,10,1,0,4,0,0,1,1,0,0,119,103,0.714,0.872,0.066,9,9,r2l
1,udp,http,SH,547,107,0,0,0,0,0,1,0,0,0,0,0,0,0,12,19,0.544,0.073,0.859,41,29,normal
27,tcp,ssh,RSTR,23,0,0,0,0,5,1,0,0,0,0,0,1,0,0,127,95,0.955,0.991,0.249,13,14,dos
4,tcp,ftp_data,RSTR,248,263,0,0,0,0,0,0,0,0,0,0,1,0,0,22,16,0.04,0.153,0.955,32,28,normal
0,icmp,http,SF,15,2,0,0,0,12,0,0,2,0,0,1,1,0,0,120,113,0.892,0.931,0.175,16,11,u2r
28,udp,imap,SF,103,23,0,0,0,3,1,0,3,0,0,1,0,0,1,114,114,0.676,0.827,0.46,14,7,dos
1,tcp,ssh,RSTO,1625,1030,0,0,0,0,0,1,1,0,0,0,1,0,0,16,15,0.014,0.115,0.554,32,25,normal
3,udp,dns,RSTO,143,457,0,0,0,1,0,0,0,0,0,0,0,0,0,27,18,0.016,0.296,0.636,42,22,normal
2,icmp,ftp_data,S0,2139,253,0,0,0,2,0,1,2,0,0,0,0,0,0,19,12,0.061,0.046,0.532,29,27,normal
0,tcp,smtp,RSTO,58,265,0,0,0,0,0,1,1,0,0,1,0,0,0,17,12,0.556,0.003,0.746,32,17,normal
3,udp,http,SF,552,336,0,1,0,1,0,0,2,0,0,0,2,0,0,113,118,0.652,0.729,0.443,10,13,dos
24,udp,ftp_data,SF,194,31,0,0,0,2,0,0,0,0,0,1,1,0,0,141,139,0.646,0.706,0.033,11,11,probe
0,icmp,pop3,SH,13,83,0,0,0,4,0,0,6,0,0,0,0,0,0,107,114,0.464,0.834,0.136,16,15,dos
0,udp,imap,S0,1874,366,0,0,0,0,0,1,0,0,0,1,0,0,0,19,19,0.106,0.055,0.902,37,26,normal
0,udp,imap,SH,84,54,0,0,0,3,1,0,2,0,0,1,1,0,0,126,110,0.975,0.417,0.222,10,18,dos
1,tcp,ssh,REJ,165,979,0,0,0,2,0,1,0,0,0,0,0,0,0,22,16,0.008,0.018,0.958,36,22,normal
2,udp,smtp,REJ,535,611,0,0,0,1,0,1,0,0,0,1,0,0,0,20,15,0.088,0.015,0.955,52,25,normal
4,icmp,ssh,S0,27,1,0,0,0,4,1,0,2,0,0,1,1,0,1,140,102,0.978,0.894,0.002,5,10,dos
8,udp,dns,SF,259,28,0,0,0,6,0,0,2,0,0,4,0,0,0,117,88,0.862,0.976,0.155,14,9,dos
26,icmp,smtp,RSTO,115,241,0,0,0,3,1,0,1,0,0,3,2,0,1,128,103,0.968,0.928,0.027,9,13,dos
0,tcp,http,RSTR,20819,1020,0,0,0,0,0,1,0,0,0,0,0,0,0,14,20,0.07,0.196,0.709,31,29,normal
1,tcp,smtp,REJ,168,169,0,0,0,1,0,1,0,0,0,0,0,0,1,15,12,0.12,0.095,0.609,32,28,normal
23,tcp,http,REJ,700,5,0,0,0,2,0,0,0,0,0,3,1,0,1,119,127,0.975,0.814,0.248,9,10,probe
68,udp,ftp,RSTR,206,3,0,0,0,7,1,0,1,0,0,0,1,0,0,110,108,0.871,0.737,0.124,15,6,probe
2,tcp,imap,SH,955,91,0,0,0,0,0,1,0,0,0,0,0,0,0,22,16,0.021,0.056,0.774,37,28,normal
4,tcp,ftp_data,RSTR,4843,88,0,0,0,3,0,1,0,0,0,0,0,0,0,19,24,0.042,0.091,0.591,33,16,normal
0,icmp,imap,S0,143,363,0,0,0,0,0,1,0,0,0,0,0,0,0,22,13,0.104,0.226,0.623,50,27,normal
3,tcp,ftp,SF,66,708,0,0,0,1,0,1,1,0,0,0,0,0,0,17,15,0.245,0.06,0.769,42,27,normal
2,icmp,ftp,S0,8576,264,0,0,0,1,0,0,0,0,0,0,0,0,0,21,9,0.154,0.017,0.781,30,24,normal
0,icmp,telnet,RSTO,373,92,0,0,0,0,0,1,0,0,0,0,0,0,0,23,10,0.122,0.085,0.918,23,25,normal
2,icmp,ftp_data,RSTO,629,1677,0,0,0,2,0,1,0,0,0,0,1,0,0,15,12,0.013,0.091,0.691,50,21,normal
4,udp,imap,REJ,430,186,0,0,0,0,0,1,0,0,0,0,0,0,0,12,11,0.139,0.109,0.734,47,28,normal
2,icmp,smtp,SH,336,194,0,0,0,1,0,0,0,0,0,0,0,0,1,17,12,0.037,0.477,0.906,29,14,normal
1,icmp,telnet,SH,4570,2104,0,0,0,5,0,1,0,0,0,0,0,0,0,21,21,0.268,0.388,0.601,33,24,normal
2,icmp,ftp_data,REJ,1767,593,0,0,0,0,0,1,0,0,0,0,0,0,0,17,20,0.157,0.052,0.514,27,27,normal
0,icmp,ftp_data,RSTR,176,473,0,0,0,0,0,1,0,0,0,1,0,0,0,18,11,0.136,0.394,0.949,39,25,normal
0,tcp,ssh,RSTO,478,918,0,0,0,0,0,1,1,0,0,0,0,0,0,20,13,0.276,0.141,0.956,29,18,normal
1,icmp,telnet,S0,315,108,0,0,0,1,0,1,0,0,0,0,0,0,0,12,20,0.087,0.428,0.52,36,28,normal
12,icmp,imap,SH,356,77,0,1,0,6,0,1,3,0,0,0,2,0,0,131,87,0.916,0.783,0.115,14,8,dos
1,udp,imap,RSTR,137,77,0,0,0,2,1,0,4,0,0,2,0,0,0,135,100,0.811,0.894,0.161,10,5,probe
0,udp,telnet,RSTR,1041,319,0,0,0,1,0,0,0,0,0,0,0,0,0,21,10,0.186,0.145,0.786,30,12,normal
0,icmp,ssh,SF,1202,412,0,0,0,2,0,0,1,0,0,0,0,0,0,22,14,0.281,0.247,0.813,24,29,normal
0,udp,telnet,REJ,1171,189,0,0,0,0,0,1,0,0,0,0,0,0,0,17,23,0.305,0.01,0.898,30,32,normal
1,udp,dns,SF,152,81,0,0,0,1,0,1,0,0,0,0,0,0,0,25,20,0.126,0.127,0.392,46,24,normal
7,icmp,smtp,REJ,253,2,0,0,0,5,0,1,3,0,1,0,1,0,0,119,106,0.858,0.996,0.073,14,9,probe
1,tcp,ssh,S0,358,100,0,0,0,0,0,0,0,0,0,0,0,0,0,16,18,0.258,0.008,0.921,39,29,normal
8,udp,ftp_data,RSTO,245,4,0,0,0,6,0,1,2,0,0,0,1,0,3,108,123,0.777,0.81,0.249,17,9,probe
4,udp,pop3,SF,370,5,0,0,0,4,0,0,3,0,0,1,0,1,0,133,101,0.781,0.92,0.088,16,6,probe
31,icmp,pop3,RSTR,118,44,0,0,0,3,0,0,5,0,0,2,0,0,2,114,111,0.992,0.95,0.071,9,11,r2l
0,udp,telnet,SF,271,1230,0,0,0,0,0,1,0,0,0,0,0,0,0,19,16,0.182,0.263,0.981,36,21,normal
0,tcp,ftp,SH,4879,137,0,0,0,1,0,1,0,0,0,0,0,0,0,19,17,0.118,0.363,0.588,32,26,normal
6,icmp,imap,SF,857,4,0,0,0,5,0,0,5,0,0,1,0,0,1,107,105,0.847,0.917,0.198,15,13,dos
14,icmp,ftp,REJ,4,48,0,0,0,5,2,0,2,0,0,2,2,0,0,121,117,0.981,0.966,0.12,14,9,dos
2,tcp,ssh,REJ,304,272,0,0,0,0,0,1,0,0,0,1,0,0,0,17,18,0.074,0.229,0.654,33,18,normal
1,icmp,imap,RSTR,785,172,0,0,0,0,0,1,0,0,0,0,0,0,0,24,20,0.089,0.011,0.834,29,23,normal
22,udp,smtp,SF,29,11,0,0,0,4,1,0,1,0,0,1,1,0,0,140,124,0.828,0.865,0.156,20,15,dos
1,tcp,imap,SH,1268,6,0,0,0,4,0,1,4,0,0,2,0,0,1,126,124,0.895,0.668,0.044,10,12,probe
21,udp,smtp,REJ,16,85,0,0,0,8,1,0,2,0,0,0,0,0,0,117,90,0.805,0.839,0.18,10,8,probe
20,udp,ftp_data,SH,13,305,0,0,0,7,0,0,1,0,1,0,1,0,1,109,106,0.996,0.663,0.183,12,10,dos
6,icmp,ftp,S0,268,111,0,0,0,1,0,0,0,0,0,0,0,0,0,16,16,0.205,0.001,0.311,37,14,normal
0,icmp,smtp,RSTR,2070,418,0,0,0,2,0,0,1,0,0,0,0,0,0,14,17,0.141,0.523,0.717,30,25,normal
3,udp,telnet,RSTO,208,1503,0,0,0,2,0,1,0,0,0,0,0,0,0,27,9,0.024,0.114,0.929,52,21,normal
2,icmp,ftp,SH,129,12,0,0,0,7,0,0,3,0,0,0,2,0,0,119,93,0.899,0.927,0.142,11,13,dos
16,icmp,ftp_data,REJ,452,39,0,0,0,6,0,0,4,0,0,3,1,0,1,120,107,0.927,0.742,0.013,15,14,dos
3,udp,imap,RSTO,373,223,0,0,0,1,0,1,0,0,0,0,0,0,0,17,13,0.061,0.031,0.522,34,22,normal
3,udp,smtp,SH,4246,100,0,0,0,1,0,1,0,0,0,0,1,0,0,25,15,0.246,0.016,0.428,37,16,normal
0,icmp,ftp,S0,304,713,0,0,0,0,0,0,0,0,0,0,1,0,0,26,17,0.058,0.471,0.876,27,26,normal
0,tcp,ftp_data,RSTR,341,103,0,0,0,3,0,1,0,0,0,0,0,0,0,21,17,0.165,0.134,0.743,29,22,normal
35,tcp,smtp,RSTO,94,1,0,0,0,6,0,0,1,0,0,1,0,0,0,132,106,0.886,0.771,0.105,14,13,dos
2,icmp,ssh,RSTO,1413,1127,0,0,0,1,0,0,0,0,0,0,0,0,0,19,14,0.257,0.488,0.889,43,25,normal
10,udp,dns,SH,1505,4,0,0,0,6,0,0,2,0,1,0,0,0,0,108,124,0.907,0.585,0.187,13,9,dos
1,tcp,http,REJ,181,528,0,0,0,2,0,0,1,0,0,0,0,0,0,23,26,0.423,0.032,0.785,29,23,normal
1,icmp,imap,REJ,7095,301,0,0,0,0,0,1,2,0,0,0,0,0,0,20,10,0.316,0.634,0.778,41,23,normal
7,icmp,ssh,RSTR,25,24,0,0,1,5,1,0,7,0,0,1,1,0,0,143,121,0.795,0.8,0.168,17,7,dos
8,tcp,dns,SF,81,101,0,0,0,7,1,1,1,0,0,1,0,0,0,106,128,0.976,0.852,0.051,16,4,dos
12,icmp,smtp,SH,23,2,0,1,0,7,1,0,1,0,0,0,0,0,0,124,127,0.483,0.668,0.262,14,17,dos
55,udp,ftp_data,REJ,1118,13,0,0,0,6,1,0,0,0,0,1,1,0,1,128,112,0.729,0.991,0.05,16,6,probe
1,tcp,imap,SF,249,279,0,0,0,1,0,1,0,0,0,1,0,0,0,27,20,0.027,0.216,0.788,38,18,normal
0,tcp,pop3,RSTO,968,1315,0,0,0,0,0,1,1,0,0,1,0,0,1,23,18,0.142,0.047,0.959,40,29,normal
10,udp,ssh,SH,150,10,0,0,0,6,0,0,3,0,0,0,0,1,0,122,101,0.817,0.767,0.155,11,12,probe
8,icmp,ssh,RSTO,465,11,0,0,0,5,1,1,2,0,0,1,1,0,0,113,112,0.933,0.589,0.017,9,14,r2l
1,udp,ssh,S0,758,422,0,0,0,0,0,1,2,0,0,0,0,0,0,18,12,0.081,0.161,0.687,37,32,normal
0,tcp,dns,REJ,175,1057,0,0,0,2,0,1,0,0,0,0,0,0,0,12,19,0.02,0.195,0.717,39,24,normal
28,tcp,pop3,SF,23,1,0,0,0,10,0,1,1,0,0,2,0,0,0,121,106,0.897,0.969,0.078,8,13,dos
8,icmp,pop3,SF,645,111,0,0,0,0,0,0,0,0,0,0,0,0,0,24,8,0.173,0.056,0.855,36,23,normal
7,udp,imap,SF,104,70,0,0,0,1,1,0,1,0,0,0,0,0,0,118,107,0.815,0.959,0.045,13,8,dos
1,tcp,imap,SF,390,444,0,0,0,0,0,1,0,0,0,0,0,0,0,37,20,0.384,0.137,0.555,36,25,normal
6,icmp,http,SF,1427,182,0,0,0,3,1,1,0,0,0,1,3,1,0,120,114,0.747,0.654,0.044,8,6,dos
13,tcp,pop3,SF,138,444,0,0,0,4,0,0,1,0,0,2,0,0,0,119,102,0.705,0.993,0.098,10,6,dos
0,udp,ftp_data,RSTO,877,230,0,0,0,0,0,0,0,0,0,1,0,0,0,23,14,0.012,0.243,0.916,34,26,normal
11,tcp,imap,RSTR,54,7,0,0,0,5,0,1,2,0,0,2,0,0,0,123,100,0.917,0.822,0.138,11,11,dos
1,udp,ssh,RSTO,373,439,0,0,0,0,0,0,0,0,0,0,0,0,0,16,22,0.233,0.121,0.857,28,25,normal
1,udp,http,RSTR,62,7,0,0,0,4,1,1,3,0,1,1,2,0,0,128,106,0.553,0.945,0.072,14,13,dos
0,tcp,ssh,SH,373,464,0,0,0,0,0,1,0,0,0,0,0,0,0,19,9,0.102,0.064,0.777,37,22,normal
0,udp,pop3,RSTO,778,221,0,0,0,1,0,0,1,0,0,0,0,0,1,28,17,0.023,0.042,0.896,26,27,normal
4,udp,smtp,REJ,44,1149,0,0,0,1,0,1,0,0,0,0,0,0,0,15,11,0.158,0.25,0.947,40,29,normal
0,tcp,ssh,SF,64,177,0,0,0,0,0,0,1,0,0,0,0,0,0,19,21,0.394,0.013,0.637,37,27,normal
10,udp,http,S0,451,358,0,0,0,0,0,0,1,0,0,0,0,0,0,15,21,0.063,0.016,0.982,36,30,normal
1,udp,telnet,REJ,119,589,0,0,0,0,0,1,0,0,0,0,0,0,0,21,10,0.197,0.381,0.857,33,21,normal
1,tcp,ftp_data,SH,208,177,0,0,0,1,0,0,0,0,0,0,0,0,0,23,15,0.081,0.119,0.811,27,35,normal
46,icmp,ssh,S0,26,0,0,0,0,2,0,0,1,0,0,0,0,0,1,117,122,0.799,0.956,0.277,11,8,dos
1,udp,pop3,SH,330,1651,0,0,0,1,0,1,1,0,0,0,0,0,0,21,17,0.06,0.107,0.964,31,32,normal
8,tcp,dns,S0,21,56,0,0,0,5,1,0,2,0,0,1,0,0,0,124,115,0.789,0.939,0.243,9,11,probe
59,icmp,smtp,RSTR,514,1041,0,0,0,4,1,0,1,0,0,3,0,0,0,109,110,0.856,0.995,0.415,14,3,r2l
0,udp,ftp,S0,596,263,0,0,0,2,0,1,0,0,0,0,0,0,0,22,14,0.113,0.185,0.848,29,27,normal
18,icmp,telnet,REJ,274,6,0,0,0,11,0,0,1,0,0,0,1,0,0,123,113,0.952,0.922,0.274,22,14,dos
0,tcp,http,RSTR,21,295,0,0,0,4,0,0,2,1,0,0,0,0,1,113,117,0.602,0.881,0.467,9,10,dos
1,tcp,imap,SH,188,65,0,0,0,2,0,1,0,0,0,0,0,0,0,32,14,0.017,0.069,0.939,43,27,normal
6,tcp,telnet,SH,43,26,0,0,0,5,0,0,0,0,0,0,1,0,1,119,114,0.812,0.847,0.115,15,9,u2r
2,icmp,pop3,RSTO,458,12,0,0,0,4,0,0,3,0,0,0,0,0,1,126,97,0.947,0.76,0.393,9,7,dos
1,tcp,http,SH,256,669,0,0,0,0,0,1,2,0,0,0,0,0,0,21,9,0.255,0.143,0.754,39,29,normal
1,icmp,telnet,SF,1059,445,0,0,0,0,0,1,0,0,0,1,0,0,0,16,12,0.179,0.03,0.547,29,30,normal
0,udp,imap,SF,206,66,0,0,0,7,1,0,1,0,0,4,0,0,0,133,90,0.726,0.944,0.024,15,6,probe
1,tcp,pop3,REJ,210,146,0,0,0,3,0,0,0,0,0,0,0,0,0,14,17,0.219,0.438,0.82,31,22,normal
7,icmp,ftp,REJ,310,530,0,0,0,2,0,1,0,0,0,0,0,0,0,24,15,0.144,0.157,0.623,33,21,normal
6,tcp,ftp_data,RSTR,212,1,0,0,0,2,1,0,2,0,0,2,1,0,0,109,116,0.811,0.908,0.147,7,10,probe
0,icmp,ftp_data,SF,757,519,0,0,0,1,0,1,0,0,0,1,0,0,0,20,17,0.049,0.077,0.527,34,23,normal
3,icmp,dns,RSTO,721,313,0,0,0,0,0,1,0,0,0,0,0,0,0,24,16,0.174,0.075,0.79,40,18,normal
4,tcp,http,REJ,784,469,0,0,0,2,0,1,0,0,0,0,0,0,0,16,17,0.127,0.078,0.712,35,26,normal
2,icmp,dns,RSTR,455,21,0,0,0,3,0,0,2,0,0,0,0,0,0,129,129,0.707,0.821,0.096,17,12,dos
5,tcp,ssh,RSTR,726,366,0,0,0,1,0,1,0,0,0,1,0,0,0,20,16,0.057,0.048,0.749,33,36,normal
1,udp,smtp,SH,140,38,0,0,0,0,0,1,2,0,0,0,0,0,0,26,17,0.154,0.115,0.81,46,22,normal
39,tcp,pop3,SH,195,174,0,0,0,5,2,0,1,0,0,1,0,0,1,115,108,0.829,0.746,0.02,11,8,probe
22,tcp,ftp,S0,283,58,0,0,0,6,1,0,2,0,0,1,0,0,1,104,113,0.948,0.851,0.052,9,9,probe
2,icmp,imap,RSTR,5518,124,0,0,0,0,0,1,0,0,0,0,0,0,0,22,19,0.247,0.218,0.803,24,15,normal
0,udp,smtp,SF,452,148,0,0,0,2,0,1,1,0,0,0,0,0,0,19,18,0.1,0.098,0.833,37,32,normal
2,tcp,http,S0,1227,280,0,0,0,2,0,0,0,0,0,0,0,0,0,14,15,0.077,0.378,0.924,40,27,normal
1,udp,imap,SF,221,259,0,0,0,0,0,1,1,0,0,0,0,0,0,17,19,0.287,0.15,0.748,27,26,normal
5,icmp,imap,SH,36,73,0,0,0,8,2,0,0,0,0,1,2,0,0,94,127,0.848,0.897,0.154,10,15,r2l
3,tcp,ssh,S0,575,342,0,0,0,2,0,1,0,0,0,0,0,0,0,13,21,0.121,0.394,0.587,31,21,normal
8,tcp,smtp,REJ,66,32,0,0,0,5,0,0,3,0,0,1,0,0,0,100,132,0.947,0.947,0.283,15,5,probe
11,icmp,imap,REJ,10,47,0,0,0,6,1,0,3,0,0,0,0,0,0,119,105,0.967,0.873,0.117,10,11,r2l
1,tcp,http,RSTO,74,103,0,0,0,0,0,1,0,0,0,0,0,0,0,12,15,0.501,0.385,0.698,33,32,normal
3,icmp,smtp,RSTO,873,4263,0,0,0,1,0,1,0,0,0,0,0,0,0,29,10,0.154,0.085,0.771,31,32,normal
3,icmp,http,SH,190,1281,0,0,0,6,0,0,1,0,0,0,2,0,0,108,103,0.989,0.866,0.292,9,9,probe
51,icmp,http,SF,13,342,0,0,0,6,0,0,1,0,0,1,1,0,1,120,99,0.945,0.995,0.122,11,9,probe
6,tcp,http,REJ,187,86,0,0,0,2,0,0,2,0,0,0,2,0,0,114,101,0.866,0.945,0.128,11,6,dos
37,icmp,pop3,SF,98,62,0,0,0,3,0,0,2,0,1,2,1,0,2,112,107,0.601,0.56,0.024,15,17,dos
3,icmp,dns,RSTO,902,271,0,0,0,3,0,1,1,0,0,0,0,0,0,26,17,0.172,0.018,0.702,39,25,normal
14,icmp,http,REJ,56,202,0,0,0,3,1,0,2,0,0,0,0,0,0,111,116,0.818,0.777,0.09,16,11,probe
3,icmp,ftp_data,SH,106,139,0,0,0,1,0,1,0,0,0,0,0,0,0,21,20,0.385,0.002,0.796,37,27,normal
0,icmp,dns,RSTO,760,90,0,0,0,0,0,0,0,0,0,0,0,0,0,20,18,0.047,0.09,0.865,25,24,normal
1,udp,smtp,REJ,626,230,0,0,0,0,0,1,0,0,0,0,0,0,0,15,8,0.048,0.01,0.938,36,17,normal
0,udp,dns,RSTR,876,232,0,0,0,1,0,1,0,0,0,0,0,0,0,18,25,0.107,0.414,0.984,38,28,normal
2,udp,dns,SH,300,104,0,0,0,1,0,1,1,0,0,1,0,0,0,23,14,0.064,0.403,0.924,29,31,normal
17,udp,imap,RSTO,430,15,0,0,0,5,0,0,1,0,0,0,1,0,1,120,105,0.898,0.952,0.323,23,15,dos
3,udp,ftp_data,S0,680,671,0,0,0,0,0,1,0,0,0,0,0,0,0,21,18,0.45,0.085,0.636,34,28,normal
1,udp,ftp_data,SH,78,66,0,0,0,4,0,0,3,0,0,0,1,0,0,130,132,0.965,0.787,0.149,7,10,dos
2,icmp,pop3,SF,263,417,0,0,0,2,0,1,0,0,0,0,0,0,0,19,11,0.209,0.152,0.759,36,17,normal
0,udp,http,SF,846,512,0,0,0,0,0,1,0,0,0,0,0,0,0,19,15,0.301,0.047,0.83,36,26,normal
0,icmp,imap,REJ,342,559,0,0,0,1,0,1,1,0,0,0,0,0,0,18,15,0.093,0.097,0.979,38,27,normal
3,icmp,ftp,RSTO,82,161,0,0,0,1,0,1,0,0,0,0,0,0,0,18,17,0.094,0.203,0.536,29,31,normal
3,icmp,ftp_data,SF,1065,1298,0,0,0,0,0,1,0,0,0,2,0,0,0,18,13,0.05,0.075,0.898,36,22,normal
1,icmp,ftp_data,RSTR,114,660,0,0,0,0,0,1,0,0,0,0,0,0,0,21,9,0.538,0.086,0.845,32,30,normal
1,tcp,smtp,REJ,565,479,0,0,0,1,0,1,1,0,0,0,0,0,0,24,16,0.038,0.007,0.686,38,25,normal
43,icmp,ftp_data,RSTO,59,12,0,0,0,6,0,0,1,0,0,0,1,0,0,106,104,0.763,0.683,0.232,11,5,dos
5,tcp,ftp_data,S0,587,622,0,0,0,0,0,0,0,0,0,0,1,0,0,21,15,0.359,0.355,0.966,30,25,normal
4,udp,dns,RSTO,70,502,0,0,0,2,0,1,0,0,0,0,0,0,0,20,7,0.02,0.003,0.613,33,23,normal
4,udp,telnet,SH,23,21,0,0,0,6,3,0,1,0,0,1,1,0,1,121,106,0.795,0.585,0.036,19,19,dos
1,udp,smtp,REJ,588,745,0,0,0,3,0,1,1,0,0,0,0,0,0,22,19,0.129,0.026,0.972,33,22,normal
0,udp,pop3,RSTR,4059,208,0,0,0,0,0,1,0,0,0,0,0,0,0,19,15,0.051,0.057,0.907,31,19,normal
24,icmp,ssh,RSTR,148,7,0,0,0,4,0,0,3,1,0,0,0,0,0,127,125,0.996,0.897,0.012,13,8,probe
10,icmp,smtp,SF,74,6,0,0,0,7,1,0,1,0,0,0,0,0,2,113,107,0.763,0.816,0.203,6,6,dos
1,udp,ftp_data,SH,558,305,0,0,0,0,0,1,0,0,0,0,0,0,0,17,11,0.178,0.296,0.729,33,25,normal
0,udp,pop3,S0,374,2022,0,0,0,2,0,1,0,0,0,1,0,0,0,21,8,0.408,0.04,0.502,41,19,normal
1,udp,ftp_data,SF,210,97,0,0,0,1,0,1,0,0,0,0,1,0,1,24,13,0.024,0.038,0.968,29,32,normal
1,tcp,telnet,SH,3764,135,0,0,0,0,0,1,0,0,0,0,0,0,1,19,13,0.095,0.203,0.765,30,29,normal
5,udp,smtp,RSTO,6248,446,0,0,0,1,0,1,0,0,0,1,0,0,0,20,16,0.032,0.183,0.726,36,32,normal
2,icmp,ftp_data,SF,541,88,0,0,0,3,0,1,0,0,0,0,0,0,0,25,14,0.076,0.2,0.714,40,31,normal
2,udp,http,REJ,326,127,0,0,0,4,0,0,3,0,0,0,0,0,1,130,123,0.945,0.808,0.224,10,10,probe
0,icmp,dns,S0,193,773,0,0,0,0,0,1,0,0,0,0,2,0,0,19,23,0.137,0.094,0.914,30,30,normal
2,tcp,ftp_data,S0,628,197,0,0,0,1,0,1,0,0,0,0,0,0,0,30,15,0.059,0.21,0.752,39,24,normal
2,tcp,dns,SF,185,452,0,0,0,0,0,0,0,0,0,1,0,0,0,24,20,0.045,0.258,0.963,35,21,normal
1,udp,imap,S0,922,287,0,0,0,1,0,1,0,0,0,2,0,0,0,17,9,0.18,0.347,0.842,47,15,normal
38,icmp,ftp_data,S0,128,8,0,0,0,5,0,1,6,0,0,1,0,0,1,126,83,0.714,0.736,0.119,20,10,u2r
1,icmp,ssh,RSTO,774,282,0,0,0,1,0,0,0,0,0,1,0,0,0,17,11,0.194,0.243,0.593,30,19,normal
3,icmp,ftp_data,SH,364,10,0,0,0,4,0,0,3,0,0,0,0,0,1,111,121,0.814,0.796,0.422,12,10,dos
8,udp,ftp,RSTO,1606,163,0,0,0,6,0,0,2,0,0,1,1,0,0,112,126,0.727,0.733,0.153,9,4,dos
2,tcp,dns,REJ,219,761,0,0,0,1,0,0,0,0,0,0,0,0,0,26,16,0.023,0.51,0.53,33,23,normal
18,icmp,dns,SH,95,69,0,0,0,8,0,0,2,0,0,0,0,0,1,131,101,0.961,0.607,0.161,12,7,dos
0,udp,ftp,S0,192,1489,0,0,0,1,0,1,0,0,0,1,0,0,0,16,11,0.097,0.047,0.619,39,30,normal
3,tcp,http,REJ,351,18,0,0,0,6,0,0,1,0,0,0,2,0,0,131,102,0.838,0.695,0.018,9,8,probe
1,icmp,ssh,S0,1257,301,0,0,0,0,0,1,1,0,0,0,0,0,0,23,14,0.151,0.06,0.965,28,22,normal
0,icmp,ftp_data,S0,212,465,0,0,0,1,0,1,0,0,0,0,0,0,0,27,14,0.219,0.18,0.864,43,22,normal
3,icmp,smtp,SF,2,196,0,0,0,5,1,0,0,0,0,2,0,0,3,127,104,0.98,0.529,0.185,14,7,dos
2,tcp,telnet,SF,237,294,0,0,0,2,0,1,0,0,0,0,0,0,0,19,19,0.315,0.32,0.773,36,21,normal
10,icmp,dns,SH,125,2,0,0,0,4,1,0,4,0,0,1,2,0,0,134,117,0.873,0.862,0.021,9,17,probe
0,udp,smtp,RSTO,95,125,0,0,0,4,0,1,0,0,0,0,0,0,0,17,17,0.101,0.01,0.637,43,23,normal
34,tcp,http,SH,618,44,0,0,0,6,0,0,6,0,0,1,2,0,0,127,109,0.934,0.934,0.02,9,11,r2l
8,icmp,telnet,SH,341,33,0,0,0,1,0,1,4,0,0,0,1,0,0,100,112,0.888,0.879,0.148,23,12,dos
4,icmp,imap,SF,1170,102,0,0,0,0,0,1,0,0,0,0,1,0,0,17,12,0.111,0.152,0.812,36,21,normal
0,icmp,imap,S0,152,35,0,0,0,8,1,0,2,0,0,1,1,0,2,112,99,0.921,0.918,0.155,11,10,dos
1,tcp,imap,REJ,125,6,0,0,0,5,1,0,1,0,0,1,1,0,0,127,125,0.688,0.808,0.077,18,10,dos
15,icmp,imap,S0,280,67,0,0,0,5,0,0,3,0,0,3,0,0,2,123,99,0.925,0.709,0.198,15,14,dos
1,icmp,dns,SF,440,261,0,0,0,0,0,1,0,0,0,0,0,0,0,16,8,0.242,0.106,0.779,32,24,normal
0,udp,ftp,SH,233,978,0,0,0,3,0,0,0,0,0,1,0,0,0,26,12,0.062,0.079,0.815,26,20,normal
6,icmp,imap,S0,603,1241,0,0,0,1,0,1,0,0,0,0,0,0,0,24,22,0.22,0.064,0.816,41,28,normal
5,udp,http,RSTR,1149,242,0,0,0,2,0,1,1,0,0,0,0,0,0,23,18,0.069,0.051,0.874,31,37,normal
2,udp,smtp,REJ,606,587,0,0,0,1,0,0,0,0,0,0,0,0,0,20,10,0.018,0.454,0.812,21,27,normal
3,udp,smtp,SF,454,711,0,0,0,0,0,1,1,0,0,0,0,0,0,17,19,0.106,0.084,0.728,36,24,normal
3,tcp,ftp,S0,97,64,0,0,0,3,1,0,2,0,0,0,1,0,0,120,120,0.915,0.963,0.452,8,10,dos
2,tcp,ftp,SH,33,4,0,0,0,3,0,0,2,0,0,1,0,0,1,128,105,0.934,0.986,0.03,9,10,dos
0,udp,ftp,SH,1009,383,0,0,0,2,0,1,1,0,0,1,0,0,0,25,13,0.207,0.164,0.951,36,31,normal
4,icmp,http,SH,813,877,0,0,0,3,0,1,0,0,0,0,0,0,0,29,17,0.148,0.017,0.394,34,32,normal
27,tcp,ssh,REJ,108,5,0,0,0,0,1,0,3,0,0,0,0,0,0,97,112,0.83,0.829,0.401,12,8,dos
2,icmp,smtp,RSTO,5107,2025,0,0,0,2,0,1,0,0,0,0,0,0,0,19,17,0.435,0.569,0.92,39,31,normal
1,icmp,pop3,S0,221,119,0,0,0,1,0,1,0,0,0,0,0,0,0,19,12,0.309,0.084,0.725,35,26,normal
6,tcp,smtp,SF,234,569,0,0,0,3,0,0,0,0,0,0,0,0,0,15,13,0.207,0.095,0.923,33,27,normal
3,udp,ftp,SF,190,4,0,0,0,4,0,0,2,0,0,0,1,0,0,114,122,0.803,0.709,0.131,12,7,dos
3,tcp,ftp,SH,12,15,0,0,0,6,1,0,1,0,0,1,1,0,0,147,100,0.922,0.874,0.16,14,11,dos
2,icmp,telnet,RSTO,2006,241,0,0,0,1,0,1,0,0,0,0,0,0,0,23,13,0.157,0.127,0.84,25,22,normal
11,icmp,http,RSTR,82,14,0,0,0,4,1,1,4,0,0,0,0,0,0,107,106,0.557,0.87,0.224,16,10,u2r
8,udp,ftp_data,SH,299,0,0,0,0,7,0,1,1,0,0,1,0,0,1,138,124,0.788,0.92,0.143,14,9,probe
9,tcp,ftp,RSTO,165,4,0,0,0,3,0,0,4,0,0,1,0,0,0,104,114,0.947,0.863,0.06,13,15,probe
23,icmp,imap,RSTO,119,541,0,0,0,0,0,1,0,0,0,0,0,0,0,19,18,0.116,0.03,0.787,40,28,normal
7,udp,ssh,S0,83,4,0,0,0,10,2,0,1,0,0,2,2,0,0,103,103,0.8,0.725,0.018,11,6,dos
1,icmp,smtp,S0,1560,341,0,0,0,3,0,1,0,0,0,0,0,0,0,19,17,0.026,0.026,0.652,33,25,normal
31,icmp,ftp_data,RSTO,101,15,0,0,0,6,0,0,3,0,0,1,0,0,1,119,126,0.835,0.873,0.432,11,13,dos
1,icmp,pop3,S0,142,237,0,0,0,1,0,0,0,0,0,0,0,0,0,25,12,0.026,0.018,0.38,29,27,normal
30,icmp,ftp,S0,24,378,0,0,0,3,1,0,1,0,0,3,0,0,1,121,113,0.817,0.916,0.019,15,9,dos
0,udp,telnet,SH,310,518,0,0,0,2,0,1,0,0,0,0,0,0,0,27,15,0.157,0.057,0.841,41,21,normal
10,icmp,smtp,RSTO,60,30,0,0,0,7,1,0,2,0,0,0,0,0,0,124,127,0.851,0.67,0.133,6,13,probe
4,icmp,telnet,RSTR,165,326,0,0,0,0,0,1,1,0,0,0,0,0,0,15,12,0.344,0.053,0.888,20,28,normal
1,tcp,telnet,RSTR,1212,1015,0,0,0,0,0,1,0,0,0,0,0,0,0,24,19,0.104,0.033,0.778,35,24,normal
3,tcp,ssh,RSTO,298,388,0,0,0,2,0,1,0,0,0,0,0,0,0,12,11,0.0,0.196,0.615,26,25,normal
49,tcp,ftp_data,REJ,40,6,0,0,0,3,0,0,4,0,0,0,1,0,1,116,105,0.956,0.81,0.231,8,12,dos
2,tcp,ftp_data,SF,797,252,0,0,0,3,0,0,0,0,0,0,1,0,0,15,15,0.068,0.139,0.955,32,22,normal
1,tcp,telnet,SH,3960,77,0,0,0,0,0,1,2,0,0,0,0,0,1,14,12,0.219,0.152,0.628,38,21,normal
0,tcp,smtp,S0,199,637,0,0,0,2,0,1,0,0,0,0,1,0,0,24,12,0.034,0.197,0.731,35,23,normal
19,tcp,ssh,SF,28,85,0,0,0,4,1,0,3,0,0,1,0,0,0,130,109,0.579,0.854,0.04,17,5,dos
12,udp,smtp,SF,8,43,0,0,0,10,1,0,2,0,0,1,2,0,0,122,108,0.867,0.779,0.236,16,3,dos
2,udp,dns,SH,322,997,0,0,0,3,0,0,0,0,0,2,0,0,0,11,14,0.193,0.085,0.73,29,22,normal
0,tcp,dns,RSTO,303,77,0,0,0,0,0,1,0,0,0,0,0,0,0,15,8,0.25,0.012,0.733,41,20,normal
0,icmp,telnet,RSTR,1119,137,0,0,0,1,0,1,1,0,0,0,0,0,0,18,15,0.194,0.101,0.658,45,28,normal
11,icmp,imap,SH,227,336,0,0,0,3,0,1,0,0,0,0,0,0,0,16,10,0.051,0.065,0.683,29,22,normal
0,tcp,imap,REJ,336,747,0,0,0,1,0,1,1,0,0,0,0,0,0,15,10,0.024,0.412,0.871,36,20,normal
4,tcp,telnet,RSTR,509,406,0,0,0,6,1,0,1,0,0,0,1,0,0,121,114,0.755,0.89,0.211,14,11,dos
3,tcp,smtp,RSTO,208,537,0,0,0,2,0,1,0,0,0,2,0,0,0,20,13,0.058,0.155,0.896,35,31,normal
1,tcp,imap,SF,198,142,0,0,0,0,0,1,0,0,0,0,0,0,0,22,25,0.197,0.07,0.765,28,21,normal
0,icmp,telnet,SF,986,28,0,0,0,0,0,0,0,0,0,0,0,0,0,22,12,0.23,0.022,0.696,32,28,normal
0,icmp,dns,SF,351,110,0,0,0,0,0,1,0,0,0,1,0,0,1,21,12,0.063,0.171,0.418,34,20,normal
3,udp,http,RSTO,302,89,0,0,0,3,0,1,1,0,0,0,0,0,0,20,13,0.125,0.47,0.673,26,39,normal
1,udp,smtp,RSTO,712,229,0,0,0,0,0,1,0,0,0,0,0,0,0,19,16,0.252,0.18,0.974,39,17,normal
23,udp,smtp,SF,159,4,0,0,0,7,1,0,0,0,0,1,2,0,0,122,114,0.855,0.655,0.312,7,7,dos
9,tcp,pop3,SH,30,31,0,0,0,5,0,0,2,0,0,1,1,0,0,117,96,0.926,1.0,0.11,8,12,dos
25,icmp,smtp,S0,1036,4,0,0,0,4,3,1,3,0,0,2,0,0,0,108,94,0.814,0.681,0.278,11,10,dos
6,icmp,ftp,RSTO,52,42,0,0,0,3,0,0,2,0,0,0,0,0,1,122,120,0.901,0.95,0.121,9,12,r2l
0,udp,smtp,SH,181,216,0,0,0,2,0,0,0,0,0,0,0,0,0,25,16,0.166,0.152,0.772,41,23,normal
1,tcp,ftp_data,S0,518,199,0,0,0,2,0,1,0,0,0,1,0,0,0,16,14,0.004,0.249,0.85,33,25,normal
30,tcp,telnet,S0,75,2,0,0,0,5,1,0,3,0,0,0,0,0,1,131,110,0.926,0.767,0.085,7,9,probe
2,udp,http,SH,712,534,0,0,0,0,0,1,0,0,0,0,0,0,0,32,20,0.084,0.304,0.779,35,18,normal
0,tcp,imap,REJ,1226,554,0,0,0,1,0,1,1,0,0,0,0,0,0,16,13,0.036,0.04,0.747,36,14,normal
29,tcp,pop3,RSTR,121,259,0,0,0,8,1,0,3,0,0,0,2,0,0,116,132,0.927,0.878,0.032,7,7,dos
0,udp,http,SH,1680,380,0,0,0,1,0,1,0,0,0,2,0,0,0,16,24,0.068,0.18,0.838,38,37,normal
1,udp,dns,SH,362,2492,0,0,0,2,0,1,0,0,0,0,0,0,0,17,21,0.364,0.172,0.501,36,24,normal
2,udp,ftp_data,S0,60,4437,0,0,0,0,0,1,0,0,0,1,0,0,0,24,12,0.006,0.4,0.824,37,19,normal
0,udp,ftp,RSTR,44,73,0,0,0,0,0,0,0,0,0,1,0,0,0,18,16,0.364,0.077,0.651,32,22,normal
1,tcp,http,REJ,50,762,0,0,0,0,0,1,2,0,0,0,1,0,0,15,15,0.199,0.249,0.715,32,25,normal
1,icmp,ftp_data,SH,15,102,0,0,0,5,0,0,1,0,1,1,2,0,1,138,110,0.88,0.865,0.581,6,9,dos
1,tcp,imap,REJ,336,478,0,0,0,2,0,1,0,0,0,1,0,0,0,15,8,0.092,0.064,0.938,29,19,normal
8,icmp,ssh,REJ,870,703,0,0,0,1,0,1,0,0,0,0,1,0,0,14,12,0.527,0.138,0.895,35,16,normal
13,icmp,ssh,RSTO,106,55,0,0,0,5,0,0,1,0,0,0,1,0,0,115,103,0.802,0.921,0.593,13,7,dos
1,udp,ftp_data,REJ,192,2443,0,0,0,0,0,1,0,0,0,0,0,0,0,17,16,0.008,0.331,0.884,40,14,normal
1,icmp,http,RSTO,1402,40,0,0,0,5,0,0,1,0,0,1,2,0,0,114,94,0.825,0.893,0.074,10,13,dos
0,udp,smtp,RSTO,334,99,0,0,0,1,0,0,1,0,0,0,0,0,0,11,11,0.188,0.09,0.567,35,22,normal
0,icmp,smtp,SH,22,100,0,0,0,9,0,0,0,0,0,1,0,0,0,128,113,0.861,0.818,0.038,15,12,probe
2,udp,ftp,SF,16,4,0,0,0,6,1,0,2,0,0,0,1,0,1,118,108,0.731,0.902,0.37,9,13,dos
1,udp,ftp_data,S0,523,142,0,0,0,4,0,1,0,0,0,1,0,0,0,22,15,0.348,0.051,0.857,40,23,normal
0,tcp,telnet,REJ,1178,204,0,0,0,2,0,0,1,0,0,0,0,0,0,14,14,0.299,0.173,0.788,55,22,normal
1,icmp,http,SF,116,115,0,0,0,1,0,1,2,0,0,0,0,0,0,17,10,0.068,0.052,0.516,34,19,normal
2,udp,http,SF,318,347,0,0,0,1,0,0,0,0,0,0,0,0,0,20,16,0.04,0.058,0.886,30,29,normal
2,tcp,ssh,RSTR,2118,102,0,0,0,0,0,1,0,0,0,0,1,0,0,35,19,0.056,0.178,0.827,31,27,normal
0,icmp,ftp_data,REJ,38,10,0,0,0,5,1,0,0,0,0,2,3,0,1,123,90,0.69,0.69,0.145,11,5,u2r
1,icmp,telnet,S0,29,1155,0,0,0,3,0,1,0,0,0,0,0,0,0,25,18,0.161,0.17,0.779,37,21,normal
4,tcp,dns,REJ,698,63,0,0,0,2,0,1,0,0,0,0,0,0,0,17,12,0.077,0.018,0.89,32,27,normal
12,udp,pop3,REJ,27,4,0,0,0,4,0,1,2,0,0,0,1,0,1,131,105,0.82,0.907,0.292,15,11,u2r
24,udp,ftp,SH,21,185,0,0,0,4,1,0,2,0,0,2,0,0,0,119,86,0.911,0.943,0.343,11,17,r2l
0,icmp,imap,S0,455,615,0,0,0,4,0,1,0,0,0,0,0,0,0,20,33,0.036,0.066,0.547,28,28,normal
0,udp,ftp,RSTO,494,206,0,0,0,1,0,1,0,0,0,0,0,0,0,18,15,0.187,0.369,0.738,39,28,normal
9,udp,ssh,RSTO,250,336,0,0,0,1,0,1,0,0,0,0,0,0,0,19,18,0.135,0.049,0.689,37,15,normal
4,tcp,ftp,RSTR,103,996,0,0,0,8,0,0,3,0,0,0,1,0,0,127,117,0.947,0.768,0.6,10,13,probe
4,tcp,telnet,SF,221,113,0,0,0,1,0,1,0,0,0,0,0,0,0,22,14,0.117,0.231,0.684,24,29,normal
0,tcp,ftp,RSTR,141,154,0,0,0,1,0,1,0,0,0,0,1,0,0,19,20,0.119,0.073,0.783,31,23,normal
21,icmp,imap,RSTR,29,7,0,0,0,6,0,0,0,0,0,0,0,0,0,112,122,0.793,0.987,0.26,13,10,dos
2,udp,http,SF,304,2,0,0,0,5,0,0,2,0,0,0,2,0,0,126,111,0.667,0.679,0.137,11,8,dos
97,icmp,ssh,SF,184,19,0,0,0,7,1,0,3,0,0,0,1,0,0,108,96,0.981,0.639,0.626,19,16,probe
12,icmp,ssh,RSTR,3917,239,0,0,0,3,0,1,0,0,0,1,0,0,0,18,15,0.005,0.01,0.913,37,22,normal
2,tcp,imap,S0,96,0,0,0,0,7,0,1,1,0,0,1,1,0,1,119,115,0.755,0.802,0.247,8,7,dos
3,tcp,ftp,REJ,353,385,0,0,0,0,0,1,0,0,0,0,0,0,0,20,15,0.027,0.127,0.865,39,19,normal
5,tcp,http,S0,351,598,0,0,0,2,0,0,0,0,0,1,0,0,0,25,13,0.279,0.012,0.798,33,29,normal
3,icmp,telnet,RSTO,329,498,0,0,0,2,0,1,0,0,0,0,0,0,1,27,19,0.026,0.35,0.637,36,20,normal
6,tcp,pop3,RSTO,96,1,0,0,0,4,0,0,2,0,0,0,0,0,0,107,132,0.795,0.801,0.127,15,12,dos
27,udp,smtp,SH,30,7,0,0,0,8,0,0,1,0,0,1,1,0,1,124,115,0.991,0.938,0.114,11,9,probe
25,icmp,ftp_data,SF,271,50,0,0,0,4,0,1,1,0,0,0,1,0,2,119,108,0.967,0.816,0.091,8,4,dos
31,udp,dns,S0,55,60,0,0,0,3,2,0,5,0,0,1,0,0,1,131,130,0.848,0.917,0.27,10,7,probe
1,tcp,ftp,S0,1330,385,0,0,0,2,0,1,0,0,0,1,0,0,0,23,11,0.095,0.175,0.934,33,22,normal
0,tcp,dns,S0,76,460,0,0,0,0,0,1,0,0,0,0,1,0,2,19,11,0.144,0.115,0.824,32,25,normal
1,icmp,telnet,RSTR,595,515,0,0,0,2,0,1,0,0,0,0,0,0,0,14,15,0.089,0.086,0.967,42,25,normal
12,icmp,ftp_data,SH,33,0,0,0,0,6,0,0,1,0,0,0,0,0,1,100,94,0.96,0.863,0.059,11,17,probe
11,icmp,ftp_data,RSTO,44,1,0,0,0,7,0,0,5,0,0,0,0,0,0,102,106,0.891,0.878,0.261,11,4,dos
0,udp,ssh,SH,522,249,0,0,0,0,0,1,0,0,0,0,0,0,0,17,4,0.242,0.008,0.851,35,31,normal
0,tcp,ftp_data,REJ,740,646,0,0,0,2,0,1,0,0,0,0,0,0,0,14,16,0.032,0.233,0.712,42,17,normal
23,icmp,smtp,RSTO,3244,326,0,0,0,5,0,0,1,0,0,1,1,0,3,125,106,0.961,0.642,0.512,10,14,probe
0,tcp,smtp,RSTR,789,317,0,0,0,2,0,0,0,0,0,0,0,0,0,20,19,0.134,0.179,0.475,32,19,normal
2,udp,ssh,SF,445,6,0,0,0,2,0,0,2,0,0,1,1,0,0,117,80,0.814,0.776,0.419,11,5,r2l
13,tcp,dns,SF,89,13,0,0,0,8,0,1,1,0,0,0,0,0,0,104,108,0.702,0.826,0.236,10,13,r2l
1,tcp,ftp,REJ,76,152,0,0,0,2,0,0,3,0,0,0,2,0,0,120,111,0.653,0.916,0.103,7,11,dos
1,icmp,telnet,RSTR,2097,389,0,0,0,1,0,1,0,0,0,0,0,0,0,20,13,0.032,0.019,0.602,24,35,normal
8,tcp,imap,SH,1029,130,0,0,0,2,0,1,0,0,0,2,0,0,0,14,12,0.154,0.014,0.722,24,25,normal
1,tcp,ftp,SH,19,4,0,0,0,6,0,0,2,0,0,1,0,0,1,138,107,0.891,0.771,0.003,16,7,dos
9,tcp,smtp,RSTR,27,84,0,0,0,4,1,0,0,0,0,0,1,0,0,125,124,0.81,0.777,0.118,9,9,dos
1,icmp,ftp,RSTR,253,2049,0,0,0,0,0,1,1,0,0,0,0,0,0,17,16,0.077,0.269,0.81,30,30,normal
0,icmp,ssh,REJ,1845,1286,0,0,0,0,0,1,0,0,0,1,0,0,0,12,17,0.444,0.125,0.867,44,22,normal
4,icmp,telnet,SF,4057,164,0,0,0,0,0,1,0,0,0,0,0,0,0,18,16,0.115,0.365,0.746,28,19,normal
0,udp,smtp,RSTR,358,175,0,0,0,1,0,1,0,0,0,1,0,0,0,19,14,0.411,0.358,0.756,25,14,normal
40,tcp,ssh,REJ,27,23,0,0,0,6,0,0,1,0,0,2,0,0,0,131,117,0.954,0.908,0.02,13,12,dos
18,tcp,dns,RSTO,38,5,0,0,0,5,5,0,2,0,0,0,0,0,1,126,114,0.903,0.941,0.099,12,4,probe
5,icmp,smtp,REJ,251,42,0,0,0,1,0,1,0,0,0,0,0,0,0,16,8,0.021,0.208,0.688,42,26,normal
1,tcp,http,RSTO,1780,643,0,0,0,1,0,0,0,0,0,0,1,0,0,18,23,0.135,0.026,0.729,39,22,normal
37,icmp,smtp,REJ,5,5,0,0,0,7,1,0,2,0,0,2,0,0,0,123,126,0.882,0.897,0.012,7,13,dos
1,udp,imap,RSTO,16,115,0,0,0,3,1,0,4,0,0,0,1,0,1,99,93,0.897,0.462,0.165,6,10,probe
44,tcp,http,RSTR,6,472,0,0,0,3,0,0,0,0,0,0,1,0,0,126,106,0.669,0.881,0.21,11,6,probe
0,udp,dns,SH,356,240,0,0,0,1,0,0,0,0,0,0,0,0,0,20,20,0.353,0.122,0.825,26,23,normal
42,udp,http,RSTO,336,32,0,0,0,4,0,0,3,0,0,1,1,0,1,138,108,0.777,0.98,0.236,13,8,dos
23,tcp,http,REJ,16,343,0,0,0,3,0,0,2,0,0,0,3,0,0,113,112,0.813,0.976,0.142,15,12,r2l
2,tcp,ftp_data,SF,962,873,0,0,0,0,0,1,1,0,0,0,0,0,0,26,18,0.045,0.202,0.662,37,26,normal
2,udp,dns,SH,2147,465,0,0,0,0,0,1,0,0,0,0,0,0,0,24,16,0.24,0.102,0.649,36,29,normal
23,icmp,ftp,RSTR,205,52,0,0,0,4,2,0,2,0,0,0,0,0,1,108,86,0.811,0.986,0.171,16,6,probe
0,icmp,smtp,SF,139,483,0,0,0,0,0,1,0,0,0,0,1,0,0,22,17,0.028,0.026,0.52,20,25,normal
0,udp,smtp,SF,631,1626,0,0,0,0,0,1,0,0,0,0,0,0,0,21,22,0.079,0.524,0.952,40,22,normal
0,udp,smtp,RSTO,215,689,0,0,0,0,0,1,0,0,0,0,0,0,0,18,19,0.311,0.228,0.757,23,14,normal
0,icmp,ftp,SH,1197,457,0,0,0,2,0,1,0,0,0,0,0,0,0,15,14,0.272,0.019,0.884,33,24,normal
1,udp,ftp_data,S0,428,139,0,0,0,1,0,0,0,0,0,0,0,0,1,29,13,0.11,0.061,0.892,42,28,normal
1,icmp,http,SF,1414,596,0,0,0,1,0,1,2,0,0,0,0,0,0,20,20,0.218,0.041,0.947,29,21,normal
17,udp,telnet,SH,505,25,0,0,0,3,0,0,2,0,0,1,2,0,0,121,108,0.741,0.824,0.202,17,14,dos
0,udp,imap,RSTR,918,490,0,0,0,2,0,1,0,0,0,0,0,0,0,19,17,0.059,0.16,0.9,41,22,normal
2,udp,imap,SH,1146,32,0,0,0,7,0,0,1,0,0,0,0,0,1,100,89,0.953,0.804,0.262,16,8,dos
6,udp,ftp_data,RSTO,855,1388,0,0,0,2,0,0,0,0,0,1,0,0,0,20,13,0.003,0.168,0.954,31,23,normal
22,icmp,dns,SF,31,67,0,0,0,3,0,0,1,0,0,0,0,0,1,116,88,0.984,0.925,0.129,16,10,r2l
1,icmp,http,SH,128,160,0,0,0,0,0,1,0,0,0,0,0,0,0,14,14,0.082,0.091,0.823,39,26,normal
3,tcp,imap,SF,2253,58,0,0,0,0,0,1,0,0,0,0,0,0,0,30,17,0.154,0.144,0.648,29,18,normal
5,tcp,dns,S0,14,0,0,0,0,3,0,0,1,0,0,2,0,0,0,111,117,0.98,0.747,0.336,8,15,dos
1,udp,http,S0,399,267,0,0,0,1,0,1,0,0,0,0,0,0,0,14,10,0.038,0.172,0.981,28,17,normal
26,icmp,pop3,SH,117,115,0,0,0,4,1,0,0,0,0,0,0,0,0,130,117,0.944,0.809,0.049,12,9,dos
4,tcp,smtp,SF,248,1247,0,0,0,0,0,1,0,0,0,0,0,0,0,12,22,0.108,0.176,0.81,34,15,normal
30,udp,dns,RSTR,60,0,0,0,0,5,0,0,2,0,0,1,1,0,2,128,128,0.972,0.99,0.341,11,11,r2l
2,udp,telnet,REJ,410,1430,0,0,0,1,0,1,0,0,0,0,0,0,0,21,15,0.134,0.039,0.847,33,21,normal
6,udp,http,RSTR,1941,67,0,0,0,4,1,0,2,0,0,1,0,0,1,128,116,0.635,0.936,0.095,11,7,r2l
29,icmp,ssh,S0,112,7,0,0,0,1,0,0,2,1,0,0,2,0,1,115,108,0.737,0.559,0.318,11,16,dos
1,udp,imap,S0,1312,1010,0,0,0,0,0,0,0,0,0,0,0,0,0,27,14,0.137,0.043,0.918,27,27,normal
4,udp,telnet,S0,750,291,0,0,0,0,0,1,0,0,0,0,0,0,0,15,17,0.072,0.061,0.961,28,29,normal
1,icmp,telnet,REJ,233,92,0,0,0,0,0,1,0,0,0,0,0,0,0,22,18,0.011,0.081,0.676,40,26,normal
1,udp,dns,S0,95,11,0,0,0,1,0,0,3,0,0,2,1,0,1,126,103,0.714,0.851,0.146,9,6,probe
4,icmp,http,RSTO,264,124,0,0,0,0,0,1,0,0,0,1,0,0,0,18,14,0.017,0.022,0.728,36,19,normal
5,tcp,smtp,SF,2499,367,0,0,0,1,0,0,0,0,0,0,0,0,0,21,13,0.098,0.245,0.948,35,22,normal
2,udp,pop3,SH,2777,153,0,0,0,0,0,0,2,0,0,1,0,0,0,16,12,0.032,0.106,0.544,31,28,normal
43,tcp,ftp_data,SF,107,9,0,0,0,2,1,0,1,0,0,0,0,0,0,112,101,0.875,0.688,0.108,18,11,r2l
16,tcp,imap,SF,90,35,0,0,0,10,0,0,1,0,0,0,0,0,1,124,118,0.871,0.902,0.189,4,11,dos
19,udp,telnet,RSTO,72,262,0,0,0,4,0,0,2,0,0,1,0,0,0,112,119,0.507,0.915,0.154,13,16,dos
0,icmp,imap,RSTR,1269,146,0,0,0,1,0,1,0,0,0,0,0,0,1,22,18,0.036,0.158,0.747,29,17,normal
1,udp,smtp,SH,256,400,0,0,0,1,0,1,0,0,0,0,0,0,0,17,20,0.178,0.391,0.828,40,16,normal
1,tcp,http,SH,223,1554,0,0,0,3,0,1,2,0,0,1,0,0,0,31,14,0.077,0.384,0.454,36,29,normal
6,tcp,http,S0,252,969,0,0,0,2,0,1,0,0,0,0,0,0,0,16,14,0.052,0.329,0.896,33,29,normal
0,tcp,pop3,SH,165,434,0,0,0,2,0,1,0,0,0,0,0,0,0,22,21,0.126,0.188,0.808,38,24,normal
32,tcp,smtp,REJ,32,3,0,0,0,5,1,0,1,0,0,0,2,0,0,118,112,0.849,0.976,0.305,7,15,dos
11,udp,ftp,REJ,273,229,0,0,0,4,0,0,1,0,0,2,0,0,1,126,83,0.534,0.869,0.213,17,8,dos
1,icmp,imap,SF,49,741,0,0,0,3,0,0,1,0,0,0,0,0,2,19,15,0.062,0.041,0.494,48,26,normal
58,tcp,ftp_data,S0,48,12,0,0,0,5,1,0,3,0,0,0,1,0,3,121,100,0.874,0.753,0.082,8,15,dos
1,icmp,ftp_data,SH,363,398,0,0,0,1,0,1,0,0,0,0,0,0,0,21,11,0.069,0.317,0.806,40,23,normal
1,udp,imap,REJ,794,1426,0,0,0,1,0,0,0,0,0,0,0,0,0,13,13,0.018,0.378,0.799,31,23,normal
11,icmp,telnet,RSTO,59,5,0,0,1,4,1,0,2,0,0,3,1,0,0,119,122,0.92,0.611,0.17,9,4,dos
3,tcp,telnet,RSTR,192,399,0,0,0,1,0,1,0,0,0,0,0,0,0,20,14,0.038,0.143,0.721,36,20,normal
19,icmp,ftp,S0,23,10,0,0,0,3,0,1,1,0,0,0,0,0,1,123,86,0.972,0.868,0.15,14,6,probe
5,udp,smtp,SH,18,14,0,0,0,3,1,0,1,0,0,0,0,0,0,118,102,0.758,0.694,0.383,10,9,dos
0,udp,imap,RSTO,2846,3291,0,0,0,3,0,0,1,0,0,0,0,0,0,16,23,0.202,0.216,0.869,39,23,normal
1,tcp,dns,RSTR,653,970,0,0,0,3,0,1,0,0,0,1,0,0,0,21,8,0.154,0.004,0.723,27,23,normal
1,tcp,telnet,S0,626,450,0,0,0,2,0,1,0,0,0,0,0,0,0,19,9,0.021,0.09,0.757,27,26,normal
0,udp,telnet,SH,30,4,0,0,0,4,0,0,3,0,0,0,2,0,0,101,119,0.89,0.873,0.118,10,17,dos
1,tcp,ftp,REJ,86,12,0,0,0,5,0,0,4,0,0,3,0,0,0,109,125,0.798,0.889,0.628,8,6,dos
0,icmp,smtp,SF,4867,1621,0,0,0,0,0,1,0,0,0,0,0,0,0,22,21,0.253,0.26,0.649,33,21,normal
10,icmp,ftp,RSTR,319,144,0,0,0,0,0,1,2,0,0,0,0,0,0,20,20,0.287,0.255,0.78,33,23,normal
6,icmp,pop3,RSTO,1900,674,0,0,0,1,0,0,1,0,0,1,0,0,0,22,17,0.057,0.055,0.871,37,27,normal
21,udp,telnet,RSTR,63,7398,0,0,0,6,0,1,3,0,0,0,1,0,0,117,109,0.8,0.77,0.463,8,12,dos
9,tcp,dns,SH,19,3,0,0,0,5,0,0,1,0,0,1,2,0,0,112,113,0.807,0.695,0.238,14,13,r2l
3,icmp,http,REJ,367,764,0,0,0,2,0,0,0,0,0,0,0,0,1,23,14,0.13,0.124,0.815,34,29,normal
0,tcp,ftp,SF,284,733,0,0,0,2,0,1,1,0,0,0,0,0,0,25,16,0.228,0.429,0.879,32,27,normal
0,tcp,http,S0,1060,227,0,0,0,3,0,0,1,0,0,0,0,0,0,19,13,0.249,0.011,0.8,40,19,normal
0,icmp,ftp,SH,700,280,0,0,0,1,0,0,0,0,0,0,0,0,0,16,20,0.112,0.544,0.762,28,17,normal
1,icmp,pop3,SH,787,177,0,0,0,0,0,0,0,0,0,0,0,0,0,22,9,0.245,0.123,0.689,33,27,normal
0,icmp,telnet,RSTO,346,124,0,0,0,2,0,0,0,0,0,0,0,0,1,17,11,0.078,0.011,0.947,30,30,normal
0,udp,ssh,REJ,2608,643,0,0,0,0,0,1,0,0,0,0,0,0,0,23,15,0.039,0.09,0.88,37,23,normal
4,tcp,ftp_data,S0,202,1082,0,0,0,0,0,1,0,0,0,0,0,0,0,14,17,0.029,0.297,0.454,24,32,normal
16,tcp,smtp,SF,6,44,0,0,0,9,0,0,1,0,0,1,0,0,1,101,92,0.968,0.954,0.018,9,11,dos
2,udp,ftp_data,RSTR,2738,280,0,0,0,1,0,1,0,0,0,0,0,0,1,19,9,0.128,0.397,0.873,28,27,normal
1,tcp,pop3,RSTR,197,35,0,0,0,2,1,0,6,0,0,2,3,0,1,122,100,0.586,0.788,0.191,13,11,dos
0,udp,telnet,RSTO,112,121,0,0,0,2,0,0,0,0,0,1,0,0,0,14,15,0.169,0.083,0.591,40,19,normal
9,icmp,smtp,SH,7,50,0,0,1,4,0,1,1,0,0,0,0,0,0,109,107,0.873,0.791,0.056,18,6,probe
2,udp,ftp_data,SF,46,181,0,0,0,3,0,1,0,0,0,0,2,0,0,151,122,0.837,0.859,0.03,14,4,r2l
16,udp,ftp,SF,67,3,0,0,0,6,0,0,0,0,0,0,1,0,0,129,103,0.69,0.79,0.093,17,10,dos
20,udp,ftp_data,RSTR,19,57,0,0,0,3,1,1,3,0,0,0,1,0,0,126,129,0.926,0.89,0.167,11,7,probe
69,udp,imap,SH,17,1,0,0,0,7,0,0,2,0,0,0,1,0,0,125,139,0.76,0.858,0.335,10,12,u2r
2,tcp,ftp_data,SH,12162,96,0,0,0,2,0,0,0,0,0,0,0,0,0,21,16,0.145,0.449,0.915,27,29,normal
13,tcp,smtp,SF,32,63,0,0,0,7,2,0,1,0,0,1,0,0,0,125,119,0.667,0.842,0.24,15,10,probe
2,udp,ftp_data,REJ,1140,289,0,0,0,1,0,1,0,0,0,1,0,0,0,25,15,0.088,0.267,0.69,39,27,normal
40,tcp,http,RSTO,12,3,0,0,1,5,0,0,0,0,0,1,1,0,0,114,96,0.836,0.893,0.158,11,11,probe
1,tcp,ssh,RSTR,141,1311,0,0,0,1,0,1,0,0,0,0,1,0,0,9,14,0.103,0.027,0.924,31,19,normal
0,tcp,smtp,RSTO,50,312,0,0,0,0,0,1,0,0,0,0,0,0,1,20,17,0.211,0.194,0.874,31,24,normal
9,tcp,http,REJ,402,352,0,0,0,0,0,1,0,0,0,1,0,0,0,17,20,0.227,0.006,0.842,50,31,normal
4,tcp,dns,SH,549,0,0,1,0,2,1,0,2,0,0,0,1,0,1,118,99,0.776,0.804,0.2,15,9,dos
0,icmp,pop3,RSTR,275,89,0,0,0,3,0,0,0,0,0,0,0,0,0,23,14,0.143,0.044,0.434,33,29,normal
9,icmp,ftp_data,REJ,401,1598,0,0,0,0,0,1,0,0,0,0,0,0,0,12,20,0.465,0.129,0.896,38,32,normal
1,icmp,http,REJ,175,151,0,0,0,0,0,1,0,0,0,1,0,0,0,17,14,0.108,0.615,0.667,51,15,normal
1,udp,telnet,S0,296,393,0,0,0,1,0,1,0,0,0,0,0,0,1,13,18,0.177,0.06,0.68,44,19,normal
0,tcp,smtp,SF,595,915,0,0,0,1,0,1,0,0,0,0,0,0,0,20,14,0.099,0.385,0.982,30,32,normal
23,udp,ftp_data,RSTO,51,20,0,0,0,4,0,0,0,0,0,0,0,0,0,108,114,0.78,0.773,0.03,11,9,r2l
5,udp,ftp_data,S0,574,478,0,0,0,1,0,1,0,0,0,0,0,0,0,16,16,0.273,0.245,0.899,43,36,normal
11,tcp,ssh,RSTO,151,130,0,0,0,0,0,1,0,0,0,0,0,0,0,17,19,0.354,0.262,0.871,40,26,normal
2,udp,imap,RSTO,55,21,0,0,0,7,0,0,3,0,0,1,1,0,0,127,120,0.705,0.613,0.292,11,4,dos
28,icmp,ssh,S0,126,4,0,0,1,7,3,0,2,0,0,0,0,0,0,129,107,0.981,0.924,0.223,18,11,dos
0,icmp,dns,RSTO,1280,122,0,0,0,1,0,1,0,0,0,2,0,0,0,17,12,0.381,0.333,0.925,33,27,normal
2,tcp,smtp,RSTR,992,958,0,0,0,1,0,1,0,0,0,0,0,0,0,24,18,0.112,0.085,0.718,34,23,normal
9,icmp,pop3,SH,56,3,0,0,0,4,1,0,3,0,0,2,1,0,0,132,102,0.906,0.864,0.109,16,6,dos
0,icmp,http,RSTR,24,3,0,0,0,3,0,0,3,0,0,0,1,0,0,113,100,0.905,0.857,0.013,12,7,probe
2,tcp,pop3,SH,617,20,0,0,0,1,0,0,0,0,0,0,0,0,0,19,18,0.069,0.331,0.684,39,27,normal
5,icmp,ftp,S0,854,132,0,0,0,6,0,0,2,0,0,2,0,0,0,123,109,0.941,0.969,0.344,9,11,dos
5,icmp,imap,S0,255,13,0,0,0,6,1,0,3,1,0,1,1,0,0,116,97,0.973,0.848,0.204,18,11,dos
1,icmp,ftp_data,REJ,1866,156,0,0,0,1,0,1,0,0,0,0,0,0,0,23,18,0.048,0.111,0.869,34,20,normal
1,tcp,pop3,RSTR,400,129,0,0,0,0,0,1,0,0,0,0,0,0,0,20,12,0.705,0.106,0.779,37,25,normal
1,tcp,imap,SH,864,725,0,0,0,0,0,0,0,0,0,0,0,0,0,20,7,0.289,0.346,0.614,38,21,normal
0,tcp,ssh,SH,427,131,0,0,0,0,0,1,0,0,0,0,1,0,0,20,14,0.208,0.157,0.924,42,24,normal
1,tcp,http,SH,111,501,0,0,0,1,0,1,0,0,0,0,0,0,0,16,23,0.152,0.084,0.593,38,18,normal
0,tcp,smtp,SF,1186,462,0,0,0,2,0,1,1,0,0,0,0,0,0,17,13,0.165,0.034,0.929,36,28,normal
6,tcp,smtp,RSTO,247,10,0,0,0,6,1,0,1,0,0,4,1,0,0,144,90,0.842,0.843,0.191,10,7,dos
0,udp,imap,SH,1032,347,0,0,0,0,0,1,0,0,0,0,0,0,0,12,14,0.042,0.032,0.993,33,21,normal
0,udp,telnet,S0,551,361,0,0,0,0,0,1,0,0,0,0,0,0,0,19,22,0.118,0.046,0.976,29,18,normal
1,icmp,telnet,SF,303,98,0,0,0,0,0,0,0,0,0,0,0,0,0,25,9,0.201,0.228,0.579,40,33,normal
2,udp,telnet,RSTR,5,102,0,0,0,6,0,0,1,0,0,0,2,0,0,106,102,0.961,0.793,0.171,7,7,dos
16,udp,imap,S0,23,143,0,0,0,4,1,1,2,0,0,0,0,0,3,116,106,0.98,0.978,0.073,16,13,probe
92,udp,pop3,REJ,224,11,0,0,0,5,0,0,0,0,0,0,0,0,0,119,111,0.605,0.859,0.485,15,7,dos
11,icmp,dns,SF,48,1680,0,0,0,2,0,0,0,0,0,0,0,0,0,24,16,0.28,0.11,0.914,38,17,normal
0,tcp,imap,SF,1648,1431,0,0,0,1,0,1,0,0,0,0,1,0,0,17,16,0.009,0.062,0.917,40,24,normal
4,udp,imap,RSTR,703,96,0,0,0,1,0,0,0,0,0,0,0,0,0,18,11,0.083,0.023,0.575,32,30,normal
2,icmp,pop3,SH,99,113,0,0,0,1,0,1,0,0,0,0,0,0,0,21,11,0.299,0.059,0.993,29,19,normal
2,icmp,telnet,SH,398,209,0,0,0,1,0,1,1,0,0,1,0,0,0,27,11,0.461,0.121,0.841,37,24,normal
1,icmp,http,RSTR,803,370,0,0,0,1,0,0,0,0,0,1,0,0,0,23,13,0.113,0.021,0.515,35,18,normal
39,icmp,ftp,REJ,22,0,0,0,0,2,0,0,2,0,0,1,1,0,1,114,109,0.868,0.933,0.099,5,10,probe
13,udp,telnet,SF,29,0,0,0,0,7,1,0,1,0,0,1,0,0,0,138,100,0.736,0.893,0.182,9,10,probe
0,udp,ftp_data,S0,205,212,0,0,0,1,0,1,0,0,0,0,0,0,0,25,16,0.199,0.107,0.844,37,26,normal
0,udp,ssh,SF,3404,113,0,0,0,0,0,1,0,0,0,0,0,0,0,21,15,0.066,0.247,0.898,29,21,normal
1,udp,ftp,REJ,123,74,0,0,0,1,0,1,1,0,0,0,0,0,0,26,12,0.177,0.032,0.847,30,36,normal
5,udp,http,SF,188,34,0,0,0,0,0,1,0,0,0,0,0,0,0,22,13,0.096,0.192,0.867,37,21,normal
26,tcp,telnet,S0,45,15,0,0,0,5,2,1,2,0,0,1,1,0,0,125,102,0.986,0.955,0.164,7,14,dos
3,tcp,imap,SH,428,351,0,0,0,0,0,1,0,0,0,0,0,0,0,12,19,0.007,0.107,0.767,33,31,normal
27,icmp,ssh,REJ,333,244,0,0,0,6,0,0,1,0,0,1,1,0,0,124,115,0.899,0.984,0.304,11,11,dos
4,tcp,ssh,REJ,207,266,0,0,0,0,0,1,0,0,0,0,0,0,0,18,18,0.16,0.133,0.814,35,13,normal
2,udp,ftp_data,SF,997,463,0,0,0,0,0,1,1,0,0,0,0,0,0,19,11,0.098,0.306,0.765,36,33,normal
16,icmp,imap,SH,228,11,0,0,0,6,1,0,0,0,0,1,0,0,3,123,110,0.953,0.941,0.225,11,11,probe
9,udp,smtp,SF,7,5,0,0,0,3,1,0,4,0,0,0,0,0,0,139,115,0.915,0.676,0.101,18,12,probe
0,icmp,pop3,RSTR,261,543,0,0,0,1,0,0,1,0,0,0,0,0,0,25,16,0.317,0.497,0.789,34,21,normal
4,icmp,ftp_data,SF,1824,1152,0,0,0,0,0,1,0,0,0,0,0,0,0,28,11,0.057,0.066,0.738,41,18,normal
9,udp,ftp,REJ,2047,644,0,0,0,1,0,1,0,0,0,0,0,0,0,20,9,0.111,0.031,0.522,34,29,normal
29,icmp,http,SF,126,19,0,0,0,8,0,0,4,0,0,1,1,0,0,115,109,0.903,0.793,0.164,9,12,probe
9,icmp,smtp,S0,73,9,0,0,0,1,1,0,4,0,0,2,0,0,1,123,102,0.831,0.942,0.213,14,11,r2l
20,tcp,telnet,RSTO,2277,138,0,0,0,4,0,1,4,0,0,0,0,0,0,122,124,0.831,0.776,0.117,11,14,probe
4,icmp,pop3,SF,152,231,0,0,0,0,0,1,0,0,0,0,0,0,0,31,12,0.021,0.203,0.982,37,24,normal
14,udp,pop3,RSTO,125,118,0,0,0,4,0,1,1,0,0,0,0,1,0,115,113,0.708,0.975,0.531,12,10,dos
9,icmp,pop3,SF,3,197,0,1,0,8,1,1,2,0,0,1,0,0,1,112,116,0.881,0.942,0.09,15,6,probe
0,icmp,ftp,SF,409,123,0,0,0,0,0,0,0,0,0,0,0,0,0,24,18,0.188,0.031,0.728,25,25,normal
0,tcp,smtp,REJ,441,879,0,0,0,1,0,0,0,0,0,0,0,0,0,27,13,0.168,0.116,0.475,41,21,normal
0,tcp,http,REJ,350,833,0,0,0,0,0,1,0,0,0,0,0,0,0,23,12,0.408,0.007,0.617,38,21,normal
10,tcp,imap,RSTO,123,316,0,0,0,3,0,0,0,0,0,2,1,0,0,104,91,0.815,0.848,0.455,9,13,u2r
2,udp,ftp_data,REJ,474,960,0,0,0,1,0,0,0,0,0,0,0,0,0,12,23,0.029,0.083,0.746,26,24,normal
3,icmp,dns,RSTR,281,289,0,0,0,0,0,0,0,0,0,0,0,0,0,26,16,0.389,0.024,0.842,29,29,normal
30,icmp,ftp_data,SF,11,305,0,0,0,8,0,0,0,0,0,0,1,0,1,107,125,0.959,0.992,0.015,11,9,dos
0,udp,pop3,RSTR,2077,400,0,0,0,1,0,1,0,0,0,0,0,0,0,24,15,0.347,0.151,0.817,34,26,normal
0,udp,http,RSTR,1149,929,0,0,0,2,0,1,0,0,0,0,0,0,0,21,19,0.071,0.294,0.972,22,23,normal
5,udp,telnet,SH,299,312,0,0,0,0,0,1,0,0,0,0,0,0,1,26,16,0.118,0.138,0.789,35,14,normal
0,icmp,telnet,S0,419,766,0,0,0,2,0,1,0,0,0,0,0,0,0,13,8,0.389,0.266,0.847,25,17,normal
7,tcp,imap,SF,36,17,0,0,0,5,1,0,3,0,0,0,0,0,1,108,110,0.968,0.888,0.085,9,8,dos
12,udp,ftp_data,SH,108,6,0,0,0,5,0,0,4,0,0,1,0,0,1,125,103,0.899,0.931,0.543,15,9,dos
16,udp,dns,RSTO,39,13,0,0,0,3,0,0,3,0,0,0,0,0,1,110,121,0.878,0.97,0.063,14,8,dos
3,tcp,imap,S0,73,29,0,0,0,4,1,0,3,0,0,0,1,0,0,124,109,0.966,0.785,0.14,10,9,dos
1,udp,ftp_data,SH,1984,197,0,0,0,2,0,1,1,0,0,1,0,0,0,25,11,0.081,0.134,0.795,36,25,normal
0,tcp,ftp_data,REJ,10831,2702,0,0,0,3,0,1,1,0,0,0,0,0,0,15,18,0.288,0.092,0.819,31,24,normal
0,tcp,telnet,S0,573,2077,0,0,0,0,0,1,0,0,0,0,0,0,0,7,15,0.301,0.275,0.938,26,19,normal
0,icmp,imap,RSTR,26,16,0,0,0,1,0,1,0,0,0,0,1,0,0,22,11,0.003,0.096,0.929,29,28,normal
1,udp,dns,RSTO,118,684,0,0,0,0,0,0,1,0,0,0,1,0,0,14,15,0.423,0.061,0.846,35,17,normal
0,udp,http,S0,1511,150,0,0,0,0,0,0,0,0,0,0,0,0,0,22,10,0.206,0.027,0.532,30,31,normal
9,udp,http,RSTO,253,22,0,0,0,3,0,0,2,0,0,2,0,0,1,118,114,0.809,0.98,0.02,6,11,probe
1,tcp,smtp,RSTR,438,0,0,0,0,3,3,1,1,0,0,0,0,0,0,116,90,0.785,0.976,0.095,12,5,dos
6,udp,pop3,RSTO,19,12,0,0,0,1,0,1,1,0,0,0,0,0,0,114,109,0.98,0.693,0.197,9,10,dos
17,udp,ftp,RSTR,12,11,0,0,0,10,0,0,2,0,0,0,0,0,0,128,107,0.695,0.971,0.233,9,12,r2l
3,udp,dns,REJ,801,493,0,0,0,2,0,0,0,0,0,0,0,0,1,17,7,0.204,0.089,0.89,34,32,normal
0,tcp,telnet,SH,75,704,0,0,0,1,0,0,1,0,0,0,0,0,0,15,10,0.264,0.438,0.881,23,23,normal
21,icmp,imap,S0,172,744,0,0,0,6,0,0,1,0,0,2,2,0,1,129,114,0.634,0.527,0.037,9,13,dos
2,udp,ftp_data,SH,109,416,0,0,0,9,1,0,2,0,0,0,1,0,0,121,111,0.908,0.876,0.183,13,12,r2l
3,udp,imap,RSTO,448,154,0,0,0,0,0,1,0,0,0,0,0,0,0,17,17,0.055,0.135,0.42,34,31,normal
1,icmp,ssh,REJ,1170,984,0,0,0,2,0,0,0,0,0,0,0,0,0,27,14,0.028,0.488,0.868,32,25,normal
60,tcp,ftp_data,S0,3,31,0,0,0,6,0,0,2,0,0,0,0,0,0,122,120,0.902,0.821,0.144,11,12,probe
1,icmp,dns,S0,640,246,0,0,0,2,0,1,0,0,0,1,1,0,0,27,17,0.363,0.18,0.934,36,19,normal
0,tcp,smtp,SF,65,410,0,0,0,2,0,1,0,0,0,0,0,0,0,16,16,0.254,0.101,0.969,28,20,normal
0,tcp,ftp_data,S0,315,782,0,0,0,0,0,1,0,0,0,0,0,0,0,23,11,0.383,0.36,0.594,33,33,normal
27,udp,dns,SH,3,0,0,0,0,8,1,0,0,0,0,1,0,0,0,111,98,0.844,0.733,0.077,11,6,dos
4,icmp,pop3,RSTR,366,208,0,0,0,0,0,1,0,0,0,0,0,0,0,32,12,0.194,0.004,0.822,43,25,normal
2,tcp,telnet,REJ,1111,521,0,0,0,0,0,1,0,0,0,0,0,0,0,22,10,0.09,0.205,0.615,27,30,normal
2,icmp,dns,REJ,493,68,0,0,0,0,0,1,0,0,0,0,0,0,0,19,22,0.344,0.316,0.815,26,24,normal
13,icmp,ftp_data,RSTR,7,3,0,0,0,4,2,0,3,0,0,1,0,1,1,112,110,0.739,0.821,0.059,14,13,r2l
34,icmp,ftp_data,SF,258,0,0,0,0,3,0,0,2,0,0,1,0,0,1,131,112,0.745,0.897,0.008,5,8,dos
19,tcp,smtp,SF,452,18,0,0,0,7,0,0,1,0,0,0,1,1,1,112,99,0.944,0.933,0.128,16,9,dos
14,icmp,smtp,SH,820,971,0,0,0,2,0,1,0,0,0,0,0,0,0,24,17,0.126,0.071,0.945,29,31,normal
5,tcp,dns,RSTR,131,750,0,0,0,1,0,1,0,0,0,1,0,0,0,22,17,0.121,0.006,0.832,34,22,normal
13,tcp,http,SF,956,283,0,0,0,2,0,1,1,0,0,0,0,0,0,15,14,0.1,0.204,0.705,42,23,normal
1,udp,ftp_data,REJ,56,16,0,0,0,1,1,0,2,0,0,1,0,0,0,137,117,0.948,0.951,0.104,11,13,dos
4,udp,dns,RSTR,319,1829,0,0,0,1,0,1,1,0,0,0,1,0,0,19,11,0.16,0.186,0.65,32,20,normal
1,icmp,smtp,SH,127,152,0,0,0,0,0,1,0,0,0,0,0,0,0,24,15,0.04,0.098,0.754,25,24,normal
0,tcp,http,RSTR,301,234,0,0,0,0,0,0,1,0,0,1,1,0,0,22,9,0.129,0.011,0.917,37,30,normal
0,udp,http,SH,624,72,0,0,0,0,0,1,2,0,0,0,0,0,0,18,16,0.17,0.467,0.93,31,25,normal
10,udp,ssh,REJ,123,57,0,0,0,7,3,0,0,0,0,0,1,0,0,119,118,0.852,0.794,0.293,10,14,probe
13,icmp,ssh,SF,102,1,0,0,0,7,0,0,1,0,0,0,1,0,1,128,117,0.935,0.753,0.121,13,9,dos
29,icmp,smtp,RSTO,25,18,0,0,0,8,0,0,5,0,0,1,0,0,1,137,115,0.976,0.974,0.069,15,9,probe
0,icmp,pop3,S0,5947,93,0,0,0,5,0,1,0,0,0,0,0,0,0,113,109,0.804,0.981,0.383,7,8,dos
2,udp,telnet,REJ,201,439,0,0,0,1,0,0,1,0,0,0,0,0,0,19,13,0.012,0.163,0.797,33,30,normal
2,tcp,ftp,SH,4079,1743,0,0,0,1,0,1,0,0,0,0,0,0,0,22,12,0.47,0.21,0.903,26,26,normal
43,tcp,ftp,RSTR,133,11,0,0,1,7,1,0,1,0,0,0,1,0,2,125,101,0.822,0.876,0.12,10,8,dos
3,udp,pop3,REJ,106,787,0,0,0,7,0,0,3,0,0,1,0,0,0,103,113,0.868,0.605,0.079,14,8,dos
20,icmp,pop3,REJ,142,9,0,0,0,5,0,0,1,0,0,1,0,0,0,102,114,0.912,0.959,0.016,11,9,dos
0,udp,smtp,RSTO,25,11,0,0,0,7,0,0,3,0,0,0,0,0,0,109,109,0.889,0.949,0.211,19,10,dos
3,tcp,dns,SF,1277,68,0,0,0,3,0,1,0,0,0,1,0,0,1,20,14,0.12,0.169,0.727,27,36,normal
0,udp,dns,SF,239,33,0,0,0,1,0,1,1,0,0,1,0,0,0,24,19,0.01,0.179,0.541,38,23,normal
10,tcp,ftp,SF,223,1,0,0,0,4,1,0,1,0,0,1,1,0,0,116,119,0.929,0.993,0.376,15,10,dos
6,udp,smtp,REJ,25,2,0,0,0,1,0,1,0,0,0,2,0,0,0,115,95,0.979,0.902,0.224,12,10,r2l
2,tcp,ssh,SF,2654,659,0,0,0,1,0,1,0,0,0,0,0,0,0,28,12,0.083,0.006,0.984,32,22,normal
30,icmp,smtp,SH,169,34,0,1,0,6,0,0,1,0,0,0,0,0,0,137,107,0.859,0.945,0.068,8,6,dos
7,icmp,http,REJ,2008,265,0,0,0,0,0,1,0,0,0,0,1,0,0,29,18,0.033,0.194,0.194,39,36,normal
9,tcp,ssh,RSTR,1132,2,0,0,0,10,0,0,0,0,0,1,1,0,0,121,126,0.97,0.853,0.533,11,12,dos
14,udp,smtp,RSTR,20,1,0,0,0,2,1,0,3,0,0,1,1,0,1,102,108,0.557,0.966,0.22,18,7,dos
3,tcp,ssh,RSTR,769,6,0,0,0,7,0,0,2,0,0,1,1,0,0,114,123,0.966,0.75,0.154,15,9,dos
0,udp,ftp_data,REJ,112,218,0,0,0,3,0,0,0,0,0,0,1,0,1,28,12,0.189,0.097,0.72,22,26,normal
3,icmp,telnet,SF,101,3,0,0,0,4,1,0,4,0,0,0,0,0,0,118,114,0.709,0.913,0.244,14,10,dos
18,udp,dns,RSTO,361,180,0,0,0,4,0,1,2,0,0,0,0,0,0,20,9,0.444,0.485,0.793,42,16,normal
4,icmp,ftp_data,SF,364,263,0,0,0,1,0,1,0,0,0,0,0,0,0,18,11,0.261,0.107,0.879,45,21,normal
23,udp,http,RSTO,25,3,0,0,0,3,0,0,4,0,0,0,1,0,0,108,110,0.904,0.979,0.298,8,8,probe
10,icmp,smtp,REJ,133,4,0,0,0,3,0,0,1,0,0,0,0,0,0,106,134,0.958,0.726,0.099,17,11,dos
1,tcp,ssh,SF,727,57,0,0,0,5,0,0,0,0,0,1,1,0,2,131,125,0.697,0.875,0.426,14,13,probe
0,tcp,smtp,SF,2357,926,0,0,0,3,0,1,0,0,0,0,1,0,0,15,16,0.07,0.427,0.792,29,32,normal
8,udp,http,SF,991,103,0,0,0,5,0,0,2,0,0,0,0,0,0,129,98,0.891,0.71,0.522,21,7,dos
24,tcp,ftp,S0,133,105,0,0,0,7,0,0,3,0,0,0,2,0,0,128,105,0.74,0.752,0.195,12,8,probe
0,icmp,telnet,REJ,69,509,0,0,0,2,0,1,0,0,0,0,0,0,0,23,16,0.032,0.077,0.915,35,23,normal
5,icmp,http,S0,1167,38,0,0,0,2,0,1,0,0,0,1,0,0,0,22,14,0.208,0.099,0.604,31,23,normal
0,tcp,ftp_data,REJ,509,420,0,0,0,2,0,1,0,0,0,0,0,0,0,19,20,0.098,0.003,0.732,32,28,normal
26,tcp,ssh,SF,233,11,0,0,0,4,0,0,3,0,0,0,0,0,1,97,124,0.963,0.692,0.035,8,10,u2r
2,udp,smtp,RSTR,56,30,0,0,0,3,0,0,0,0,0,1,1,0,1,124,101,0.628,0.803,0.064,16,7,dos
0,tcp,telnet,RSTR,347,136,0,0,0,1,0,1,0,0,0,0,0,0,0,20,22,0.125,0.007,0.917,34,24,normal
23,icmp,imap,REJ,38,30,0,0,0,4,0,0,2,0,0,2,1,0,3,135,110,0.698,0.626,0.003,13,10,dos
0,udp,dns,REJ,52,7,0,0,0,4,2,0,3,0,1,0,0,0,0,119,121,0.801,0.832,0.048,12,7,r2l
6,udp,ssh,S0,615,21,0,0,0,5,0,0,1,0,0,1,1,0,1,109,112,0.87,1.0,0.286,13,6,r2l
16,tcp,telnet,RSTR,123,0,0,0,0,7,0,0,1,0,0,2,0,0,0,134,110,0.906,0.941,0.225,16,11,dos
7,icmp,http,RSTR,1503,43,0,0,0,2,0,1,0,0,0,0,0,0,0,17,12,0.178,0.211,0.939,27,27,normal
2,tcp,telnet,RSTO,348,4840,0,0,0,1,0,1,1,0,0,0,0,0,0,15,13,0.059,0.137,0.904,38,24,normal
19,icmp,smtp,REJ,746,2,0,0,0,8,1,0,2,0,0,0,0,0,1,107,108,0.872,0.817,0.377,15,10,probe
0,icmp,dns,REJ,855,139,0,0,0,1,0,0,0,0,0,0,0,0,0,26,16,0.07,0.391,0.685,28,28,normal
31,icmp,ftp,S0,279,19,1,0,1,3,2,1,2,0,0,3,0,0,0,131,119,0.962,0.902,0.093,10,11,dos
2,udp,telnet,RSTR,104,1,0,0,0,3,0,0,1,0,0,2,3,0,0,121,121,0.822,0.944,0.329,7,7,dos
3,udp,ftp,SH,1434,2116,0,0,0,0,0,1,1,0,0,0,0,0,0,17,7,0.194,0.119,0.744,38,25,normal
2,udp,telnet,RSTR,16,8,0,0,0,4,2,0,0,0,0,0,0,0,1,141,116,0.959,0.79,0.093,11,10,dos
2,icmp,ftp,SF,825,802,0,0,0,1,0,1,1,0,0,1,0,0,0,22,23,0.151,0.327,0.802,46,30,normal
12,tcp,smtp,S0,124,51,0,0,0,6,2,0,0,0,0,2,2,0,1,124,104,0.885,0.955,0.259,12,12,r2l
1,udp,ftp_data,RSTO,1722,1089,0,0,0,5,0,0,0,0,0,0,0,0,0,22,19,0.056,0.163,0.984,42,23,normal
21,tcp,ftp,SH,620,303,0,0,0,3,0,0,1,0,0,0,0,0,0,135,114,0.981,0.752,0.179,14,10,probe
1,udp,imap,RSTR,354,81,0,0,0,0,0,1,1,0,0,0,0,0,0,11,15,0.063,0.128,0.756,35,16,normal
6,udp,dns,REJ,51,58,0,0,0,10,0,0,1,0,0,1,1,0,1,104,109,0.74,0.753,0.05,10,16,u2r
2,icmp,dns,RSTO,494,185,0,0,0,0,0,0,0,0,0,0,0,0,0,25,18,0.119,0.125,0.77,32,26,normal
22,tcp,pop3,SH,123,6,0,0,0,5,0,1,2,0,0,1,2,0,0,135,112,0.871,0.691,0.039,15,6,probe
1,tcp,imap,REJ,121,288,0,0,0,1,0,1,0,0,0,0,0,0,0,18,25,0.48,0.138,0.642,32,27,normal
0,icmp,ftp_data,RSTO,280,585,0,0,0,0,0,1,0,0,0,0,0,0,0,19,17,0.111,0.058,0.718,36,23,normal
58,icmp,dns,REJ,133,24,0,0,0,1,0,0,1,0,0,2,1,0,1,91,114,0.983,0.918,0.308,13,8,dos
2,udp,dns,SH,540,382,0,0,0,3,0,1,0,0,0,0,0,0,0,18,21,0.217,0.077,0.783,22,31,normal
1,tcp,ssh,S0,73,380,0,0,0,0,0,1,0,0,0,0,0,0,0,23,13,0.195,0.016,0.701,38,26,normal
0,tcp,smtp,RSTO,906,539,0,0,0,1,0,0,1,0,0,0,0,0,0,23,17,0.066,0.046,0.9,54,25,normal
0,icmp,http,RSTO,795,407,0,0,0,1,0,1,0,0,0,1,0,0,1,21,15,0.23,0.176,0.981,30,29,normal
1,udp,ssh,S0,1652,161,0,0,0,3,0,1,0,0,0,1,0,0,0,20,20,0.199,0.074,0.949,36,27,normal
0,icmp,ftp_data,REJ,1082,990,0,0,0,1,0,1,0,0,0,0,0,0,0,29,12,0.256,0.102,0.843,39,27,normal
3,udp,telnet,SF,2997,6,0,0,0,8,1,0,3,0,0,0,0,0,0,136,103,0.966,0.697,0.312,9,11,dos
2,udp,pop3,RSTR,15232,2583,0,0,0,0,0,1,0,0,0,0,0,0,0,20,8,0.133,0.208,0.819,33,25,normal
19,udp,ftp_data,SF,51,209,0,0,0,6,0,1,5,0,0,0,0,0,1,123,110,0.865,0.981,0.004,6,9,dos
0,udp,http,RSTO,2308,605,0,0,0,2,0,0,0,0,0,0,0,0,0,20,9,0.014,0.361,0.962,47,23,normal
12,icmp,smtp,REJ,224,8,0,0,0,5,2,0,2,0,0,1,2,0,0,121,104,0.959,0.861,0.177,16,9,dos
3,tcp,ssh,RSTO,103,171,0,0,0,2,0,1,0,0,0,0,0,0,0,22,14,0.027,0.143,0.647,40,33,normal
0,tcp,http,SF,742,615,0,0,0,1,0,1,0,0,0,0,0,0,0,20,16,0.21,0.254,0.496,27,24,normal
9,tcp,telnet,S0,108,9,0,0,0,3,1,0,5,0,0,1,0,0,0,133,92,0.892,0.791,0.2,16,10,dos
1,icmp,ftp,RSTO,5431,249,0,0,0,1,0,1,0,0,0,0,0,0,0,14,16,0.336,0.182,0.749,37,27,normal
1,udp,dns,S0,68,87,0,0,0,3,0,1,3,0,0,0,0,0,1,101,120,0.943,0.739,0.201,16,7,dos
3,tcp,http,SH,432,121,0,0,0,0,0,1,1,0,0,0,0,0,0,18,13,0.29,0.262,0.722,42,20,normal
2,tcp,ftp,S0,73,6,0,0,0,5,1,0,1,0,0,1,0,0,0,113,109,0.946,0.926,0.472,7,11,dos
2,tcp,ssh,SF,351,12,0,0,0,6,0,0,2,0,0,1,0,0,1,125,127,0.647,0.803,0.281,5,14,dos
3,udp,ftp_data,REJ,327,0,0,0,0,6,1,1,2,0,0,0,1,0,1,130,124,0.912,0.969,0.168,10,10,dos
2,tcp,smtp,S0,95,401,0,0,0,1,0,1,0,0,0,0,0,0,0,14,10,0.032,0.045,0.937,49,22,normal
0,tcp,imap,REJ,2395,312,0,0,0,1,0,1,0,0,0,0,0,0,0,24,17,0.318,0.01,0.698,27,42,normal
0,udp,pop3,REJ,503,31,0,0,0,1,0,0,0,0,0,1,0,0,0,23,11,0.185,0.535,0.847,34,26,normal
22,udp,ftp_data,REJ,57,33,0,0,0,7,0,0,2,0,0,1,1,0,0,106,123,0.793,0.876,0.08,15,8,dos
0,tcp,smtp,RSTO,250,57,0,0,0,0,0,1,0,0,0,0,0,0,0,18,20,0.064,0.031,0.788,32,30,normal
0,icmp,ssh,S0,291,1268,0,0,0,0,0,1,1,0,0,0,1,0,0,25,21,0.002,0.139,0.804,38,28,normal
0,icmp,ftp_data,RSTR,1236,542,0,0,0,1,0,1,0,0,0,0,0,0,0,13,13,0.166,0.312,0.686,28,32,normal
0,tcp,dns,RSTO,254,180,0,0,0,0,0,1,0,0,0,0,0,0,0,24,15,0.212,0.251,0.915,24,21,normal
12,icmp,smtp,RSTR,1119,397,0,0,0,1,0,1,1,0,0,0,0,0,0,22,9,0.04,0.186,0.864,34,22,normal
6,tcp,imap,REJ,487,546,0,0,0,2,1,0,4,0,0,1,1,0,1,118,113,0.843,0.574,0.145,14,11,r2l
4,icmp,ftp,RSTO,784,174,0,0,0,0,0,1,0,0,0,0,0,0,0,22,23,0.074,0.053,0.745,42,27,normal
0,tcp,pop3,S0,264,86,0,0,0,0,0,1,0,0,0,0,1,0,0,17,18,0.011,0.233,0.812,33,18,normal
1,tcp,ftp,RSTO,166,652,0,0,0,1,0,1,0,0,0,1,0,0,0,15,24,0.489,0.158,0.946,50,28,normal
26,icmp,http,REJ,23,25,0,0,0,2,0,0,0,0,0,0,1,0,1,115,109,0.933,0.852,0.304,11,9,dos
2,tcp,ssh,S0,292,256,0,0,0,2,0,1,0,0,0,0,0,0,0,16,14,0.686,0.008,0.692,36,19,normal
23,udp,http,SH,356,6,0,0,0,8,0,0,1,0,0,0,1,0,0,129,112,0.648,0.833,0.007,12,14,r2l
0,icmp,smtp,RSTO,98,208,0,0,0,2,0,1,0,0,0,1,0,0,0,25,12,0.007,0.186,0.908,32,14,normal
0,udp,imap,SF,892,106,0,0,0,3,0,1,0,0,0,0,0,0,0,19,13,0.105,0.011,0.904,33,27,normal
0,tcp,ssh,SH,108,450,0,0,0,0,0,1,0,0,0,0,0,0,0,21,13,0.021,0.131,0.721,37,19,normal
2,udp,ftp_data,S0,13,15,0,0,0,7,0,0,3,0,0,0,1,0,1,123,122,0.62,0.877,0.203,7,11,dos
6,icmp,pop3,REJ,192,101,0,0,0,0,0,1,0,0,0,1,0,0,0,20,12,0.119,0.023,0.636,34,25,normal
47,udp,imap,S0,1350,11,0,0,0,5,2,1,0,0,0,0,1,0,1,129,100,0.729,0.965,0.174,16,14,dos
35,udp,ssh,RSTO,21,27,0,0,0,3,0,0,2,1,0,1,1,0,0,108,128,0.897,0.931,0.18,11,15,probe
0,icmp,ftp_data,REJ,966,460,0,0,0,0,0,0,0,0,0,0,0,0,0,29,14,0.061,0.086,0.587,47,28,normal
30,tcp,smtp,RSTR,287,0,0,1,0,7,1,1,3,0,0,3,1,0,1,131,121,0.457,0.906,0.222,15,12,dos
0,udp,dns,RSTR,276,435,0,0,0,1,0,1,0,0,0,0,0,0,0,13,17,0.327,0.114,0.61,31,25,normal
1,icmp,imap,SF,1850,1122,0,0,0,2,0,1,0,0,0,1,0,0,0,15,14,0.422,0.31,0.642,39,25,normal
1,tcp,telnet,SF,416,194,0,0,0,2,0,1,0,0,0,0,0,0,0,20,22,0.311,0.163,0.846,34,20,normal
6,icmp,ftp,RSTR,998,1163,0,0,0,3,0,1,0,0,0,0,0,0,0,20,15,0.059,0.05,0.895,29,28,normal
16,udp,http,REJ,195,555,0,0,0,8,2,0,1,0,0,0,0,0,0,134,112,0.879,0.633,0.222,13,12,dos
2,udp,smtp,SF,7944,269,0,0,0,0,0,1,0,0,0,0,0,0,1,21,10,0.059,0.097,0.889,43,22,normal
2,udp,http,RSTO,2687,535,0,0,0,3,0,0,1,0,0,0,0,0,1,21,15,0.002,0.209,0.667,35,30,normal
0,icmp,telnet,RSTO,44,315,0,0,0,0,0,1,0,0,0,0,0,0,0,21,23,0.124,0.249,0.707,32,18,normal
1,icmp,http,REJ,78,254,0,0,0,7,0,0,2,0,0,0,0,0,0,111,113,0.909,0.802,0.048,13,6,dos
0,icmp,http,REJ,868,175,0,0,0,1,0,1,2,0,0,0,0,0,0,22,14,0.328,0.46,0.89,44,23,normal
1,udp,imap,SF,221,396,0,0,0,0,0,1,0,0,0,0,0,0,0,20,12,0.053,0.186,0.931,35,18,normal
3,tcp,pop3,SF,226,39,0,0,0,10,1,0,1,0,0,0,0,0,0,127,95,0.938,0.921,0.253,12,9,dos
32,icmp,ssh,RSTR,59,1392,0,0,0,7,0,0,1,0,0,0,0,0,0,126,96,0.864,0.805,0.013,13,10,dos
1,icmp,smtp,RSTR,1587,179,0,0,0,2,0,1,0,0,0,1,0,0,0,20,17,0.259,0.169,0.92,28,22,normal
0,tcp,ftp_data,SF,207,78,0,0,0,1,0,1,0,0,0,1,0,0,0,21,17,0.283,0.112,0.689,30,17,normal
11,icmp,pop3,S0,17,232,0,0,0,2,0,1,0,0,0,0,0,0,0,19,17,0.219,0.377,0.516,33,27,normal
1,icmp,ftp_data,S0,1648,2454,0,0,0,2,0,1,0,0,0,0,0,0,0,19,15,0.33,0.05,0.92,32,21,normal
1,udp,telnet,REJ,95,53,0,0,0,4,0,0,1,0,0,1,0,0,0,111,97,0.879,0.647,0.099,9,12,dos
1,icmp,ftp_data,SH,587,22,0,0,0,4,1,0,1,0,0,1,2,0,1,118,98,0.911,0.964,0.126,18,8,dos
1,udp,pop3,RSTO,153,22,0,0,0,7,2,0,3,0,0,1,1,0,0,115,99,0.956,0.917,0.031,11,10,probe
0,udp,telnet,SF,90,92,0,0,0,1,0,1,0,0,0,0,0,0,0,18,14,0.112,0.229,0.878,32,24,normal
9,tcp,http,REJ,716,124,0,0,0,0,0,1,0,0,0,0,0,0,0,23,12,0.471,0.114,0.828,31,24,normal
21,icmp,ftp,SF,989,19,0,0,0,6,2,0,3,0,0,1,1,0,0,125,116,0.776,0.558,0.327,10,6,probe
2,udp,ssh,RSTR,112,305,0,0,0,1,0,1,0,0,0,0,0,0,1,21,15,0.235,0.49,0.708,53,25,normal
0,tcp,ftp_data,REJ,2672,107,0,0,0,3,0,1,0,0,0,0,0,0,0,25,15,0.14,0.481,0.844,31,25,normal
4,udp,ftp_data,RSTR,38,120,0,0,0,2,0,0,0,0,0,0,1,0,0,125,114,0.825,0.787,0.052,13,12,probe
31,icmp,ssh,SF,156,55,0,0,0,4,2,1,0,0,0,2,0,0,0,109,125,0.975,0.671,0.01,19,9,u2r
8,icmp,ssh,RSTR,1402,181,0,0,0,2,1,1,2,0,0,2,1,0,1,111,129,0.797,0.889,0.005,6,7,dos
2,tcp,smtp,RSTO,208,248,0,0,0,0,0,1,0,0,0,0,0,0,0,20,17,0.257,0.013,0.879,30,25,normal
5,tcp,dns,RSTO,3198,731,0,0,0,2,0,1,2,0,0,0,0,0,0,22,14,0.201,0.08,0.94,31,22,normal
2,tcp,ssh,S0,1107,1251,0,0,0,1,0,1,0,0,0,0,0,0,0,20,15,0.196,0.303,0.859,47,24,normal
23,tcp,ftp,RSTO,11,18,0,0,0,5,1,0,0,0,0,0,0,0,0,108,112,0.931,0.806,0.149,14,8,probe
0,tcp,telnet,RSTO,568,156,0,0,0,2,0,1,0,0,0,0,0,0,0,24,20,0.096,0.198,0.815,41,24,normal
16,icmp,ftp_data,RSTR,35,1278,0,0,0,4,0,0,5,0,0,2,0,0,0,126,107,0.987,0.375,0.4,14,7,dos
2,udp,ssh,SF,998,58,0,0,0,0,0,0,0,0,0,0,0,0,0,10,18,0.024,0.191,0.873,41,27,normal
21,icmp,http,RSTR,19,34,0,0,0,2,1,0,3,0,0,0,0,0,0,122,104,0.828,0.766,0.097,17,6,dos
0,tcp,telnet,S0,40,38,0,0,0,7,1,0,4,0,0,2,0,0,0,130,106,0.996,0.801,0.08,11,17,probe
43,icmp,ssh,S0,10,0,0,0,0,4,0,0,2,0,0,1,1,0,1,136,98,0.878,0.663,0.062,13,9,probe
8,icmp,http,SF,45,11,0,0,0,2,0,0,3,0,0,0,0,0,0,111,94,0.819,0.985,0.361,10,7,dos
9,tcp,http,S0,45,5,0,0,0,6,0,0,0,0,0,2,0,0,0,130,122,0.994,0.935,0.033,10,11,r2l
12,icmp,ftp,REJ,2,11,0,0,0,5,0,0,4,0,0,0,0,0,1,129,127,0.611,0.653,0.467,15,6,r2l
9,icmp,ftp,REJ,43,11,0,0,0,8,1,0,1,0,0,0,1,0,0,114,132,0.99,0.707,0.158,11,9,dos
30,icmp,telnet,RSTO,131,59,0,0,0,8,1,0,2,0,0,0,1,0,1,127,112,0.961,0.844,0.327,7,13,dos
12,icmp,http,SF,58,1,0,0,0,1,0,0,0,0,0,0,0,0,0,125,109,0.94,0.483,0.15,12,13,dos
0,tcp,smtp,SH,61,102,0,0,0,6,1,0,4,0,0,1,1,0,0,131,128,0.928,0.878,0.09,15,11,dos
10,tcp,imap,S0,40,3,0,0,0,6,1,0,3,0,0,0,1,0,2,108,119,0.824,0.603,0.081,12,8,dos
2,tcp,http,SH,493,1158,0,0,0,2,0,1,0,0,0,0,0,0,0,23,18,0.084,0.171,0.911,23,37,normal
8,tcp,ftp,SF,604,2098,0,0,0,0,0,1,0,0,0,0,0,0,0,19,15,0.118,0.022,0.489,27,36,normal
0,tcp,telnet,RSTO,93,148,0,0,0,3,0,1,0,0,0,2,0,0,0,24,13,0.026,0.028,0.765,31,15,normal
4,tcp,telnet,REJ,19,9,0,0,0,4,0,0,1,0,0,0,1,0,0,119,103,0.954,0.803,0.216,16,9,u2r
19,tcp,http,REJ,326,19,0,0,0,5,1,1,3,0,0,2,0,0,2,114,126,0.868,0.545,0.143,8,6,dos
12,tcp,ftp_data,SH,72,30,0,1,0,4,1,0,5,0,0,0,1,0,0,117,102,0.739,0.627,0.15,6,9,dos
1,udp,pop3,REJ,126,708,0,0,0,0,0,0,0,0,0,1,0,0,1,21,14,0.167,0.289,0.881,37,29,normal
0,udp,telnet,SF,543,2669,0,0,0,4,0,1,0,0,0,0,0,0,0,19,13,0.289,0.015,0.847,44,19,normal
23,icmp,ssh,SF,188,72,0,0,0,8,1,0,4,0,0,2,0,0,0,114,98,0.814,0.602,0.144,8,10,probe
1,udp,imap,S0,212,216,0,0,0,0,0,1,1,0,0,0,0,0,0,23,17,0.049,0.253,0.544,41,14,normal
1,tcp,http,SF,4421,1753,0,0,0,0,0,1,0,0,0,0,0,0,0,19,14,0.179,0.077,0.588,25,38,normal
2,udp,smtp,RSTR,1295,396,0,0,0,1,0,1,0,0,0,0,0,0,0,18,11,0.082,0.167,0.907,35,26,normal
0,tcp,telnet,SH,2736,57,0,0,0,0,0,1,0,0,0,0,0,0,0,18,18,0.074,0.113,0.791,39,23,normal
1,icmp,imap,RSTR,1361,37,0,0,0,1,0,1,0,0,0,0,0,0,0,19,18,0.072,0.109,0.904,41,21,normal
1,udp,dns,SH,345,548,0,0,0,1,0,1,0,0,0,0,0,0,0,17,18,0.025,0.229,0.692,40,27,normal
29,tcp,imap,SH,33,11,0,0,0,9,1,0,1,0,0,0,2,0,1,115,111,0.779,0.63,0.044,18,12,dos
5,tcp,http,RSTO,378,721,0,0,0,1,0,1,1,0,0,0,0,0,0,14,20,0.027,0.555,0.944,47,30,normal
19,icmp,telnet,S0,171,3,0,0,0,3,1,0,0,0,0,1,0,0,0,141,117,0.996,0.877,0.389,7,15,dos
2,udp,ftp_data,SF,2247,532,0,0,0,1,0,1,0,0,0,0,0,0,0,13,16,0.047,0.02,0.663,38,30,normal
38,icmp,ftp,SH,81,496,0,0,0,0,0,0,4,0,0,0,0,0,0,120,97,0.759,0.566,0.104,11,10,probe
2,icmp,smtp,RSTO,67,479,0,0,0,0,0,1,0,0,0,0,0,0,0,23,18,0.075,0.048,0.751,43,30,normal
1,icmp,imap,RSTO,645,735,0,0,0,1,0,1,0,0,0,0,0,0,1,15,12,0.244,0.011,0.792,35,23,normal
0,udp,pop3,SF,173,232,0,0,0,1,0,1,0,0,0,0,0,0,0,17,15,0.172,0.129,0.63,33,31,normal
12,icmp,ftp,SH,436,5,0,0,0,1,0,0,3,1,0,0,1,0,1,130,111,0.7,0.93,0.118,12,10,probe
29,udp,ftp_data,RSTR,26,26,0,0,0,6,0,0,3,0,0,1,1,0,0,125,103,0.862,0.974,0.012,6,13,probe
27,udp,pop3,S0,383,18,0,0,0,3,1,0,0,0,0,0,1,0,1,105,109,0.892,0.581,0.194,13,8,dos
6,udp,imap,SH,4196,517,0,0,0,1,0,1,0,0,0,0,0,0,0,20,15,0.544,0.038,0.932,35,26,normal
0,tcp,imap,S0,512,2623,0,0,0,1,0,1,0,0,0,0,0,0,0,21,14,0.185,0.129,0.923,36,24,normal
2,icmp,pop3,SF,1529,866,0,0,0,0,0,1,1,0,0,1,0,0,0,21,19,0.106,0.313,0.519,32,22,normal
29,udp,imap,S0,393,48,0,0,0,6,0,0,1,0,0,0,1,0,1,120,114,0.889,0.764,0.219,12,8,r2l
17,tcp,http,SF,13,16,0,1,0,3,0,0,0,0,0,1,0,0,1,124,104,0.978,0.945,0.632,15,12,dos
8,udp,pop3,SF,1,1,0,0,0,1,2,0,0,0,0,1,0,0,0,129,117,0.64,0.811,0.204,13,14,probe
2,icmp,pop3,REJ,1034,196,0,0,0,3,0,1,0,0,0,1,0,0,0,23,9,0.193,0.186,0.85,39,39,normal
0,icmp,telnet,RSTR,1850,2301,0,0,0,1,0,1,1,0,0,0,0,0,0,24,9,0.005,0.123,0.838,43,24,normal
3,icmp,ssh,RSTR,608,219,0,0,0,0,0,1,0,0,0,0,0,0,0,20,17,0.088,0.175,0.729,23,22,normal
43,icmp,smtp,RSTR,161,14,0,0,0,4,0,0,3,0,0,0,1,0,0,125,113,0.98,0.895,0.065,15,6,dos
0,udp,ftp_data,SH,1697,231,0,0,0,2,0,1,0,0,0,0,0,0,0,13,17,0.04,0.164,0.755,37,23,normal
25,tcp,telnet,S0,25,71,0,0,0,6,0,0,3,0,0,1,0,0,1,121,104,0.879,0.566,0.471,9,6,r2l
0,udp,imap,RSTR,417,821,0,0,0,0,0,1,0,0,0,0,0,0,1,22,22,0.056,0.344,0.753,42,20,normal
5,udp,dns,RSTR,41,686,0,0,0,9,0,0,2,0,0,0,1,0,1,125,118,0.692,0.931,0.038,8,8,dos
3,tcp,ssh,SH,247,166,0,0,0,0,0,0,0,0,0,0,0,0,0,22,13,0.118,0.02,0.875,35,29,normal
33,icmp,http,SH,21,143,0,0,0,4,1,0,3,0,0,1,0,0,1,129,91,0.925,0.991,0.006,17,12,dos
12,tcp,http,SH,95,1,0,0,0,7,1,0,1,0,0,0,1,0,1,120,116,0.891,0.977,0.006,11,11,dos
0,udp,telnet,SH,4900,438,0,0,0,0,0,1,0,0,0,0,0,0,0,23,10,0.111,0.15,0.966,31,19,normal
4,tcp,http,REJ,327,180,0,0,0,2,0,1,0,0,0,0,0,0,0,14,7,0.025,0.141,0.732,32,30,normal
5,tcp,ftp,SH,617,385,0,0,0,1,0,0,0,0,0,1,0,0,1,14,22,0.189,0.004,0.588,29,27,normal
1,udp,imap,SH,890,2595,0,0,0,1,0,1,0,0,0,0,0,0,0,18,20,0.066,0.202,0.737,23,24,normal
1,icmp,pop3,RSTO,389,220,0,0,0,2,0,1,0,0,0,0,0,0,0,17,14,0.044,0.257,0.679,35,29,normal
45,tcp,ftp,REJ,19,97,0,0,0,3,0,1,1,0,0,1,1,0,0,124,108,0.655,0.975,0.138,14,12,dos
2,tcp,dns,RSTR,668,308,0,0,0,1,0,1,1,0,0,0,1,0,0,26,19,0.166,0.001,0.942,42,22,normal
3,udp,imap,SF,12,56,0,0,0,2,0,1,3,0,0,3,0,0,0,112,107,0.785,0.992,0.04,13,8,dos
5,icmp,ssh,REJ,50,17,0,0,0,3,1,0,3,0,0,2,2,0,1,107,129,0.925,0.986,0.593,13,8,probe
0,udp,dns,REJ,861,86,0,0,0,0,0,1,0,0,0,0,1,0,0,16,15,0.047,0.084,0.881,29,28,normal
0,udp,telnet,REJ,580,697,0,0,0,4,1,0,4,0,0,1,2,0,1,130,96,0.741,0.817,0.306,11,16,probe
4,udp,pop3,S0,462,100,0,0,0,0,0,0,0,0,0,1,0,0,0,16,17,0.217,0.175,0.937,32,15,normal
17,icmp,telnet,RSTO,228,9,0,0,0,1,2,1,0,0,0,1,2,0,2,121,100,0.884,0.53,0.313,11,18,r2l
3,tcp,telnet,SF,447,14,0,0,0,5,0,0,3,0,0,1,1,0,1,118,102,0.799,0.805,0.331,7,9,dos
4,tcp,imap,REJ,369,1355,0,0,0,1,0,1,0,0,0,0,0,0,0,28,7,0.014,0.034,0.894,28,15,normal
4,tcp,pop3,SH,13,1,0,0,0,1,0,0,2,0,0,0,0,0,3,124,130,0.588,0.935,0.019,6,10,dos
0,icmp,telnet,SF,575,478,0,0,0,0,0,1,0,0,0,0,1,0,0,22,15,0.279,0.234,0.4,35,21,normal
4,udp,http,RSTO,186,298,0,0,0,1,0,1,0,0,0,0,0,0,0,23,14,0.287,0.082,0.843,32,15,normal
14,icmp,ssh,SF,88,423,0,0,0,0,0,1,1,0,0,0,0,0,1,19,14,0.055,0.105,0.734,38,27,normal
0,udp,ftp,SF,494,200,0,0,0,1,0,1,0,0,0,1,0,0,0,22,19,0.003,0.149,0.984,33,27,normal
0,icmp,telnet,REJ,1517,241,0,0,0,3,0,0,1,0,0,0,0,0,1,17,17,0.014,0.234,0.973,40,32,normal
3,icmp,dns,RSTR,1179,169,0,0,0,0,0,0,0,0,0,0,1,0,0,18,11,0.251,0.391,0.986,30,34,normal
1,udp,ftp,SF,684,1969,0,0,0,1,0,1,0,0,0,0,0,0,0,23,18,0.049,0.097,0.921,44,25,normal
3,tcp,smtp,RSTO,793,3197,0,0,0,5,0,1,0,0,0,0,0,0,0,22,14,0.035,0.524,0.706,35,24,normal
11,tcp,http,REJ,24,29,0,0,0,6,1,0,0,0,0,1,3,1,0,107,115,0.954,0.611,0.069,11,15,dos
1,tcp,imap,S0,1380,86,0,0,0,2,0,1,0,0,0,0,0,0,0,23,18,0.416,0.041,0.799,33,31,normal
7,tcp,ftp,S0,176,18,0,0,0,5,0,1,0,0,0,1,1,0,0,127,108,0.615,0.74,0.175,18,14,probe
3,udp,pop3,S0,147,1,1,0,0,5,1,0,2,0,0,1,0,0,0,128,113,0.614,0.723,0.168,12,8,probe
44,icmp,http,SF,458,50,0,0,0,4,0,0,1,0,0,2,1,0,0,108,102,0.81,0.654,0.454,7,11,dos
13,udp,smtp,RSTR,96,35,0,0,0,6,1,0,5,0,0,0,1,0,0,95,119,0.824,0.895,0.326,11,13,dos
0,icmp,pop3,RSTO,1230,3194,0,0,0,0,0,1,0,0,0,1,0,0,0,19,14,0.26,0.201,0.889,32,20,normal
1,udp,ssh,REJ,74,66,0,0,0,8,0,0,2,0,0,0,1,0,0,126,126,0.812,0.974,0.069,15,6,dos
2,icmp,ftp_data,REJ,378,1892,0,0,0,0,1,0,2,0,0,3,0,0,0,124,120,0.76,0.976,0.315,18,6,dos
0,udp,imap,RSTO,268,469,0,0,0,1,0,1,0,0,0,0,0,0,0,21,14,0.036,0.1,0.56,27,33,normal
43,tcp,smtp,RSTR,132,153,0,0,0,5,1,1,5,0,0,1,1,0,1,123,118,0.806,0.988,0.078,10,12,dos
14,tcp,telnet,REJ,468,22,0,0,0,3,0,0,3,0,0,0,2,0,0,128,118,0.968,0.982,0.456,12,7,dos
0,icmp,telnet,RSTR,2036,659,0,0,0,1,0,1,0,0,0,0,0,0,0,22,9,0.207,0.232,0.455,43,26,normal
0,icmp,ftp,SH,966,60,0,0,0,3,0,1,0,0,0,0,0,0,0,20,14,0.114,0.122,0.714,39,26,normal
1,udp,telnet,REJ,340,111,0,0,0,0,0,0,2,0,0,1,1,0,0,14,15,0.01,0.26,0.944,41,25,normal
3,icmp,http,S0,1923,76,0,0,0,2,0,1,0,0,0,0,0,0,0,18,17,0.075,0.084,0.619,36,18,normal
6,udp,http,REJ,14,15,0,0,1,6,1,0,2,0,0,1,0,0,2,131,120,0.668,0.938,0.047,14,12,dos
14,icmp,ftp,RSTR,189,54,0,0,0,5,1,0,4,0,0,0,1,1,0,120,116,0.961,0.814,0.338,12,16,dos
1,tcp,smtp,SH,134,3,0,0,0,5,2,0,0,0,0,1,1,0,0,119,97,0.991,0.897,0.088,9,15,dos
2,tcp,ftp_data,S0,3,14,0,0,0,3,0,0,1,0,0,0,0,0,1,113,118,0.982,0.989,0.263,14,12,dos
1,udp,pop3,SH,30,934,0,0,0,0,0,1,0,0,0,0,1,0,0,22,20,0.068,0.38,0.52,34,24,normal
3,udp,ssh,RSTO,112,90,0,0,0,2,0,1,0,0,0,1,0,0,0,26,9,0.239,0.082,0.78,38,33,normal
3,tcp,dns,RSTO,278,572,0,0,0,1,0,1,0,0,0,0,0,0,0,16,13,0.274,0.077,0.902,32,36,normal
5,icmp,dns,S0,4,169,0,0,0,9,0,0,3,0,0,1,1,0,0,112,119,0.622,0.85,0.36,11,17,dos
1,icmp,imap,REJ,536,730,0,0,0,2,0,1,0,0,0,2,0,0,0,21,12,0.153,0.025,0.94,35,28,normal
8,udp,dns,RSTO,703,182,0,0,0,1,0,1,0,0,0,0,1,0,0,19,10,0.019,0.094,0.986,41,22,normal
15,icmp,pop3,S0,109,8,0,0,0,7,0,0,1,0,0,1,0,0,0,140,94,0.84,0.824,0.081,7,6,probe
10,tcp,telnet,SH,287,6,0,0,0,6,0,0,2,0,0,1,0,0,0,120,104,0.716,0.836,0.211,10,6,u2r
3,udp,ftp,SF,266,1070,0,0,0,1,0,1,1,0,0,0,0,0,0,31,19,0.013,0.01,0.712,29,21,normal
0,icmp,smtp,RSTR,386,184,0,0,0,0,0,1,0,0,0,1,0,0,0,23,13,0.448,0.089,0.776,45,24,normal
13,udp,telnet,SF,139,459,0,0,0,9,1,0,0,0,0,0,1,0,0,125,107,0.815,0.981,0.111,11,14,probe
63,tcp,ftp_data,SH,884,0,1,0,0,7,0,0,0,0,0,1,0,0,2,112,104,0.841,0.784,0.395,13,6,r2l
4,tcp,ftp_data,S0,59,5,0,0,0,2,1,0,2,0,0,1,0,0,0,132,99,0.97,0.97,0.449,9,9,dos
0,icmp,telnet,SF,64,171,0,0,0,1,0,1,0,0,0,0,0,0,1,18,11,0.528,0.128,0.687,43,35,normal
7,tcp,telnet,RSTO,576,1063,0,0,0,5,0,0,1,0,0,1,2,0,0,114,121,0.863,0.82,0.157,18,9,dos
1,tcp,telnet,RSTO,305,4155,0,0,0,2,0,0,0,0,0,0,1,0,0,21,11,0.05,0.083,0.87,40,27,normal
1,udp,smtp,S0,1067,639,0,0,0,0,0,1,0,0,0,0,0,0,0,23,21,0.031,0.016,0.771,39,22,normal
0,icmp,telnet,REJ,177,129,0,0,0,4,0,1,1,0,0,1,0,0,0,16,17,0.106,0.334,0.523,37,29,normal
20,tcp,imap,SH,43,1,0,0,0,6,0,1,3,0,0,0,0,0,2,127,105,0.781,0.92,0.131,8,14,dos
0,udp,pop3,RSTO,270,24,0,0,0,10,4,0,1,0,0,1,0,0,0,124,111,0.853,0.841,0.6,16,13,dos
0,udp,ftp_data,SH,99,148,0,0,0,0,0,0,0,0,0,0,0,0,0,23,12,0.191,0.001,0.661,38,27,normal
7,udp,pop3,REJ,34,29,0,0,0,7,3,0,0,0,0,2,0,0,0,103,116,0.651,0.522,0.057,11,11,probe
2,tcp,smtp,RSTR,32,53,0,0,0,2,1,0,0,0,0,1,0,0,3,110,101,0.819,0.87,0.02,12,10,r2l
2,tcp,ftp,SF,971,47,0,0,0,3,0,0,0,0,0,0,1,0,0,24,18,0.135,0.094,0.764,20,27,normal
2,icmp,ftp,SF,23,33,0,0,0,8,2,0,1,0,1,1,1,0,1,111,107,0.875,0.544,0.146,12,13,dos
1,tcp,telnet,REJ,477,35,0,0,0,0,0,1,0,0,0,0,2,0,0,16,20,0.221,0.2,0.811,36,22,normal
0,udp,http,S0,167,685,0,0,0,1,0,1,0,0,0,0,0,0,0,10,12,0.003,0.458,0.937,35,28,normal
8,tcp,smtp,REJ,68,345,0,0,0,1,0,1,0,0,0,1,0,0,0,13,17,0.103,0.023,0.934,32,23,normal
3,tcp,ssh,S0,346,146,0,0,0,0,0,1,0,0,0,1,0,0,1,15,21,0.064,0.061,0.859,33,30,normal
3,icmp,smtp,REJ,151,264,0,0,0,1,0,1,0,0,0,0,0,0,0,20,9,0.038,0.423,0.966,30,23,normal
2,tcp,http,S0,619,53,0,0,0,1,0,1,0,0,0,1,0,0,0,20,13,0.43,0.127,0.664,26,20,normal
4,icmp,ssh,RSTR,14,2,0,0,0,4,0,0,3,0,0,0,1,0,0,128,92,0.984,0.804,0.012,13,9,probe
1,icmp,imap,REJ,1319,1058,0,0,0,1,0,1,0,0,0,0,0,0,0,19,12,0.318,0.066,0.621,34,25,normal
2,icmp,imap,SF,747,76,0,0,0,1,0,1,1,0,0,0,0,0,0,26,15,0.059,0.189,0.914,35,18,normal
25,icmp,smtp,RSTO,66,6,0,0,0,4,1,0,1,0,0,1,0,0,0,105,112,0.897,0.636,0.203,8,12,probe
2,tcp,imap,SF,3,56,0,0,0,2,1,0,2,0,0,0,0,0,0,124,133,0.505,0.954,0.203,15,12,r2l
6,icmp,ssh,SH,14505,1,0,0,0,10,2,0,4,0,0,2,2,1,2,120,122,0.783,0.939,0.324,8,10,r2l
5,tcp,http,S0,154,84,0,0,0,2,1,0,2,0,0,1,0,0,1,109,123,0.92,0.428,0.175,17,11,r2l
1,tcp,pop3,SF,762,423,0,0,0,0,0,1,0,0,0,0,0,0,0,16,13,0.115,0.007,0.526,37,29,normal
3,tcp,telnet,SF,2164,807,0,0,0,3,0,1,1,0,0,0,0,0,0,21,16,0.11,0.03,0.979,36,28,normal
60,udp,imap,S0,13,17,0,0,0,8,0,0,1,0,0,0,0,0,0,108,131,0.799,0.93,0.243,15,9,dos
12,tcp,dns,REJ,756,18,0,0,0,4,1,0,2,0,0,1,0,0,0,105,117,0.858,0.789,0.025,8,6,probe
7,icmp,telnet,REJ,20,38,0,0,0,3,0,0,1,0,0,0,2,0,0,110,94,0.661,0.944,0.109,15,14,r2l
9,icmp,imap,S0,95,162,0,0,0,1,0,1,0,0,0,1,0,0,0,26,15,0.187,0.299,0.765,40,22,normal
0,udp,dns,RSTR,72,1562,0,0,0,0,0,1,0,0,0,0,0,0,0,16,14,0.032,0.221,0.969,36,30,normal
0,udp,dns,RSTO,396,76,0,0,0,0,0,1,1,0,0,0,0,0,0,21,20,0.388,0.029,0.945,39,21,normal
36,icmp,ssh,SF,104,3,0,0,0,6,0,1,2,0,0,1,1,0,0,105,106,0.939,0.928,0.507,6,13,dos
8,udp,telnet,REJ,103,211,0,0,0,0,0,1,0,0,0,0,0,0,0,17,17,0.158,0.005,0.84,32,20,normal
4,tcp,dns,SH,338,1207,0,0,0,1,0,1,0,0,0,0,0,0,0,21,9,0.176,0.196,0.565,41,17,normal
47,tcp,pop3,RSTO,38,22,0,0,0,7,0,0,1,0,0,0,0,0,0,109,124,0.984,0.731,0.069,9,10,dos
3,udp,pop3,REJ,2099,88,0,0,0,0,0,1,0,0,0,0,0,0,0,14,15,0.03,0.279,0.841,46,26,normal
3,tcp,ftp,S0,397,0,0,0,0,7,0,0,0,0,0,2,0,0,0,121,120,0.62,0.737,0.273,8,11,dos
6,udp,ftp_data,RSTR,126,637,0,0,0,1,0,1,0,0,0,0,0,0,0,20,12,0.0,0.129,0.953,40,18,normal
2,tcp,imap,REJ,200,667,0,0,0,1,0,1,0,0,0,1,0,0,0,18,9,0.32,0.027,0.953,28,24,normal
2,udp,ftp_data,REJ,1454,1274,0,0,0,1,0,0,4,0,0,0,0,0,0,20,16,0.087,0.005,0.891,33,26,normal
1,tcp,ftp,RSTO,1546,144,0,0,0,0,0,1,0,0,0,0,0,0,0,22,14,0.281,0.149,0.728,33,21,normal
8,tcp,pop3,SH,998,3531,0,0,0,4,0,1,0,0,0,0,0,0,0,21,19,0.084,0.027,0.552,41,24,normal
1,udp,ssh,SH,228,158,0,0,0,0,0,1,0,0,0,0,0,0,0,21,20,0.135,0.005,0.554,31,22,normal
0,udp,http,SF,456,588,0,0,0,0,0,1,0,0,0,0,0,0,0,16,19,0.497,0.34,0.965,24,27,normal
2,tcp,http,RSTO,199,193,0,0,0,2,0,1,0,0,0,0,0,0,0,22,13,0.369,0.059,0.841,28,23,normal
0,tcp,http,RSTR,2381,396,0,0,0,1,0,0,0,0,0,0,0,0,0,21,17,0.028,0.052,0.902,37,22,normal
1,udp,smtp,SH,453,411,0,0,0,1,0,0,0,0,0,0,0,0,0,24,23,0.291,0.025,0.711,33,24,normal
7,icmp,telnet,RSTR,15,46,0,0,0,5,0,0,1,0,1,0,0,0,0,127,112,0.983,0.745,0.474,10,13,dos
1,tcp,ftp,RSTR,2323,164,0,0,0,0,0,1,2,0,0,1,0,0,0,21,11,0.21,0.099,0.842,34,18,normal
5,icmp,http,S0,82,155,0,0,0,5,2,1,1,0,0,1,0,0,0,132,115,0.99,0.588,0.457,15,7,r2l
1,tcp,imap,S0,50,16,0,0,0,4,1,0,1,0,0,0,1,0,0,139,125,0.987,0.895,0.05,9,8,probe
1,tcp,telnet,RSTR,1172,285,0,0,0,2,0,1,0,0,0,0,0,0,0,20,8,0.279,0.303,0.731,43,21,normal
0,tcp,pop3,SF,428,183,0,0,0,2,0,1,0,0,0,0,0,0,0,18,13,0.032,0.126,0.966,40,23,normal
6,tcp,pop3,SH,154,90,0,0,0,2,3,0,3,0,0,1,2,0,0,128,112,0.897,0.866,0.106,17,12,dos
2,icmp,smtp,REJ,579,107,0,0,0,3,1,0,1,0,0,1,0,0,1,107,109,0.803,0.919,0.112,11,11,dos
0,tcp,imap,SF,127,331,0,0,0,2,0,1,0,0,0,0,0,0,0,25,19,0.122,0.064,0.589,33,25,normal
0,udp,pop3,SH,148,122,0,0,0,1,0,1,1,0,0,1,0,0,0,26,18,0.194,0.121,0.507,40,25,normal
10,icmp,imap,RSTR,65,4,0,0,0,7,0,0,1,0,0,1,0,0,2,121,106,0.964,0.949,0.43,12,10,dos
2,tcp,imap,SH,3468,343,0,0,0,2,0,1,1,0,0,0,2,0,0,21,17,0.075,0.223,0.703,44,24,normal
29,tcp,pop3,RSTR,55,164,0,0,0,8,0,0,1,1,0,2,0,0,1,112,128,0.85,0.838,0.105,11,8,r2l
6,tcp,pop3,RSTR,141,458,0,0,0,0,0,1,0,0,0,0,0,0,0,15,10,0.356,0.043,0.942,25,21,normal
3,icmp,imap,SF,98,79,0,0,0,1,0,1,0,0,0,0,0,0,0,23,20,0.023,0.046,0.667,32,23,normal
0,tcp,imap,SH,249,792,0,0,0,0,0,1,1,0,0,0,0,0,0,17,15,0.328,0.247,0.975,39,21,normal
5,udp,ftp_data,RSTR,22,8,0,0,0,4,0,0,2,0,0,1,0,0,0,133,105,0.953,0.994,0.293,14,12,dos
35,icmp,ssh,RSTO,254,533,0,0,0,6,0,0,2,0,0,0,3,0,0,116,110,0.871,0.982,0.237,15,11,dos
10,udp,ftp,RSTO,234,96,0,0,0,3,1,0,3,0,0,0,0,0,0,125,107,0.744,0.448,0.225,8,12,probe
1,udp,imap,RSTO,2990,108,0,0,0,1,0,1,0,0,0,0,0,0,0,16,14,0.492,0.262,0.673,39,35,normal
2,udp,dns,SF,681,1076,0,0,0,1,0,1,0,0,0,0,0,0,0,21,16,0.156,0.111,0.813,42,25,normal
0,icmp,ftp,S0,114,5,0,0,0,6,0,0,3,0,0,0,1,0,0,133,107,0.863,0.789,0.348,18,6,u2r
3,tcp,ftp,RSTR,3131,96,0,0,0,4,0,0,0,0,0,0,0,0,0,111,104,0.775,0.913,0.064,11,17,probe
24,icmp,imap,SF,50,27,0,0,0,5,0,0,2,0,0,0,0,0,1,110,102,0.998,0.731,0.014,13,9,dos
6,tcp,ftp_data,REJ,53,97,0,0,0,5,0,0,0,0,0,1,2,0,1,108,92,0.98,0.827,0.043,16,12,dos
5,udp,dns,RSTR,1031,226,0,0,0,1,0,0,0,0,0,0,0,0,0,28,19,0.205,0.052,0.947,28,18,normal
7,icmp,ssh,S0,47,39,0,0,0,7,1,0,1,0,0,4,2,0,1,126,110,0.914,0.327,0.144,11,15,dos
0,icmp,telnet,SH,673,422,0,0,0,0,0,1,0,0,0,0,0,0,0,22,8,0.342,0.216,0.813,37,26,normal
0,icmp,telnet,RSTO,379,110,0,0,0,0,0,0,0,0,0,0,0,0,0,14,22,0.214,0.315,0.82,40,25,normal
1,tcp,ssh,RSTO,464,3221,0,0,0,0,0,1,0,0,0,0,0,0,0,20,15,0.107,0.005,0.714,37,25,normal
45,tcp,ftp,RSTR,13,0,0,0,0,6,2,0,1,0,0,0,0,0,0,138,126,0.967,0.879,0.27,16,13,u2r
2,tcp,dns,S0,335,89,0,0,0,0,0,0,0,0,0,0,0,0,0,27,17,0.082,0.175,0.855,41,29,normal
14,tcp,smtp,RSTO,268,45,0,0,0,10,0,0,3,0,0,1,2,0,0,117,103,0.815,0.768,0.532,10,12,dos
0,icmp,http,RSTR,946,2139,0,0,0,0,0,1,0,0,0,0,0,0,0,23,9,0.151,0.423,0.824,37,31,normal
1,tcp,smtp,SF,119,382,0,0,0,5,1,0,1,0,0,1,0,0,3,121,101,0.967,0.871,0.155,8,12,dos
6,udp,ftp,RSTR,148,12,0,0,0,5,0,0,2,0,0,2,0,0,0,108,114,0.925,0.982,0.001,12,11,probe
26,tcp,telnet,REJ,153,20,0,0,0,1,0,0,2,0,0,0,1,0,1,123,116,0.983,0.682,0.228,15,12,dos
2,tcp,ftp,RSTO,2283,822,0,0,0,1,0,1,0,0,0,0,0,0,0,19,18,0.153,0.212,0.948,33,21,normal
5,icmp,ssh,S0,869,1728,0,0,0,3,0,1,0,0,0,0,0,0,0,25,19,0.214,0.157,0.643,38,27,normal
0,tcp,telnet,RSTR,700,165,0,0,0,1,0,1,0,0,0,0,0,0,0,16,8,0.098,0.144,0.556,36,20,normal
17,tcp,imap,RSTO,19,7,0,0,0,5,1,0,0,0,0,0,0,0,0,120,107,0.702,0.414,0.17,11,7,dos
0,udp,ftp,REJ,1127,73,0,0,0,1,0,1,0,0,0,0,0,0,0,21,13,0.169,0.392,0.97,39,13,normal
37,udp,ftp_data,SF,129,107,0,0,0,13,0,1,4,0,0,2,0,0,0,99,94,0.656,0.844,0.101,11,15,dos
18,icmp,ftp,SF,27,27,0,0,0,3,0,0,1,0,0,2,0,0,0,129,130,0.801,0.928,0.002,13,11,dos
9,tcp,smtp,SF,898,99,0,0,0,0,0,1,0,0,0,0,0,0,0,21,17,0.109,0.17,0.874,36,21,normal
18,icmp,telnet,RSTO,177,695,0,0,0,10,1,0,2,0,0,1,1,0,0,130,100,0.848,0.864,0.204,12,10,dos
53,icmp,imap,REJ,81,193,0,0,0,2,2,1,2,0,0,0,2,0,0,132,114,0.91,0.77,0.252,9,7,dos
6,icmp,ssh,RSTO,169,6,0,0,0,5,0,0,4,0,0,1,0,0,0,115,115,0.894,0.855,0.209,13,12,dos
23,icmp,telnet,RSTO,142,1,0,0,0,6,1,0,3,0,0,1,0,0,0,118,114,0.909,0.869,0.153,10,8,dos
4,tcp,http,SF,987,2749,0,0,0,2,0,1,0,0,0,0,0,0,0,18,13,0.199,0.033,0.909,27,29,normal
0,tcp,ftp,S0,114,943,0,0,0,0,0,1,1,0,0,0,0,0,1,20,11,0.116,0.013,0.921,29,19,normal
22,udp,imap,RSTO,329,0,0,0,0,3,0,0,3,0,0,0,1,0,1,115,130,0.916,0.521,0.056,8,12,dos
18,icmp,dns,RSTR,38,69,0,0,0,6,0,0,1,0,0,0,1,0,2,108,117,0.755,0.729,0.149,12,12,dos
1,tcp,ftp_data,REJ,2108,940,0,0,0,2,0,1,0,0,0,0,0,0,0,17,23,0.037,0.171,0.505,37,32,normal
21,tcp,pop3,S0,27,660,0,0,0,3,0,0,3,0,0,0,0,0,1,95,129,0.963,0.844,0.274,18,3,dos
6,icmp,dns,RSTR,249,40,0,0,0,6,0,0,0,0,0,1,0,0,0,141,117,0.79,0.945,0.083,12,9,dos
3,udp,http,SF,379,310,0,0,0,2,0,1,1,0,0,0,0,0,0,20,13,0.031,0.021,0.663,43,31,normal
1,udp,imap,SF,6,55,0,0,0,0,1,0,3,0,0,0,0,0,1,112,106,0.888,0.717,0.193,9,8,probe
10,tcp,ftp,S0,34,88,0,0,0,5,1,0,2,0,0,3,0,0,1,118,108,0.678,0.864,0.118,18,6,dos
0,udp,imap,REJ,577,113,0,0,0,0,0,1,0,0,0,0,0,0,0,21,14,0.552,0.259,0.891,30,24,normal
5,tcp,telnet,S0,14,3,0,1,0,7,1,0,1,0,0,1,0,0,0,125,104,0.934,0.849,0.303,16,12,probe
1,tcp,http,RSTO,254,91,0,0,0,7,1,0,2,0,0,1,2,0,0,139,119,0.667,0.839,0.135,9,14,dos
5,udp,pop3,S0,1588,1347,0,0,0,0,0,0,0,0,0,0,1,0,0,23,18,0.31,0.042,0.355,34,17,normal
0,icmp,ftp_data,SH,479,361,0,0,0,1,0,0,1,0,0,0,0,0,0,26,13,0.051,0.077,0.874,41,31,normal
28,tcp,ftp,SH,162,1,0,0,0,7,1,0,3,0,0,1,0,0,2,125,113,0.906,0.938,0.146,14,10,dos
18,tcp,smtp,SF,713,502,0,0,0,0,0,0,1,0,0,0,0,0,0,23,7,0.169,0.017,0.381,36,25,normal
1,icmp,ftp,REJ,167,220,0,0,0,3,0,1,1,0,0,0,0,0,0,27,17,0.197,0.061,0.885,33,25,normal
14,icmp,imap,SF,4700,631,0,0,0,1,0,0,0,0,0,0,0,0,0,17,10,0.333,0.106,0.822,29,24,normal
1,tcp,imap,RSTR,626,278,0,0,0,1,0,1,0,0,0,0,0,0,0,17,25,0.1,0.053,0.95,35,19,normal
1,icmp,ssh,RSTR,1519,143,0,0,0,1,0,0,0,0,0,0,0,0,0,31,17,0.528,0.35,0.923,44,26,normal
2,icmp,dns,RSTO,1876,207,0,0,0,0,0,1,0,0,0,1,0,0,0,25,8,0.127,0.096,0.914,39,12,normal
10,icmp,ssh,SH,133,104,0,0,0,6,2,0,1,0,0,1,2,0,1,102,107,0.915,0.836,0.007,11,12,dos
1,icmp,dns,S0,1689,250,0,0,0,1,0,1,0,0,0,0,0,0,0,21,12,0.251,0.095,0.399,34,21,normal
22,udp,ftp,S0,21,204,0,0,0,6,0,0,2,0,0,2,0,0,0,126,99,0.871,0.861,0.194,11,8,dos
13,icmp,dns,SH,15,130,0,0,0,4,1,1,5,0,0,1,0,0,2,112,118,0.927,0.901,0.018,17,6,r2l
0,udp,http,RSTO,679,598,0,0,0,0,0,1,0,0,0,1,0,0,0,17,26,0.019,0.036,0.528,36,19,normal
1,udp,telnet,S0,238,33,0,0,0,2,0,1,1,0,0,1,0,0,0,26,14,0.045,0.223,0.821,31,23,normal
0,icmp,smtp,SH,292,975,0,0,0,2,0,0,2,0,0,1,1,0,1,130,109,0.88,0.887,0.394,13,9,dos
4,tcp,pop3,SH,204,108,0,0,0,0,0,1,1,0,0,1,0,0,0,16,11,0.025,0.445,0.93,31,21,normal
6,icmp,telnet,SH,1051,195,0,0,0,2,0,1,1,0,0,0,0,0,0,13,14,0.19,0.022,0.842,24,35,normal
1,tcp,pop3,RSTO,344,1200,0,0,0,1,0,1,1,0,0,0,0,0,1,28,8,0.167,0.263,0.822,29,20,normal
17,icmp,pop3,RSTO,269,35,0,0,0,3,0,0,0,0,0,1,1,0,1,113,125,0.909,0.947,0.12,13,10,dos
74,tcp,ftp,SF,45,88,0,0,0,5,2,0,4,0,0,1,2,0,1,99,96,0.984,0.533,0.178,10,5,probe
21,udp,smtp,REJ,277,1,0,0,1,6,0,0,0,0,0,1,0,0,0,120,122,0.896,0.699,0.155,7,4,dos
0,icmp,smtp,REJ,926,229,0,0,0,1,0,1,1,0,0,0,0,0,0,21,12,0.186,0.221,0.792,45,23,normal
0,icmp,imap,REJ,2037,2254,0,0,0,0,0,1,0,0,0,0,0,0,1,22,22,0.038,0.211,0.941,36,34,normal
1,udp,http,RSTR,696,321,0,0,0,0,0,1,0,0,0,0,0,0,0,29,18,0.122,0.385,0.829,30,17,normal
3,udp,ftp_data,REJ,708,62,0,0,0,1,0,1,0,0,0,1,0,0,0,26,18,0.049,0.062,0.935,39,21,normal
1,udp,smtp,REJ,200,319,0,0,0,1,0,1,0,0,0,1,0,0,0,17,10,0.099,0.384,0.805,34,28,normal
3,tcp,ftp,SF,276,16,0,0,0,9,2,0,3,0,0,2,0,0,0,121,106,0.972,0.938,0.21,17,11,u2r
0,icmp,smtp,SF,97,18,0,0,0,6,0,0,3,0,0,0,1,0,0,128,97,0.943,0.783,0.209,14,9,probe
9,icmp,smtp,S0,41,61,0,0,0,1,2,0,1,0,0,0,0,0,0,130,97,0.967,0.918,0.391,7,6,u2r
2,udp,http,SF,33,4,0,0,0,7,0,0,1,0,0,1,1,0,1,114,108,0.949,0.986,0.271,17,12,dos
48,udp,ssh,S0,691,2,0,0,0,6,0,0,1,0,0,1,1,0,0,108,117,0.498,0.96,0.328,16,6,dos
3,icmp,pop3,RSTR,55,32,0,0,0,7,0,0,2,0,0,0,1,0,1,112,106,0.628,0.623,0.357,11,11,probe
0,tcp,telnet,RSTR,265,113,0,0,0,1,0,1,0,0,0,0,0,0,1,22,9,0.557,0.241,0.744,22,22,normal
0,icmp,ftp,RSTR,193,968,0,0,0,1,0,1,0,0,0,0,0,0,0,26,12,0.177,0.062,0.776,32,28,normal
16,icmp,imap,REJ,57,55,0,0,0,7,0,0,2,0,0,0,0,0,0,121,109,0.782,0.734,0.033,17,20,dos
10,udp,ftp_data,S0,89,58,0,0,0,2,0,0,0,0,0,2,1,0,1,111,122,0.982,0.969,0.049,14,11,dos
4,udp,http,REJ,817,188,0,0,0,1,0,1,0,0,0,0,0,0,0,11,13,0.087,0.105,0.819,41,22,normal
2,tcp,imap,S0,1111,573,0,0,0,2,0,1,0,0,0,1,0,0,0,15,16,0.184,0.002,0.915,38,27,normal
0,icmp,ftp_data,S0,154,97,0,0,0,1,0,0,1,0,0,1,0,0,0,15,8,0.266,0.043,0.737,27,15,normal
7,tcp,imap,SH,124,25,0,0,0,9,1,0,1,0,0,3,0,0,2,128,99,0.896,0.997,0.016,13,13,dos
10,icmp,http,S0,65,14,0,0,0,3,0,0,2,0,0,1,1,0,0,121,116,0.69,0.798,0.458,14,9,dos
13,icmp,dns,RSTO,262,177,0,0,0,3,1,0,1,0,0,1,0,0,0,119,99,0.865,0.894,0.465,12,7,dos
26,icmp,http,REJ,106,16,0,0,0,2,0,0,1,0,0,0,2,0,0,120,116,0.756,0.876,0.361,7,11,probe
4,udp,http,SF,434,67,0,0,0,1,0,1,0,0,0,0,0,0,1,22,21,0.001,0.111,0.813,37,22,normal
5,tcp,ftp,RSTO,1410,494,0,0,0,3,0,1,0,0,0,1,0,0,0,18,15,0.071,0.064,0.538,27,32,normal
18,icmp,smtp,REJ,285,8,0,0,0,10,1,0,2,0,0,3,0,0,1,129,112,0.66,0.963,0.195,16,10,dos
1,udp,ssh,RSTR,654,2517,0,0,0,1,0,1,1,0,0,1,0,0,1,21,19,0.05,0.12,0.876,35,26,normal
10,udp,dns,S0,30,8,0,0,0,6,0,0,6,0,0,1,0,0,1,145,117,0.809,0.771,0.079,12,6,dos
7,icmp,dns,SH,599,45,0,0,0,3,3,0,4,0,0,1,0,0,0,111,107,0.61,0.667,0.22,14,9,r2l
3,tcp,ftp,SH,2619,200,0,0,0,0,0,1,0,0,0,1,0,0,0,12,16,0.332,0.023,0.663,36,33,normal
4,tcp,telnet,RSTO,3935,36,0,0,0,4,2,0,0,0,0,0,1,0,0,119,128,0.913,0.693,0.222,18,16,r2l
0,icmp,ftp_data,SH,846,264,0,0,0,2,0,1,1,0,0,1,0,0,0,22,11,0.104,0.066,0.667,34,25,normal
3,udp,telnet,REJ,23,1842,0,0,0,0,0,1,0,0,0,0,1,0,0,24,16,0.123,0.077,0.94,37,26,normal
0,tcp,ssh,SH,92,8,0,0,0,4,2,0,1,0,0,0,0,0,0,131,118,0.835,0.788,0.113,10,9,dos
38,udp,ssh,RSTR,159,78,0,0,0,2,1,0,0,0,0,1,0,0,0,140,92,0.922,0.921,0.009,8,7,dos
19,udp,imap,SH,112,3,0,0,0,6,2,1,1,0,0,1,1,0,1,119,94,0.991,0.869,0.179,9,8,dos
4,udp,ftp_data,SH,903,131,0,0,0,8,0,1,0,0,0,3,0,0,0,132,111,0.823,0.82,0.199,12,12,probe
5,udp,smtp,RSTR,481,288,0,0,0,0,0,1,0,0,0,0,0,0,0,16,8,0.074,0.014,0.663,44,18,normal
0,tcp,telnet,RSTO,38,175,0,0,0,2,0,0,2,0,0,0,1,0,0,132,126,0.869,0.522,0.149,7,13,r2l
35,icmp,imap,SF,3,1,0,0,0,5,0,0,1,0,0,1,0,0,0,120,115,0.863,0.813,0.412,7,14,r2l
20,icmp,telnet,S0,300,4,0,0,0,7,0,1,3,0,0,1,1,0,1,106,100,0.929,0.868,0.034,13,6,dos
28,tcp,ssh,S0,52,442,0,0,0,6,1,0,2,0,0,1,2,0,0,128,115,0.595,0.933,0.129,10,12,dos
1,icmp,telnet,RSTR,70,121,0,0,0,3,0,1,0,0,0,0,0,0,0,22,17,0.239,0.128,0.689,31,28,normal
3,tcp,dns,SH,165,2,0,0,0,5,3,1,1,1,0,0,0,0,0,108,115,0.845,0.801,0.047,8,18,dos
17,udp,pop3,SH,4,18,0,0,0,6,2,0,1,0,0,1,0,0,0,112,95,0.891,0.804,0.114,11,8,dos
2,udp,http,SF,67,295,0,0,0,8,2,0,1,0,0,0,1,0,1,137,123,0.877,0.935,0.591,20,11,dos
27,tcp,pop3,REJ,420,36,0,0,0,2,0,1,1,0,0,2,0,0,0,125,111,0.879,0.81,0.114,12,12,dos
12,icmp,dns,RSTO,23,2,0,0,0,7,0,0,1,0,0,0,0,0,1,121,92,0.922,0.834,0.221,14,11,probe
8,tcp,ftp,SH,524,48,0,0,0,1,1,0,3,0,0,3,0,0,0,126,116,0.898,0.894,0.077,9,10,dos
6,udp,pop3,RSTO,247,1165,0,0,0,3,0,1,1,0,0,0,1,0,1,15,20,0.188,0.056,0.914,29,25,normal
2,icmp,ftp_data,RSTO,765,82,0,0,0,2,0,1,0,0,0,0,0,0,0,15,19,0.152,0.084,0.905,44,32,normal
5,udp,telnet,RSTO,445,143,0,0,0,4,1,0,2,0,0,0,0,0,0,128,119,0.938,0.79,0.089,17,13,dos
3,icmp,ftp,SF,7,1,0,0,0,3,1,0,3,0,0,0,0,0,0,131,129,0.944,0.969,0.458,7,16,dos
0,tcp,telnet,SH,2654,214,0,0,0,1,0,1,0,0,0,0,0,0,0,18,17,0.17,0.023,0.958,38,29,normal
0,icmp,pop3,RSTO,27,292,0,0,0,8,0,0,2,0,0,0,0,0,0,109,106,0.6,0.725,0.012,11,8,probe
7,udp,pop3,RSTO,5,7,0,0,0,2,0,0,2,1,0,0,0,0,1,119,100,0.828,0.448,0.336,10,7,probe
0,icmp,ssh,SF,5,11,0,0,1,8,0,0,2,0,0,1,0,0,0,121,107,0.496,0.945,0.289,11,9,probe
0,tcp,ftp_data,REJ,2189,334,0,0,0,2,0,0,0,0,0,0,0,0,0,19,20,0.348,0.269,0.929,27,26,normal
3,tcp,imap,REJ,659,160,0,0,0,1,0,0,0,0,0,0,0,0,0,18,12,0.25,0.293,0.439,33,22,normal
6,icmp,ssh,SH,3606,81,0,0,0,0,0,1,0,0,0,0,0,0,0,15,15,0.29,0.076,0.954,38,22,normal
1,udp,pop3,RSTR,58,24,0,0,0,4,1,0,4,0,0,3,0,0,1,116,100,0.677,0.978,0.08,12,9,dos
3,tcp,telnet,REJ,1928,969,0,0,0,1,0,1,0,0,0,0,0,0,0,23,19,0.018,0.207,0.753,46,18,normal
16,icmp,ssh,SF,376,132,0,0,0,4,2,0,1,0,0,1,1,0,0,116,112,0.917,0.932,0.438,13,9,dos
0,icmp,ssh,RSTR,2451,943,0,0,0,0,0,1,1,0,0,0,0,0,0,13,20,0.118,0.284,0.944,30,29,normal
0,tcp,smtp,SH,1469,495,0,0,0,2,0,1,1,0,0,1,0,0,0,28,10,0.085,0.144,0.887,32,31,normal
63,udp,ssh,REJ,31,38,0,0,0,7,0,0,7,0,0,2,0,0,1,101,106,0.83,0.638,0.241,18,15,dos
5,icmp,smtp,RSTO,222,699,0,0,0,2,0,1,1,0,0,0,0,0,0,18,17,0.072,0.241,0.911,33,31,normal
4,tcp,dns,SH,286,213,0,0,0,1,0,1,0,0,0,0,0,0,0,23,16,0.198,0.22,0.922,39,21,normal
3,icmp,telnet,RSTO,4453,333,0,0,0,0,0,1,0,0,0,0,0,0,0,23,14,0.107,0.167,0.849,32,25,normal
0,udp,ftp,SH,409,160,0,0,0,1,0,1,0,0,0,2,0,0,0,24,14,0.159,0.005,0.718,40,24,normal
6,tcp,ssh,RSTO,435,10,0,0,0,3,1,0,2,0,0,2,0,0,0,97,132,0.913,0.899,0.233,10,12,dos
3,icmp,http,REJ,3079,728,0,0,0,0,0,1,0,0,0,0,0,0,0,19,11,0.19,0.131,0.511,34,23,normal
0,icmp,ssh,RSTR,3023,117,0,0,0,0,0,0,0,0,0,0,0,0,0,21,20,0.088,0.03,0.682,28,30,normal
0,tcp,http,SF,350,277,0,0,0,0,0,1,0,0,0,0,0,0,0,21,16,0.304,0.133,0.82,41,19,normal
1,icmp,ftp_data,SH,3061,139,0,0,0,0,0,1,0,0,0,0,2,0,0,18,12,0.038,0.108,0.875,32,18,normal
1,icmp,smtp,REJ,446,912,0,0,0,1,0,1,0,0,0,1,0,0,0,20,20,0.183,0.119,0.847,29,15,normal
2,icmp,telnet,RSTO,67,141,0,0,0,2,0,1,1,0,0,0,1,0,0,21,9,0.145,0.322,0.855,33,18,normal
1,icmp,dns,RSTR,1184,118,0,0,0,2,0,1,0,0,0,1,0,0,0,13,17,0.305,0.045,0.929,37,26,normal
0,tcp,ftp,REJ,702,540,0,0,0,0,0,1,1,0,0,0,0,0,0,18,18,0.157,0.162,0.701,42,24,normal
4,icmp,ftp_data,RSTR,19,11,0,0,0,1,0,0,3,0,0,0,0,0,1,142,110,0.934,0.711,0.208,9,12,probe
2,tcp,ftp,S0,181,407,0,0,0,2,0,1,0,0,0,0,0,0,0,18,16,0.192,0.024,0.779,32,21,normal
0,tcp,ftp_data,RSTO,344,229,0,0,0,1,0,1,0,0,0,1,0,0,0,19,14,0.179,0.122,0.57,31,19,normal
1,udp,ftp_data,SF,202,371,0,0,0,3,0,0,0,0,0,0,1,0,0,18,16,0.05,0.187,0.957,35,26,normal
1,tcp,ftp,SH,675,220,0,0,0,0,0,1,0,0,0,0,0,0,0,19,14,0.127,0.116,0.73,20,30,normal
12,icmp,dns,SH,80,1,0,0,0,3,1,1,2,0,0,1,1,0,0,108,120,0.794,0.878,0.122,22,10,r2l
0,tcp,http,SF,938,1285,0,0,0,0,0,1,0,0,0,0,0,0,0,11,17,0.029,0.242,0.838,39,18,normal
4,udp,dns,S0,182,114,0,0,0,0,0,1,0,0,0,0,1,0,0,26,17,0.022,0.015,0.885,35,29,normal
2,icmp,dns,RSTO,321,64,0,0,0,1,0,0,0,0,0,0,0,0,0,29,15,0.085,0.388,0.449,32,27,normal
11,icmp,telnet,SH,452,44,0,0,0,1,1,0,7,0,0,2,2,0,0,116,104,0.97,0.836,0.269,5,7,dos
4,udp,telnet,REJ,19,0,0,0,0,5,1,0,4,0,0,0,0,0,2,119,127,0.796,0.822,0.076,13,9,dos
8,icmp,ftp_data,SH,155,1,0,0,0,6,0,0,0,0,0,0,3,0,1,113,119,0.717,0.833,0.009,10,10,u2r
1,udp,pop3,REJ,17,266,0,0,0,1,0,1,1,0,0,0,0,0,0,20,23,0.026,0.004,0.949,30,37,normal
2,udp,ssh,RSTO,97,1096,0,0,0,0,0,1,0,0,0,0,0,0,1,14,13,0.083,0.131,0.711,36,19,normal
0,tcp,ssh,REJ,1168,68,0,0,0,1,0,1,0,0,0,1,0,0,0,17,12,0.148,0.079,0.608,35,37,normal
20,udp,http,SF,10,83,0,0,0,3,0,0,2,0,0,1,0,0,2,113,101,0.982,0.965,0.291,10,8,u2r
24,icmp,smtp,SH,17,22,0,0,0,2,0,0,1,0,0,2,1,0,0,117,96,0.936,0.834,0.048,17,8,r2l
27,tcp,imap,SH,555,17,0,0,0,5,0,0,1,0,0,2,0,0,0,123,114,0.86,0.846,0.182,10,11,dos
0,icmp,pop3,REJ,597,1494,0,0,0,0,0,1,0,0,0,0,0,0,0,22,12,0.234,0.385,0.849,24,36,normal
17,tcp,ftp,RSTO,235,0,0,0,0,5,0,0,1,1,0,1,2,0,0,125,110,0.992,0.85,0.379,14,8,probe
37,tcp,smtp,S0,188,36,0,0,0,1,0,0,5,0,0,0,0,0,1,127,107,0.979,0.579,0.006,11,9,dos
0,udp,ftp,RSTO,684,1036,0,0,0,1,0,1,1,0,0,0,0,0,0,17,17,0.127,0.063,0.604,41,33,normal
0,tcp,ftp,REJ,44,401,0,0,0,4,0,0,2,0,0,2,2,0,1,97,77,0.956,0.861,0.023,9,7,dos
0,udp,smtp,SH,504,776,0,0,0,1,0,1,0,0,0,0,0,0,0,25,19,0.212,0.192,0.901,38,24,normal
3,tcp,smtp,SH,460,1847,0,0,0,1,0,1,0,0,0,0,0,0,0,19,11,0.568,0.056,0.403,39,37,normal
2,udp,dns,SH,24,214,0,0,0,2,0,1,0,0,0,1,0,0,0,22,20,0.078,0.267,0.781,36,21,normal
4,icmp,smtp,SF,344,332,0,0,0,1,0,1,0,0,0,0,0,0,0,21,9,0.311,0.32,0.911,40,22,normal
1,udp,pop3,REJ,163,2,0,0,0,2,1,1,1,0,0,3,2,0,1,116,106,0.727,0.899,0.095,16,7,dos
8,tcp,ssh,SF,3,109,0,0,0,7,0,0,2,0,0,1,1,0,0,105,119,0.896,0.63,0.043,15,10,dos
0,icmp,dns,RSTR,119,1385,0,0,0,1,0,1,0,0,0,0,0,0,0,21,12,0.302,0.061,0.859,41,28,normal
2,tcp,smtp,SH,196,181,0,0,0,0,0,1,0,0,0,0,0,0,0,26,7,0.123,0.072,0.889,34,23,normal
1,tcp,ftp,REJ,406,1984,0,0,0,3,0,1,0,0,0,0,0,0,0,15,20,0.117,0.031,0.919,40,23,normal
1,tcp,ftp,REJ,196,39,0,0,0,2,0,1,1,0,0,0,0,0,0,20,14,0.058,0.069,0.914,40,24,normal
0,tcp,http,RSTR,1086,2272,0,0,0,1,0,1,0,0,0,1,0,0,0,24,12,0.122,0.167,0.796,46,28,normal
0,icmp,ftp,SF,251,168,0,0,0,0,0,0,0,0,0,0,0,0,0,21,15,0.199,0.057,0.837,30,23,normal
1,icmp,dns,RSTO,3842,120,0,0,0,2,0,1,0,0,0,0,0,0,1,21,11,0.319,0.025,0.691,49,21,normal
19,icmp,smtp,RSTR,318,4497,0,0,0,5,0,0,1,0,0,0,1,0,0,124,101,0.817,0.745,0.049,10,13,dos
8,icmp,smtp,SH,16,128,0,0,0,7,1,0,3,0,0,2,0,0,0,115,99,0.97,0.81,0.027,9,8,probe
0,udp,smtp,REJ,1413,159,0,0,0,1,0,1,0,0,0,0,0,0,0,10,14,0.129,0.22,0.817,44,39,normal
8,tcp,smtp,REJ,283,169,0,0,0,1,0,1,1,0,0,0,0,0,0,14,16,0.035,0.162,0.728,38,30,normal
20,icmp,ssh,RSTR,113,12,0,0,0,4,0,0,1,0,0,1,1,0,0,109,95,0.776,0.99,0.235,12,8,probe
29,udp,ftp,SH,133,10,0,0,0,1,1,0,1,0,0,1,0,0,0,107,117,0.842,0.54,0.131,12,5,r2l
0,tcp,dns,SF,168,1904,0,0,0,4,0,1,0,0,0,0,0,0,0,20,14,0.172,0.181,0.689,33,27,normal
1,tcp,telnet,REJ,647,398,0,0,0,2,0,0,0,0,0,0,0,0,0,18,16,0.133,0.053,0.837,30,21,normal
48,udp,ftp_data,SH,70,265,0,0,0,6,0,0,1,0,0,2,0,0,2,127,109,0.97,0.894,0.099,14,9,probe
0,tcp,smtp,S0,1621,1230,0,0,0,2,0,0,0,0,0,0,0,0,0,27,16,0.11,0.013,0.523,32,21,normal
0,icmp,ftp,RSTR,5042,120,0,0,0,1,0,1,0,0,0,0,0,0,0,17,18,0.053,0.03,0.714,31,32,normal
4,tcp,pop3,RSTR,996,428,0,0,0,2,0,1,0,0,0,0,0,0,0,14,24,0.004,0.208,0.447,43,26,normal
10,icmp,telnet,S0,6,15,0,0,0,7,3,0,4,0,0,0,1,0,1,125,116,0.818,0.828,0.056,15,8,u2r
11,icmp,ftp,RSTO,56,25,0,0,0,5,0,0,0,0,0,0,1,0,2,124,144,0.799,0.462,0.14,8,11,dos
2,tcp,dns,RSTO,112,244,0,0,0,1,0,1,0,0,0,0,0,0,0,24,11,0.155,0.201,0.558,46,16,normal
1,tcp,smtp,RSTO,302,330,0,0,0,0,0,1,0,0,0,0,0,0,0,32,13,0.07,0.253,0.708,32,23,normal
61,icmp,ftp_data,REJ,328,1,0,0,0,3,0,0,0,0,0,0,0,0,0,123,102,0.82,0.939,0.096,15,6,probe
2,udp,ftp_data,SH,2522,562,0,0,0,2,0,0,0,0,0,0,1,0,0,15,20,0.048,0.139,0.717,40,24,normal
1,tcp,ftp_data,REJ,20,75,0,0,0,10,1,1,0,0,0,0,1,0,0,115,109,0.919,0.326,0.337,7,7,dos
0,udp,http,S0,158,2214,0,0,0,0,0,1,0,0,0,0,0,0,0,28,13,0.034,0.047,0.904,31,19,normal
10,tcp,telnet,S0,93,2811,0,0,0,0,0,1,0,0,0,1,0,0,0,12,16,0.353,0.096,0.839,32,18,normal
2,udp,http,RSTR,9,516,0,0,0,4,0,0,1,0,0,1,0,0,0,110,101,0.974,0.855,0.116,12,5,probe
5,tcp,pop3,SH,314,843,0,0,0,0,0,1,0,0,0,0,0,0,0,22,17,0.433,0.308,0.775,36,22,normal
53,icmp,imap,SH,453,10,0,0,1,8,1,1,1,0,0,1,0,0,0,127,121,0.954,0.792,0.187,5,9,dos
0,tcp,imap,RSTR,1487,583,0,0,0,0,0,1,0,0,0,0,0,0,0,24,20,0.161,0.248,0.783,25,28,normal
1,icmp,ftp_data,REJ,914,70,0,0,0,0,0,1,1,0,0,1,0,0,0,20,15,0.318,0.096,0.742,35,20,normal
3,tcp,dns,S0,120,284,0,0,0,0,0,1,0,0,0,0,0,0,0,24,9,0.018,0.094,0.732,30,20,normal
0,icmp,ftp,SF,3037,271,0,0,0,1,0,1,0,0,0,0,0,0,0,24,17,0.241,0.196,0.99,35,25,normal
1,udp,ftp_data,RSTO,838,689,0,0,0,2,0,1,1,0,0,0,0,0,0,25,18,0.144,0.007,0.591,35,19,normal
10,icmp,telnet,REJ,13,3,1,0,0,3,0,0,2,0,0,0,2,0,0,121,123,0.629,0.968,0.047,14,10,probe
18,icmp,http,REJ,85,30,0,0,0,6,1,1,2,0,0,0,0,0,0,114,114,0.837,0.786,0.129,8,8,dos
13,udp,dns,SF,84,43,0,0,0,8,1,0,1,0,0,0,3,0,2,119,107,0.95,0.724,0.072,14,13,probe
1,tcp,ftp,REJ,219,104,0,0,0,0,0,1,0,0,0,0,0,0,0,14,14,0.251,0.0,0.81,33,29,normal
5,icmp,ftp,RSTR,113,63,0,0,0,4,0,0,2,0,0,0,0,0,1,104,118,0.757,0.752,0.152,10,15,dos
0,udp,pop3,SH,200,196,0,0,0,1,0,1,1,0,0,0,0,0,0,17,13,0.482,0.151,0.731,32,22,normal
3,tcp,ftp,SF,406,2,0,0,0,4,0,0,2,0,0,1,1,0,0,110,129,0.702,0.59,0.205,24,11,dos
3,tcp,telnet,S0,16,102,0,0,0,9,1,0,6,0,0,0,2,1,1,111,115,0.561,0.881,0.231,6,11,r2l
0,tcp,http,S0,845,1832,0,0,0,0,0,1,0,0,0,0,0,0,0,20,16,0.056,0.029,0.868,30,20,normal
19,icmp,ftp,SF,97,10,0,0,0,7,1,0,2,1,0,1,0,0,0,109,108,0.925,0.957,0.151,13,12,dos
4,icmp,ftp_data,S0,12,8,0,0,0,6,0,0,4,0,0,1,1,0,1,119,120,0.576,0.981,0.253,15,5,dos
6,tcp,telnet,SF,15,15,0,0,0,4,1,0,1,1,0,0,1,0,0,123,85,0.8,0.431,0.058,10,11,probe
1,udp,http,S0,549,220,0,0,0,0,0,0,0,0,0,0,1,0,0,24,13,0.082,0.04,0.446,44,28,normal
3,udp,ssh,SH,21,45,0,0,0,5,2,0,5,0,0,0,0,0,0,116,103,0.914,0.822,0.177,17,11,dos
24,udp,dns,RSTO,8,729,0,0,0,4,0,0,1,0,0,0,1,0,0,103,112,0.719,0.674,0.144,7,11,dos
18,icmp,http,SF,144,45,0,0,0,2,1,0,3,0,0,0,0,0,0,132,101,0.742,0.955,0.324,15,14,dos
3,icmp,ftp_data,RSTO,137,15,0,0,0,6,1,0,0,0,0,2,1,0,2,117,107,0.929,0.95,0.617,7,18,dos
0,icmp,imap,SH,3185,71,0,0,0,0,0,0,0,0,0,0,0,0,1,19,14,0.083,0.013,0.819,38,22,normal
0,tcp,http,S0,3458,508,0,0,0,3,0,1,0,0,0,0,0,0,0,15,17,0.035,0.016,0.723,26,24,normal
18,tcp,telnet,REJ,82,154,0,0,0,9,3,0,0,0,0,1,1,0,0,125,123,0.795,0.901,0.12,8,9,dos
3,icmp,smtp,REJ,344,5,0,0,0,7,0,0,6,0,0,0,1,0,0,135,126,0.852,0.889,0.681,13,9,dos
6,icmp,ftp,S0,102,18,0,0,0,11,0,0,1,0,0,0,2,0,2,120,113,0.994,0.923,0.199,10,12,dos
18,icmp,telnet,RSTR,37,14,0,0,0,9,3,0,2,0,0,0,0,0,0,99,107,0.913,0.903,0.601,13,16,dos
16,icmp,imap,REJ,242,376,0,0,0,8,0,0,0,0,0,0,0,0,1,124,79,0.95,0.597,0.678,9,14,dos
4,tcp,ftp,REJ,444,724,0,0,0,0,0,0,0,0,0,0,1,0,0,18,16,0.488,0.167,0.861,34,27,normal
1,udp,pop3,REJ,1599,160,0,0,0,1,0,1,0,0,0,0,0,0,0,24,10,0.291,0.164,0.843,28,25,normal
1,udp,ssh,SF,2276,417,0,0,0,1,0,1,1,0,0,1,0,0,0,29,12,0.147,0.23,0.908,37,28,normal
23,icmp,imap,RSTO,26,0,0,0,0,5,0,0,4,0,0,0,2,0,2,109,105,0.963,0.549,0.301,12,11,dos
5,udp,smtp,S0,55,115,0,0,0,0,0,1,0,0,0,1,0,0,0,25,16,0.304,0.173,0.931,35,31,normal
1,udp,imap,RSTR,1930,441,0,0,0,1,0,1,0,0,0,0,0,0,0,23,14,0.077,0.143,0.906,34,23,normal
16,icmp,ssh,REJ,87,181,0,0,0,5,0,0,3,0,0,0,2,0,0,108,121,0.93,0.847,0.19,10,13,dos
7,tcp,ftp_data,REJ,71,72,0,0,1,5,1,0,1,0,0,0,2,0,2,148,93,0.928,0.85,0.118,15,12,dos
12,icmp,ftp,SF,43,374,0,0,1,6,1,0,1,0,0,2,0,0,0,111,100,0.907,0.671,0.172,14,11,r2l
8,icmp,ssh,RSTO,100,1396,0,0,0,4,0,0,2,0,0,0,1,0,0,116,90,0.761,0.969,0.246,8,9,dos
19,udp,telnet,RSTR,117,5,0,0,0,4,2,0,2,0,0,4,1,0,0,136,99,0.931,0.528,0.538,19,14,dos
4,icmp,telnet,REJ,1738,176,0,0,0,0,0,0,0,0,0,0,0,0,1,15,12,0.557,0.023,0.867,40,31,normal
2,udp,smtp,SH,581,628,0,0,0,1,0,1,2,0,0,0,0,0,0,27,13,0.02,0.048,0.944,29,18,normal
19,icmp,ftp,RSTO,6,49,0,0,0,8,1,0,6,0,0,1,1,0,1,132,108,0.948,0.824,0.151,8,9,r2l
0,udp,ftp,RSTR,549,740,0,0,0,0,0,1,0,0,0,2,0,0,0,16,14,0.048,0.017,0.677,34,27,normal
7,tcp,ftp,RSTR,336,2288,0,0,0,1,0,1,0,0,0,0,0,0,0,22,15,0.025,0.334,0.975,33,16,normal
0,tcp,imap,REJ,39,29,0,0,0,4,0,0,2,0,0,0,0,0,2,129,114,0.698,0.855,0.111,13,7,probe
2,tcp,smtp,SH,367,172,0,0,0,1,0,1,1,0,0,0,0,0,0,13,15,0.008,0.503,0.721,40,23,normal
2,icmp,smtp,SF,446,248,0,0,0,0,0,1,0,0,0,0,0,0,0,26,17,0.151,0.14,0.931,30,30,normal
26,udp,pop3,SF,298,16,0,0,0,1,0,1,0,0,0,0,0,0,0,117,109,0.873,0.916,0.08,21,12,probe
0,icmp,ftp,SF,280,76,0,0,0,2,0,1,2,0,0,1,1,0,0,24,17,0.143,0.234,0.42,30,34,normal
8,udp,ssh,RSTR,8,46,0,0,0,7,1,0,0,0,0,1,1,0,0,100,111,0.852,0.779,0.022,10,15,probe
19,icmp,ftp_data,S0,8,571,0,0,0,3,0,0,3,0,0,0,1,0,2,117,114,0.882,0.894,0.379,9,10,dos
21,icmp,ssh,RSTO,137,4,0,0,0,7,0,0,3,0,0,0,0,0,0,107,126,0.729,0.97,0.517,14,9,dos
6,icmp,pop3,REJ,3709,3206,0,0,0,1,0,1,1,0,0,0,0,0,0,20,19,0.22,0.357,0.667,31,21,normal
3,icmp,ftp,REJ,727,16,0,0,0,0,0,0,0,0,0,2,1,0,0,26,15,0.14,0.046,0.923,28,28,normal
1,icmp,ftp,RSTR,579,733,0,0,0,0,0,1,0,0,0,0,0,0,0,23,19,0.03,0.441,0.771,25,21,normal
2,udp,pop3,S0,181,176,0,0,0,0,0,1,0,0,0,0,0,0,0,27,14,0.106,0.111,0.713,40,23,normal
1,tcp,dns,RSTR,1342,1076,0,0,0,0,0,1,0,0,0,0,0,0,0,18,26,0.208,0.091,0.474,29,23,normal
1,tcp,ssh,SF,354,1823,0,0,0,0,0,1,0,0,0,0,0,0,0,19,16,0.12,0.021,0.669,32,25,normal
7,tcp,ftp_data,RSTR,60,1,0,0,1,6,1,0,3,0,0,2,1,1,0,126,98,0.886,0.889,0.113,10,8,dos
1,udp,telnet,REJ,408,1743,0,0,0,0,0,1,1,0,0,0,0,0,0,19,13,0.03,0.273,0.953,32,26,normal
1,tcp,ftp,RSTO,343,1354,0,0,0,0,0,1,0,0,0,0,0,0,0,25,23,0.058,0.089,0.753,40,34,normal
3,udp,ftp,SH,254,40,0,0,0,5,0,0,3,0,0,0,2,0,0,137,104,0.883,0.83,0.125,11,9,dos
4,udp,ftp_data,RSTR,228,114,0,0,0,0,0,1,0,0,0,0,0,0,1,21,13,0.097,0.033,0.77,36,25,normal
19,icmp,smtp,REJ,14,27,0,0,0,3,0,0,0,0,0,0,2,0,1,107,120,0.924,0.837,0.059,11,11,probe
6,tcp,smtp,RSTR,152,512,0,0,0,0,0,1,0,0,0,1,0,0,0,20,11,0.128,0.29,0.877,48,25,normal
46,icmp,http,SH,203,4,0,0,0,3,0,1,1,0,0,2,1,0,0,135,116,0.912,0.814,0.378,14,10,probe
1,udp,ssh,REJ,408,246,0,0,0,1,0,1,0,0,0,1,0,0,0,24,20,0.067,0.163,0.898,45,30,normal
14,icmp,telnet,REJ,78,13,0,0,0,9,1,0,2,0,0,2,1,0,1,118,139,0.895,0.795,0.075,7,4,dos
3,tcp,pop3,REJ,70,2,0,0,0,6,0,0,2,0,0,0,0,0,0,118,113,0.745,0.829,0.032,8,11,probe
0,icmp,pop3,SF,2380,1832,0,0,0,0,0,1,0,0,0,0,0,0,0,18,13,0.203,0.052,0.705,43,9,normal
3,icmp,ssh,RSTO,952,82,0,0,0,1,0,1,0,0,0,0,0,0,0,9,8,0.062,0.147,0.757,35,18,normal
2,udp,smtp,SH,746,1752,0,0,0,1,0,0,0,0,0,1,0,0,0,33,19,0.059,0.29,0.86,40,25,normal
0,icmp,imap,REJ,851,679,0,0,0,3,0,0,1,0,0,0,0,0,0,23,13,0.16,0.152,0.92,51,22,normal
85,icmp,smtp,S0,326,5,0,0,0,4,1,0,4,0,0,0,1,0,1,127,121,0.828,0.815,0.349,10,5,r2l
48,tcp,telnet,RSTO,224,15,0,1,0,4,0,0,3,0,0,1,0,0,2,118,111,0.905,0.751,0.092,23,7,dos
1,udp,pop3,RSTR,1830,157,0,0,0,1,0,0,0,0,0,0,0,0,0,20,18,0.225,0.3,0.836,51,20,normal
23,udp,ftp,REJ,72,233,0,0,0,5,0,0,4,0,0,0,1,0,0,121,111,0.894,0.892,0.038,9,12,dos
2,udp,telnet,REJ,782,1335,0,0,0,0,0,0,0,0,0,0,0,0,0,18,22,0.153,0.294,0.756,34,19,normal
5,tcp,ftp,S0,690,9,0,0,0,5,0,0,1,0,0,3,1,0,1,123,112,0.873,0.693,0.084,11,5,dos
0,icmp,ftp,SH,257,310,0,0,0,1,0,0,0,0,0,1,0,0,0,24,11,0.004,0.002,0.881,29,27,normal
2,udp,dns,RSTR,340,428,0,0,0,0,0,1,1,0,0,1,0,0,0,17,13,0.052,0.178,0.753,42,16,normal
4,udp,http,RSTO,11,2,0,0,0,5,0,0,3,0,0,0,0,0,0,123,109,0.73,0.902,0.32,13,11,dos
4,udp,telnet,REJ,98,393,0,0,0,2,0,1,0,0,0,0,0,0,0,23,6,0.027,0.306,0.615,34,28,normal
3,tcp,http,REJ,476,300,0,0,0,1,0,1,1,0,0,0,0,0,0,23,16,0.177,0.0,0.915,21,28,normal
2,tcp,ftp,REJ,270,538,0,0,0,0,0,0,0,0,0,0,0,0,0,16,16,0.069,0.152,0.707,26,17,normal
2,tcp,ssh,SH,420,768,0,0,0,0,0,1,0,0,0,0,0,0,0,18,25,0.231,0.048,0.711,33,18,normal
2,icmp,http,RSTO,337,201,0,0,0,3,0,1,0,0,0,0,0,0,0,29,17,0.006,0.306,0.827,36,21,normal
8,udp,telnet,S0,27,31,0,0,0,5,1,0,1,0,0,0,0,0,1,127,109,0.854,0.986,0.14,5,6,dos
31,tcp,pop3,RSTR,169,16,0,0,0,7,0,0,4,0,0,2,0,0,1,115,108,0.864,0.735,0.4,10,14,r2l
16,udp,telnet,RSTO,326,0,0,0,0,2,1,0,1,0,0,2,0,0,1,117,118,0.704,0.75,0.311,10,8,dos
0,icmp,ssh,SH,39,1922,0,0,0,0,0,1,0,0,0,0,0,0,0,13,19,0.085,0.062,0.956,37,30,normal
23,udp,ftp_data,SF,230,27,0,0,0,5,3,0,3,0,0,1,0,0,0,111,86,0.963,0.525,0.134,10,8,dos
9,udp,ssh,SH,162,330,0,0,0,2,0,1,0,0,0,0,0,0,0,21,12,0.076,0.004,0.792,21,26,normal
2,tcp,telnet,SH,89,212,0,0,0,0,0,1,0,0,0,2,0,0,0,15,11,0.022,0.033,0.72,45,17,normal
8,udp,ftp,SH,60,455,0,0,0,3,1,1,1,0,0,0,0,0,0,112,114,0.801,0.747,0.291,11,11,probe
7,udp,pop3,RSTO,112,0,0,0,0,4,1,0,2,0,0,1,0,0,0,109,132,0.769,0.915,0.219,8,10,probe
1,icmp,smtp,REJ,426,497,0,0,0,2,0,1,0,0,0,0,0,0,0,23,18,0.291,0.159,0.929,34,26,normal
4,icmp,pop3,RSTO,94,117,0,0,0,2,0,1,1,0,0,0,0,0,0,15,14,0.627,0.027,0.862,36,27,normal
1,udp,pop3,REJ,398,3053,0,0,0,1,0,1,0,0,0,0,0,0,0,22,14,0.036,0.192,0.773,28,23,normal
0,udp,dns,REJ,547,3783,0,0,0,2,0,1,0,0,0,0,0,0,0,20,13,0.35,0.038,0.771,40,26,normal
0,tcp,ssh,S0,10,715,0,0,0,6,0,0,0,0,0,1,1,1,1,130,89,0.414,0.949,0.017,8,10,u2r
2,icmp,dns,SF,231,378,0,0,0,1,0,0,0,0,0,0,0,0,0,20,14,0.126,0.039,0.731,40,22,normal
3,tcp,smtp,RSTO,754,174,0,0,0,0,0,1,0,0,0,0,0,0,0,18,16,0.032,0.187,0.523,36,32,normal
46,tcp,smtp,SF,294,7,0,0,0,5,1,0,1,0,0,2,1,0,0,121,120,0.884,0.96,0.267,7,7,dos
0,icmp,dns,SH,402,32,0,0,0,0,0,1,0,0,0,0,0,0,0,18,20,0.058,0.389,0.628,40,30,normal
2,icmp,pop3,REJ,218,161,0,0,0,0,0,1,0,0,0,0,0,0,1,17,15,0.299,0.008,0.986,41,34,normal
2,udp,dns,SF,174,1362,0,0,0,1,0,1,0,0,0,0,0,0,0,17,14,0.129,0.079,0.894,30,26,normal
1,tcp,ftp,SH,1849,2246,0,0,0,0,0,1,0,0,0,0,0,0,0,19,15,0.231,0.531,0.942,41,28,normal
1,tcp,dns,SH,223,449,0,0,0,0,0,0,0,0,0,0,0,0,0,14,5,0.189,0.33,0.679,34,21,normal
1,udp,smtp,RSTR,2160,214,0,0,0,0,0,1,0,0,0,0,0,0,0,23,14,0.149,0.187,0.758,31,26,normal
3,udp,ftp,REJ,1614,468,0,0,0,0,0,0,0,0,0,0,0,0,1,20,16,0.329,0.013,0.672,42,24,normal
0,tcp,ssh,RSTR,166,374,0,0,0,2,0,0,0,0,0,0,1,0,0,21,17,0.008,0.23,0.704,35,30,normal
22,icmp,dns,S0,71,12,0,0,0,9,2,0,3,0,0,2,1,0,1,125,112,0.778,0.969,0.427,11,10,dos
1,udp,pop3,REJ,2,60,0,0,0,3,0,0,0,0,0,0,0,0,0,115,114,0.826,0.969,0.317,12,10,probe
12,tcp,ftp,SF,140,2,0,0,0,2,1,1,4,0,0,0,1,0,1,138,99,0.934,0.917,0.065,14,6,dos
23,udp,dns,RSTO,1751,1,0,0,0,3,0,0,5,0,0,0,1,0,1,123,119,0.74,0.998,0.038,17,10,dos
1,tcp,http,RSTR,679,914,0,0,0,0,0,1,0,0,0,0,0,0,0,23,16,0.023,0.012,0.483,32,21,normal
1,tcp,http,S0,741,808,0,0,0,0,0,1,0,0,0,0,0,0,0,16,15,0.236,0.196,0.876,35,21,normal
3,tcp,pop3,RSTR,235,501,0,0,0,1,0,0,0,0,0,0,0,0,0,21,21,0.414,0.026,0.871,30,19,normal
1,tcp,smtp,S0,157,57,0,0,0,1,0,1,0,0,0,0,0,0,0,22,20,0.22,0.02,0.738,39,32,normal
0,icmp,ftp_data,SH,3340,1538,0,0,0,1,0,1,1,0,0,0,0,0,0,18,12,0.116,0.135,0.895,29,30,normal
0,tcp,imap,RSTR,169,228,0,0,0,1,0,1,1,0,0,0,0,0,0,15,10,0.459,0.13,0.715,40,28,normal
3,udp,ssh,SH,1321,128,0,0,0,2,0,1,0,0,0,0,0,0,0,19,25,0.055,0.004,0.426,38,19,normal
6,icmp,http,SF,10,699,0,0,0,4,1,0,1,0,0,0,0,0,0,128,121,0.906,0.947,0.352,13,21,dos
0,tcp,pop3,REJ,398,609,0,0,0,2,0,1,0,0,0,0,0,0,1,24,17,0.055,0.246,0.727,36,31,normal
15,udp,smtp,REJ,2431,204,0,0,0,4,0,0,0,0,0,2,1,0,1,110,113,0.915,0.852,0.03,14,11,dos
4,udp,telnet,S0,257,280,0,0,0,0,0,1,0,0,0,0,0,0,0,20,18,0.419,0.3,0.761,22,27,normal
3,icmp,ftp,REJ,26,450,0,0,0,1,0,0,0,0,0,0,0,0,0,25,17,0.117,0.255,0.854,28,25,normal
7,icmp,telnet,RSTO,55,44,0,0,0,5,0,1,0,0,0,0,0,0,0,134,98,0.647,0.816,0.158,11,9,probe
0,udp,http,RSTO,1010,493,0,0,0,1,0,0,0,0,0,1,0,0,0,20,14,0.262,0.101,0.696,37,24,normal
0,tcp,dns,SF,145,150,0,0,0,3,0,0,0,0,0,0,0,0,0,24,16,0.163,0.12,0.781,33,27,normal
1,udp,ftp,S0,326,19,0,0,0,3,0,1,0,0,0,0,0,0,0,21,13,0.098,0.009,0.877,43,23,normal
7,udp,ssh,SH,4,32,0,0,0,4,2,0,1,0,0,4,1,0,0,113,109,0.863,0.86,0.11,10,8,dos
0,icmp,ftp,REJ,1504,231,0,0,0,3,0,0,0,0,0,0,0,0,0,14,19,0.329,0.284,0.753,31,18,normal
22,tcp,http,REJ,405,0,0,0,0,5,0,1,3,0,0,0,1,0,0,143,109,0.899,0.853,0.243,13,12,dos
29,udp,telnet,RSTR,375,17,0,0,0,4,0,1,3,0,0,1,2,0,1,127,131,0.683,0.959,0.254,9,16,r2l
16,tcp,imap,RSTR,12,27,0,0,0,3,1,0,1,0,0,0,0,0,1,127,101,0.481,0.964,0.133,6,7,dos
4,icmp,telnet,REJ,8,23,0,0,0,3,0,0,2,0,0,0,0,0,1,137,115,0.753,0.851,0.025,10,9,probe
6,udp,ssh,SF,127,267,0,0,0,1,0,1,0,0,0,0,0,0,1,21,14,0.349,0.175,0.898,37,16,normal
9,icmp,http,RSTO,20,233,0,0,0,7,1,1,1,0,0,0,2,0,0,115,111,0.452,0.492,0.036,18,9,dos
0,tcp,smtp,REJ,532,32,0,0,0,2,0,1,0,0,0,0,0,0,0,20,16,0.149,0.095,0.867,41,16,normal
5,icmp,pop3,SH,53,788,0,0,0,1,0,1,0,0,0,0,0,0,0,21,19,0.156,0.045,0.796,37,24,normal
0,tcp,ssh,REJ,3028,107,0,0,0,0,0,1,0,0,0,0,0,0,0,16,21,0.032,0.285,0.922,44,18,normal
1,icmp,telnet,S0,118,101,0,0,0,0,0,1,0,0,0,0,0,0,1,12,17,0.01,0.397,0.916,33,28,normal
2,tcp,dns,SF,388,451,0,0,0,1,0,0,0,0,0,0,0,0,0,24,16,0.058,0.009,0.823,43,27,normal
26,tcp,ftp,SH,136,0,0,0,0,3,3,0,1,0,0,0,1,0,0,109,103,0.969,0.963,0.104,14,23,dos
0,udp,ftp_data,RSTO,79,48,0,0,0,2,2,0,1,0,0,1,0,0,1,117,107,0.738,0.939,0.166,9,7,dos
24,udp,dns,SH,8,0,0,0,0,5,1,0,2,0,0,0,2,0,0,123,99,0.843,0.799,0.157,10,13,probe
7,udp,telnet,S0,940,603,0,0,0,4,0,0,2,0,0,0,1,0,0,114,110,0.828,0.799,0.114,17,8,r2l
7,udp,http,RSTR,89,813,0,0,0,1,0,1,0,0,0,0,0,0,0,20,14,0.231,0.092,0.717,41,26,normal
0,icmp,pop3,RSTR,3204,580,0,0,0,0,0,0,0,0,0,0,0,0,0,14,16,0.036,0.026,0.781,35,21,normal
1,tcp,imap,RSTO,912,456,0,0,0,2,0,1,0,0,0,0,1,0,0,18,15,0.409,0.058,0.587,38,18,normal
5,icmp,telnet,SH,714,13,0,0,0,2,1,0,1,0,0,2,1,0,1,130,95,0.863,0.792,0.468,8,12,probe
12,udp,ftp,RSTO,23,22,0,0,0,5,2,0,1,0,0,0,2,0,0,128,123,0.76,0.801,0.087,16,10,probe
1,icmp,ssh,S0,41,6,0,0,0,6,0,0,1,1,0,0,2,0,1,142,103,0.628,0.934,0.505,12,6,probe
25,udp,dns,RSTR,220,17,0,0,0,4,2,0,2,0,0,1,0,0,0,116,123,0.77,0.762,0.09,14,8,probe
2,tcp,dns,RSTO,1319,318,0,0,0,0,0,1,0,0,0,0,0,0,0,12,22,0.4,0.026,0.98,35,34,normal
16,icmp,http,RSTR,1096,93,0,0,0,3,1,0,1,0,0,0,1,0,0,102,101,0.733,0.783,0.275,17,9,dos
50,tcp,ftp,RSTR,8,279,0,0,0,1,1,0,2,0,0,1,2,0,1,117,145,0.765,0.892,0.164,6,12,probe
9,udp,ftp_data,SH,344,35,0,0,0,1,0,1,0,0,0,1,0,0,0,33,10,0.208,0.058,0.828,36,23,normal
1,udp,pop3,SH,480,177,0,0,0,4,0,0,1,0,0,0,1,0,0,104,91,0.928,0.952,0.443,11,6,dos
5,tcp,imap,REJ,1714,690,0,0,0,0,0,0,1,0,0,0,0,0,0,14,15,0.069,0.025,0.975,38,25,normal
29,udp,imap,RSTR,147,19,0,0,0,6,1,0,2,0,0,1,0,0,1,123,106,0.951,0.797,0.1,10,5,dos
0,icmp,telnet,SH,1877,190,0,0,0,1,0,1,0,0,0,1,0,0,0,20,21,0.041,0.113,0.875,32,32,normal
0,tcp,ftp_data,S0,1427,175,0,0,0,2,0,1,0,0,0,0,0,0,0,13,17,0.007,0.169,0.727,35,26,normal
26,udp,smtp,REJ,289,1,0,0,0,3,1,1,1,0,0,2,0,0,1,135,119,0.761,0.978,0.077,6,7,dos
2,udp,ftp,REJ,362,1206,0,0,0,1,0,1,0,0,0,0,0,0,0,18,11,0.235,0.118,0.829,26,15,normal
7,icmp,ftp,SH,57,17,0,0,0,5,0,0,2,0,0,1,2,0,0,112,107,0.527,0.824,0.608,12,6,dos
2,udp,imap,REJ,38,4,0,0,0,6,1,0,1,0,0,0,1,0,1,112,100,0.856,0.686,0.412,16,10,dos
0,udp,imap,RSTO,229,26,0,0,0,2,0,1,1,0,0,0,1,0,0,14,9,0.2,0.353,0.863,38,23,normal
3,tcp,http,RSTR,11296,157,0,0,0,1,0,0,0,0,0,0,0,0,0,8,12,0.36,0.173,0.701,40,32,normal
14,icmp,dns,SH,79,63,0,0,0,9,0,1,2,0,0,0,0,0,1,134,119,0.834,0.591,0.092,8,8,dos
2,udp,pop3,SF,611,595,0,0,0,2,0,1,0,0,0,0,0,0,0,17,13,0.108,0.19,0.974,32,31,normal
56,udp,http,RSTO,129,1,0,0,0,6,0,1,4,0,0,1,0,0,1,105,113,0.834,0.937,0.089,9,7,dos
1,icmp,ftp_data,S0,219,431,0,0,0,2,0,1,0,0,0,0,0,0,0,15,20,0.183,0.076,0.937,28,27,normal
1,udp,ftp_data,SF,894,226,0,0,0,2,0,0,0,0,0,0,0,0,0,18,11,0.066,0.087,0.879,30,26,normal
10,udp,dns,RSTO,123,128,0,0,0,5,0,0,1,0,0,0,0,0,0,117,99,0.942,0.83,0.545,10,7,dos
5,tcp,telnet,REJ,354,6,0,0,0,5,1,0,1,0,0,0,3,0,0,127,108,0.639,0.923,0.062,16,9,dos
4,tcp,http,SF,226,1093,0,0,0,1,0,0,1,0,0,0,0,0,0,17,22,0.01,0.2,0.57,30,24,normal
18,udp,ftp,REJ,1134,297,0,0,0,7,0,0,1,0,0,1,2,0,0,124,104,0.925,0.664,0.181,13,11,dos
2,tcp,pop3,SF,1055,69,0,0,0,0,0,0,0,0,0,1,0,0,0,28,7,0.099,0.098,0.891,37,29,normal
0,icmp,ssh,SF,1010,419,0,0,0,1,0,1,0,0,0,0,0,0,0,16,9,0.392,0.123,0.627,37,13,normal
3,udp,ssh,SH,590,157,0,0,0,1,0,0,0,0,0,0,0,0,0,9,19,0.178,0.224,0.927,36,15,normal
5,tcp,telnet,SH,237,145,0,0,0,0,0,0,0,0,0,0,0,0,0,15,22,0.01,0.146,0.804,35,32,normal
12,icmp,telnet,RSTO,23,396,0,0,1,6,0,0,2,0,0,0,0,0,0,134,123,0.98,0.943,0.159,15,7,r2l
2,tcp,ftp_data,RSTR,130,921,0,0,0,1,0,1,0,0,0,0,0,0,0,11,16,0.079,0.236,0.727,40,36,normal
0,udp,smtp,SF,282,413,0,0,0,1,0,0,0,0,0,0,0,0,0,38,21,0.253,0.127,0.756,36,24,normal
0,tcp,ftp,SH,675,3195,0,0,0,1,0,1,0,0,0,0,0,0,1,19,14,0.095,0.23,0.711,37,27,normal
12,udp,pop3,S0,78,43,0,0,1,2,1,1,1,0,0,0,1,0,0,131,109,0.874,0.896,0.085,12,10,dos
18,udp,smtp,RSTO,305,60,0,0,0,5,0,0,2,0,0,2,3,0,1,131,126,0.757,0.949,0.01,13,12,u2r
1,tcp,ssh,RSTO,157,88,0,0,0,1,0,1,0,0,0,0,0,0,0,28,14,0.119,0.296,0.935,31,22,normal
15,icmp,telnet,RSTO,1036,9,0,0,0,9,0,0,2,0,0,1,3,0,0,134,106,0.773,0.938,0.326,14,9,dos
0,icmp,ftp_data,SF,442,916,0,0,0,2,0,1,0,0,0,1,0,0,0,20,17,0.232,0.195,0.495,28,38,normal
16,tcp,ftp_data,RSTR,45,2572,0,0,0,3,0,0,1,0,0,0,0,0,0,123,114,0.708,0.798,0.105,14,10,dos
13,tcp,pop3,SF,492,94,0,0,0,10,1,0,3,0,0,0,0,0,0,127,101,0.637,0.938,0.009,13,14,dos
5,udp,dns,RSTO,2,76,0,0,0,4,0,1,1,0,0,1,0,0,0,104,97,0.42,0.862,0.167,13,12,r2l
15,udp,ssh,REJ,185,3,0,0,0,5,0,0,3,0,0,2,1,0,0,136,103,0.672,0.94,0.129,10,14,probe
2,udp,imap,SF,166,27,0,0,0,5,1,0,1,0,0,2,0,0,0,138,111,0.838,0.884,0.176,6,8,u2r
5,udp,imap,S0,154,419,0,0,0,1,0,1,0,0,0,0,1,0,1,16,13,0.611,0.106,0.88,39,23,normal
45,icmp,smtp,RSTR,215,25,0,0,0,2,0,0,1,0,0,1,0,0,0,116,103,0.843,0.975,0.286,6,6,dos
1,udp,ftp,SF,83,814,0,0,0,0,0,0,1,0,0,1,0,0,0,22,11,0.201,0.06,0.826,41,21,normal
8,icmp,pop3,SH,150,90,0,0,0,3,0,0,1,0,1,2,0,0,0,106,97,0.648,0.875,0.024,12,16,probe
2,udp,dns,RSTO,99,24,1,0,0,3,0,0,3,0,0,0,1,0,0,126,116,0.336,0.842,0.108,12,15,dos
1,icmp,pop3,SF,1029,925,0,0,0,1,0,1,0,0,0,0,0,0,0,15,12,0.064,0.055,0.702,30,21,normal
1,udp,imap,SH,723,303,0,0,0,2,0,1,0,0,0,0,0,0,0,13,23,0.065,0.319,0.9,40,29,normal
1,tcp,smtp,SH,1245,780,0,0,0,0,0,0,1,0,0,1,0,0,1,19,13,0.024,0.207,0.9,30,25,normal
1,tcp,ftp_data,SH,60,7,0,0,0,11,0,0,2,0,0,0,0,0,0,124,108,0.836,0.822,0.08,10,8,dos
56,tcp,imap,RSTO,32,55,0,0,0,10,0,0,3,0,0,1,0,0,0,128,110,0.805,0.713,0.016,17,8,probe
3,tcp,http,SF,1023,187,0,0,0,1,0,1,0,0,0,0,1,0,0,13,11,0.078,0.016,0.752,30,27,normal
18,icmp,ftp_data,S0,108,5,0,0,0,7,1,0,1,0,0,1,0,0,2,118,97,0.774,0.888,0.249,9,13,dos
1,tcp,dns,RSTO,1581,199,0,0,0,2,0,1,0,0,0,0,0,0,0,15,15,0.117,0.073,0.824,32,22,normal
27,udp,telnet,RSTR,50,40,0,0,0,5,0,1,0,0,0,2,0,0,0,120,101,0.982,0.823,0.029,8,9,dos
4,icmp,ftp,RSTR,378,54,0,0,0,4,1,0,1,0,0,0,0,0,0,129,117,0.938,0.882,0.298,14,9,probe
2,udp,imap,RSTR,53,167,0,0,0,9,0,0,1,0,0,0,0,0,0,109,123,0.871,0.843,0.081,11,8,dos
12,icmp,smtp,SH,106,42,0,0,0,5,0,0,1,0,0,3,1,0,0,118,120,0.551,0.845,0.491,13,6,dos
5,tcp,ftp_data,REJ,187,12,0,0,0,5,1,0,0,0,0,0,1,0,0,114,104,0.686,0.988,0.069,15,9,dos
4,icmp,ftp,S0,26,14,0,0,0,7,1,0,3,0,0,2,1,0,0,118,116,0.899,0.814,0.067,9,8,dos
3,udp,http,SF,432,197,0,0,0,0,0,1,0,0,0,0,0,0,0,20,14,0.077,0.003,0.726,42,23,normal
2,icmp,dns,SH,661,695,0,0,0,0,0,1,0,0,0,0,1,0,0,16,22,0.014,0.323,0.679,36,27,normal
0,udp,http,SH,128,174,0,0,0,1,0,1,0,0,0,0,0,0,0,15,14,0.094,0.09,0.71,31,20,normal
1,icmp,pop3,RSTR,1247,1006,0,0,0,2,0,1,0,0,0,0,0,0,0,18,11,0.135,0.061,0.732,29,21,normal
1,icmp,ssh,S0,1280,155,0,0,0,0,0,1,0,0,0,0,0,0,0,17,12,0.007,0.109,0.375,32,18,normal
0,icmp,dns,REJ,499,1061,0,0,0,1,0,1,0,0,0,0,0,0,0,20,15,0.074,0.048,0.618,36,25,normal
2,tcp,pop3,SH,441,3,0,0,0,1,1,1,1,0,0,0,3,0,1,133,117,0.856,0.67,0.232,17,9,dos
0,udp,ssh,REJ,22,1,0,0,0,3,0,0,4,0,0,0,0,0,2,116,110,0.857,0.942,0.119,14,13,r2l
6,icmp,dns,S0,323,131,0,0,0,4,0,0,2,0,0,0,1,0,1,123,97,0.928,0.95,0.181,11,13,dos
0,icmp,ssh,REJ,28,3,0,0,0,6,1,0,4,0,0,0,0,0,2,114,113,0.965,0.751,0.434,11,9,dos
1,icmp,ftp_data,SH,50,864,0,0,0,2,0,1,0,0,0,1,0,0,0,26,15,0.125,0.018,0.323,45,27,normal
1,tcp,telnet,REJ,22,41,1,0,0,4,1,0,2,0,0,1,2,0,1,138,106,0.927,0.991,0.003,9,11,dos
12,tcp,pop3,SF,73,4,0,0,0,3,0,0,2,0,0,0,0,0,2,114,122,0.887,0.991,0.085,11,7,dos
0,icmp,pop3,RSTO,192,874,0,0,0,1,0,0,0,0,0,0,0,0,0,29,24,0.335,0.171,0.518,39,23,normal
0,tcp,pop3,S0,292,533,0,0,0,3,0,0,0,0,0,0,0,0,0,12,15,0.012,0.465,0.671,39,27,normal
4,tcp,ftp_data,REJ,359,766,0,0,0,0,0,1,1,0,0,0,0,0,0,14,23,0.188,0.046,0.872,40,25,normal
13,udp,ftp_data,SF,6,654,0,0,0,4,1,1,1,0,0,1,1,0,1,116,94,0.969,0.746,0.231,17,8,r2l
3,icmp,http,RSTR,152,182,0,0,0,4,2,0,3,0,0,1,0,0,0,127,116,0.824,0.829,0.109,11,14,dos
42,icmp,telnet,RSTO,14,55,0,0,0,5,1,0,1,0,0,2,1,0,1,111,127,0.576,0.99,0.379,14,11,r2l
37,icmp,telnet,RSTO,114,1,0,0,0,4,0,0,1,0,0,0,0,0,1,113,104,0.834,0.778,0.076,9,10,probe
48,tcp,imap,S0,143,133,0,0,0,8,0,1,1,0,0,1,3,0,0,145,117,0.886,0.983,0.117,10,17,probe
17,udp,ssh,RSTO,39,30,0,0,0,6,1,0,1,0,0,0,0,0,0,118,95,0.833,0.878,0.122,8,13,dos
0,tcp,telnet,RSTR,471,265,0,0,0,0,0,0,0,0,0,0,0,0,0,10,15,0.488,0.169,0.73,27,25,normal
39,tcp,smtp,REJ,104,22,0,0,0,5,1,0,1,0,0,2,0,0,0,139,95,0.746,0.875,0.114,15,9,r2l
18,icmp,imap,SH,23,103,0,0,0,5,1,1,2,0,0,0,1,0,1,124,106,0.964,0.961,0.136,14,12,u2r
0,tcp,ssh,RSTO,782,261,0,0,0,1,0,0,0,0,0,0,0,0,0,19,12,0.242,0.462,0.939,33,24,normal
17,icmp,ssh,SH,20,9,0,0,0,5,1,0,2,0,0,0,3,0,0,115,108,0.816,0.831,0.15,9,12,dos
4,udp,pop3,REJ,450,255,0,0,0,1,0,1,0,0,0,0,0,0,0,18,15,0.133,0.262,0.551,33,18,normal
2,udp,dns,SF,3992,92,0,0,0,1,0,1,0,0,0,0,1,0,0,15,21,0.218,0.248,0.873,38,17,normal
13,tcp,http,S0,285,2,0,0,0,3,0,0,2,0,0,1,0,0,0,152,110,0.8,0.738,0.466,5,13,u2r
12,udp,ftp,S0,16,6,0,0,0,6,1,0,2,0,0,1,0,0,0,110,119,0.976,0.974,0.289,13,10,dos
0,icmp,ftp,S0,18,673,0,1,0,6,0,1,2,0,0,1,2,0,0,136,110,0.964,0.963,0.125,4,7,dos
31,tcp,http,SF,23,21,0,0,0,4,0,0,1,0,0,2,0,0,0,135,114,0.845,0.795,0.236,4,11,probe
0,tcp,ftp_data,RSTO,72,788,0,0,0,0,0,1,0,0,0,0,0,0,0,22,15,0.239,0.126,0.781,33,20,normal
2,udp,http,SF,2525,87,0,0,0,3,0,1,0,0,0,1,0,0,1,25,17,0.024,0.014,0.677,24,28,normal
1,tcp,pop3,RSTR,90,105,0,0,0,1,0,1,0,0,0,0,0,0,1,20,17,0.21,0.005,0.889,27,19,normal
13,udp,imap,RSTR,198,27,0,0,0,4,0,1,1,0,0,1,0,0,1,110,122,0.8,0.852,0.358,8,10,probe
2,udp,smtp,RSTO,113,66,0,1,0,6,0,0,0,1,0,0,1,0,0,105,122,0.737,0.912,0.018,7,7,dos
2,icmp,dns,REJ,909,144,0,0,0,1,0,1,1,0,0,0,1,0,0,17,21,0.06,0.261,0.883,34,30,normal
0,udp,telnet,REJ,1653,83,0,0,0,0,0,1,0,0,0,0,0,0,0,32,18,0.214,0.164,0.992,26,23,normal
2,udp,http,RSTO,67,9,0,0,0,4,1,0,1,0,0,1,1,0,1,131,101,0.981,0.809,0.696,12,9,probe
2,udp,imap,REJ,398,121,0,0,0,1,0,1,0,0,0,0,0,0,0,17,17,0.229,0.266,0.869,34,32,normal
33,udp,http,SF,23,24,0,0,0,2,1,0,0,0,0,1,1,0,0,130,92,0.652,0.85,0.017,12,14,r2l
1,udp,http,S0,713,644,0,0,0,1,0,1,0,0,0,1,0,0,0,19,11,0.288,0.471,0.529,43,33,normal
8,tcp,ftp,SH,52,318,0,0,0,4,2,0,2,0,0,0,0,0,1,135,110,0.897,0.873,0.066,9,8,dos
12,udp,ssh,RSTO,90,51,0,0,0,3,0,1,3,0,0,1,2,0,0,116,105,0.644,0.972,0.044,13,6,dos
33,tcp,telnet,RSTO,771,41,0,0,0,8,1,0,4,0,0,0,1,0,0,117,92,0.278,0.87,0.185,16,12,r2l
2,udp,http,S0,1933,14,0,0,0,6,0,0,3,0,0,0,0,0,0,130,135,0.91,0.934,0.064,7,8,dos
7,icmp,ssh,REJ,702,1584,0,0,0,0,0,1,0,0,0,0,0,0,0,24,19,0.149,0.515,0.911,33,23,normal
1,udp,dns,SH,3991,18,0,0,0,1,0,1,1,0,0,0,0,0,0,19,17,0.47,0.157,0.701,45,28,normal
0,tcp,ftp_data,SH,1340,882,0,0,0,1,0,1,0,0,0,0,0,0,0,19,29,0.045,0.138,0.807,34,36,normal
12,icmp,ftp,S0,185,44,0,0,0,6,2,0,3,0,0,0,0,0,1,129,108,0.778,0.986,0.179,12,10,dos
3,tcp,telnet,REJ,1054,263,0,0,0,1,0,1,0,0,0,0,0,0,0,16,14,0.371,0.379,0.951,33,29,normal
0,udp,imap,RSTO,211,524,0,0,0,1,0,0,0,0,0,0,0,0,0,35,9,0.143,0.032,0.7,31,31,normal
4,udp,dns,RSTO,250,154,0,0,0,3,0,1,0,0,0,1,0,0,0,13,13,0.159,0.167,0.864,39,23,normal
1,tcp,telnet,S0,607,512,0,0,0,0,0,1,0,0,0,0,0,0,0,19,17,0.053,0.036,0.63,44,31,normal
0,tcp,imap,RSTO,68,77,0,0,0,3,0,1,0,0,0,1,0,0,0,19,16,0.18,0.065,0.628,36,30,normal
3,tcp,ftp,SH,380,369,0,0,0,1,0,1,0,0,0,0,0,0,1,25,15,0.509,0.309,0.847,36,22,normal
2,udp,smtp,S0,120,1419,0,0,0,1,0,1,0,0,0,0,0,0,0,23,7,0.132,0.051,0.991,43,28,normal
2,tcp,dns,S0,679,416,0,0,0,1,0,1,0,0,0,0,0,0,0,25,15,0.386,0.088,0.611,39,27,normal
7,tcp,ftp,REJ,545,474,0,0,0,1,0,1,0,0,0,0,0,0,0,13,12,0.054,0.12,0.643,45,25,normal
5,tcp,ssh,RSTR,200,14,0,0,0,2,0,0,0,0,0,0,1,0,0,130,113,0.884,0.761,0.207,16,8,dos
10,icmp,smtp,SH,2428,461,0,0,0,7,0,0,2,0,0,1,1,0,0,125,107,0.926,0.889,0.384,10,8,r2l
15,udp,telnet,SF,221,12,0,0,0,8,0,0,4,0,0,2,0,0,1,105,109,0.974,0.903,0.225,21,10,probe
18,udp,smtp,S0,255,17,0,0,0,6,1,0,0,0,0,0,1,0,0,129,116,0.943,0.951,0.137,11,9,dos
0,udp,ftp_data,RSTO,229,411,0,0,0,0,0,1,1,0,0,0,0,0,0,23,16,0.125,0.181,0.597,37,23,normal
2,icmp,imap,SF,289,75,0,0,0,3,0,1,0,0,0,0,0,0,0,21,16,0.181,0.117,0.902,42,26,normal
0,icmp,http,REJ,877,538,0,0,0,2,0,1,0,0,0,0,0,0,0,15,10,0.338,0.041,0.875,47,37,normal
4,udp,imap,S0,838,966,0,0,0,1,0,1,1,0,0,0,0,0,0,20,14,0.17,0.11,0.763,30,23,normal
23,udp,pop3,REJ,605,10,0,0,1,5,3,0,4,0,0,0,0,0,0,116,101,0.78,0.927,0.233,12,9,probe
6,tcp,ssh,SH,214,11,0,0,0,2,0,0,1,0,0,0,0,0,0,120,103,0.9,0.997,0.082,17,16,dos
0,tcp,smtp,SF,582,1005,0,0,0,1,0,1,0,0,0,0,1,0,0,20,15,0.053,0.006,0.501,29,21,normal
4,udp,telnet,SF,681,1004,0,0,0,1,0,1,0,0,0,0,0,0,0,18,7,0.109,0.099,0.888,33,31,normal
3,icmp,ftp,S0,612,249,0,0,0,2,0,0,0,0,0,0,0,0,0,20,13,0.224,0.112,0.853,30,25,normal
5,tcp,ftp,SF,144,53,0,0,0,6,0,0,1,0,0,0,5,0,1,118,96,0.793,0.972,0.209,14,5,dos
3,icmp,http,S0,208,2,0,0,0,3,0,0,4,0,0,0,0,0,0,111,89,0.959,0.892,0.236,14,14,dos
2,udp,pop3,RSTR,238,44,0,0,0,0,0,1,0,0,0,0,0,0,0,15,11,0.12,0.237,0.915,36,20,normal
4,udp,ftp,SH,430,475,0,0,0,6,0,0,1,0,0,0,0,0,0,126,108,0.827,0.934,0.392,16,17,dos
39,icmp,pop3,S0,40,0,0,0,0,10,1,0,1,0,0,2,2,0,0,135,94,0.854,0.938,0.214,16,7,dos
6,udp,ssh,REJ,12,59,0,0,0,4,0,0,2,0,0,0,0,0,0,101,138,0.939,0.697,0.385,10,9,dos
10,udp,ssh,REJ,7,1,0,0,0,5,0,1,1,0,0,1,1,0,2,121,131,0.579,0.986,0.194,7,8,dos
3,icmp,imap,REJ,34,232,0,0,0,1,0,1,0,0,0,0,0,0,2,15,17,0.067,0.526,0.84,32,23,normal
6,tcp,imap,RSTR,763,453,0,0,0,2,0,1,0,0,0,0,0,0,0,14,16,0.115,0.281,0.772,28,19,normal
19,icmp,smtp,SH,331,0,0,0,0,4,0,0,2,0,0,2,0,0,0,124,131,0.956,0.644,0.394,9,12,probe
14,udp,pop3,S0,21,73,0,0,0,8,0,1,2,0,0,1,1,0,0,122,88,0.63,0.542,0.383,13,12,r2l
4,icmp,smtp,RSTO,169,63,0,0,0,2,0,0,2,0,0,0,0,0,0,112,137,0.964,0.817,0.038,6,13,dos
3,icmp,smtp,SF,1485,109,0,0,0,2,0,1,0,0,0,1,0,0,0,17,14,0.086,0.195,0.881,37,27,normal
4,icmp,smtp,SF,70,0,0,0,0,5,1,0,3,0,0,0,1,0,0,121,101,0.98,0.856,0.047,12,10,probe
22,icmp,smtp,SH,160,19,0,0,0,6,0,0,2,0,0,0,0,0,0,135,91,0.778,0.993,0.076,11,5,dos
6,udp,ssh,S0,851,377,0,0,0,2,0,1,0,0,0,0,0,0,1,31,17,0.112,0.026,0.903,42,32,normal
1,udp,ftp,RSTR,52,38,0,0,0,5,0,0,2,0,0,0,0,1,0,115,118,0.852,0.915,0.106,20,11,r2l
0,udp,ssh,REJ,2288,287,0,0,0,0,0,1,0,0,0,0,0,0,0,19,16,0.33,0.105,0.956,41,22,normal
0,tcp,smtp,RSTR,228,183,0,0,0,1,0,1,2,0,0,0,0,0,0,22,9,0.091,0.069,0.663,30,18,normal
1,icmp,imap,S0,84,511,0,0,0,2,0,1,0,0,0,0,0,0,0,13,17,0.213,0.241,0.88,34,24,normal
3,tcp,ftp,SF,624,192,0,0,0,1,0,1,0,0,0,1,0,0,0,21,12,0.218,0.072,0.891,30,30,normal
29,udp,http,SH,16,12,0,0,0,6,0,0,3,0,0,0,1,0,0,130,99,0.937,0.746,0.11,9,8,dos
2,udp,ssh,S0,305,546,0,0,0,1,0,1,1,0,0,1,0,0,0,19,9,0.018,0.004,0.943,39,29,normal
4,tcp,imap,SH,602,1011,0,0,0,0,0,1,0,0,0,0,0,0,0,15,22,0.046,0.026,0.52,36,22,normal
0,udp,ssh,RSTO,928,158,0,0,0,1,0,0,0,0,0,0,0,0,0,19,16,0.029,0.365,0.778,39,30,normal
4,icmp,ssh,S0,80,119,0,0,0,2,0,0,0,0,0,2,1,0,0,18,12,0.092,0.276,0.804,38,26,normal
23,udp,pop3,RSTR,14,3,0,0,0,2,1,0,2,0,0,0,1,0,0,109,105,0.676,0.997,0.22,25,6,probe
0,udp,telnet,S0,200,282,0,0,0,1,0,0,0,0,0,0,0,0,0,19,15,0.206,0.244,0.732,42,25,normal
0,tcp,pop3,RSTO,186,396,0,0,0,0,0,1,0,0,0,1,0,0,0,14,17,0.128,0.209,0.929,30,23,normal
0,udp,smtp,RSTR,307,241,0,0,0,1,0,1,0,0,0,0,0,0,0,23,13,0.083,0.098,0.782,31,29,normal
28,tcp,pop3,RSTO,40,0,0,0,0,2,1,0,4,0,0,0,0,0,0,123,103,0.963,0.9,0.016,9,7,dos
0,tcp,imap,S0,363,1039,0,0,0,1,0,0,0,0,0,1,0,0,1,17,15,0.625,0.37,0.752,37,30,normal
13,tcp,dns,REJ,723,191,0,0,0,0,0,1,0,0,0,1,0,0,0,23,18,0.252,0.055,0.919,26,21,normal
19,tcp,ftp_data,RSTR,49,48,0,1,0,5,0,0,2,0,0,0,1,0,1,122,95,0.629,0.904,0.011,12,10,dos
12,tcp,telnet,SH,374,32,0,0,0,8,0,0,2,0,0,1,0,0,0,103,114,0.845,0.914,0.566,13,5,dos
19,icmp,ftp_data,SF,298,184,0,0,0,3,1,0,3,0,0,1,0,0,2,117,105,0.986,0.283,0.153,14,7,dos
2,icmp,ftp,RSTO,44,1329,0,0,0,1,0,1,0,0,0,2,1,0,0,17,8,0.289,0.08,0.996,26,26,normal
12,tcp,http,REJ,48,1,0,0,0,7,1,0,2,0,0,0,1,0,0,116,101,0.858,0.791,0.265,12,6,probe
5,tcp,ftp_data,RSTO,778,255,0,0,0,0,0,1,1,0,0,0,0,0,0,24,23,0.185,0.32,0.747,34,24,normal
0,icmp,smtp,S0,275,526,0,0,0,4,0,0,4,0,0,1,1,0,0,129,110,0.907,0.795,0.001,15,11,dos
0,icmp,dns,RSTR,2298,2053,0,0,0,3,0,1,0,0,0,1,0,0,0,16,12,0.311,0.477,0.599,33,23,normal
3,icmp,pop3,S0,171,94,0,0,0,1,0,1,0,0,0,0,0,0,0,13,23,0.146,0.296,0.557,37,16,normal
23,udp,ssh,RSTR,66,1031,0,0,0,4,0,0,1,0,0,0,1,0,0,104,98,0.606,0.326,0.067,15,9,dos
3,udp,telnet,SF,500,0,0,0,0,5,0,1,2,0,0,0,1,0,0,124,125,0.902,0.831,0.17,6,15,u2r
3,icmp,imap,SH,388,8,0,0,1,6,0,0,2,0,0,0,0,0,0,124,119,0.77,0.777,0.382,15,7,dos
36,icmp,smtp,SF,315,20,0,0,0,6,0,1,3,0,0,0,2,0,1,108,101,0.999,0.642,0.159,13,5,probe
0,icmp,smtp,RSTO,326,842,0,0,0,1,0,1,1,0,0,0,0,0,0,23,12,0.228,0.002,0.639,31,28,normal
90,icmp,ssh,SF,829,30,0,0,0,6,0,0,3,0,0,1,1,0,1,109,113,0.871,0.816,0.539,11,14,r2l
0,tcp,pop3,SF,362,1897,0,0,0,1,0,1,0,0,0,0,0,0,0,25,12,0.085,0.139,0.75,34,29,normal
10,tcp,dns,SF,84,343,0,0,1,9,0,0,2,0,0,0,1,0,0,122,99,0.934,0.888,0.233,7,11,dos
1,tcp,ftp,RSTO,138,149,0,0,0,0,0,1,2,0,0,0,0,0,0,21,14,0.314,0.082,0.954,49,26,normal
2,icmp,pop3,SF,533,4,0,0,0,5,0,0,2,0,0,1,0,0,1,119,105,0.92,0.572,0.267,7,11,dos
28,tcp,pop3,SF,95,2,0,0,0,4,0,0,1,0,0,4,1,0,0,118,116,0.683,0.876,0.123,11,12,dos
43,icmp,ftp_data,S0,96,28,0,0,0,4,1,0,4,0,0,0,1,0,0,101,106,0.741,0.837,0.17,13,10,r2l
0,udp,ftp,SH,2172,436,0,0,0,0,0,1,0,0,0,0,0,0,0,20,12,0.044,0.009,0.596,33,19,normal
3,tcp,smtp,SF,256,356,0,0,0,1,0,0,1,0,0,0,0,0,0,22,13,0.127,0.125,0.644,34,25,normal
0,icmp,ftp_data,RSTO,915,705,0,0,0,3,0,1,0,0,0,1,0,0,0,20,12,0.121,0.09,0.523,40,29,normal
2,icmp,dns,S0,359,791,0,0,0,0,0,1,1,0,0,1,0,0,0,19,18,0.525,0.325,0.943,31,17,normal
1,icmp,ssh,S0,209,329,0,0,0,0,0,0,1,0,0,0,0,0,1,14,10,0.006,0.557,0.84,32,24,normal
55,tcp,ftp,S0,11,36,0,0,0,3,0,0,4,0,0,0,0,0,0,123,107,0.964,0.832,0.243,13,13,probe
4,udp,ftp,SF,548,146,0,0,0,1,0,0,1,0,0,0,0,0,0,21,10,0.028,0.029,0.929,23,25,normal
7,icmp,ssh,S0,981,391,0,0,0,1,0,1,1,0,0,0,0,0,0,15,14,0.07,0.041,0.814,32,22,normal
0,tcp,telnet,SF,1072,62,0,0,0,1,0,0,0,0,0,0,0,0,0,28,14,0.26,0.261,0.894,46,25,normal
2,icmp,ftp_data,S0,2341,3,0,1,0,2,1,0,0,0,0,0,1,0,1,127,127,0.733,0.978,0.04,16,11,dos
5,tcp,telnet,REJ,391,2302,0,0,0,2,0,1,0,0,0,0,0,0,0,20,13,0.065,0.0,0.906,40,30,normal
0,udp,ssh,REJ,154,431,0,0,0,1,0,1,0,0,0,0,0,0,0,25,15,0.195,0.031,0.899,28,25,normal
4,udp,dns,SH,342,0,0,0,0,8,3,0,4,0,0,0,1,0,1,120,111,0.811,0.958,0.139,14,15,dos
1,icmp,smtp,RSTO,115,1076,0,0,0,0,0,0,0,0,0,0,0,0,0,24,18,0.354,0.163,0.705,43,20,normal
5,tcp,smtp,REJ,116,4,0,0,0,7,1,0,4,0,0,0,1,0,0,117,114,0.659,0.995,0.13,11,15,dos
0,icmp,ftp_data,REJ,590,84,0,0,0,0,0,1,0,0,0,0,0,0,0,11,14,0.363,0.282,0.682,28,31,normal
23,tcp,ssh,RSTO,96,34,0,0,0,4,2,0,1,0,0,3,2,0,1,98,125,0.962,0.998,0.041,11,7,dos
2,tcp,ftp_data,REJ,209,368,0,0,0,4,0,1,0,0,0,0,0,0,0,12,13,0.151,0.361,0.638,32,23,normal
0,tcp,imap,RSTO,198,544,0,0,0,0,0,0,0,0,0,0,0,0,0,25,9,0.507,0.007,0.832,30,21,normal
4,tcp,http,SF,987,147,0,0,0,0,0,1,1,0,0,0,0,0,0,19,14,0.025,0.077,0.873,28,20,normal
2,tcp,pop3,SH,3156,232,0,0,0,1,0,1,0,0,0,0,0,0,0,24,15,0.181,0.435,0.898,29,34,normal
6,tcp,smtp,SF,561,2038,0,0,0,1,0,0,0,0,0,0,0,0,0,17,22,0.015,0.021,0.546,45,22,normal
2,udp,ssh,REJ,554,1259,0,0,0,3,0,1,0,0,0,0,0,0,0,19,25,0.024,0.186,0.836,37,21,normal
0,udp,dns,S0,1232,132,0,0,0,0,0,1,0,0,0,0,0,0,1,14,19,0.159,0.125,0.84,40,28,normal
8,tcp,imap,SF,61,290,0,0,0,2,0,1,0,0,0,0,0,0,0,21,11,0.119,0.241,0.829,24,22,normal
0,udp,smtp,SF,566,531,0,0,0,0,0,1,1,0,0,0,0,0,1,21,16,0.113,0.164,0.93,29,24,normal
2,icmp,ftp_data,S0,241,20,0,0,0,2,2,0,1,0,0,0,0,0,0,98,101,0.884,0.803,0.019,13,7,dos
3,tcp,dns,S0,436,160,0,0,0,0,0,1,0,0,0,0,0,0,0,26,19,0.097,0.377,0.756,38,20,normal
5,tcp,pop3,RSTO,115,35,0,0,0,5,0,0,2,0,0,0,0,0,0,120,110,0.641,0.96,0.049,12,11,probe
1,icmp,imap,SF,147,490,0,0,0,3,0,1,0,0,0,0,0,0,0,21,18,0.222,0.098,0.691,32,20,normal
2,icmp,ftp_data,SH,613,217,0,0,0,1,0,0,0,0,0,0,0,0,0,19,17,0.37,0.032,0.897,35,24,normal
2,tcp,dns,SF,2343,126,0,0,0,1,0,1,0,0,0,0,0,0,0,10,13,0.003,0.112,0.669,30,21,normal
5,icmp,telnet,S0,379,161,0,0,0,3,0,1,3,0,0,0,1,0,0,125,106,0.846,0.925,0.234,14,10,dos
5,tcp,imap,SF,500,266,0,0,0,3,0,1,0,0,0,0,0,0,0,15,14,0.22,0.133,0.871,30,30,normal
0,udp,smtp,RSTR,89,560,0,0,0,1,0,1,0,0,0,0,0,0,0,22,13,0.009,0.406,0.796,38,21,normal
1,icmp,pop3,SH,384,93,0,0,0,1,0,1,0,0,0,0,1,0,0,13,11,0.213,0.015,0.449,38,18,normal
10,tcp,dns,RSTR,214,2,0,0,0,5,0,0,0,0,0,1,1,0,0,142,93,0.91,0.806,0.146,12,6,dos
3,icmp,ftp,RSTR,614,2065,0,0,0,0,0,1,0,0,0,0,1,0,0,20,21,0.152,0.127,0.78,27,21,normal
0,tcp,imap,RSTO,1449,196,0,0,0,1,0,0,0,0,0,1,1,0,0,23,19,0.071,0.035,0.913,32,20,normal
0,udp,ssh,REJ,615,707,0,0,0,1,0,1,0,0,0,1,0,0,0,20,12,0.293,0.355,0.847,38,25,normal
0,udp,http,RSTR,298,317,0,0,0,1,0,1,0,0,0,1,0,0,0,24,16,0.195,0.056,0.708,49,23,normal
0,udp,imap,REJ,1239,80,0,0,0,2,0,1,0,0,0,0,0,0,1,20,13,0.343,0.266,0.769,39,29,normal
28,udp,ssh,SF,42,10,0,0,0,2,1,1,1,0,0,1,2,0,1,111,111,0.964,0.753,0.039,11,4,probe
4,tcp,dns,SH,85,30,0,0,0,8,1,0,2,0,0,2,0,0,1,109,118,0.951,0.879,0.049,9,5,dos
16,tcp,telnet,SH,32,85,0,0,0,2,1,0,1,0,0,2,0,0,0,113,113,0.971,0.855,0.153,5,10,probe
11,icmp,ssh,S0,154,6,0,0,0,2,2,0,6,0,0,0,0,0,0,119,129,0.968,0.754,0.088,9,17,dos
0,icmp,ftp,SF,26,10,0,1,0,6,0,0,1,0,0,0,0,0,1,143,116,0.68,0.62,0.164,6,13,dos
14,udp,ftp_data,RSTR,17,4,0,0,0,7,0,0,0,0,0,0,1,0,0,111,95,0.851,0.901,0.322,11,10,dos
8,icmp,smtp,SH,210,0,0,0,0,2,0,0,4,0,0,1,1,0,0,126,120,0.674,0.689,0.092,13,8,dos
35,tcp,ftp,REJ,224,60,0,0,0,4,1,1,4,0,0,1,2,0,1,135,114,0.753,0.889,0.17,20,8,r2l
0,tcp,smtp,SH,4640,126,0,0,0,0,0,1,1,0,0,0,0,0,1,22,17,0.068,0.324,0.57,33,29,normal
2,udp,ftp,S0,436,385,0,0,0,0,0,0,0,0,0,0,0,0,1,22,14,0.065,0.087,0.584,36,21,normal
0,udp,dns,S0,782,140,0,0,0,3,0,1,0,0,0,0,0,0,0,24,19,0.358,0.017,0.756,30,30,normal
0,tcp,imap,SH,1196,411,0,0,0,1,0,1,1,0,0,0,0,0,0,13,21,0.08,0.312,0.838,36,24,normal
4,tcp,http,RSTO,76,43,0,0,0,6,1,0,1,0,0,1,0,0,0,108,121,0.663,0.658,0.038,8,8,r2l
0,udp,dns,REJ,356,188,0,0,0,0,0,1,0,0,0,0,0,0,0,23,11,0.06,0.236,0.867,35,22,normal
1,tcp,pop3,RSTR,69,12,0,0,0,6,0,0,2,0,0,1,2,0,0,104,127,0.69,0.888,0.108,11,10,dos
0,icmp,dns,SF,152,1126,0,0,0,2,0,1,0,0,0,0,0,0,0,22,15,0.184,0.044,0.934,36,21,normal
1,tcp,pop3,SH,9993,257,0,0,0,1,0,1,0,0,0,0,0,0,0,19,17,0.057,0.095,0.885,36,34,normal
1,udp,pop3,SF,657,358,0,0,0,3,0,1,0,0,0,0,0,0,0,20,17,0.006,0.084,0.645,34,26,normal
1,icmp,ftp,SF,455,546,0,0,0,1,0,1,0,0,0,0,0,0,0,15,8,0.462,0.038,0.698,29,15,normal
1,udp,ftp,SH,3393,535,0,0,0,1,0,1,0,0,0,0,0,0,0,20,18,0.158,0.176,0.753,49,22,normal
1,tcp,pop3,SF,4034,156,0,0,0,0,0,1,1,0,0,0,0,0,0,23,11,0.057,0.007,0.569,34,24,normal
44,icmp,http,S0,51,15,0,0,0,6,1,0,3,0,0,1,0,0,1,111,108,0.854,0.912,0.289,7,10,dos
17,tcp,http,SF,82,55,0,0,0,9,0,1,4,0,0,2,0,0,1,114,101,0.762,0.863,0.227,21,12,dos
5,udp,ftp_data,RSTO,1325,616,0,0,0,0,0,1,0,0,0,0,0,0,0,16,18,0.002,0.266,0.801,38,21,normal
3,icmp,http,RSTR,130,112,0,0,0,0,0,0,0,0,0,0,0,0,0,27,14,0.312,0.027,0.945,38,29,normal
5,icmp,imap,REJ,278,376,0,0,0,1,0,0,0,0,0,0,0,0,1,24,16,0.385,0.379,0.753,36,18,normal
0,udp,smtp,S0,1523,141,0,0,0,0,0,1,0,0,0,1,0,0,0,21,25,0.014,0.021,0.728,37,27,normal
0,tcp,telnet,SH,184,126,0,0,0,2,0,0,0,0,0,0,0,0,0,21,11,0.109,0.248,0.829,24,20,normal
66,icmp,http,RSTR,228,3,1,0,0,5,0,0,0,0,0,1,0,0,0,119,107,0.66,0.501,0.266,15,7,dos
4,icmp,dns,RSTO,710,21,0,0,0,7,0,0,1,0,0,0,1,0,0,129,108,0.972,0.964,0.088,12,9,r2l
8,icmp,dns,RSTO,34,92,0,0,0,4,0,1,2,0,0,0,1,0,0,114,132,0.902,0.752,0.208,13,8,probe
3,icmp,pop3,REJ,15,819,0,0,0,4,0,1,2,0,0,0,0,0,0,122,100,0.736,0.964,0.313,12,16,dos
6,icmp,ftp,RSTR,5,5,0,0,0,1,0,0,0,0,0,0,0,0,0,122,103,0.902,0.92,0.038,13,12,dos
3,tcp,http,RSTR,10,66,0,0,0,11,1,0,2,0,0,1,1,0,0,130,93,0.642,0.92,0.468,9,10,u2r
0,udp,imap,SH,819,401,0,0,0,0,0,0,0,0,0,0,0,0,1,20,19,0.066,0.131,0.602,38,26,normal
10,tcp,imap,SH,59,34,0,0,0,4,0,0,0,0,0,1,0,0,0,125,115,0.8,0.991,0.033,14,8,dos
0,udp,ftp_data,SH,245,118,0,0,0,0,0,1,0,0,0,0,0,0,0,13,22,0.138,0.012,0.449,37,31,normal
11,tcp,pop3,RSTR,21,7,0,0,0,5,3,0,3,0,0,0,4,0,1,128,101,0.769,0.559,0.081,11,9,dos
0,icmp,ftp_data,SH,379,448,0,0,0,0,0,0,0,0,0,0,0,0,0,27,14,0.038,0.025,0.888,39,18,normal
8,icmp,http,SF,1,18,0,0,0,3,1,0,3,0,0,2,2,0,0,110,116,0.672,0.687,0.21,13,11,dos
26,udp,ftp_data,S0,132,57,0,0,0,6,0,0,3,0,0,0,0,0,0,109,111,0.996,0.964,0.142,11,11,r2l
3,tcp,dns,S0,128,24,0,0,0,5,1,1,5,0,0,1,2,0,0,122,95,0.961,0.737,0.483,9,12,dos
0,udp,dns,RSTO,255,428,0,0,0,0,0,1,0,0,0,0,0,0,0,18,16,0.039,0.333,0.805,30,27,normal
0,udp,ftp,RSTR,94,194,0,0,0,2,0,1,0,0,0,0,0,0,0,20,14,0.239,0.165,0.799,34,22,normal
1,tcp,ssh,REJ,148,30,0,0,0,8,1,1,2,0,0,0,1,1,0,137,108,0.856,0.786,0.191,11,11,dos
2,tcp,ftp_data,RSTO,1193,700,0,0,0,3,0,1,0,0,0,0,1,0,0,21,22,0.141,0.005,0.964,37,24,normal
43,udp,smtp,REJ,734,20,0,0,0,11,1,1,2,0,0,0,0,0,3,130,106,0.795,0.677,0.384,9,9,dos
1,tcp,imap,SH,484,1329,0,0,0,2,0,1,0,0,0,0,0,0,0,15,17,0.184,0.125,0.746,33,23,normal
2,tcp,ftp_data,SH,837,114,0,0,0,1,0,1,0,0,0,0,0,0,0,23,12,0.039,0.453,0.68,31,23,normal
1,udp,ssh,RSTR,172,5,0,0,0,11,1,0,5,0,0,0,0,0,1,118,87,0.89,0.923,0.477,12,9,probe
2,udp,ftp,RSTO,715,1586,0,0,0,1,0,0,0,0,0,0,0,0,0,21,14,0.067,0.216,0.78,37,32,normal
4,tcp,http,RSTR,37,47,0,0,0,8,0,0,2,0,0,1,1,0,1,126,118,0.907,0.85,0.31,3,6,r2l
1,tcp,ssh,SF,114,3440,0,0,0,3,0,1,0,0,0,0,0,0,0,24,7,0.07,0.051,0.912,30,13,normal
3,icmp,pop3,S0,1853,736,0,0,0,0,0,1,0,0,0,0,0,0,0,26,17,0.092,0.217,0.881,32,27,normal
0,udp,http,SH,63,489,0,0,0,4,2,0,1,0,0,1,0,0,0,124,120,0.831,0.76,0.086,11,9,dos
0,tcp,imap,S0,658,94,0,0,0,1,0,0,0,0,0,0,0,0,0,14,21,0.036,0.071,0.776,22,21,normal
23,tcp,ftp_data,RSTO,67,12,0,0,0,3,0,0,1,0,0,1,1,0,0,150,115,0.814,0.988,0.223,11,5,dos
1,tcp,imap,RSTO,747,221,0,0,0,0,0,1,0,0,0,1,0,0,0,27,15,0.109,0.014,0.61,41,24,normal
1,tcp,dns,S0,772,213,0,0,0,0,0,1,0,0,0,0,0,0,0,14,22,0.059,0.076,0.864,31,25,normal
8,icmp,telnet,SF,17,679,0,0,0,4,0,0,0,0,0,0,1,0,1,111,122,0.865,0.938,0.072,18,6,dos
2,tcp,telnet,SF,345,363,0,0,0,2,0,0,0,0,0,1,0,0,0,14,9,0.038,0.037,0.819,39,28,normal
1,icmp,imap,SF,137,19,0,0,0,4,0,0,1,0,0,2,1,0,0,124,114,0.803,0.73,0.19,13,5,dos
23,udp,ftp_data,SH,140,65,0,0,0,7,0,0,3,0,0,0,0,0,1,128,104,0.717,0.865,0.082,12,12,r2l
1,udp,ftp_data,RSTR,44,33,0,0,0,7,0,0,2,0,0,1,0,0,1,127,108,0.738,0.899,0.08,14,8,dos
4,tcp,pop3,SF,266,128,0,0,0,2,0,1,0,0,0,0,0,0,0,26,16,0.04,0.116,0.787,33,27,normal
4,icmp,ssh,S0,113,799,0,0,0,2,0,1,0,0,0,0,0,0,0,17,11,0.295,0.392,0.98,34,31,normal
0,udp,imap,SH,903,466,0,0,0,1,0,1,0,0,0,0,0,0,0,16,18,0.477,0.032,0.624,27,30,normal
2,tcp,imap,SF,359,538,0,0,0,1,0,1,0,0,0,0,0,0,1,17,11,0.29,0.096,0.562,22,18,normal
1,tcp,ftp,SF,2384,407,0,0,0,1,0,0,0,0,0,0,0,0,0,23,19,0.014,0.05,0.769,24,34,normal
1,icmp,dns,S0,560,372,0,0,0,2,0,0,0,0,0,0,0,0,0,24,18,0.127,0.149,0.51,33,25,normal
45,tcp,ftp,SF,17,13,0,0,0,3,0,0,3,0,0,1,2,0,0,127,110,0.856,0.879,0.063,12,11,dos
11,tcp,smtp,RSTR,141,345,0,0,0,2,0,1,0,0,0,0,0,0,0,21,16,0.317,0.103,0.748,39,27,normal
15,tcp,ftp,S0,102,26,0,0,0,3,2,0,4,0,0,0,0,0,1,121,103,0.965,0.553,0.332,13,16,dos
2,icmp,smtp,SF,6755,311,0,0,0,3,0,1,1,0,0,0,1,0,0,17,14,0.013,0.151,0.806,33,26,normal
9,icmp,smtp,RSTR,193,29,0,0,0,5,0,0,1,0,0,2,0,0,0,117,103,0.964,0.896,0.526,13,13,dos
2,tcp,ftp_data,S0,186,187,0,0,0,1,0,1,0,0,0,0,0,0,1,20,18,0.047,0.104,0.453,35,25,normal
0,tcp,http,S0,605,918,0,0,0,0,0,1,0,0,0,0,0,0,0,17,14,0.297,0.151,0.808,28,29,normal
0,tcp,ftp,SH,805,3,0,0,0,3,2,0,2,0,0,2,0,0,1,130,115,0.829,0.919,0.055,16,13,dos
36,tcp,ftp,RSTR,93,352,0,0,0,2,1,0,2,0,0,0,2,0,2,127,113,0.755,0.794,0.129,6,11,dos
2,tcp,ftp,S0,74,9,0,0,0,2,1,0,1,0,0,0,1,0,3,124,117,0.938,0.796,0.04,19,5,r2l
13,tcp,pop3,S0,8,214,0,0,0,6,0,1,4,0,0,1,2,0,0,124,108,0.987,0.815,0.249,10,6,probe
3,icmp,http,RSTR,638,1,0,0,0,7,1,0,3,0,0,3,0,0,1,142,116,0.792,0.751,0.387,17,12,probe
5,tcp,ftp,RSTR,1979,620,0,0,0,3,0,1,1,0,0,0,0,0,0,26,14,0.053,0.586,0.695,28,12,normal
1,icmp,imap,REJ,447,435,0,0,0,0,0,1,0,0,0,0,0,0,0,26,13,0.038,0.027,0.846,34,28,normal
3,udp,dns,SF,471,95,0,0,0,1,0,1,0,0,0,0,0,0,0,20,9,0.317,0.119,0.943,36,36,normal
1,udp,ssh,S0,256,3125,0,0,0,1,0,1,0,0,0,0,0,0,1,22,6,0.01,0.029,0.917,34,16,normal
19,tcp,ssh,SF,23,25,0,0,0,3,1,0,1,0,0,0,0,0,1,110,100,0.984,0.962,0.559,12,11,probe
0,tcp,pop3,SH,125,6,0,0,0,4,1,0,3,0,0,2,2,0,1,116,112,0.92,0.818,0.043,11,12,probe
6,tcp,ftp,S0,1672,179,0,0,0,1,0,1,0,0,0,0,0,0,0,15,20,0.472,0.01,0.708,39,23,normal
7,icmp,smtp,RSTR,509,9,0,0,0,1,0,0,2,0,0,0,2,0,1,116,108,0.73,0.932,0.147,6,9,probe
23,udp,pop3,SH,781,1,0,0,0,3,0,1,1,0,0,3,1,0,0,111,92,0.67,0.98,0.196,16,7,dos
3,icmp,dns,SF,138,20,0,0,0,4,1,0,2,0,0,1,2,0,1,115,123,0.969,0.978,0.27,13,9,dos
2,udp,telnet,S0,165,296,0,0,0,0,0,1,0,0,0,0,0,0,0,24,14,0.275,0.07,0.832,30,21,normal
0,tcp,smtp,RSTO,428,750,0,0,0,1,0,1,0,0,0,1,0,0,0,16,18,0.082,0.021,0.267,35,21,normal
2,tcp,smtp,RSTO,1708,67,0,0,0,1,0,1,0,0,0,0,0,0,0,26,16,0.102,0.002,0.669,40,24,normal
4,udp,telnet,SF,598,77,0,0,0,1,0,1,0,0,0,0,0,0,0,16,13,0.032,0.007,0.913,31,24,normal
60,tcp,telnet,S0,284,5,0,0,0,3,0,0,1,0,0,1,0,0,1,119,98,0.413,0.839,0.095,12,16,dos
1,icmp,http,SH,67,620,0,0,0,0,0,0,0,0,0,0,0,0,0,14,13,0.094,0.163,0.587,26,25,normal
0,udp,imap,SF,621,158,0,0,0,2,0,1,0,0,0,1,0,0,0,28,12,0.28,0.024,0.753,33,19,normal
21,icmp,telnet,RSTO,13704,180,0,0,0,1,1,0,1,0,0,0,1,0,2,104,107,0.689,0.95,0.043,12,7,dos
4,udp,dns,RSTR,1238,290,0,0,0,0,0,1,0,0,0,0,0,0,0,25,16,0.107,0.205,0.435,34,29,normal
0,icmp,smtp,RSTO,361,787,0,0,0,2,0,1,0,0,0,0,0,0,0,20,18,0.08,0.055,0.808,57,24,normal
1,udp,dns,SF,820,374,0,0,0,3,0,0,0,0,0,0,0,0,0,27,12,0.198,0.321,0.758,36,23,normal
0,icmp,pop3,RSTR,256,324,0,0,0,2,0,1,0,0,0,0,0,0,0,22,9,0.014,0.031,0.815,26,28,normal
8,icmp,ssh,REJ,43,6,0,0,0,7,0,0,2,0,0,1,0,0,0,116,107,0.719,0.872,0.296,7,11,dos
0,udp,telnet,REJ,361,948,0,0,0,1,0,1,0,0,0,0,0,0,0,24,12,0.047,0.128,0.793,38,16,normal
29,tcp,dns,SH,127,3,0,0,0,4,0,0,1,0,0,1,2,0,2,110,113,0.782,0.764,0.053,15,12,r2l
9,udp,ftp_data,SH,28,3,0,0,0,7,0,1,2,0,0,0,0,0,0,120,112,0.712,0.841,0.239,8,8,dos
5,tcp,ftp_data,SF,283,4,0,0,0,9,1,1,5,0,0,1,1,0,0,141,108,0.835,0.801,0.21,14,9,dos
0,icmp,http,RSTR,423,272,0,0,0,1,0,1,0,0,0,0,1,0,0,23,14,0.127,0.046,0.859,32,30,normal
2,tcp,http,SH,2309,1168,0,0,0,0,0,0,1,0,0,0,0,0,0,13,11,0.091,0.001,0.906,34,28,normal
5,tcp,imap,RSTR,22,1,0,0,0,3,2,0,2,0,0,0,1,0,1,105,116,0.281,0.851,0.338,6,19,dos
7,udp,ftp,REJ,51,96,0,0,0,5,1,1,3,0,0,1,1,0,0,109,113,0.903,0.962,0.382,6,12,probe
26,udp,pop3,REJ,35,705,0,0,0,3,0,0,2,0,0,0,2,0,0,120,113,0.947,0.731,0.229,17,11,dos
0,tcp,imap,REJ,317,129,0,0,0,1,0,1,0,0,0,0,0,0,0,23,19,0.367,0.305,0.372,42,25,normal
5,tcp,ftp_data,RSTO,256,1784,0,0,0,1,0,1,0,0,0,0,0,0,0,21,18,0.047,0.364,0.754,29,29,normal
83,tcp,ssh,REJ,1740,365,0,0,0,5,1,0,2,0,0,1,1,0,0,111,101,0.872,0.547,0.2,19,15,dos
16,udp,pop3,REJ,427,11,0,0,0,2,0,0,3,0,0,1,0,0,1,119,111,0.811,0.796,0.64,14,14,probe
7,icmp,ftp_data,SF,1207,30,0,0,0,0,0,1,0,0,0,0,0,0,0,19,16,0.308,0.172,0.946,39,29,normal
0,icmp,dns,REJ,506,715,0,0,0,2,0,1,0,0,0,0,0,0,0,16,14,0.016,0.224,0.956,26,26,normal
8,icmp,ftp_data,SF,4281,449,0,0,0,2,0,0,2,0,0,0,0,0,0,131,101,0.918,0.821,0.039,12,11,dos
2,tcp,imap,RSTR,298,505,0,0,0,0,0,1,0,0,0,0,0,0,0,25,15,0.179,0.067,0.898,32,29,normal
1,icmp,ftp,REJ,3926,1380,0,0,0,1,0,1,0,0,0,1,0,0,0,21,21,0.18,0.231,0.612,38,20,normal
2,tcp,ftp_data,SH,192,412,0,0,0,0,0,0,0,0,0,0,0,0,0,19,22,0.007,0.107,0.882,42,25,normal
0,tcp,dns,RSTO,198,68,0,0,0,1,0,0,0,0,0,0,1,0,0,21,7,0.233,0.293,0.172,38,22,normal
2,tcp,ftp_data,SF,167,322,0,0,0,1,0,0,0,0,0,0,0,0,1,24,12,0.057,0.121,0.697,48,33,normal
0,udp,pop3,RSTR,879,330,0,0,0,0,0,1,0,0,0,0,0,0,0,18,20,0.028,0.0,0.873,27,20,normal
0,icmp,dns,SH,49,41,0,0,0,0,0,1,0,0,0,1,0,0,0,26,12,0.013,0.15,0.91,38,23,normal
2,udp,dns,S0,3395,558,0,0,0,2,0,1,1,0,0,0,0,0,0,18,13,0.094,0.159,0.858,39,22,normal
2,icmp,telnet,RSTR,243,621,0,0,0,1,0,1,1,0,0,0,0,0,0,25,9,0.473,0.08,0.832,37,19,normal
1,icmp,dns,RSTR,1361,899,0,0,0,0,0,0,3,0,0,0,0,0,0,20,12,0.289,0.163,0.72,24,26,normal
1,udp,ftp,RSTR,87,1061,0,0,0,1,0,1,1,0,0,1,0,0,0,12,11,0.208,0.346,0.876,26,24,normal
1,tcp,ftp_data,RSTO,504,42,0,0,0,1,0,1,0,0,0,1,1,0,0,15,21,0.083,0.125,0.777,30,32,normal
17,icmp,ftp,SH,1172,142,0,0,0,1,0,0,0,0,0,0,1,0,0,12,10,0.405,0.342,0.91,27,15,normal
0,icmp,dns,SH,948,262,0,0,0,2,0,1,0,0,0,0,0,0,0,23,15,0.043,0.012,0.838,31,20,normal
2,tcp,dns,S0,1150,496,0,0,0,2,0,1,0,0,0,1,0,0,0,18,7,0.081,0.163,0.844,29,23,normal
1,tcp,imap,SF,38,253,0,0,0,0,0,1,0,0,0,0,0,0,0,18,10,0.137,0.106,0.501,34,29,normal
0,icmp,smtp,RSTR,507,322,0,0,0,0,0,0,0,0,0,0,0,0,0,27,14,0.205,0.099,0.461,45,26,normal
1,icmp,ssh,RSTO,66,555,0,0,0,0,0,1,0,0,0,0,0,0,0,20,9,0.029,0.242,0.988,34,25,normal
11,udp,dns,S0,59,3,0,0,0,0,0,0,3,0,0,1,0,0,1,118,108,0.821,0.76,0.534,11,9,probe
13,icmp,telnet,RSTR,53,9,0,0,0,5,0,0,0,0,0,0,1,0,0,146,111,0.862,0.879,0.117,14,10,dos
0,icmp,http,REJ,55,847,0,0,0,2,0,1,0,0,0,1,0,0,0,23,15,0.206,0.03,0.843,44,25,normal
1,tcp,dns,RSTR,658,105,0,0,0,1,0,1,0,0,0,0,0,0,0,21,14,0.018,0.051,0.859,30,26,normal
0,icmp,ftp,SF,497,453,0,0,0,0,0,1,0,0,0,0,0,0,0,24,12,0.105,0.13,0.914,37,25,normal
3,tcp,imap,S0,8,165,0,0,0,7,0,0,1,0,0,2,2,0,0,112,122,0.695,0.922,0.134,14,12,dos
0,icmp,http,S0,2190,144,0,0,0,3,0,1,1,0,0,0,0,0,1,23,13,0.01,0.292,0.423,40,28,normal
3,tcp,imap,RSTR,281,78,0,0,0,3,0,1,0,0,0,0,0,0,0,14,9,0.095,0.062,0.755,42,26,normal
0,icmp,ssh,RSTO,1503,1912,0,0,0,1,0,1,1,0,0,0,0,0,0,29,16,0.093,0.076,0.444,40,31,normal
0,udp,smtp,SF,393,750,0,0,0,1,0,1,0,0,0,1,0,0,0,36,18,0.031,0.043,0.64,33,19,normal
3,tcp,pop3,SH,258,29,0,0,0,6,1,0,3,0,0,2,1,0,1,125,106,0.788,0.991,0.361,18,8,probe
7,tcp,imap,REJ,30,6,0,0,0,3,2,0,4,0,0,1,0,0,0,136,89,0.97,0.992,0.337,12,7,dos
10,udp,http,S0,270,53,0,0,0,2,3,0,2,0,0,3,1,0,3,133,125,0.647,0.916,0.126,12,6,dos
19,udp,pop3,S0,225,175,0,0,0,5,0,0,4,0,0,1,0,0,0,107,100,0.802,0.943,0.138,11,9,dos
0,udp,ftp_data,RSTR,559,206,0,0,0,1,0,1,1,0,0,0,0,0,0,26,21,0.126,0.092,0.518,31,21,normal
2,udp,pop3,REJ,609,155,0,0,0,1,0,1,0,0,0,0,0,0,0,16,15,0.128,0.28,0.312,33,16,normal
3,tcp,imap,RSTR,1364,670,0,0,0,0,0,1,0,0,0,0,0,0,0,19,10,0.146,0.058,0.683,39,27,normal
5,udp,pop3,SH,55,68,0,0,0,2,1,0,4,0,0,1,0,0,2,121,129,0.343,0.715,0.248,10,7,r2l
0,udp,telnet,RSTO,650,538,0,0,0,0,0,1,0,0,0,1,0,0,0,12,14,0.153,0.29,0.922,36,25,normal
0,udp,http,REJ,262,648,0,0,0,3,0,1,0,0,0,1,0,0,0,13,11,0.083,0.253,0.878,38,24,normal
0,udp,smtp,SF,1774,301,0,0,0,1,0,0,0,0,0,0,1,0,0,24,9,0.246,0.042,0.874,38,26,normal
2,udp,ftp_data,REJ,335,379,0,0,0,2,0,1,0,0,0,1,0,0,0,16,14,0.141,0.002,0.737,50,32,normal
0,tcp,ftp,SF,86,84,0,0,0,2,0,0,0,0,0,0,0,0,0,23,7,0.113,0.064,0.578,39,24,normal
2,udp,ssh,RSTR,557,786,0,0,0,2,0,1,0,0,0,0,0,0,0,15,16,0.181,0.301,0.941,38,24,normal
7,tcp,imap,SH,576,1147,0,0,0,4,0,0,1,0,0,0,0,0,0,23,16,0.321,0.5,0.635,25,16,normal
1,udp,ftp_data,RSTR,107,459,0,0,0,2,0,1,0,0,0,0,0,0,0,20,17,0.144,0.061,0.509,40,33,normal
0,tcp,ssh,S0,1103,219,0,0,0,0,0,1,1,0,0,0,0,0,0,22,18,0.356,0.066,0.817,48,10,normal
1,icmp,http,SF,563,72,0,0,0,0,0,1,1,0,0,0,0,0,0,15,17,0.163,0.031,0.862,37,18,normal
2,udp,dns,REJ,1005,328,0,0,0,1,0,0,0,0,0,1,0,0,0,31,13,0.09,0.224,0.902,33,31,normal
0,icmp,ftp,SH,49,387,0,0,0,1,0,1,0,0,0,1,0,0,0,23,15,0.012,0.031,0.593,31,26,normal
5,tcp,telnet,SH,639,14,0,0,0,3,1,0,4,0,0,0,0,0,0,129,121,0.592,0.577,0.179,14,11,dos
16,udp,dns,REJ,680,497,0,0,0,7,1,0,1,0,0,0,0,0,1,137,98,0.855,0.82,0.023,11,8,dos
3,tcp,http,RSTO,3225,72,0,0,0,0,0,1,0,0,0,0,2,0,0,22,11,0.298,0.001,0.455,39,30,normal
3,icmp,pop3,REJ,2942,160,0,0,0,1,0,1,0,0,0,0,0,0,0,27,12,0.252,0.326,0.971,33,26,normal
1,tcp,ftp,RSTR,372,268,0,0,0,0,0,1,0,0,0,0,0,0,0,18,19,0.081,0.246,0.991,32,28,normal
11,tcp,dns,SH,3245,57,0,0,0,0,0,1,0,0,0,0,0,0,0,18,22,0.143,0.063,0.769,37,19,normal
4,icmp,ssh,RSTR,1532,423,0,0,0,2,0,1,0,0,0,0,1,0,0,22,14,0.087,0.165,0.768,34,21,normal
9,udp,ftp,S0,164,13,0,1,1,4,0,0,1,0,0,2,3,0,0,103,104,0.921,0.764,0.041,6,6,dos
0,icmp,pop3,SF,472,462,0,0,0,1,0,1,1,0,0,0,0,0,0,26,15,0.025,0.001,0.841,37,26,normal
1,icmp,imap,RSTO,962,616,0,0,0,0,0,1,0,0,0,0,1,0,0,11,13,0.144,0.039,0.724,41,29,normal
1,udp,dns,SF,172,2,0,0,0,6,1,0,0,0,0,2,1,0,1,117,105,0.754,0.565,0.135,13,9,r2l
5,tcp,dns,SF,87,5,0,0,0,7,1,0,3,0,0,1,0,0,0,108,101,0.933,0.669,0.299,12,6,dos
20,udp,ftp,REJ,306,49,0,0,0,7,2,0,0,0,0,1,1,0,1,134,101,0.897,0.741,0.027,11,12,dos
1,tcp,telnet,RSTR,314,79,0,0,0,1,0,0,1,0,0,0,0,0,2,19,15,0.035,0.119,0.882,42,21,normal
1,tcp,imap,S0,17877,108,0,0,0,0,0,1,0,0,0,0,0,0,0,23,18,0.156,0.081,0.516,38,32,normal
4,icmp,smtp,REJ,544,1079,0,0,0,1,0,1,0,0,0,0,0,0,1,23,23,0.178,0.065,0.823,35,27,normal
1,udp,http,REJ,417,445,0,0,0,2,0,1,1,0,0,0,0,0,0,16,18,0.143,0.416,0.67,28,17,normal
0,udp,ftp_data,SH,343,482,0,0,0,3,0,1,0,0,0,1,0,0,0,26,16,0.124,0.298,0.906,29,34,normal
1,tcp,pop3,RSTR,182,403,0,0,0,0,0,1,1,0,0,0,0,0,0,21,17,0.147,0.264,0.84,32,20,normal
0,udp,smtp,SF,237,352,0,0,0,0,0,1,0,0,0,1,0,0,0,16,15,0.031,0.003,0.868,33,23,normal
4,icmp,ftp_data,S0,2,495,0,1,0,6,1,0,3,0,0,2,1,0,1,123,101,0.392,0.68,0.208,15,11,u2r
1,udp,ftp,SF,1648,378,0,0,0,1,0,1,0,0,0,0,1,0,0,20,17,0.25,0.213,0.604,35,23,normal
0,udp,imap,S0,1390,714,0,0,0,1,0,1,0,0,0,0,0,0,1,20,12,0.059,0.186,0.918,34,23,normal
39,tcp,smtp,RSTO,834,3,0,0,0,2,0,0,4,0,0,1,0,0,0,121,106,0.723,0.834,0.379,16,6,probe
0,icmp,http,RSTO,635,75,0,0,0,2,0,0,1,0,0,1,1,0,0,14,17,0.391,0.036,0.772,38,22,normal
1,icmp,ftp_data,SH,1208,124,0,0,0,0,0,1,0,0,0,1,0,0,0,14,13,0.049,0.086,0.62,41,12,normal
0,udp,pop3,RSTO,9,167,0,0,0,7,0,1,0,0,0,0,1,0,0,112,98,0.787,0.958,0.306,9,15,dos
1,udp,smtp,SH,762,3340,0,0,0,0,0,1,0,0,0,1,0,0,0,18,16,0.028,0.097,0.862,34,22,normal
0,udp,ftp,RSTO,8,4,0,0,0,6,0,0,1,0,0,3,0,0,1,130,123,0.907,0.866,0.396,12,7,probe
4,icmp,telnet,REJ,668,2344,0,0,0,2,0,1,0,0,0,0,0,0,1,20,10,0.012,0.007,0.802,33,30,normal
8,udp,smtp,S0,194,6,0,0,0,3,1,0,4,0,0,0,1,0,3,119,109,0.838,0.801,0.209,8,10,probe
0,icmp,dns,RSTO,161,335,0,0,0,1,0,1,0,0,0,0,0,0,0,18,17,0.132,0.191,0.721,40,21,normal
7,udp,ftp_data,SH,49,2,0,0,0,8,0,0,2,0,0,0,1,0,1,134,91,0.899,0.779,0.021,13,15,dos
0,icmp,ssh,SH,41,1,0,0,0,7,1,0,1,0,0,1,0,0,0,137,102,0.954,0.809,0.268,20,12,u2r
6,tcp,http,S0,997,22,1,0,0,5,0,0,2,0,0,1,1,0,1,118,101,0.866,0.962,0.011,6,11,r2l
0,tcp,ftp,RSTR,677,939,0,0,0,1,0,0,0,0,0,0,0,0,0,17,24,0.412,0.151,0.922,23,28,normal
3,icmp,ftp_data,S0,149,160,0,0,0,0,0,0,1,0,0,0,0,0,0,20,13,0.012,0.282,0.942,29,34,normal
2,icmp,ftp,SF,138,179,0,0,0,6,0,0,2,0,0,2,1,0,2,109,135,0.596,0.86,0.421,14,8,probe
6,udp,ssh,SH,22,1,0,1,0,1,0,0,3,0,0,0,2,0,2,107,107,0.779,0.911,0.142,17,12,probe
3,tcp,dns,S0,588,771,0,0,0,0,0,1,0,0,0,0,0,0,0,17,11,0.204,0.05,0.699,35,31,normal
1,tcp,http,SH,1637,95,0,0,0,0,0,0,0,0,0,0,0,0,0,30,15,0.227,0.199,0.802,33,24,normal
2,udp,smtp,RSTO,1271,106,0,0,0,2,0,1,1,0,0,0,0,0,1,15,10,0.702,0.299,0.807,24,19,normal
23,tcp,http,SH,121,0,0,0,0,4,2,0,3,0,0,0,0,0,1,111,105,0.697,0.946,0.281,12,12,dos
4,icmp,ftp,REJ,7259,110,0,0,0,1,0,1,0,0,0,1,1,0,0,18,27,0.056,0.011,0.777,33,34,normal
2,icmp,http,RSTO,197,67,0,0,0,3,0,1,0,0,0,2,0,0,0,29,17,0.275,0.176,0.815,32,22,normal
4,icmp,pop3,S0,200,221,0,0,0,2,0,1,0,0,0,0,0,0,0,21,15,0.415,0.022,0.96,36,28,normal
3,icmp,imap,SF,64,158,0,0,0,1,0,0,0,0,0,2,0,0,0,20,12,0.272,0.008,0.92,39,26,normal
1,udp,pop3,S0,546,192,0,0,0,0,0,1,1,0,0,0,0,0,0,24,11,0.11,0.168,0.6,35,29,normal
1,tcp,ssh,REJ,697,1083,0,0,0,2,0,1,1,0,0,1,1,0,0,16,18,0.006,0.016,0.421,45,31,normal
0,tcp,smtp,SH,2357,176,0,0,0,0,0,1,0,0,0,0,0,0,0,20,7,0.302,0.008,0.49,39,27,normal
4,udp,ftp,S0,2705,177,0,0,0,0,0,1,0,0,0,1,0,0,0,27,12,0.375,0.504,0.659,44,26,normal
3,tcp,telnet,RSTO,246,222,0,0,0,1,0,1,0,0,0,0,0,0,0,23,11,0.053,0.379,0.545,31,18,normal
4,tcp,http,SF,3566,12,0,0,0,5,2,0,0,0,0,1,0,0,1,119,106,0.827,0.959,0.186,15,7,dos
1,tcp,dns,REJ,775,812,0,0,0,0,0,1,0,0,0,0,0,0,1,24,20,0.172,0.238,0.942,33,26,normal
6,udp,imap,RSTO,9,164,0,0,0,4,2,0,2,0,0,0,0,0,0,122,127,0.745,0.822,0.183,22,12,probe
0,tcp,ssh,RSTR,246,243,0,0,0,1,0,0,0,0,0,0,0,0,0,12,15,0.055,0.094,0.433,33,22,normal
6,udp,ssh,S0,19,442,0,0,0,5,0,0,0,0,0,0,0,0,0,136,97,0.895,0.95,0.543,14,12,probe
1,tcp,ssh,SF,384,964,0,0,0,2,0,0,0,0,0,1,0,0,0,20,14,0.442,0.272,0.787,32,25,normal
1,udp,dns,REJ,203,93,0,0,0,2,0,1,0,0,0,1,0,0,0,25,19,0.041,0.377,0.625,38,24,normal
14,icmp,dns,RSTO,409,25,0,1,0,4,1,0,2,0,0,1,1,0,0,114,115,0.716,0.751,0.482,9,12,dos
0,udp,ftp,SF,103,598,0,0,0,0,0,1,0,0,0,0,0,0,0,16,14,0.156,0.004,0.752,33,25,normal
7,icmp,telnet,S0,240,419,0,0,0,2,0,1,0,0,0,1,0,0,0,19,14,0.391,0.057,0.532,38,33,normal
25,tcp,telnet,REJ,360,13,0,0,0,4,1,1,4,0,0,0,1,0,0,125,112,0.929,0.813,0.4,9,6,r2l
0,udp,telnet,RSTR,152,1340,0,0,0,4,0,0,0,0,0,1,1,0,0,24,17,0.294,0.2,0.882,29,25,normal
9,tcp,ssh,S0,2258,2923,0,0,0,3,0,1,0,0,0,0,0,0,0,18,19,0.093,0.226,0.729,28,24,normal
8,udp,smtp,SH,43,59,0,0,0,2,0,0,2,0,0,0,0,0,2,119,114,0.834,0.873,0.045,15,17,dos
2,udp,http,SF,2280,131,0,0,0,1,0,1,0,0,0,0,0,0,0,17,12,0.017,0.222,0.877,41,19,normal
0,udp,imap,REJ,445,231,0,0,0,3,0,0,0,0,0,0,0,0,0,21,14,0.019,0.031,0.945,32,25,normal
2,tcp,telnet,S0,897,404,0,0,0,3,0,1,0,0,0,0,0,0,0,15,26,0.293,0.016,0.965,28,25,normal
15,udp,ftp_data,S0,85,21,0,0,0,2,1,0,6,0,0,0,1,0,0,135,115,0.938,0.868,0.366,15,11,dos
6,udp,ssh,RSTO,1052,145,0,0,0,0,0,1,0,0,0,0,0,0,0,22,19,0.081,0.397,0.755,32,26,normal
7,udp,ftp,RSTO,25,10,0,0,0,7,1,0,1,0,0,4,0,0,0,131,111,0.656,0.7,0.498,12,11,u2r
2,udp,imap,S0,96,424,0,0,0,6,0,0,1,0,0,3,0,0,0,135,97,0.983,0.728,0.498,9,12,dos
0,icmp,pop3,RSTO,269,86,0,0,0,5,1,0,4,0,0,2,1,0,2,124,116,0.821,0.918,0.171,10,12,dos
42,icmp,telnet,SH,87,159,0,0,0,7,1,0,2,0,0,1,0,0,0,111,102,0.825,0.351,0.033,18,16,probe
0,icmp,ftp,REJ,612,133,0,0,0,0,0,1,0,0,0,0,0,0,0,25,14,0.109,0.015,0.498,29,25,normal
1,tcp,ftp,S0,64,869,0,0,0,2,0,1,0,0,0,0,0,0,0,21,19,0.193,0.428,0.711,32,12,normal
9,icmp,telnet,RSTR,145,48,0,0,0,4,0,0,0,0,0,0,0,0,1,122,107,0.826,0.909,0.055,15,11,dos
1,icmp,ftp_data,S0,139,53,0,0,0,3,0,0,3,0,0,0,0,0,0,118,111,0.919,0.754,0.683,13,10,dos
3,udp,ftp,REJ,1555,1243,0,0,0,2,0,1,0,0,0,0,0,0,0,23,16,0.035,0.029,0.923,34,27,normal
10,udp,imap,SH,69,0,0,0,0,7,0,0,8,0,0,1,2,0,0,131,124,0.983,0.864,0.14,10,12,dos
3,tcp,ftp_data,REJ,552,551,0,0,0,1,0,1,0,0,0,0,0,0,0,22,12,0.095,0.144,0.802,39,29,normal
4,udp,dns,SH,123,69,0,0,0,1,0,1,1,0,0,0,1,0,0,24,12,0.046,0.409,0.617,36,29,normal
0,udp,dns,REJ,824,131,0,0,0,2,0,1,0,0,0,1,1,0,0,17,20,0.01,0.214,0.756,26,31,normal
7,udp,ftp,SH,22,62,0,0,0,9,0,0,2,0,0,2,2,0,2,108,100,0.6,0.941,0.026,15,8,probe
3,udp,http,SF,303,1123,0,0,0,2,0,1,0,0,0,0,0,0,0,21,17,0.348,0.396,0.862,34,19,normal
18,icmp,dns,REJ,136,610,0,0,0,5,0,0,2,0,0,1,0,0,2,108,107,0.888,0.785,0.006,12,12,dos
19,icmp,ftp,RSTR,118,128,0,0,0,0,0,0,2,0,0,1,0,0,0,130,99,0.991,0.718,0.297,16,12,dos
21,udp,ftp_data,REJ,62,10,0,0,0,2,0,0,0,0,0,2,1,0,1,130,116,0.826,0.678,0.188,12,8,dos
3,udp,dns,RSTR,5982,392,0,0,0,3,0,1,1,0,0,1,0,0,0,17,16,0.541,0.049,0.933,42,19,normal
0,icmp,http,S0,520,127,0,0,0,1,0,1,0,0,0,0,0,0,0,19,17,0.254,0.001,0.896,32,26,normal
2,udp,smtp,SF,296,215,0,0,0,0,0,1,0,0,0,1,0,0,0,20,13,0.024,0.223,0.949,36,32,normal
5,tcp,imap,S0,197,121,0,0,0,2,0,1,0,0,0,0,0,0,0,19,20,0.353,0.237,0.919,46,22,normal
5,tcp,telnet,RSTR,254,471,0,0,0,0,0,1,0,0,0,0,0,0,0,31,22,0.402,0.156,0.745,36,32,normal
12,icmp,ftp,RSTO,1,91,0,0,0,6,1,0,3,0,0,1,1,0,0,122,118,0.591,0.87,0.065,9,10,dos
15,tcp,ftp,S0,454,28,0,0,0,6,0,0,1,0,0,1,0,0,1,109,103,0.862,0.527,0.013,15,11,probe
27,udp,smtp,REJ,288,14,0,0,0,4,0,0,2,0,0,0,1,0,1,105,138,0.493,0.989,0.068,15,15,probe
0,udp,dns,SF,2857,1459,0,0,0,0,0,1,0,0,0,0,0,0,0,23,17,0.067,0.164,0.532,36,29,normal
5,icmp,telnet,RSTO,173,360,0,0,0,5,0,0,1,0,0,2,0,0,0,118,118,0.835,0.842,0.079,12,8,dos
3,tcp,http,S0,51,20,0,0,0,4,0,1,2,0,0,1,0,0,0,141,95,0.833,0.947,0.089,11,6,dos
28,icmp,imap,S0,506,6,0,0,0,4,2,0,0,0,0,1,1,0,0,127,119,0.932,0.507,0.301,12,12,dos
18,udp,http,SH,46,26,0,1,0,5,0,0,2,0,0,0,1,0,3,130,115,0.873,0.718,0.208,11,13,dos
20,udp,telnet,REJ,566,7,0,0,0,5,0,0,3,0,0,2,1,0,0,128,112,0.866,0.739,0.172,12,12,dos
0,udp,http,SH,1769,123,0,0,0,0,0,1,0,0,0,1,1,0,0,9,18,0.362,0.219,0.866,37,31,normal
0,udp,http,SH,207,276,0,0,0,0,0,0,0,0,0,1,0,0,0,18,10,0.057,0.02,0.433,30,17,normal
24,tcp,http,SF,38,0,0,0,0,6,1,0,2,0,0,2,1,0,1,115,115,0.967,0.855,0.176,13,8,dos
4,tcp,ssh,S0,165,143,0,0,0,2,0,0,1,0,0,0,0,0,0,22,22,0.128,0.083,0.684,36,18,normal
41,tcp,dns,SF,158,188,0,0,0,7,0,0,2,1,0,0,1,0,1,135,119,0.702,0.418,0.397,17,12,u2r
2,udp,smtp,SH,1256,156,0,0,0,2,0,1,0,0,0,0,0,0,0,13,13,0.314,0.398,0.655,37,26,normal
44,tcp,telnet,SH,609,6,0,0,0,3,2,0,1,0,0,1,0,0,0,117,111,0.923,0.945,0.234,9,16,r2l
5,icmp,dns,RSTO,810,912,0,0,0,1,0,1,1,0,0,1,0,0,0,27,11,0.043,0.009,0.84,42,17,normal
1,udp,telnet,REJ,419,53,0,0,0,5,0,0,0,0,0,5,0,0,1,112,90,0.926,0.879,0.121,14,6,dos
0,tcp,ftp,SF,1386,145,0,0,0,2,0,1,0,0,0,0,0,0,0,21,14,0.037,0.078,0.93,25,18,normal
0,udp,pop3,SF,1093,254,0,0,0,0,0,1,0,0,0,0,0,0,0,17,14,0.159,0.021,0.808,32,18,normal
5,udp,ssh,S0,1421,243,0,0,0,7,1,0,0,0,0,1,0,0,0,140,95,0.827,0.543,0.114,13,5,dos
1,udp,ssh,S0,322,97,0,0,0,1,0,1,0,0,0,0,0,0,0,20,22,0.204,0.216,0.826,29,19,normal
1,tcp,ftp,SF,3299,123,0,0,0,0,0,1,0,0,0,0,1,0,0,19,19,0.1,0.036,0.846,27,32,normal
0,icmp,ftp_data,SF,100,1,0,0,0,5,0,0,3,0,0,1,0,0,1,87,105,0.938,0.895,0.39,9,5,dos
2,icmp,smtp,SF,729,162,0,0,0,4,0,1,1,0,0,0,0,0,0,20,13,0.137,0.255,0.9,37,27,normal
1,icmp,pop3,S0,125,349,0,0,0,1,0,1,0,0,0,0,0,0,0,17,20,0.123,0.028,0.954,37,26,normal
15,tcp,ssh,RSTR,20,32,0,0,0,6,0,0,1,0,0,0,0,0,1,99,124,0.726,0.569,0.263,6,9,dos
1,tcp,imap,REJ,484,42,0,0,0,2,0,1,0,0,0,0,0,0,0,21,22,0.09,0.123,0.648,43,23,normal
3,icmp,ssh,REJ,2167,559,0,0,0,0,0,1,0,0,0,0,0,0,0,27,12,0.011,0.155,0.743,36,31,normal
2,icmp,telnet,SF,308,8,0,0,0,4,1,0,3,0,0,2,1,1,0,136,111,0.89,0.758,0.223,13,12,dos
1,udp,imap,SH,556,1416,0,0,0,0,0,1,0,0,0,1,0,0,0,19,7,0.194,0.139,0.658,37,34,normal
25,icmp,ssh,S0,254,17,0,0,0,8,0,1,1,0,0,0,1,0,0,116,99,0.98,0.903,0.075,15,9,dos
1,udp,dns,REJ,487,173,0,0,0,1,0,1,0,0,0,0,0,0,0,18,13,0.013,0.105,0.83,29,19,normal
14,icmp,ftp_data,RSTR,1739,9,0,0,0,2,1,0,3,0,0,0,1,0,0,101,104,0.901,0.716,0.319,12,6,dos
8,icmp,dns,SF,340,2,0,0,0,6,2,1,3,1,0,1,0,0,0,133,95,0.639,0.956,0.093,10,13,probe
0,tcp,ftp,SF,181,438,0,0,0,1,0,1,0,0,0,0,0,0,1,18,15,0.267,0.016,0.605,33,32,normal
0,udp,imap,S0,328,466,0,0,0,1,0,1,0,0,0,0,0,0,0,21,23,0.108,0.02,0.441,40,30,normal
0,udp,dns,SH,183,160,0,0,0,1,0,1,0,0,0,0,0,0,1,21,14,0.126,0.277,0.848,26,28,normal
0,icmp,imap,RSTO,3,4,0,0,0,9,1,0,1,0,0,1,2,1,0,132,98,0.895,0.827,0.228,9,11,u2r
24,tcp,pop3,RSTR,106,32,0,0,0,7,0,0,2,0,0,0,0,0,0,117,102,0.75,0.616,0.224,13,13,dos
5,icmp,ftp_data,RSTO,390,1139,0,0,0,1,0,1,1,0,0,0,0,0,0,16,13,0.028,0.333,0.844,33,27,normal
2,udp,pop3,RSTR,124,103,0,0,0,2,0,0,0,0,0,0,0,0,0,24,9,0.324,0.029,0.763,35,31,normal
64,udp,dns,SH,34,1,0,0,0,5,1,0,6,0,0,1,0,0,1,117,110,0.529,0.935,0.066,6,11,dos
18,icmp,http,SH,5,1,0,0,0,8,1,0,2,0,0,0,1,0,0,127,101,0.673,0.744,0.034,11,6,r2l
4,icmp,ftp_data,SF,1414,240,0,0,0,0,0,1,0,0,0,2,0,0,0,25,13,0.179,0.405,0.812,44,35,normal
0,udp,ftp_data,RSTO,311,90,0,0,0,2,0,1,0,0,0,0,0,0,0,22,12,0.139,0.01,0.718,37,32,normal
1,udp,imap,S0,1005,99,0,0,0,1,0,1,0,0,0,0,0,0,0,18,14,0.014,0.224,0.968,46,30,normal
3,icmp,ssh,SF,29,17,0,0,0,4,0,0,3,0,0,1,0,0,0,115,105,0.841,0.833,0.089,6,8,dos
10,tcp,ftp,SF,49,50,0,0,0,3,0,1,1,0,0,1,2,0,1,106,106,0.973,0.995,0.123,20,10,r2l
1,tcp,telnet,REJ,1450,349,0,0,0,1,0,1,0,0,0,0,0,0,0,21,13,0.031,0.037,0.793,46,13,normal
1,icmp,http,SH,1048,295,0,0,0,1,0,1,0,0,0,0,0,0,0,19,11,0.103,0.081,0.879,34,23,normal
3,icmp,ftp_data,RSTO,611,61,0,0,0,2,0,1,0,0,0,0,0,0,0,30,16,0.171,0.233,0.877,35,15,normal
0,icmp,ftp,SH,912,1758,0,0,0,2,0,1,0,0,0,0,0,0,1,23,23,0.191,0.321,0.854,36,22,normal
0,icmp,dns,RSTR,350,335,0,0,0,2,0,1,0,0,0,0,0,0,0,24,21,0.224,0.074,0.408,29,34,normal
1,icmp,ftp,RSTO,109,39,0,0,0,0,0,1,0,0,0,0,0,0,1,16,17,0.118,0.202,0.705,35,21,normal
23,tcp,smtp,SF,43,157,0,0,0,6,0,0,1,0,0,0,2,0,0,130,106,0.665,0.88,0.381,15,5,u2r
7,udp,ftp_data,REJ,401,247,0,0,0,1,0,1,0,0,0,0,0,0,0,10,6,0.075,0.065,0.78,39,25,normal
0,udp,ssh,S0,1355,633,0,0,0,0,0,1,0,0,0,0,0,0,0,22,19,0.012,0.038,0.974,36,17,normal
1,tcp,smtp,RSTR,448,88,0,0,0,2,0,1,0,0,0,1,0,0,0,19,21,0.082,0.068,0.837,36,22,normal
0,udp,smtp,SF,713,721,0,0,0,2,0,0,1,0,0,3,0,0,0,18,16,0.1,0.013,0.476,49,24,normal
4,icmp,ftp,S0,970,799,0,0,0,1,0,1,0,0,0,0,1,0,0,23,11,0.053,0.256,0.922,37,28,normal
21,tcp,telnet,RSTR,72,2,0,0,0,5,2,0,5,0,0,0,0,0,0,121,99,0.868,0.955,0.056,13,12,probe
62,tcp,ftp_data,S0,30,2,0,0,0,3,1,1,0,0,0,2,0,0,1,133,112,0.992,0.841,0.274,11,5,dos
1,icmp,http,SF,710,978,0,0,0,1,0,1,0,0,0,0,0,0,0,14,12,0.069,0.159,0.986,28,30,normal
2,udp,telnet,REJ,59,221,1,0,0,5,0,0,2,0,0,2,1,0,0,113,127,0.684,0.849,0.031,21,8,dos
2,tcp,ssh,REJ,543,700,0,0,0,1,0,1,0,0,0,0,0,0,0,16,14,0.618,0.005,0.918,31,27,normal
0,udp,telnet,SF,3754,291,0,0,0,0,0,1,0,0,0,0,0,0,0,19,10,0.352,0.021,0.932,27,22,normal
0,tcp,imap,SH,1248,391,0,0,0,0,0,1,0,0,0,0,0,0,1,15,15,0.049,0.332,0.979,34,23,normal
2,tcp,pop3,RSTO,6622,51,0,0,0,0,0,1,0,0,0,0,0,0,0,26,15,0.31,0.19,0.779,35,15,normal
2,icmp,smtp,S0,148,120,0,0,0,0,0,1,1,0,0,1,0,0,0,18,14,0.003,0.208,0.729,36,27,normal
15,tcp,ftp_data,SH,83,3,0,0,0,3,0,0,1,0,0,0,1,0,1,135,109,0.821,0.743,0.072,15,10,dos
0,tcp,smtp,RSTR,315,582,0,0,0,1,0,1,0,0,0,0,0,0,0,24,23,0.037,0.001,0.888,34,25,normal
1,tcp,ssh,RSTR,971,163,0,0,0,1,0,1,1,0,0,0,0,0,1,15,9,0.047,0.558,0.879,36,25,normal
10,icmp,smtp,RSTO,58,35,0,0,0,4,0,0,1,0,0,2,1,0,0,129,106,0.929,0.927,0.328,17,9,probe
12,icmp,telnet,SH,60,0,0,0,0,6,0,0,2,0,0,1,0,0,0,117,118,0.63,0.83,0.129,12,17,dos
3,icmp,ssh,REJ,942,427,0,0,0,0,0,1,0,0,0,0,0,0,0,15,19,0.419,0.191,0.806,37,29,normal
3,udp,telnet,REJ,152,16,0,0,0,6,1,0,4,0,0,4,0,0,0,116,110,0.755,0.749,0.501,10,4,probe
0,icmp,ftp,RSTO,585,245,0,0,0,2,0,1,0,0,0,0,0,0,0,17,16,0.548,0.043,0.763,38,19,normal
0,tcp,smtp,RSTR,410,1017,0,0,0,0,0,1,0,0,0,3,0,0,0,21,16,0.082,0.189,0.856,38,28,normal
0,icmp,ftp_data,RSTO,1922,377,0,0,0,2,0,1,0,0,0,1,0,0,0,14,16,0.193,0.027,0.961,42,26,normal
4,icmp,smtp,RSTR,860,897,0,0,0,0,0,1,0,0,0,0,0,0,0,14,16,0.12,0.789,0.709,38,29,normal
14,udp,smtp,SF,60,2,0,0,0,8,0,0,3,0,0,0,2,0,1,114,96,0.91,0.738,0.274,11,12,r2l
27,tcp,telnet,SF,561,58,0,0,0,2,1,1,1,0,0,1,2,0,0,122,116,0.83,0.956,0.077,10,10,probe
1,icmp,pop3,S0,46,220,0,0,0,1,0,0,0,0,0,0,0,0,0,19,17,0.078,0.273,0.761,32,32,normal
5,icmp,ftp,RSTO,10,13,0,0,0,7,0,0,2,0,0,0,0,0,0,124,96,0.985,0.947,0.114,16,18,probe
21,icmp,pop3,REJ,551,0,0,0,0,5,2,0,1,0,0,2,0,0,0,102,101,0.972,0.52,0.041,15,13,u2r
0,tcp,ftp,RSTR,2718,1495,0,0,0,1,0,1,0,0,0,0,0,0,0,22,13,0.436,0.057,0.677,26,24,normal
0,icmp,ssh,RSTR,1300,290,0,0,0,0,0,0,0,0,0,0,1,0,0,17,13,0.171,0.125,0.885,35,33,normal
39,icmp,dns,REJ,176,16,0,0,0,4,0,0,0,0,0,2,1,0,0,118,111,0.928,0.974,0.157,14,16,probe
5,udp,ssh,SF,205,977,0,0,0,1,0,1,0,0,0,0,0,0,0,18,18,0.049,0.228,0.975,41,18,normal
5,tcp,ftp,RSTR,1075,116,0,0,0,2,0,1,0,0,0,0,0,0,0,25,15,0.348,0.003,0.721,35,21,normal
0,udp,dns,RSTR,418,158,0,0,0,1,0,1,0,0,0,0,0,0,0,16,21,0.129,0.049,0.769,29,25,normal
56,tcp,dns,SH,39,520,0,0,0,7,1,0,3,0,0,2,0,0,1,124,124,0.913,0.69,0.227,17,13,dos
1,udp,http,RSTO,539,344,0,0,0,2,0,0,0,0,0,0,0,0,1,18,12,0.039,0.34,0.929,28,32,normal
21,tcp,ftp_data,SF,53,36,0,0,0,6,0,0,3,0,0,2,0,0,1,131,111,0.78,0.822,0.086,14,14,dos
0,icmp,ftp_data,SF,39,27,0,0,0,7,4,0,4,0,0,2,1,0,0,115,119,0.619,0.849,0.077,6,6,dos
0,icmp,telnet,RSTO,288,704,0,0,0,2,0,1,0,0,0,0,0,0,0,20,19,0.274,0.336,0.794,34,34,normal
0,tcp,pop3,S0,298,42,0,0,0,3,0,1,0,0,0,0,0,0,0,23,21,0.221,0.075,0.81,35,27,normal
2,icmp,ssh,SF,217,279,0,0,0,1,0,1,0,0,0,0,0,0,0,25,15,0.112,0.002,0.843,33,21,normal
28,tcp,dns,RSTR,7,7,0,0,0,6,2,0,0,0,0,2,0,0,0,140,98,0.859,0.57,0.393,14,7,probe
0,tcp,pop3,S0,1878,721,0,0,0,3,0,1,0,0,0,0,1,0,0,29,11,0.071,0.194,0.886,41,32,normal
11,icmp,dns,RSTR,377,491,0,0,0,1,0,1,0,0,0,1,0,0,0,16,11,0.2,0.08,0.826,33,25,normal
2,udp,ssh,SH,56,262,0,0,0,2,0,0,0,0,0,1,0,0,0,20,22,0.247,0.092,0.836,40,28,normal
4,tcp,http,SF,2294,248,0,0,0,1,0,1,1,0,0,0,0,0,0,14,25,0.088,0.007,0.906,30,20,normal
1,icmp,ssh,SH,375,1037,0,1,0,8,0,0,3,0,0,0,1,0,1,108,98,0.955,0.938,0.173,18,11,probe
5,tcp,pop3,REJ,835,78,0,0,0,1,0,1,0,0,0,0,0,0,0,17,7,0.094,0.069,0.689,38,37,normal
12,tcp,http,RSTR,305,28,0,0,0,5,0,1,4,1,0,0,0,0,0,122,112,0.533,0.757,0.061,16,11,dos
0,udp,imap,REJ,231,200,0,0,0,1,0,1,0,0,0,0,0,0,2,17,25,0.018,0.141,0.947,32,26,normal
0,tcp,telnet,SF,201,1930,0,0,0,0,0,1,0,0,0,1,0,0,0,22,21,0.108,0.132,0.945,42,25,normal
0,icmp,imap,S0,1141,96,0,0,0,3,0,1,0,0,0,0,0,0,1,18,13,0.128,0.009,0.645,44,21,normal
6,tcp,telnet,SH,452,127,0,0,0,0,0,1,0,0,0,0,0,0,0,20,24,0.095,0.06,0.819,36,24,normal
4,tcp,smtp,SF,513,763,0,0,0,1,0,1,2,0,0,0,0,0,0,22,13,0.2,0.121,0.9,24,21,normal
0,udp,telnet,SF,107,171,0,0,0,1,0,1,0,0,0,0,0,0,1,18,17,0.01,0.292,0.717,40,23,normal
0,icmp,http,RSTO,190,56,0,0,0,8,1,1,2,0,0,3,0,0,0,136,127,0.959,0.892,0.054,20,16,dos
2,udp,http,S0,1219,112,0,0,0,4,1,1,2,0,0,0,0,0,0,96,110,0.999,0.773,0.119,15,12,probe
1,icmp,telnet,RSTR,3061,22,0,0,0,6,0,0,1,1,0,2,0,0,0,122,117,0.959,0.773,0.312,11,14,dos
1,tcp,telnet,RSTO,342,639,0,0,0,0,0,1,0,0,0,1,0,0,0,20,19,0.07,0.063,0.721,36,18,normal
0,udp,http,SF,151,583,0,0,0,1,0,1,0,0,0,2,0,0,0,23,8,0.279,0.143,0.976,29,32,normal
0,udp,pop3,SH,704,110,0,0,0,0,0,1,0,0,0,0,0,0,0,22,7,0.362,0.035,0.647,28,18,normal
1,icmp,ftp_data,SF,312,1217,0,0,0,4,0,1,0,0,0,0,0,0,0,23,9,0.381,0.356,0.958,34,28,normal
0,icmp,ftp,REJ,1226,1014,0,0,0,2,0,1,0,0,0,0,0,0,0,25,13,0.007,0.152,0.969,40,28,normal
3,icmp,pop3,SH,2089,204,0,0,0,3,0,1,0,0,0,0,0,0,0,16,9,0.137,0.421,0.63,36,18,normal
2,icmp,ftp,S0,356,240,0,0,0,2,0,1,0,0,0,0,0,0,0,10,27,0.373,0.1,0.806,41,24,normal
22,tcp,imap,REJ,31,4,0,0,0,4,1,0,3,0,0,1,0,0,1,126,108,0.994,0.904,0.351,13,10,dos
0,tcp,http,SF,513,966,0,0,0,3,0,1,0,0,0,0,0,0,0,19,17,0.106,0.107,0.729,37,36,normal
9,tcp,http,SH,52,232,0,0,0,4,1,0,1,0,0,2,1,0,0,118,102,0.904,0.622,0.035,20,14,probe
7,tcp,ftp_data,RSTO,20,0,0,0,0,4,0,0,0,0,0,1,0,0,1,122,130,0.987,0.736,0.179,16,11,dos
0,icmp,http,RSTR,200,224,0,0,0,0,0,1,0,0,0,0,1,0,0,24,16,0.166,0.022,0.811,25,34,normal
3,udp,ftp,SH,738,784,0,0,0,1,0,1,0,0,0,0,0,0,0,25,18,0.386,0.061,0.898,28,22,normal
1,tcp,smtp,REJ,252,676,0,0,0,0,0,1,0,0,0,0,0,0,0,19,17,0.06,0.057,0.873,36,25,normal
43,udp,telnet,RSTO,44,3,0,0,0,5,0,1,1,0,0,2,1,0,0,128,109,0.955,0.781,0.141,13,12,dos
3,tcp,pop3,RSTR,68,286,0,0,0,3,2,1,1,0,0,1,1,0,2,137,123,0.944,0.829,0.063,10,7,dos
18,icmp,ftp_data,SF,122,131,0,0,0,5,2,0,2,0,0,1,0,0,0,122,112,0.969,0.86,0.039,9,7,dos
5,udp,ftp_data,SF,20,127,0,0,0,8,1,0,0,0,0,0,2,0,0,122,112,0.863,0.795,0.166,16,8,probe
5,icmp,pop3,REJ,64,249,0,0,0,0,0,1,0,0,0,0,0,0,0,17,12,0.032,0.064,0.965,38,28,normal
6,udp,http,SF,1089,23,0,0,0,1,0,1,0,0,0,0,0,0,0,24,18,0.056,0.025,0.766,29,29,normal
0,tcp,telnet,SH,79,57,0,0,0,7,0,0,2,0,0,3,0,0,0,122,110,0.944,0.907,0.216,18,12,dos
1,icmp,dns,SH,791,558,0,0,0,0,0,1,0,0,0,0,1,0,0,33,14,0.511,0.145,0.723,47,29,normal
1,icmp,ftp_data,RSTR,391,287,0,0,0,0,0,1,0,0,0,0,0,0,0,19,10,0.102,0.14,0.975,29,26,normal
2,icmp,smtp,SH,32,326,0,0,0,4,0,0,1,0,0,0,0,0,1,127,102,0.984,0.933,0.179,10,8,probe
11,tcp,ftp_data,SF,78,5,0,0,0,7,0,0,4,0,0,2,3,0,0,116,93,0.876,0.953,0.198,12,9,dos
2,tcp,ftp_data,REJ,49,10,0,0,0,5,2,0,2,0,0,1,3,0,1,119,102,0.858,0.848,0.16,18,11,dos
1,udp,imap,RSTO,1060,511,0,0,0,1,0,1,0,0,0,1,0,0,0,25,11,0.243,0.091,0.878,22,26,normal
1,tcp,http,RSTR,265,109,0,0,0,1,0,1,0,0,0,0,0,0,0,16,10,0.021,0.106,0.714,35,15,normal
8,tcp,imap,S0,889,9,0,0,0,3,1,0,1,0,0,0,1,0,0,129,129,0.791,0.669,0.301,12,7,probe
1,icmp,smtp,SF,5268,512,0,0,0,0,0,1,0,0,0,0,0,0,0,17,15,0.147,0.012,0.93,37,31,normal
1,tcp,pop3,S0,206,8,0,0,0,7,0,1,4,0,0,0,0,0,0,105,129,0.984,0.934,0.032,15,9,probe
13,udp,smtp,RSTR,228,102,0,0,0,5,1,0,2,0,0,1,0,0,2,119,121,0.784,0.857,0.149,14,14,probe
1,icmp,imap,SF,116,122,0,0,0,2,0,0,0,0,0,0,0,0,0,24,16,0.09,0.172,0.822,44,25,normal
8,udp,dns,S0,73,42,0,0,0,5,1,0,1,0,0,3,1,0,0,115,97,0.858,0.932,0.009,14,6,probe
3,udp,ssh,RSTO,745,345,0,0,0,0,0,1,0,0,0,0,0,0,0,21,14,0.009,0.087,0.705,31,32,normal
1,icmp,ssh,RSTO,566,80,0,0,0,2,0,1,0,0,0,0,0,0,0,24,20,0.243,0.024,0.908,28,33,normal
4,icmp,dns,S0,1105,1112,0,0,0,2,0,1,0,0,0,0,0,0,0,17,10,0.011,0.27,0.842,36,35,normal
5,tcp,http,REJ,84,271,0,0,0,1,0,1,0,0,0,1,0,0,0,25,21,0.362,0.18,0.913,38,18,normal
0,tcp,smtp,RSTO,272,141,0,0,0,3,0,1,0,0,0,0,0,0,0,23,13,0.017,0.296,0.672,38,26,normal
7,icmp,ftp_data,SH,23,33,0,0,0,6,1,0,2,0,0,0,0,0,3,123,116,0.792,0.943,0.27,13,6,dos
0,udp,ftp,SF,993,121,0,0,0,0,0,1,0,0,0,0,0,0,0,19,10,0.082,0.229,0.887,38,32,normal
0,icmp,http,SH,758,2173,0,0,0,0,0,0,0,0,0,0,0,0,0,24,15,0.096,0.032,0.846,23,23,normal
3,udp,ftp_data,RSTO,344,137,0,0,0,1,0,1,0,0,0,1,0,0,0,10,16,0.072,0.024,0.779,38,30,normal
12,icmp,smtp,RSTO,47,1,0,0,0,3,0,0,3,0,0,0,1,0,1,110,99,0.962,0.975,0.207,16,7,r2l
10,udp,imap,S0,44,29,0,0,0,5,0,1,4,0,0,2,1,0,1,122,114,0.654,0.953,0.14,7,9,r2l
4,udp,ftp,S0,37,18,0,0,0,3,0,0,1,0,0,2,1,0,0,121,133,0.764,0.861,0.191,14,11,probe
0,udp,ssh,RSTR,336,18,0,0,0,0,6,0,2,0,0,0,2,0,0,136,102,0.89,0.815,0.183,20,9,probe
3,icmp,dns,RSTR,739,129,0,0,0,1,0,1,0,0,0,0,0,0,0,28,13,0.055,0.036,0.867,41,26,normal
5,udp,http,SF,23,2,0,1,0,8,0,0,4,0,0,0,2,0,0,123,112,0.903,0.962,0.28,13,11,probe
0,icmp,imap,REJ,439,1213,0,0,0,0,0,0,0,0,0,0,0,0,0,22,14,0.126,0.049,0.655,36,23,normal
3,udp,ftp_data,SH,163,119,0,0,0,0,0,1,1,0,0,0,0,0,1,20,17,0.036,0.24,0.899,44,27,normal
19,udp,smtp,SF,271,6,0,0,0,5,0,0,3,0,0,0,1,0,1,137,117,0.84,0.637,0.175,7,15,dos
30,icmp,ftp_data,RSTR,387,64,0,0,0,6,0,1,5,0,0,1,2,0,0,123,120,0.806,0.648,0.08,8,5,probe
5,tcp,ftp,S0,98,79,0,0,0,2,0,0,2,0,0,0,0,0,0,131,124,0.897,0.967,0.202,14,8,dos
2,udp,telnet,SH,570,220,0,0,0,0,0,1,0,0,0,0,0,0,0,22,15,0.14,0.032,0.88,27,28,normal
0,udp,ssh,RSTR,955,164,0,0,0,0,0,1,0,0,0,0,1,0,0,21,15,0.166,0.175,0.844,27,29,normal
4,udp,ftp_data,RSTR,19,82,0,0,0,5,0,0,2,0,0,0,0,0,0,113,125,0.91,0.927,0.143,15,10,dos
11,icmp,telnet,S0,528,17,0,0,0,2,0,0,5,0,0,1,1,0,0,130,106,0.605,0.867,0.107,11,9,probe
8,udp,smtp,REJ,149,17,0,0,0,7,0,1,0,0,0,0,0,0,1,115,114,0.948,0.79,0.178,11,4,probe
6,tcp,telnet,S0,290,319,0,0,0,9,0,1,4,0,0,3,0,0,0,132,89,0.652,0.811,0.297,8,5,probe
4,icmp,ftp,RSTR,909,992,0,0,0,0,0,1,0,0,0,0,0,0,1,23,7,0.035,0.014,0.775,37,27,normal
0,udp,ssh,SF,293,64,0,0,0,9,0,0,2,0,0,1,0,0,0,132,102,0.962,0.877,0.105,10,6,probe
2,udp,dns,SF,605,1458,0,0,0,0,0,1,0,0,0,0,0,0,0,21,12,0.024,0.58,0.924,36,17,normal
1,icmp,http,RSTO,544,49,0,0,0,8,0,0,3,0,0,1,0,0,0,121,106,0.69,0.921,0.029,9,6,u2r
14,udp,http,RSTR,75,52,0,0,0,3,0,0,2,0,0,0,0,0,0,127,128,0.81,0.867,0.045,14,6,dos
17,tcp,telnet,SH,41,106,0,0,0,7,0,0,1,0,0,1,0,0,0,109,115,0.883,0.954,0.037,9,10,dos
2,icmp,ftp,S0,1016,312,0,0,0,3,0,1,0,0,0,1,1,0,1,24,18,0.089,0.056,0.922,26,23,normal
17,icmp,ftp,REJ,24,2,0,0,0,6,2,0,2,0,0,2,3,0,1,120,114,0.658,0.723,0.133,11,11,probe
3,tcp,imap,SH,15,1,0,0,0,5,0,0,1,0,0,0,1,1,2,109,131,0.552,0.639,0.183,6,16,dos
3,udp,http,RSTR,331,33,0,0,0,5,0,0,1,0,0,2,0,1,0,123,105,0.745,0.829,0.179,8,8,dos
1,icmp,ftp,RSTO,202,97,0,0,0,2,0,1,0,0,0,0,0,0,0,27,11,0.108,0.012,0.814,27,23,normal
13,tcp,smtp,SH,18,538,0,0,0,8,1,0,1,0,0,0,1,0,0,123,120,0.785,0.729,0.521,12,11,dos
3,udp,pop3,REJ,725,47,0,0,0,0,0,1,1,0,0,0,0,0,0,22,15,0.409,0.094,0.686,28,25,normal
1,icmp,ssh,REJ,810,657,0,0,0,1,0,1,0,0,0,0,0,0,0,24,20,0.265,0.073,0.862,43,26,normal
0,icmp,smtp,SH,452,54,0,0,0,2,0,1,0,0,0,0,0,0,1,15,12,0.042,0.154,0.896,33,24,normal
1,udp,pop3,S0,386,83,0,0,0,2,0,0,0,0,0,0,1,0,0,23,14,0.084,0.006,0.734,37,23,normal
34,icmp,ssh,RSTR,106,35,0,0,0,5,0,0,1,0,0,0,0,0,3,120,97,0.897,0.903,0.31,16,12,probe
5,tcp,telnet,RSTR,104,187,0,0,0,0,0,0,1,0,0,0,0,0,1,22,18,0.409,0.036,0.817,48,23,normal
3,udp,pop3,REJ,3083,816,0,0,0,0,0,1,0,0,0,0,0,0,0,19,11,0.059,0.156,0.774,31,24,normal
1,tcp,smtp,SF,1013,647,0,0,0,1,0,0,0,0,0,0,0,0,0,31,9,0.174,0.052,0.823,39,32,normal
0,icmp,http,REJ,613,309,0,0,0,1,0,1,0,0,0,0,0,0,0,22,13,0.015,0.016,0.846,37,17,normal
3,tcp,http,REJ,310,95,0,0,0,1,0,1,0,0,0,0,0,0,1,20,9,0.362,0.12,0.724,31,21,normal
7,tcp,pop3,RSTO,904,1849,0,0,0,0,0,1,0,0,0,0,0,0,0,18,13,0.297,0.545,0.907,34,27,normal
9,icmp,imap,REJ,12,3,0,0,0,4,1,0,4,0,0,0,0,0,1,120,92,0.905,0.496,0.126,11,14,dos
1,udp,ftp,S0,21,0,0,0,0,5,1,0,4,0,1,1,0,0,0,106,91,0.969,0.782,0.336,8,15,dos
1,icmp,http,RSTO,1963,1011,0,0,0,1,0,0,0,0,0,0,0,0,0,25,19,0.176,0.066,0.545,26,14,normal
1,tcp,pop3,SF,382,74,0,0,0,0,0,1,1,0,0,1,0,0,0,22,17,0.016,0.028,0.943,21,32,normal
1,udp,smtp,RSTR,19,106,0,0,0,8,1,0,4,0,0,0,0,0,1,128,112,0.977,0.792,0.397,19,12,u2r
16,icmp,imap,REJ,550,35,0,0,0,9,0,0,3,0,0,0,0,0,0,142,140,0.836,0.968,0.359,13,16,dos
0,tcp,ftp_data,S0,638,281,0,0,0,2,0,1,0,0,0,1,1,0,0,25,13,0.192,0.197,0.822,36,24,normal
29,udp,telnet,RSTO,243,7,0,0,0,9,1,0,0,0,0,1,1,0,0,129,112,0.924,0.963,0.296,11,9,dos
9,tcp,imap,REJ,22,2,0,0,0,8,1,1,2,0,0,0,0,0,1,128,89,0.781,0.516,0.504,12,5,dos
3,tcp,ssh,SH,567,45,0,0,0,0,0,1,0,0,0,0,0,0,0,19,14,0.093,0.215,0.769,47,23,normal
0,tcp,ssh,REJ,324,1019,0,0,0,2,0,0,0,0,0,0,0,0,0,19,25,0.273,0.005,0.9,27,21,normal
0,tcp,ssh,REJ,2129,42,0,0,0,0,0,1,0,0,0,0,0,0,1,19,19,0.065,0.263,0.994,22,28,normal
2,icmp,dns,RSTO,463,139,0,0,0,1,0,1,0,0,0,1,1,0,0,20,16,0.112,0.083,0.673,39,29,normal
7,icmp,ssh,SF,86,296,0,0,0,1,0,1,0,0,0,0,0,0,1,18,10,0.018,0.101,0.757,36,21,normal
0,tcp,http,RSTO,972,92,0,0,0,0,0,1,0,0,0,1,0,0,0,25,11,0.204,0.148,0.951,36,32,normal
0,icmp,telnet,RSTR,571,368,0,0,0,2,0,1,0,0,0,0,0,0,0,20,12,0.156,0.411,0.957,21,32,normal
2,udp,smtp,RSTR,12,30,0,0,0,7,1,0,3,0,0,1,0,0,0,107,113,0.775,0.886,0.358,11,10,dos
0,icmp,http,RSTO,940,258,0,0,0,1,0,0,0,0,0,0,0,0,0,14,18,0.019,0.08,0.989,39,24,normal
0,udp,ftp_data,SH,11,832,0,0,0,2,0,1,0,0,0,0,0,0,1,20,13,0.277,0.061,0.489,33,24,normal
4,udp,ftp_data,SH,159,94,0,0,0,5,0,1,1,0,0,0,0,0,1,111,114,0.902,0.344,0.19,10,5,probe
2,icmp,telnet,SF,64,7,0,0,0,2,0,0,0,0,0,2,1,0,0,136,108,0.916,0.736,0.119,15,11,dos
6,udp,dns,RSTO,544,569,0,0,0,2,0,0,0,0,0,0,1,0,1,13,15,0.043,0.166,0.763,39,28,normal
2,icmp,ssh,REJ,1069,591,0,0,0,2,0,1,1,0,0,0,0,0,0,25,19,0.142,0.1,0.813,37,24,normal
0,tcp,http,SH,104,528,0,0,0,0,0,1,0,0,0,0,0,0,0,16,12,0.214,0.111,0.877,42,23,normal
0,tcp,dns,RSTR,48,5,0,0,0,5,2,0,1,0,0,2,0,0,0,113,110,0.793,0.821,0.298,13,3,dos
4,icmp,dns,REJ,54,2,0,0,0,6,2,0,1,0,0,0,0,0,2,133,106,0.742,0.77,0.021,13,14,dos
2,icmp,ftp,SF,2042,126,0,0,0,0,0,1,0,0,0,0,0,0,0,15,13,0.068,0.206,0.957,31,21,normal
18,icmp,ftp,REJ,185,13,0,0,0,7,0,0,1,0,0,0,2,0,0,121,114,0.946,0.917,0.499,15,8,dos
17,icmp,smtp,S0,11,43,0,0,0,2,1,1,3,0,0,3,1,0,0,121,118,0.762,0.933,0.056,11,9,r2l
3,udp,http,SH,875,971,0,0,0,2,0,1,0,0,0,0,0,0,0,25,13,0.149,0.032,0.784,37,31,normal
0,udp,ftp,RSTR,1022,1011,0,0,0,2,0,1,0,0,0,0,1,0,0,15,17,0.158,0.005,0.876,31,23,normal
8,udp,dns,SH,546,156,0,0,0,1,0,1,1,0,0,1,0,0,0,16,15,0.239,0.422,0.757,47,20,normal
4,icmp,dns,RSTR,493,23,0,0,0,11,0,0,5,0,0,1,4,0,0,130,120,0.94,0.421,0.177,6,10,dos
6,tcp,dns,SF,24,3,0,0,0,5,1,0,0,0,0,1,1,0,0,134,113,0.519,0.945,0.129,10,8,dos
1,tcp,ssh,SF,1779,169,0,0,0,2,0,1,0,0,0,0,0,0,0,14,15,0.24,0.029,0.71,35,18,normal
1,icmp,pop3,RSTR,317,13,1,0,0,7,0,1,3,0,0,0,1,1,1,133,123,0.845,0.644,0.251,15,8,u2r
21,udp,imap,RSTO,113,18,0,0,0,6,0,0,2,0,0,0,1,0,0,104,107,0.968,0.961,0.097,8,8,r2l
1,tcp,ssh,RSTO,437,729,0,0,0,1,0,0,0,0,0,0,0,0,0,27,9,0.602,0.218,0.862,36,33,normal
1,udp,ftp_data,SF,99,958,0,0,0,1,0,1,1,0,0,0,0,0,0,23,15,0.055,0.24,0.893,32,27,normal
0,icmp,pop3,RSTR,837,281,0,0,0,0,0,0,1,0,0,0,0,0,0,25,23,0.007,0.062,0.968,35,28,normal
0,icmp,ftp,SH,21,2,0,0,0,9,0,1,6,0,0,1,2,0,2,108,128,0.915,0.821,0.311,12,11,probe
18,icmp,dns,RSTO,140,47,0,0,0,5,1,0,4,0,0,2,0,0,0,133,114,0.964,0.902,0.185,11,10,r2l
1,tcp,http,S0,184,121,0,0,0,1,0,1,0,0,0,1,0,0,0,14,19,0.115,0.206,0.712,42,20,normal
1,tcp,ssh,S0,403,992,0,0,0,1,0,1,1,0,0,1,1,0,1,14,17,0.059,0.029,0.508,34,19,normal
4,icmp,ftp_data,SF,1224,331,0,0,0,0,0,1,0,0,0,0,0,0,0,19,15,0.115,0.036,0.799,35,31,normal
7,tcp,ftp,SH,489,248,0,0,0,3,0,1,0,0,0,0,0,0,0,23,11,0.183,0.054,0.623,38,27,normal
1,udp,ftp,S0,1294,5,0,0,0,4,0,0,1,0,0,0,0,0,0,110,110,0.889,0.696,0.691,9,6,r2l
2,icmp,dns,SF,97,391,0,0,0,3,0,0,0,0,0,0,0,0,0,20,13,0.511,0.133,0.928,31,18,normal
19,tcp,smtp,S0,229,45,0,0,0,6,0,0,3,0,0,0,1,0,0,118,120,0.697,0.952,0.162,10,7,probe
11,icmp,ssh,SH,785,155,0,0,0,0,0,1,0,0,0,0,1,0,0,17,14,0.138,0.462,0.792,36,31,normal
0,icmp,telnet,RSTR,32,118,0,0,0,0,0,1,0,0,0,0,0,0,0,15,14,0.253,0.265,0.725,35,28,normal
2,udp,smtp,S0,974,282,0,0,0,1,0,1,0,0,0,0,0,0,0,14,16,0.294,0.071,0.849,43,25,normal
18,tcp,pop3,S0,14,6,0,0,0,3,1,0,2,0,0,0,0,0,0,128,103,0.802,0.989,0.329,12,11,r2l
1,tcp,ftp,SF,697,396,0,0,0,0,0,0,0,0,0,1,0,0,0,10,8,0.072,0.158,0.718,33,16,normal
0,tcp,dns,S0,1703,181,0,0,0,3,0,1,0,0,0,0,0,0,0,25,18,0.052,0.014,0.906,39,29,normal
3,tcp,http,RSTO,100,213,0,0,0,3,0,1,0,0,0,0,0,0,0,14,16,0.627,0.151,0.559,51,33,normal
0,tcp,ftp,S0,753,181,0,0,0,0,0,1,0,0,0,0,0,0,0,21,18,0.034,0.165,0.893,38,25,normal
0,tcp,smtp,SH,116,542,0,0,0,0,0,1,0,0,0,0,0,0,0,27,17,0.253,0.1,0.709,38,21,normal
4,tcp,ftp_data,S0,883,140,0,0,0,1,0,1,0,0,0,0,0,0,0,21,20,0.128,0.076,0.941,44,26,normal
0,udp,telnet,SF,555,1417,0,0,0,2,0,0,1,0,0,0,0,0,0,16,12,0.056,0.274,0.919,24,23,normal
0,icmp,smtp,S0,246,391,0,0,0,2,0,1,0,0,0,1,0,0,0,9,15,0.149,0.019,0.666,32,35,normal
0,udp,pop3,SH,794,240,0,0,0,1,0,1,1,0,0,0,0,0,0,17,16,0.205,0.092,0.67,36,22,normal
1,tcp,smtp,SH,844,366,0,0,0,2,0,1,0,0,0,0,0,0,0,22,19,0.116,0.004,0.563,30,23,normal
3,tcp,pop3,SH,1002,1691,0,0,0,2,0,1,0,0,0,0,0,0,0,27,16,0.066,0.202,0.811,32,24,normal
1,udp,smtp,SF,502,143,0,0,0,0,0,1,0,0,0,0,0,0,1,20,14,0.014,0.155,0.816,41,25,normal
0,icmp,dns,S0,1843,151,0,0,0,0,0,1,1,0,0,0,0,0,0,17,10,0.033,0.021,0.635,37,31,normal
2,icmp,smtp,SF,556,139,0,0,0,1,0,1,0,0,0,0,0,0,0,20,11,0.412,0.024,0.901,35,31,normal
6,tcp,imap,REJ,127,767,0,0,0,3,0,0,0,0,0,0,1,0,0,112,107,0.86,0.903,0.136,11,12,dos
1,udp,telnet,SH,308,201,0,0,0,0,0,0,0,0,0,0,0,0,0,26,15,0.017,0.062,0.804,25,21,normal
1,icmp,ssh,REJ,75,241,0,0,0,0,0,1,1,0,0,0,1,0,0,21,12,0.37,0.311,0.427,35,31,normal
2,udp,http,SF,329,75,0,0,0,2,0,1,0,0,0,0,0,0,0,25,11,0.305,0.055,0.816,37,28,normal
3,udp,ssh,RSTO,1667,180,0,0,0,7,2,0,0,0,0,0,0,0,1,121,102,0.603,0.716,0.038,8,7,dos
1,udp,pop3,S0,53,64,0,0,0,7,0,0,0,0,0,1,0,0,1,138,97,0.895,0.887,0.004,7,11,probe
4,tcp,pop3,SF,53,12,0,0,0,1,1,0,2,0,0,1,0,0,1,123,104,0.957,0.907,0.003,10,16,dos
0,icmp,smtp,REJ,774,71,0,0,0,0,0,0,0,0,0,0,0,0,0,15,11,0.067,0.07,0.919,37,24,normal
2,udp,pop3,SH,2066,914,0,0,0,0,0,1,0,0,0,1,0,0,0,24,16,0.014,0.337,0.866,34,25,normal
12,tcp,ftp,REJ,52,45,0,0,0,5,0,0,1,0,0,0,0,0,1,135,133,0.904,0.84,0.362,11,12,dos
3,udp,telnet,SF,472,24,0,0,0,4,0,0,1,0,0,0,1,0,1,111,102,0.918,0.764,0.252,11,16,probe
3,udp,smtp,SF,422,1967,0,0,0,1,0,1,0,0,0,0,0,0,0,19,19,0.421,0.024,0.783,29,19,normal
9,tcp,pop3,REJ,209,75,0,0,0,5,1,0,3,0,0,0,0,0,0,130,110,0.833,0.921,0.335,15,4,r2l
0,udp,dns,SH,7,3,0,0,0,8,0,1,2,0,0,1,2,0,1,138,129,0.922,0.741,0.057,12,10,dos
6,tcp,smtp,REJ,2947,1054,0,0,0,2,0,1,0,0,0,1,0,0,0,21,15,0.197,0.289,0.754,43,24,normal
0,icmp,ftp,SH,6530,1088,0,0,0,0,0,1,0,0,0,0,0,0,0,19,9,0.11,0.088,0.732,33,30,normal
3,udp,ftp,RSTR,141,144,0,0,0,7,0,0,1,0,0,0,0,0,0,125,107,0.982,0.666,0.019,15,5,probe
13,udp,ftp,RSTO,318,15,0,0,0,4,0,1,2,0,0,1,0,0,0,109,102,0.883,0.811,0.013,15,8,dos
31,udp,telnet,S0,466,44,0,0,0,7,1,0,1,0,0,2,1,0,1,121,116,0.984,0.745,0.099,13,13,dos
2,udp,ssh,S0,2981,1318,0,0,0,0,0,1,0,0,0,0,0,0,0,19,12,0.229,0.08,0.961,29,22,normal
2,udp,ftp_data,SF,3238,37,0,0,0,1,0,0,1,0,0,0,0,0,0,21,12,0.152,0.371,0.988,36,24,normal
0,udp,telnet,REJ,30,78,0,0,0,4,1,0,0,0,0,2,0,0,0,132,98,0.737,0.744,0.162,13,7,dos
0,udp,smtp,RSTR,146,143,0,0,0,6,1,0,2,0,0,0,1,0,1,115,114,0.994,0.808,0.068,9,12,probe
4,udp,imap,SH,15784,254,0,0,0,0,0,0,0,0,0,0,0,0,0,17,21,0.045,0.061,0.763,36,18,normal
0,icmp,ssh,RSTR,16,2,0,0,0,5,0,0,0,0,0,3,1,0,1,104,109,0.987,0.999,0.055,15,9,dos
2,icmp,http,S0,47,156,0,0,0,4,1,0,5,0,0,1,0,0,2,133,110,0.916,0.791,0.09,9,8,dos
18,udp,smtp,S0,491,68,0,0,0,4,0,1,3,0,0,1,2,0,0,133,101,0.965,0.972,0.373,13,9,dos
33,tcp,ftp_data,REJ,12,0,0,0,0,4,1,0,2,0,0,2,2,0,0,126,111,0.81,0.919,0.023,10,13,probe
4,tcp,ftp,REJ,336,1749,0,0,0,0,0,0,0,0,0,0,0,0,0,19,12,0.223,0.028,0.949,42,20,normal
4,tcp,smtp,S0,10,28,0,0,0,4,0,1,0,0,0,1,1,0,1,113,104,0.787,0.759,0.063,24,8,probe
40,icmp,smtp,RSTO,27,34,0,1,0,1,1,0,3,1,0,2,0,0,2,93,121,0.581,0.98,0.224,11,12,r2l
10,tcp,pop3,SF,702,19,0,0,0,1,1,0,2,0,0,2,2,0,0,113,117,0.672,0.885,0.101,11,12,dos
0,udp,smtp,S0,673,222,0,0,0,1,0,1,0,0,0,0,0,0,0,22,14,0.462,0.104,0.635,35,20,normal
1,udp,ftp_data,RSTO,271,553,0,0,0,0,0,1,0,0,0,0,1,0,0,25,19,0.194,0.066,0.224,33,32,normal
4,udp,telnet,SH,67,206,0,1,0,6,2,0,1,0,0,3,1,0,0,121,110,0.857,0.756,0.387,10,10,dos
0,udp,ftp,S0,224,470,0,0,0,2,0,0,0,0,0,0,0,0,0,21,18,0.06,0.081,0.744,35,30,normal
2,udp,smtp,RSTR,460,3,0,0,0,4,0,0,3,0,0,3,1,0,1,127,104,0.575,0.783,0.628,11,11,u2r
1,icmp,http,REJ,1001,58,0,0,0,0,0,0,1,0,0,1,0,0,0,26,13,0.001,0.233,0.76,31,27,normal
32,udp,ssh,SF,18,221,0,0,0,8,0,1,5,0,0,2,1,0,0,114,116,0.994,0.868,0.217,12,8,dos
2,icmp,imap,RSTO,1465,341,0,0,0,2,0,1,0,0,0,1,0,0,0,26,21,0.069,0.075,0.831,33,28,normal
2,icmp,pop3,RSTO,952,125,0,0,0,0,0,1,0,0,0,0,0,0,0,22,16,0.337,0.272,0.891,31,35,normal
19,tcp,http,SF,35,109,0,0,0,7,0,0,4,0,0,1,0,0,1,125,91,0.842,0.787,0.269,12,14,probe
28,tcp,ftp_data,SH,151,15,0,0,0,5,1,0,1,0,0,1,0,0,1,114,119,0.551,0.665,0.25,12,10,probe
6,tcp,telnet,REJ,213,93,0,0,0,3,0,0,3,0,0,2,0,0,0,134,100,0.876,0.807,0.015,10,12,r2l
17,icmp,ftp_data,REJ,39,92,0,0,0,6,1,0,1,0,0,1,0,0,1,116,91,0.881,0.981,0.042,19,10,dos
53,udp,dns,SH,120,8,0,0,0,4,0,0,2,0,0,0,0,0,1,120,101,0.915,0.883,0.258,10,10,dos
24,udp,pop3,SH,87,26,0,0,0,2,1,0,2,0,0,0,1,0,1,114,115,0.418,0.872,0.323,12,9,r2l
3,tcp,imap,SH,22,24,0,0,0,8,0,0,1,0,0,0,0,0,2,122,96,0.871,0.979,0.038,9,12,dos
10,icmp,telnet,SH,5741,627,0,0,0,0,0,1,0,0,0,1,0,0,0,31,13,0.129,0.271,0.855,30,26,normal
15,udp,pop3,RSTO,56,19,0,0,0,3,1,0,2,0,0,3,1,0,0,135,105,0.972,0.976,0.048,16,11,r2l
1,udp,pop3,SF,699,32,0,0,0,2,0,0,0,0,0,0,0,0,0,18,10,0.155,0.156,0.781,26,30,normal
19,udp,pop3,SH,25,14,0,0,1,1,0,0,3,0,0,1,1,0,0,99,122,0.991,0.674,0.177,9,10,dos
56,icmp,http,RSTO,69,3,0,0,0,4,0,0,0,0,0,0,0,0,0,115,101,0.979,0.953,0.11,15,11,r2l
4,udp,smtp,RSTO,223,148,0,0,0,1,0,1,0,0,0,1,0,0,0,21,13,0.228,0.164,0.798,29,28,normal
1,tcp,telnet,S0,1816,210,0,0,0,0,0,1,0,0,0,0,0,0,0,20,14,0.179,0.133,0.959,33,17,normal
41,tcp,ftp,RSTR,24,9,0,0,0,11,0,0,2,0,0,2,0,0,1,111,89,0.946,0.976,0.009,7,4,dos
1,tcp,ftp_data,S0,669,79,0,0,0,2,0,1,2,0,0,1,0,0,0,20,10,0.137,0.331,0.842,27,24,normal
18,tcp,ftp_data,REJ,111,8,0,0,0,7,1,0,2,0,0,0,0,0,0,133,102,0.731,0.749,0.159,9,11,dos
6,tcp,ftp_data,SH,1951,355,0,0,0,1,0,1,0,0,0,0,1,0,0,23,15,0.069,0.379,0.718,31,29,normal
3,udp,imap,S0,147,162,0,0,0,6,1,1,2,0,0,0,1,0,1,127,114,0.908,0.8,0.156,19,14,probe
0,udp,ftp_data,REJ,1076,1658,0,0,0,0,0,1,0,0,0,0,0,0,0,23,13,0.207,0.14,0.912,38,24,normal
0,udp,http,REJ,1179,1294,0,0,0,2,0,0,1,0,0,0,0,0,0,9,14,0.152,0.095,0.475,46,28,normal
22,icmp,ftp_data,S0,62,16,0,0,0,4,1,0,1,0,0,1,1,0,0,108,120,0.767,0.882,0.229,11,13,dos
2,icmp,dns,SH,64,233,0,0,0,0,0,0,0,0,0,1,0,0,0,16,16,0.128,0.48,0.779,36,25,normal
0,icmp,pop3,S0,94,142,0,0,0,0,0,1,0,0,0,0,0,0,0,21,13,0.128,0.27,0.861,29,20,normal
13,tcp,ftp,S0,1282,626,0,0,0,7,1,1,2,0,0,2,0,0,1,119,107,0.98,0.982,0.377,12,14,dos
5,udp,pop3,SF,381,145,0,0,0,3,1,0,2,0,0,1,3,0,1,98,102,0.35,0.851,0.529,12,11,probe
0,icmp,http,RSTO,203,239,0,0,0,0,0,1,0,0,0,0,0,0,0,20,13,0.108,0.162,0.824,49,19,normal
34,icmp,http,S0,5163,5,0,0,0,7,1,0,0,0,0,0,2,0,0,106,107,0.776,0.919,0.224,17,5,probe
31,tcp,pop3,RSTO,44,141,0,0,0,2,0,0,4,0,0,2,2,0,1,113,90,0.908,0.871,0.042,12,8,r2l
3,udp,imap,SF,83,303,0,0,0,2,0,0,0,0,0,0,1,0,0,23,17,0.099,0.235,0.852,34,29,normal
4,icmp,ftp_data,SH,492,768,0,0,0,0,0,1,0,0,0,0,0,0,0,19,19,0.221,0.027,0.826,35,35,normal
1,udp,pop3,RSTO,186,414,0,0,0,0,0,1,0,0,0,0,0,0,0,23,17,0.093,0.192,0.926,41,28,normal
0,udp,ftp,SH,804,1371,0,0,0,0,0,1,0,0,0,0,0,0,0,32,22,0.418,0.204,0.939,35,27,normal
0,udp,ftp,RSTO,402,148,0,0,0,1,0,0,0,0,0,0,0,0,0,30,14,0.148,0.162,0.614,35,25,normal
1,tcp,imap,S0,1719,132,0,0,0,0,0,0,0,0,0,0,2,0,0,17,15,0.225,0.144,0.912,40,23,normal
1,udp,telnet,RSTO,178,487,0,0,0,1,0,1,0,0,0,0,0,0,0,20,15,0.565,0.0,0.906,33,29,normal
0,udp,pop3,SF,259,293,0,0,0,2,0,1,0,0,0,1,0,0,0,15,16,0.199,0.098,0.894,30,25,normal
13,tcp,dns,SF,35,69,0,0,0,7,1,0,4,0,0,0,1,0,0,106,95,0.758,0.922,0.135,8,9,r2l
4,tcp,ssh,RSTO,655,1779,0,0,0,0,0,1,0,0,0,0,0,0,0,32,18,0.189,0.06,0.862,44,16,normal
0,udp,smtp,REJ,842,44,0,0,0,2,0,1,0,0,0,0,0,0,0,21,11,0.003,0.233,0.907,34,20,normal
3,udp,http,RSTR,2900,37,0,0,0,3,0,1,0,0,0,0,0,0,0,20,14,0.078,0.0,0.67,33,31,normal
0,icmp,telnet,RSTO,660,389,0,0,0,0,0,1,0,0,0,0,0,0,0,15,22,0.137,0.217,0.938,22,31,normal
3,udp,dns,S0,1004,264,0,0,0,1,0,1,0,0,0,0,1,0,0,23,9,0.146,0.014,0.876,30,22,normal
0,icmp,telnet,REJ,1440,113,0,0,0,1,0,1,1,0,0,1,0,0,0,20,19,0.011,0.112,0.608,22,26,normal
1,udp,imap,REJ,928,797,0,0,0,0,0,1,0,0,0,0,0,0,0,20,16,0.2,0.253,0.963,39,28,normal
5,icmp,dns,SH,1450,649,0,0,0,2,0,1,0,0,0,0,0,0,1,19,13,0.08,0.09,0.746,34,21,normal
8,icmp,ssh,REJ,800,49,0,0,0,5,1,0,2,0,0,1,0,0,0,114,125,0.937,0.91,0.115,9,10,dos
0,tcp,ftp,REJ,413,184,0,0,0,3,0,1,0,0,0,2,0,0,0,15,14,0.404,0.358,0.744,39,22,normal
1,udp,ftp,REJ,55,219,0,0,0,7,0,0,1,0,0,1,0,0,1,135,103,0.854,0.989,0.46,20,8,probe
4,udp,ssh,REJ,409,792,0,0,0,1,0,0,0,0,0,1,0,0,0,19,15,0.366,0.204,0.821,47,22,normal
4,tcp,ssh,SH,315,224,0,0,0,1,0,1,0,0,0,0,0,0,0,19,16,0.017,0.106,0.869,36,24,normal
0,udp,ssh,SF,150,129,0,0,0,4,1,0,3,0,0,3,1,0,1,115,105,0.817,0.814,0.725,15,10,dos
6,udp,smtp,SH,259,24,0,0,0,5,0,0,2,0,0,0,0,0,1,104,117,0.563,0.97,0.307,17,14,r2l
9,udp,telnet,S0,791,46,0,0,0,6,0,0,2,0,0,1,0,0,0,101,114,0.821,0.864,0.301,5,10,dos
25,tcp,telnet,SH,137,51,0,0,0,3,1,0,2,0,0,1,2,1,0,122,115,0.882,0.635,0.156,7,15,probe
0,tcp,ftp,SF,151,455,0,0,0,0,0,0,0,0,0,0,0,0,0,26,14,0.343,0.051,0.792,24,28,normal
16,tcp,pop3,SH,166,33,0,0,0,3,1,1,4,0,0,0,0,0,0,117,111,0.833,0.983,0.027,19,10,r2l
1,icmp,imap,RSTO,137,16,0,0,0,4,0,1,3,0,0,1,0,0,0,126,109,0.782,0.962,0.371,14,13,r2l
1,icmp,ssh,REJ,89,122,0,0,0,0,0,0,1,0,0,0,0,0,1,14,19,0.106,0.111,0.55,35,25,normal
5,udp,ftp,SH,67,31,0,0,0,2,0,0,0,0,0,2,1,0,0,100,110,0.98,0.907,0.348,10,8,dos
1,icmp,pop3,SH,545,476,0,0,0,0,0,0,0,0,0,0,0,0,0,23,16,0.009,0.046,0.931,42,24,normal
1,udp,smtp,SF,748,4933,0,0,0,3,0,1,0,0,0,0,0,0,0,13,21,0.013,0.102,0.4,44,28,normal
2,tcp,smtp,RSTO,1787,1615,0,0,0,1,0,1,0,0,0,0,0,0,0,22,15,0.237,0.174,0.915,32,25,normal
0,tcp,ftp_data,RSTO,155,194,0,0,0,1,0,1,0,0,0,0,0,0,0,18,13,0.169,0.073,0.885,44,27,normal
4,icmp,http,S0,530,444,0,0,0,1,0,0,2,0,0,0,0,0,0,22,10,0.312,0.111,0.736,35,19,normal
5,tcp,pop3,RSTR,520,920,0,0,0,1,0,1,1,0,0,0,1,0,0,21,18,0.225,0.041,0.792,42,27,normal
1,tcp,imap,RSTO,304,178,0,0,0,0,0,0,0,0,0,1,0,0,0,27,20,0.52,0.35,0.55,29,29,normal
27,udp,http,RSTR,33,59,0,0,0,5,0,0,1,0,0,1,0,0,0,120,113,0.802,0.909,0.147,9,16,dos
7,icmp,imap,SF,417,171,0,0,0,1,0,1,0,0,0,0,0,0,0,15,10,0.072,0.099,0.756,34,17,normal
2,icmp,ssh,RSTO,1264,459,0,0,0,2,0,0,0,0,0,0,0,0,0,15,15,0.209,0.11,0.952,44,22,normal
10,tcp,smtp,SH,40,0,0,0,0,8,1,0,2,0,0,0,0,0,0,143,133,0.438,0.853,0.368,15,10,dos
0,udp,smtp,S0,256,2,0,0,0,5,0,0,1,0,0,0,2,0,1,121,108,0.673,0.73,0.275,12,12,dos
0,tcp,smtp,RSTO,314,50,0,0,0,0,0,1,0,0,0,0,0,0,0,28,10,0.102,0.154,0.335,31,24,normal
0,tcp,ftp,RSTO,994,1258,0,0,0,0,0,1,0,0,0,0,0,0,1,19,26,0.54,0.448,0.342,40,28,normal
4,tcp,http,RSTO,1605,58,0,0,0,2,0,1,0,0,0,0,0,0,0,19,19,0.184,0.08,0.918,41,28,normal
10,icmp,imap,RSTR,833,504,0,0,0,3,0,0,0,0,0,0,0,0,0,24,13,0.151,0.264,0.821,38,24,normal
0,udp,pop3,REJ,198,1147,0,0,0,0,0,1,0,0,0,0,0,0,0,18,6,0.31,0.39,0.934,35,21,normal
1,icmp,imap,REJ,485,245,0,0,0,0,0,0,1,0,0,0,0,0,0,10,10,0.072,0.016,0.888,28,25,normal
1,tcp,ftp_data,REJ,83,468,0,0,0,2,0,0,1,0,0,1,0,0,0,24,15,0.037,0.036,0.899,30,20,normal
0,tcp,telnet,S0,318,564,0,0,0,0,0,1,0,0,0,0,0,0,0,14,16,0.281,0.131,0.804,32,25,normal
3,icmp,smtp,S0,556,439,0,0,0,4,0,1,1,0,0,0,0,0,0,18,22,0.459,0.003,0.812,38,19,normal
0,tcp,dns,SF,390,378,0,0,0,2,0,1,0,0,0,0,1,0,0,15,14,0.214,0.346,0.645,33,26,normal
1,icmp,ftp_data,RSTR,132,488,0,0,0,0,0,1,0,0,0,0,0,0,0,20,11,0.043,0.305,0.485,38,34,normal
1,icmp,ssh,RSTO,175,87,0,0,0,1,0,0,1,0,0,0,0,0,0,19,21,0.002,0.056,0.854,36,28,normal
5,icmp,imap,RSTO,186,282,0,0,0,0,0,0,1,0,0,0,0,0,0,19,18,0.304,0.305,0.695,34,22,normal
3,udp,imap,SH,283,36,0,0,0,7,1,0,2,0,0,1,0,0,0,131,109,0.775,0.886,0.223,12,14,dos
6,udp,dns,RSTR,238,2,0,0,0,1,1,0,1,0,0,2,0,0,1,122,109,0.929,0.885,0.068,8,5,dos
1,udp,ftp_data,SF,253,1003,0,0,0,2,0,1,0,0,0,0,0,0,1,22,9,0.061,0.03,0.801,32,22,normal
35,icmp,telnet,RSTR,134,29,0,0,0,8,1,1,3,0,0,0,0,0,1,107,94,0.786,0.922,0.052,15,7,dos
0,udp,ftp_data,SF,141,250,0,0,0,2,0,1,0,0,0,0,0,0,1,22,11,0.225,0.331,0.866,35,21,normal
0,icmp,imap,RSTO,1545,348,0,0,0,1,0,0,0,0,0,1,0,0,0,20,10,0.358,0.128,0.787,37,27,normal
3,tcp,ssh,RSTR,459,619,0,0,0,0,0,1,0,0,0,1,1,0,0,29,19,0.206,0.331,0.839,41,27,normal
4,tcp,smtp,RSTO,1838,480,0,0,0,4,0,0,0,0,0,0,0,0,0,13,22,0.582,0.063,0.834,29,23,normal
17,udp,ftp,RSTO,1500,260,0,0,0,5,2,0,1,0,0,1,1,0,1,119,122,0.903,0.843,0.09,13,7,dos
12,tcp,ftp,RSTO,296,289,0,0,0,5,0,0,2,0,0,2,0,0,0,120,100,0.948,0.944,0.455,8,12,dos
10,udp,smtp,SH,78,21,0,0,0,5,0,1,2,0,0,0,0,0,0,108,119,0.725,0.954,0.409,14,13,dos
3,icmp,imap,REJ,1804,461,0,0,0,0,0,1,0,0,0,1,0,0,0,24,18,0.14,0.263,0.92,37,25,normal
0,tcp,telnet,REJ,551,106,0,0,0,3,0,1,1,0,0,0,0,0,0,24,15,0.246,0.193,0.657,37,22,normal
0,tcp,pop3,RSTR,295,13,0,0,0,4,1,0,2,0,0,0,0,0,0,100,114,0.903,0.847,0.08,14,8,dos
4,udp,ftp_data,RSTO,2808,1841,0,0,0,0,0,1,0,0,0,0,0,0,0,26,17,0.003,0.038,0.946,37,25,normal
45,tcp,imap,RSTR,469,7,0,0,1,4,0,0,3,0,0,0,1,0,0,125,114,0.946,0.834,0.121,5,8,dos
4,tcp,ssh,REJ,628,556,0,0,0,1,0,1,0,0,0,0,0,0,0,21,11,0.125,0.102,0.704,30,22,normal
2,udp,ssh,RSTR,277,2446,0,0,0,1,0,1,0,0,0,0,0,0,0,15,18,0.108,0.163,0.678,30,21,normal
4,tcp,ssh,S0,686,1940,0,0,0,0,0,0,0,0,0,1,0,0,1,23,10,0.03,0.169,0.29,45,27,normal
3,icmp,ftp,RSTO,521,197,0,0,0,1,0,0,0,0,0,0,0,0,0,20,21,0.208,0.147,0.776,39,27,normal
10,icmp,imap,RSTO,7,79,0,0,0,8,4,0,1,0,0,0,0,0,2,105,102,0.882,0.699,0.101,7,18,r2l
0,icmp,http,RSTO,948,533,0,0,0,2,0,1,0,0,0,0,0,0,0,17,14,0.238,0.214,0.814,31,20,normal
1,udp,ftp,SF,22,29,0,0,0,7,0,0,1,0,0,0,0,1,1,125,113,0.926,0.979,0.367,10,9,probe
28,tcp,pop3,REJ,84,5,0,0,0,7,0,0,3,0,0,0,2,0,0,134,135,0.783,0.978,0.109,10,7,probe
8,tcp,http,RSTO,221,3,0,1,0,8,0,0,2,0,0,2,1,0,2,88,108,0.679,0.67,0.189,15,9,dos
1,icmp,dns,RSTR,377,451,0,0,0,2,0,1,1,0,0,1,0,0,0,12,20,0.13,0.27,0.79,49,27,normal
13,udp,ftp,SH,140,7,0,0,0,8,0,0,2,0,0,1,0,0,0,110,117,0.845,0.982,0.102,11,13,r2l
39,icmp,smtp,S0,217,7,0,0,0,2,0,0,2,0,0,2,0,0,1,135,116,0.663,0.731,0.246,15,12,r2l
8,icmp,smtp,SF,6,24,0,0,0,2,1,0,2,0,0,3,0,0,0,122,96,0.459,0.881,0.071,14,7,dos
5,icmp,smtp,SH,2673,628,0,0,0,1,0,1,0,0,0,0,0,0,0,18,9,0.063,0.336,0.569,39,22,normal
5,icmp,smtp,SF,112,64,0,0,0,1,2,0,1,0,0,1,0,0,0,114,124,0.788,0.926,0.045,19,8,dos
13,tcp,ftp_data,RSTR,107,10,0,0,0,4,0,0,1,0,0,2,1,0,1,99,119,0.8,0.553,0.31,18,7,r2l
2,tcp,pop3,SH,194,43,0,0,0,6,1,0,4,0,0,0,0,0,1,125,103,0.991,0.964,0.16,17,12,dos
1,icmp,http,RSTR,1208,114,0,0,0,1,0,1,1,0,0,0,0,0,1,23,16,0.407,0.082,0.887,26,13,normal
8,icmp,pop3,RSTR,357,24,0,0,0,3,0,0,1,0,0,1,0,0,0,124,131,0.95,0.685,0.045,12,10,probe
4,tcp,ssh,REJ,1153,687,0,0,0,3,0,1,0,0,0,0,0,0,0,11,18,0.244,0.126,0.94,25,20,normal
1,udp,ftp,SF,194,55,0,0,0,1,0,1,0,0,0,0,0,0,0,24,10,0.231,0.03,0.926,54,28,normal
0,tcp,ssh,SF,666,1705,0,0,0,0,0,1,0,0,0,0,0,0,0,27,14,0.151,0.16,0.429,36,35,normal
3,udp,dns,SF,814,23,0,0,0,1,0,0,1,0,0,0,0,0,0,18,14,0.093,0.358,0.813,33,32,normal
2,udp,telnet,S0,966,208,0,0,0,0,0,1,1,0,0,1,0,0,1,18,16,0.23,0.051,0.68,35,25,normal
56,tcp,pop3,RSTO,134,802,0,0,0,4,0,0,1,0,0,2,0,0,0,134,122,0.82,0.803,0.125,9,9,probe
0,icmp,ssh,RSTO,348,343,0,0,0,2,0,1,0,0,0,1,0,0,0,23,16,0.033,0.186,0.846,41,22,normal
0,udp,http,SF,708,382,0,0,0,1,0,1,0,0,0,1,1,0,0,24,15,0.007,0.201,0.483,38,25,normal
4,icmp,http,S0,336,396,0,0,0,1,0,1,0,0,0,1,0,0,0,17,17,0.228,0.39,0.951,33,23,normal
7,tcp,smtp,RSTO,45,2,0,0,0,5,0,0,0,0,0,0,0,0,2,122,105,0.732,0.752,0.064,9,5,dos
0,tcp,http,SF,1402,217,0,0,0,2,0,1,1,0,0,0,0,0,0,28,17,0.076,0.184,0.518,34,19,normal
0,tcp,dns,SF,850,1234,0,0,0,0,0,0,0,0,0,1,0,0,0,24,10,0.016,0.176,0.968,24,35,normal
1,tcp,telnet,REJ,136,116,0,0,0,0,0,1,0,0,0,0,0,0,0,23,16,0.451,0.247,0.593,20,16,normal
1,tcp,dns,S0,223,8075,0,0,0,0,0,1,0,0,0,1,0,0,0,22,11,0.196,0.063,0.747,21,23,normal
3,tcp,telnet,RSTO,237,194,0,0,0,0,0,1,0,0,0,1,0,0,0,23,20,0.001,0.094,0.779,30,20,normal
5,udp,ftp_data,SF,419,341,0,0,0,0,0,1,0,0,0,0,0,0,0,19,9,0.132,0.248,0.923,36,22,normal
0,udp,ftp,SH,1365,860,0,0,0,1,0,1,0,0,0,0,0,0,0,19,15,0.023,0.094,0.944,32,26,normal
2,icmp,http,RSTR,3325,487,0,0,0,2,0,0,1,0,0,0,0,0,0,19,19,0.205,0.025,0.65,32,26,normal
23,udp,pop3,S0,16,14,0,0,0,7,0,0,2,0,0,2,2,0,1,122,117,0.989,0.603,0.245,16,7,probe
0,tcp,telnet,SF,840,656,0,0,0,0,0,1,0,0,0,0,0,0,0,29,13,0.072,0.187,0.663,33,20,normal
24,udp,http,SF,91,0,0,0,0,4,1,0,3,0,0,1,2,0,0,117,127,0.905,0.929,0.297,8,12,dos
2,icmp,http,SH,432,508,0,0,0,0,0,1,1,0,0,0,0,0,0,24,13,0.094,0.133,0.35,41,20,normal
16,tcp,smtp,RSTR,49,10,0,0,0,6,1,0,4,0,0,2,0,0,1,119,105,0.955,0.754,0.23,11,9,dos
70,icmp,telnet,S0,193,4,0,0,0,5,3,0,1,0,0,1,1,0,0,125,100,0.988,0.941,0.147,17,6,dos
10,icmp,imap,REJ,240,0,0,0,0,2,0,0,2,0,0,1,0,0,2,129,104,0.827,1.0,0.099,14,12,u2r
2,tcp,dns,RSTR,1857,1313,0,0,0,4,0,0,0,0,0,0,0,0,1,15,15,0.127,0.194,0.845,35,22,normal
5,icmp,ftp,SH,1264,1187,0,0,0,1,0,1,0,0,0,0,0,0,0,22,14,0.051,0.099,0.741,37,18,normal
86,icmp,ftp_data,RSTO,504,85,0,0,0,6,0,0,3,0,0,1,1,0,1,125,93,0.978,0.852,0.064,11,14,r2l
70,udp,http,SF,20,47,0,1,0,10,2,0,2,0,0,1,2,0,0,121,110,0.82,0.883,0.302,12,16,probe
0,tcp,http,S0,395,176,0,0,0,1,0,1,0,0,0,0,0,0,0,14,15,0.313,0.016,0.839,29,21,normal
0,icmp,pop3,SF,570,1126,0,0,0,1,0,1,1,0,0,0,0,0,0,20,14,0.256,0.613,0.539,33,27,normal
1,udp,ftp_data,SH,589,681,0,0,0,0,0,0,0,0,0,0,0,0,0,16,14,0.18,0.157,0.553,34,24,normal
12,udp,ssh,SH,950,198,0,0,0,4,0,0,2,0,0,1,0,0,0,119,103,0.963,0.956,0.401,15,9,probe
6,udp,imap,SH,44,86,0,0,0,1,1,0,5,0,0,1,0,0,1,114,124,0.921,0.546,0.174,13,8,probe
6,tcp,pop3,RSTR,727,352,0,0,0,0,0,1,0,0,0,0,0,0,0,18,12,0.021,0.095,0.85,30,22,normal
2,icmp,imap,S0,1359,370,0,0,0,1,0,1,0,0,0,0,0,0,0,17,18,0.048,0.136,0.865,29,20,normal
7,tcp,ssh,SH,155,19,0,0,0,3,0,0,1,0,0,1,3,0,1,112,101,0.918,0.857,0.426,7,14,r2l
15,udp,imap,RSTR,300,26,0,0,0,5,0,1,3,0,0,0,0,1,0,120,113,0.956,0.926,0.284,12,7,r2l
4,udp,dns,REJ,127,1398,0,0,0,0,0,1,1,0,0,0,0,0,0,24,13,0.173,0.027,0.857,38,27,normal
0,icmp,ftp_data,S0,784,46,0,0,0,1,0,1,0,0,0,0,0,0,0,11,12,0.015,0.205,0.913,34,19,normal
0,tcp,ftp_data,RSTO,83,48,0,0,0,0,0,0,1,0,0,0,0,0,0,23,16,0.129,0.233,0.684,24,29,normal
0,udp,smtp,RSTR,1205,187,0,0,0,0,0,1,0,0,0,0,0,0,0,17,17,0.232,0.193,0.95,34,19,normal
7,icmp,ftp,RSTO,1944,12,0,0,0,6,0,0,1,0,0,1,1,0,0,107,122,0.879,0.808,0.289,10,6,dos
1,udp,imap,SF,1328,52,0,0,0,1,0,1,0,0,0,0,0,0,0,20,14,0.192,0.082,0.701,24,20,normal
1,udp,pop3,SF,4591,63,0,0,0,0,0,0,0,0,0,0,1,0,0,20,18,0.174,0.157,0.943,35,35,normal
2,tcp,ftp_data,RSTR,118,89,0,0,0,5,0,0,3,0,0,1,1,0,2,124,107,0.9,0.752,0.025,7,9,dos
2,tcp,ssh,REJ,1892,43,0,0,0,1,0,1,0,0,0,0,1,0,0,23,16,0.149,0.138,0.381,31,23,normal
4,tcp,http,RSTO,14,699,0,0,0,6,0,0,0,0,0,0,0,0,0,113,111,0.954,0.546,0.057,8,11,probe
1,icmp,imap,SH,99,703,0,0,0,4,0,1,2,0,0,0,0,0,0,18,12,0.315,0.136,0.317,35,22,normal
0,udp,http,SF,1229,333,0,0,0,3,0,1,0,0,0,1,0,0,0,22,17,0.098,0.342,0.48,36,19,normal
2,tcp,ssh,REJ,269,7,0,0,0,1,0,0,1,0,0,0,0,0,0,112,116,0.723,0.958,0.442,9,6,dos
1,tcp,ftp_data,RSTR,370,104,0,0,0,1,0,0,1,0,0,0,0,0,0,19,6,0.069,0.014,0.861,22,17,normal
0,udp,http,SF,1360,236,0,0,0,2,0,1,0,0,0,0,0,0,0,21,20,0.434,0.224,0.825,31,15,normal
2,tcp,ftp_data,S0,993,82,0,0,0,0,0,1,0,0,0,0,0,0,0,19,13,0.234,0.075,0.708,35,19,normal
1,tcp,ftp_data,SH,2789,278,0,0,0,0,0,0,0,0,0,0,0,0,0,15,23,0.228,0.069,0.592,34,19,normal
2,icmp,ftp,SH,2888,4799,0,0,0,2,0,0,0,0,0,0,0,0,0,25,15,0.108,0.131,0.744,37,23,normal
40,icmp,ftp,SH,66,9,0,0,0,4,1,0,3,0,0,1,1,0,3,129,104,0.968,0.914,0.129,26,6,dos
0,tcp,pop3,RSTO,128,331,0,0,0,3,0,0,0,0,0,1,0,0,0,20,19,0.11,0.044,0.752,47,18,normal
2,icmp,ftp,S0,432,171,0,0,0,0,0,1,0,0,0,0,0,0,0,17,27,0.066,0.036,0.982,37,32,normal
0,udp,telnet,SF,59,22,0,0,0,7,0,0,4,0,0,0,3,0,2,119,124,0.862,0.783,0.552,11,9,probe
3,icmp,ssh,RSTR,42,411,0,0,0,5,0,0,3,0,0,2,0,0,0,128,128,0.731,0.515,0.074,8,7,r2l
3,tcp,telnet,SH,627,112,0,0,0,1,0,1,0,0,0,0,0,0,0,18,16,0.087,0.218,0.847,36,26,normal
5,tcp,dns,SH,30,456,0,0,0,6,0,0,3,0,0,1,0,0,0,131,111,0.957,0.985,0.111,18,12,u2r
5,icmp,telnet,RSTO,14,36,0,0,0,4,1,0,1,1,0,2,0,0,0,138,123,0.995,0.986,0.204,14,5,r2l
4,udp,http,RSTO,422,935,0,0,0,1,0,0,0,0,0,0,0,0,0,14,19,0.063,0.117,0.703,37,18,normal
0,udp,imap,REJ,2169,119,0,0,0,0,0,1,0,0,0,0,0,0,0,15,18,0.095,0.09,0.711,43,27,normal
10,icmp,smtp,SH,406,237,0,0,0,1,0,0,2,0,0,0,1,0,0,109,126,0.846,0.881,0.126,12,14,dos
7,udp,ftp,SF,443,256,0,0,0,0,0,1,0,0,0,0,0,0,0,14,16,0.103,0.133,0.878,30,24,normal
0,icmp,http,SF,371,44,0,0,0,1,0,1,0,0,0,0,0,0,0,22,15,0.106,0.019,0.854,35,31,normal
30,icmp,ftp_data,SF,27,29,0,0,0,8,2,0,1,0,0,0,0,0,0,125,113,0.949,0.718,0.09,13,16,probe
11,icmp,ftp,RSTO,169,8,0,0,0,6,0,0,1,0,0,1,0,0,1,107,97,0.763,0.959,0.06,8,10,dos
3,icmp,http,SH,154,373,0,0,0,0,0,1,0,0,0,0,0,0,0,22,16,0.48,0.145,0.903,31,18,normal
0,icmp,pop3,SH,252,519,0,0,0,1,0,1,0,0,0,0,0,0,0,19,19,0.202,0.563,0.373,30,27,normal
1,icmp,imap,SF,791,292,0,0,0,1,0,1,0,0,0,0,0,0,0,17,18,0.041,0.243,0.59,43,25,normal
13,udp,dns,RSTO,495,66,0,0,0,9,0,0,1,0,0,1,1,0,0,105,114,0.503,0.709,0.047,15,10,dos
1,tcp,ftp_data,SF,308,82,0,0,0,1,0,0,2,0,0,0,0,0,0,22,18,0.017,0.32,0.743,38,31,normal
0,icmp,smtp,SH,1035,164,0,0,0,0,0,1,0,0,0,0,0,0,0,19,20,0.188,0.133,0.929,36,20,normal
4,tcp,ssh,SH,307,947,0,0,0,1,0,1,0,0,0,0,0,0,0,15,16,0.511,0.174,0.919,44,26,normal
2,tcp,dns,S0,1080,1130,0,0,0,0,0,1,1,0,0,1,0,0,0,23,14,0.086,0.263,0.9,42,27,normal
1,tcp,pop3,RSTO,354,1227,0,0,0,1,0,1,1,0,0,1,0,0,0,29,17,0.203,0.068,0.892,26,33,normal
13,udp,smtp,RSTO,100,285,0,0,0,1,0,0,0,0,0,0,0,0,0,21,18,0.372,0.025,0.946,37,17,normal
3,tcp,imap,S0,31,11,0,0,0,2,1,0,3,0,0,1,0,0,1,129,109,0.966,0.785,0.156,12,7,dos
2,udp,ssh,RSTR,2011,482,0,0,0,0,0,1,0,0,0,0,0,0,0,23,14,0.081,0.163,0.846,33,28,normal
14,udp,imap,S0,9,12,0,0,0,4,0,0,2,0,0,2,2,0,1,116,106,0.939,0.992,0.023,16,12,dos
0,icmp,ssh,RSTO,214,226,0,0,0,1,0,1,0,0,0,0,0,0,0,19,11,0.082,0.021,0.558,27,27,normal
0,udp,ftp_data,SF,2357,411,0,0,0,2,0,1,0,0,0,1,0,0,1,18,12,0.38,0.177,0.567,35,37,normal
16,icmp,telnet,REJ,29,2313,0,1,0,11,0,0,2,0,0,0,0,0,0,110,108,0.886,0.877,0.162,19,4,probe
3,udp,ftp,REJ,31,24,0,0,0,7,0,0,1,0,0,0,1,0,0,130,109,0.982,0.923,0.081,9,19,dos
7,udp,http,REJ,132,143,0,0,0,2,0,1,0,0,0,0,0,0,0,24,20,0.15,0.127,0.913,43,20,normal
1,tcp,pop3,RSTO,320,419,0,0,0,3,0,1,0,0,0,0,0,0,0,20,15,0.104,0.288,0.76,29,21,normal
13,icmp,pop3,RSTO,31,201,0,0,0,4,0,0,2,0,0,2,1,0,1,112,107,0.894,0.981,0.351,17,8,r2l
10,udp,dns,SH,265,270,0,0,0,1,0,0,0,0,0,0,0,0,0,22,11,0.231,0.105,0.733,34,27,normal
3,tcp,http,RSTR,412,571,0,0,0,1,0,1,0,0,0,0,0,0,0,24,15,0.42,0.094,0.862,39,28,normal
12,udp,http,SF,84,341,0,0,1,3,0,0,3,0,0,0,0,1,0,141,143,0.929,0.669,0.369,15,8,dos
63,tcp,dns,SH,145,0,0,0,0,4,1,0,2,0,0,0,1,0,0,129,116,0.508,0.856,0.249,16,7,dos
2,icmp,imap,RSTO,3477,57,0,0,0,1,0,1,0,0,0,0,0,0,0,27,12,0.03,0.094,0.616,34,26,normal
9,tcp,ftp,SF,86,199,0,0,0,2,0,0,0,0,0,0,1,0,0,16,10,0.143,0.257,0.944,32,25,normal
8,udp,http,RSTO,66,244,0,0,0,3,1,0,1,0,0,1,0,0,0,123,118,0.651,0.775,0.325,16,10,probe
0,icmp,imap,REJ,281,19,0,0,0,4,0,0,1,0,0,3,0,0,1,129,91,0.956,0.88,0.009,10,10,dos
5,tcp,http,SH,74,29,0,0,0,7,0,0,0,0,0,1,2,0,0,127,103,0.835,0.826,0.259,11,10,dos
19,tcp,ftp,RSTR,24,21,0,0,0,4,1,0,1,0,0,0,0,0,0,109,112,0.897,0.712,0.136,17,8,probe
0,icmp,ssh,S0,1472,433,0,0,0,0,0,1,2,0,0,0,0,0,0,16,6,0.624,0.442,0.793,33,23,normal
3,icmp,pop3,SH,388,539,0,0,0,2,0,1,0,0,0,0,1,0,0,26,16,0.029,0.056,0.726,44,18,normal
4,tcp,dns,S0,865,1828,0,0,0,1,0,1,0,0,0,1,0,0,0,24,19,0.164,0.054,0.874,37,21,normal
2,udp,http,RSTR,119,11,0,0,0,6,0,0,2,0,0,1,0,0,0,135,121,0.965,0.872,0.424,8,11,dos
0,icmp,telnet,RSTO,353,442,0,0,0,2,0,1,0,0,0,0,1,0,0,17,16,0.361,0.205,0.853,35,31,normal
0,tcp,ftp_data,RSTR,387,526,0,0,0,2,0,1,0,0,0,0,0,0,0,20,16,0.157,0.078,0.637,41,18,normal
3,icmp,telnet,RSTR,903,133,0,0,0,2,0,1,0,0,0,0,1,0,0,22,18,0.3,0.08,0.962,38,37,normal
1,udp,http,S0,5087,252,0,0,0,1,0,1,0,0,0,1,0,0,0,36,14,0.523,0.011,0.794,27,23,normal
2,icmp,telnet,RSTO,830,546,0,0,0,0,0,1,0,0,0,0,0,0,0,32,15,0.36,0.304,0.706,37,17,normal
0,tcp,telnet,S0,543,600,0,0,0,1,0,1,1,0,0,1,0,0,0,19,16,0.13,0.201,0.712,39,17,normal
18,icmp,smtp,RSTO,210,93,0,0,0,7,1,0,3,0,0,2,2,0,0,114,118,0.745,0.642,0.13,12,8,probe
17,icmp,http,RSTR,33,39,0,0,0,4,2,0,0,0,0,0,0,0,1,113,121,0.953,0.705,0.248,10,6,dos
3,icmp,imap,RSTR,3,64,0,0,0,7,0,0,0,0,0,0,1,0,0,98,98,0.676,0.517,0.032,19,6,r2l
21,udp,ftp_data,SF,4473,35,0,0,0,9,1,0,4,0,0,0,0,0,0,125,117,0.594,0.855,0.03,12,6,r2l
17,tcp,imap,RSTO,360,7,0,0,0,8,1,0,0,0,0,1,3,0,0,130,95,0.922,0.887,0.155,14,11,u2r
0,icmp,ftp,RSTR,382,2857,0,0,0,1,0,1,0,0,0,0,0,0,0,14,14,0.036,0.069,0.892,35,24,normal
0,icmp,ftp,SH,792,1596,0,0,0,2,0,1,0,0,0,1,0,0,0,16,19,0.331,0.062,0.635,42,28,normal
0,icmp,pop3,REJ,662,186,0,0,0,2,0,0,0,0,0,0,0,0,0,17,17,0.022,0.345,0.884,32,29,normal
1,udp,imap,RSTR,241,247,0,0,0,1,0,1,0,0,0,0,0,0,0,22,22,0.068,0.196,0.773,41,26,normal
5,udp,pop3,SH,127,544,0,0,0,0,0,1,0,0,0,0,0,0,0,23,15,0.032,0.181,0.637,36,23,normal
2,icmp,http,S0,297,923,0,0,0,1,0,1,1,0,0,0,0,0,0,16,16,0.108,0.067,0.97,32,21,normal
3,udp,smtp,RSTO,635,776,0,0,0,1,0,1,0,0,0,0,0,0,0,19,14,0.193,0.022,0.743,33,28,normal
0,icmp,ftp_data,S0,536,64,0,0,0,3,0,1,0,0,0,0,0,0,0,19,14,0.106,0.288,0.808,38,25,normal
2,tcp,ftp,S0,1074,672,0,0,0,0,0,1,0,0,0,0,0,0,1,19,19,0.113,0.419,0.749,36,18,normal
2,tcp,ssh,S0,17,52,0,0,0,5,1,0,3,0,0,1,1,0,2,116,107,0.89,0.962,0.085,10,13,dos
18,udp,dns,S0,24,94,0,0,0,5,0,0,3,0,0,0,1,0,0,118,117,0.831,0.691,0.122,12,12,probe
2,udp,imap,SF,52,2,0,1,0,6,1,0,1,0,0,1,0,0,1,116,100,0.755,0.624,0.192,10,8,dos
0,icmp,pop3,REJ,348,97,0,0,0,6,0,1,2,0,0,0,2,0,1,120,104,0.732,0.989,0.049,9,11,dos
2,tcp,pop3,S0,200,379,0,0,0,1,0,0,0,0,0,0,0,0,0,19,20,0.013,0.197,0.645,41,24,normal
2,tcp,ftp_data,RSTR,293,909,0,0,0,3,0,1,0,0,0,1,0,0,0,21,12,0.36,0.016,0.732,40,26,normal
27,tcp,pop3,REJ,66,89,0,0,0,5,0,0,2,0,0,0,0,0,2,113,114,0.677,0.842,0.035,12,10,dos
14,icmp,telnet,RSTR,26,14,0,0,0,3,0,0,2,0,0,2,2,0,1,103,119,0.843,0.966,0.397,12,11,probe
3,icmp,ftp,SF,211,246,0,0,0,1,0,0,0,0,0,0,0,0,0,30,12,0.313,0.003,0.678,45,25,normal
17,udp,imap,S0,23,16,0,0,0,3,2,0,2,0,0,0,0,0,1,123,107,0.937,0.82,0.019,13,9,dos
25,tcp,ftp_data,SH,454,1,0,0,0,7,0,0,1,0,0,6,1,0,0,138,117,0.872,0.795,0.111,10,10,dos
20,tcp,ssh,S0,432,58,0,0,0,6,0,0,1,0,0,0,1,0,0,112,112,0.991,0.918,0.045,11,9,dos
16,udp,ssh,REJ,208,38,0,1,0,6,0,0,2,0,0,0,0,0,0,122,137,0.835,0.9,0.275,12,8,dos
3,tcp,pop3,RSTO,549,18,0,0,0,5,1,0,1,0,0,0,0,0,2,140,106,0.761,0.909,0.076,9,15,dos
0,udp,pop3,SH,632,1186,0,0,0,1,0,1,0,0,0,0,0,0,0,20,18,0.244,0.207,0.713,25,33,normal
0,icmp,dns,S0,767,314,0,0,0,0,0,1,1,0,0,1,0,0,0,18,12,0.126,0.13,0.812,40,20,normal
117,udp,ssh,RSTO,38,100,0,0,0,5,0,1,3,0,0,1,0,0,1,124,97,0.811,0.903,0.399,13,12,dos
8,icmp,pop3,S0,639,1812,0,0,0,1,0,1,0,0,0,0,0,0,0,23,17,0.008,0.016,0.691,39,31,normal
1,tcp,pop3,RSTR,1219,94,0,0,0,0,0,1,0,0,0,0,0,0,0,18,19,0.273,0.111,0.951,42,28,normal
6,icmp,pop3,RSTR,418,419,0,0,0,3,0,1,0,0,0,1,0,0,0,16,14,0.02,0.187,0.87,40,23,normal
1,tcp,http,SH,696,92,0,0,0,1,0,1,0,0,0,0,0,0,0,11,22,0.284,0.169,0.928,37,21,normal
27,udp,imap,SH,12,11,0,1,0,7,2,0,1,0,0,0,0,0,0,118,108,0.924,0.921,0.195,8,9,dos
3,icmp,ssh,SF,243,223,0,0,0,0,0,1,1,0,0,1,0,0,0,16,16,0.008,0.194,0.748,38,25,normal
6,tcp,ssh,RSTO,56,6,0,0,0,3,0,0,2,0,0,0,0,0,0,144,113,0.91,0.723,0.343,15,8,dos
2,tcp,ssh,S0,703,124,0,0,0,2,0,0,0,0,0,0,0,0,0,19,20,0.181,0.1,0.805,33,25,normal
0,udp,smtp,SH,3523,206,0,0,0,0,0,1,0,0,0,0,0,0,0,23,19,0.07,0.084,0.812,38,22,normal
23,tcp,smtp,S0,27,2,0,0,0,4,0,0,1,0,0,0,0,0,1,103,121,0.956,0.626,0.137,17,16,u2r
0,udp,ftp_data,RSTR,1326,546,0,0,0,1,0,0,0,0,0,2,0,0,0,24,15,0.27,0.015,0.794,27,28,normal
8,udp,telnet,RSTO,115,30,0,0,0,7,0,0,1,0,0,2,0,0,1,125,110,0.914,0.788,0.12,17,10,dos
0,icmp,http,SF,1325,172,0,0,0,2,0,1,2,0,0,1,1,0,0,21,9,0.192,0.273,0.988,30,26,normal
12,tcp,imap,SH,41,6,1,0,0,8,0,1,1,0,0,1,0,0,1,131,109,0.996,0.959,0.239,11,9,u2r
2,udp,smtp,SH,402,26,0,0,0,5,0,0,3,0,0,1,1,0,0,120,104,0.825,0.984,0.084,17,14,dos
0,tcp,dns,SF,1038,1815,0,0,0,2,0,1,0,0,0,1,0,0,0,13,17,0.12,0.296,0.386,27,27,normal
2,tcp,smtp,SF,361,143,0,0,0,5,0,1,0,0,0,0,0,0,0,20,15,0.151,0.065,0.723,43,24,normal
11,icmp,imap,S0,107,111,0,0,0,4,2,0,2,0,0,1,2,0,0,120,110,0.835,0.847,0.068,13,7,r2l
1,icmp,imap,SH,526,1514,0,0,0,0,0,1,0,0,0,0,0,0,1,23,12,0.282,0.204,0.921,24,18,normal
22,tcp,telnet,SF,690,214,0,0,0,6,0,0,1,0,0,1,0,0,0,116,96,0.913,0.89,0.003,8,8,probe
1,udp,smtp,S0,1916,71,0,0,0,0,0,0,0,0,0,0,0,0,0,19,14,0.139,0.157,0.742,38,24,normal
2,udp,imap,RSTO,394,2453,0,0,0,0,0,0,0,0,0,0,1,0,0,21,12,0.029,0.024,0.976,37,31,normal
6,tcp,smtp,S0,185,1,0,0,0,3,0,0,3,0,0,0,2,0,1,119,100,0.869,0.928,0.337,14,4,dos
1,tcp,pop3,REJ,821,233,0,0,0,0,0,1,0,0,0,0,1,0,0,17,21,0.042,0.14,0.823,36,25,normal
0,tcp,imap,RSTO,84,557,0,0,0,0,0,0,1,0,0,0,0,0,0,17,14,0.061,0.11,0.495,33,19,normal
31,udp,imap,RSTO,65,15,0,0,0,4,0,0,4,0,0,1,2,0,1,119,113,0.841,0.991,0.234,19,13,dos
29,icmp,http,SF,50,120,0,0,0,8,2,0,2,0,0,0,5,0,1,118,110,0.97,0.791,0.345,15,5,dos
41,icmp,ssh,S0,46,3,0,0,0,7,0,0,2,0,0,0,0,0,0,132,115,0.936,0.974,0.388,10,14,probe
0,tcp,http,SF,299,257,0,0,0,1,0,1,0,0,0,0,0,0,0,19,16,0.18,0.282,0.814,28,25,normal
0,tcp,pop3,SH,533,438,0,0,0,1,0,1,0,0,0,1,0,0,0,20,13,0.026,0.006,0.64,36,27,normal
1,tcp,dns,REJ,68,190,0,0,0,2,0,1,0,0,0,0,0,0,0,21,10,0.206,0.246,0.633,31,17,normal
0,tcp,http,RSTO,886,68,0,0,0,0,0,0,0,0,0,0,0,0,0,25,18,0.087,0.226,0.974,43,23,normal
4,tcp,smtp,SF,662,1566,0,0,0,1,0,1,0,0,0,0,0,0,0,15,12,0.084,0.165,0.837,34,41,normal
0,tcp,ssh,SH,67,106,0,0,0,0,0,1,0,0,0,0,0,0,0,27,11,0.022,0.167,0.895,39,23,normal
6,tcp,telnet,S0,3891,735,0,0,0,0,0,1,0,0,0,0,0,0,0,12,21,0.045,0.384,0.891,33,28,normal
16,udp,pop3,SH,5,30,0,0,0,1,0,0,3,0,0,3,2,0,0,126,107,0.996,0.919,0.048,16,17,dos
3,icmp,imap,RSTR,1190,176,0,0,0,1,0,1,0,0,0,0,0,0,0,19,16,0.134,0.18,0.887,38,20,normal
23,tcp,http,S0,70,83,0,0,0,4,1,0,1,0,0,0,2,0,1,146,109,0.773,0.955,0.073,13,9,r2l
29,udp,ftp_data,S0,61,29,0,0,0,8,1,0,2,0,0,0,0,0,1,125,108,0.98,0.912,0.158,9,7,probe
4,icmp,dns,SH,252,440,0,0,0,1,0,1,0,0,0,0,0,0,0,19,18,0.248,0.078,0.964,32,25,normal
9,udp,http,RSTO,74,1,0,0,0,2,1,0,1,0,0,1,2,0,1,113,115,0.816,0.904,0.477,16,6,dos
1,tcp,pop3,S0,599,59,0,0,0,0,0,1,1,0,0,0,0,0,0,15,19,0.232,0.01,0.798,33,23,normal
1,tcp,ssh,S0,229,304,0,0,0,2,0,1,0,0,0,0,0,0,0,15,21,0.121,0.259,0.861,32,25,normal
3,icmp,http,SF,281,2219,0,0,0,0,0,1,0,0,0,0,0,0,0,16,16,0.085,0.304,0.541,36,18,normal
36,udp,http,S0,49,10,0,0,0,3,0,0,2,0,0,2,2,0,0,129,119,0.859,0.852,0.267,9,7,dos
2,icmp,pop3,RSTR,56,62,0,0,0,1,0,0,3,0,0,2,0,0,0,128,117,0.751,0.925,0.177,11,10,dos
29,icmp,ftp_data,SH,64,1,0,0,0,6,0,0,1,0,0,0,0,0,0,105,112,0.984,0.945,0.172,15,16,probe
4,udp,dns,RSTO,5858,246,0,0,0,1,0,1,0,0,0,0,1,0,0,19,14,0.28,0.034,0.757,50,29,normal
15,icmp,pop3,REJ,72,52,0,0,1,1,1,0,2,0,0,1,0,0,0,116,100,0.897,0.722,0.102,13,11,dos
12,tcp,dns,SH,34,15,0,0,0,5,1,0,4,0,0,1,2,0,1,123,101,0.98,0.632,0.116,12,12,probe
0,udp,http,REJ,192,1168,0,0,0,1,0,1,0,0,0,0,1,0,0,17,14,0.053,0.403,0.676,26,23,normal
1,icmp,http,RSTR,101,2528,0,0,0,4,0,1,1,0,0,0,0,0,0,22,14,0.084,0.133,0.816,26,27,normal
3,udp,ssh,SF,542,177,0,0,0,3,0,1,0,0,0,0,0,0,0,24,17,0.069,0.01,0.88,32,24,normal
4,icmp,pop3,RSTO,805,46,0,0,0,2,0,0,2,0,0,1,1,0,0,126,110,0.763,0.618,0.141,11,4,dos
1,tcp,dns,SH,39,2,0,0,0,4,2,0,1,0,0,1,0,0,0,112,109,0.936,0.955,0.03,15,14,probe
1,udp,imap,RSTR,947,327,0,0,0,0,0,0,0,0,0,0,0,0,0,26,19,0.077,0.262,0.901,26,26,normal
0,udp,telnet,REJ,2445,279,0,0,0,1,0,0,0,0,0,0,0,0,0,22,12,0.301,0.109,0.665,39,26,normal
41,udp,ftp_data,REJ,40,63,0,0,0,5,0,1,3,0,0,1,0,0,1,87,84,0.723,0.902,0.323,9,8,r2l
0,tcp,http,REJ,2880,397,0,0,0,1,0,1,0,0,0,0,0,0,0,20,7,0.144,0.23,0.712,40,22,normal
0,udp,ssh,SF,834,28,0,0,0,4,2,0,6,0,0,1,1,0,1,116,107,0.769,0.779,0.147,10,13,dos
10,udp,telnet,REJ,639,63,0,0,0,14,0,0,0,0,0,1,1,0,1,106,119,0.859,0.91,0.205,10,8,dos
7,icmp,ftp,S0,1530,195,0,0,0,0,0,1,0,0,0,0,0,0,0,16,6,0.037,0.009,0.822,35,31,normal
11,icmp,telnet,S0,45,0,0,0,1,1,1,0,1,1,0,0,0,0,0,123,120,0.968,0.772,0.596,11,7,dos
1,tcp,telnet,RSTR,86,818,0,0,0,2,0,1,1,0,0,0,0,0,0,17,12,0.377,0.658,0.873,36,17,normal
12,tcp,ftp_data,RSTR,141,50,0,0,0,2,1,0,0,0,0,1,2,0,0,109,108,0.965,0.918,0.132,15,7,dos
3,icmp,ssh,RSTO,955,309,0,0,0,3,0,1,0,0,0,1,0,0,0,17,14,0.147,0.269,0.697,38,17,normal
15,icmp,dns,REJ,41,26,0,0,0,3,2,0,4,0,0,2,1,0,1,120,108,0.953,0.93,0.417,12,9,dos
4,tcp,ssh,RSTO,2176,231,0,0,0,0,0,1,0,0,0,0,0,0,0,18,16,0.485,0.245,0.716,27,33,normal
9,icmp,ftp_data,SH,162,214,0,0,0,6,0,0,1,0,0,0,0,0,1,130,121,0.89,0.983,0.528,11,14,probe
0,udp,ftp,RSTR,958,495,0,0,0,0,0,1,0,0,0,0,0,0,0,21,14,0.58,0.163,0.961,23,19,normal
8,icmp,pop3,RSTO,399,1247,0,0,0,1,0,1,0,0,0,0,0,0,0,22,14,0.212,0.083,0.931,42,22,normal
0,tcp,smtp,SH,274,413,0,0,0,0,0,1,1,0,0,0,0,0,0,16,15,0.113,0.148,0.843,40,32,normal
0,icmp,telnet,RSTR,230,73,0,0,0,6,0,0,2,0,0,2,1,0,0,123,101,0.656,0.827,0.049,15,10,r2l
0,tcp,ssh,RSTO,1916,3417,0,0,0,0,0,1,0,0,0,0,0,0,0,21,14,0.374,0.194,0.735,32,20,normal
1,icmp,pop3,S0,2712,270,0,0,0,1,0,1,0,0,0,0,0,0,0,26,11,0.306,0.01,0.717,34,27,normal
4,icmp,telnet,RSTO,107,42,0,0,0,4,0,0,2,0,0,0,0,0,0,125,121,0.963,0.914,0.157,13,13,probe
0,tcp,imap,SH,209,323,0,0,0,1,0,1,1,0,0,0,0,0,0,22,13,0.091,0.21,0.924,30,25,normal
2,udp,ssh,RSTO,829,87,0,0,0,0,0,1,0,0,0,0,0,0,0,23,18,0.039,0.019,0.873,37,28,normal
3,icmp,ftp,REJ,269,1,0,0,0,7,0,0,3,0,0,1,1,0,2,119,110,0.942,0.953,0.374,12,8,dos
5,tcp,dns,SF,192,272,0,0,0,2,0,1,0,0,0,0,0,0,0,18,12,0.102,0.064,0.976,42,15,normal
0,tcp,imap,RSTO,745,337,0,0,0,1,0,1,0,0,0,1,0,0,0,13,9,0.176,0.033,0.817,35,17,normal
1,udp,imap,SH,788,473,0,0,0,0,0,1,0,0,0,0,0,0,0,16,19,0.245,0.127,0.657,25,25,normal
8,icmp,http,REJ,629,3,0,0,0,10,1,0,4,0,1,0,0,0,0,121,91,0.755,0.753,0.193,10,11,probe
3,tcp,imap,SF,2430,220,0,0,0,0,0,1,0,0,0,0,0,0,0,25,15,0.065,0.273,0.881,23,29,normal
26,icmp,ssh,S0,127,121,0,0,0,11,2,0,4,0,0,0,0,0,0,135,114,0.959,0.644,0.236,7,11,dos
3,udp,ftp_data,S0,345,332,0,0,0,0,0,1,0,0,0,0,0,0,0,25,17,0.319,0.006,0.873,45,23,normal
1,icmp,imap,RSTO,843,321,0,0,0,1,0,1,0,0,0,0,0,0,0,19,9,0.109,0.16,0.655,38,24,normal
3,tcp,telnet,RSTR,2750,37,0,0,0,5,0,1,0,1,0,0,1,0,0,122,106,0.949,0.711,0.624,9,7,dos
0,icmp,ssh,SF,370,172,0,0,0,2,0,1,0,0,0,2,0,0,0,26,17,0.314,0.113,0.924,32,23,normal
3,udp,telnet,S0,309,1326,0,0,0,2,0,1,0,0,0,0,0,0,0,23,13,0.072,0.024,0.624,30,25,normal
2,tcp,imap,RSTR,429,118,0,0,0,2,0,0,1,0,0,0,0,0,0,20,14,0.216,0.016,0.582,32,22,normal
2,tcp,ftp_data,S0,552,163,0,0,0,1,0,1,0,0,0,0,0,0,0,24,7,0.295,0.348,0.962,31,25,normal
0,icmp,imap,SF,1151,399,0,0,0,0,0,1,0,0,0,0,1,0,0,22,10,0.031,0.047,0.764,26,25,normal
0,tcp,ftp,RSTO,173,761,0,0,0,3,0,1,1,0,0,0,0,0,0,20,18,0.012,0.028,0.339,24,21,normal
4,icmp,ftp_data,RSTR,380,7,0,0,0,2,1,0,2,0,0,0,2,0,1,122,107,0.764,0.793,0.297,10,13,dos
60,tcp,imap,RSTR,24,21,0,0,0,1,0,1,7,0,0,1,0,0,0,113,96,0.836,0.919,0.093,13,10,probe
11,udp,telnet,REJ,11,17,0,0,0,3,0,0,4,0,0,0,1,0,0,120,101,0.9,0.99,0.354,11,7,probe
20,udp,telnet,REJ,188,4,0,0,0,4,1,1,3,0,0,1,2,0,0,112,106,0.718,0.791,0.419,15,14,dos
1,udp,telnet,SH,1395,448,0,0,0,2,0,0,0,0,0,1,0,0,0,22,16,0.152,0.157,0.648,32,23,normal
3,icmp,ftp_data,REJ,681,2296,0,0,0,1,0,0,0,0,0,0,1,0,0,25,14,0.334,0.01,0.894,39,27,normal
2,icmp,pop3,REJ,494,228,0,0,0,1,0,1,0,0,0,0,0,0,0,17,18,0.002,0.147,0.741,38,25,normal
0,icmp,pop3,S0,1535,6882,0,0,0,0,0,1,0,0,0,0,0,0,0,27,10,0.122,0.168,0.956,31,22,normal
0,udp,smtp,S0,536,355,0,0,0,1,0,1,0,0,0,0,0,0,0,25,9,0.097,0.038,0.702,38,24,normal
13,icmp,ssh,S0,105,611,0,0,0,1,0,1,1,0,0,0,0,0,0,18,9,0.253,0.018,0.949,33,24,normal
11,tcp,ssh,RSTR,120,4,0,0,0,8,0,0,0,0,0,0,0,0,0,113,114,0.903,0.747,0.259,12,11,dos
0,icmp,http,S0,2665,1245,0,0,0,0,0,1,1,0,0,0,0,0,0,22,10,0.126,0.118,0.533,26,26,normal
0,udp,smtp,S0,208,95,0,0,0,2,0,1,0,0,0,0,0,0,0,18,12,0.131,0.17,0.818,34,20,normal
0,icmp,imap,SF,594,516,0,0,0,0,0,1,0,0,0,1,0,0,0,23,18,0.045,0.226,0.756,33,24,normal
1,icmp,ftp_data,RSTR,413,2216,0,0,0,1,0,0,1,0,0,0,0,0,0,19,17,0.061,0.018,0.975,34,28,normal
1,tcp,ssh,S0,416,119,0,0,0,0,0,1,0,0,0,0,0,0,0,11,11,0.307,0.031,0.789,30,23,normal
0,icmp,ftp,RSTR,66,109,1,0,0,6,0,0,4,0,0,0,2,0,2,139,107,0.618,0.523,0.372,4,12,dos
3,udp,smtp,RSTR,18,1062,0,0,0,4,0,1,0,0,0,0,0,0,0,28,12,0.049,0.089,0.898,28,28,normal
0,icmp,smtp,SH,238,249,0,0,0,1,0,1,0,0,0,0,0,0,0,16,12,0.278,0.186,0.891,28,21,normal
34,icmp,ftp,REJ,949,20,0,0,0,4,2,1,3,0,0,2,0,0,1,113,101,0.594,0.867,0.232,9,8,dos
1,tcp,imap,SF,1675,265,0,0,0,1,0,1,0,0,0,1,0,0,0,18,18,0.119,0.038,0.955,29,30,normal
23,tcp,pop3,RSTR,493,128,0,1,0,9,2,0,2,0,0,1,1,0,1,113,113,0.973,0.818,0.672,13,20,dos
0,udp,ssh,RSTO,2459,432,0,0,0,0,0,1,0,0,0,0,0,0,0,19,17,0.216,0.228,0.87,35,29,normal
1,icmp,imap,REJ,5297,786,0,0,0,1,0,0,0,0,0,1,0,0,0,19,13,0.113,0.135,0.854,30,28,normal
2,udp,dns,S0,791,460,0,0,0,3,0,1,1,0,0,0,0,0,0,13,18,0.167,0.077,0.891,28,26,normal
0,icmp,telnet,RSTR,226,139,0,0,0,7,0,0,1,0,0,1,1,0,0,142,127,0.93,0.6,0.086,11,9,dos
8,icmp,ftp,SH,35,20,0,0,0,4,1,0,0,0,0,1,0,0,1,103,121,0.966,0.808,0.211,17,9,dos
2,tcp,http,REJ,22,134,0,0,0,3,0,0,4,0,0,1,0,0,2,121,113,0.958,0.682,0.155,10,14,r2l
1,icmp,imap,RSTO,171,267,0,0,0,2,0,1,0,0,0,0,0,0,0,12,15,0.211,0.153,0.655,41,28,normal
0,icmp,http,RSTO,463,133,0,0,0,0,0,0,0,0,0,0,0,0,0,29,10,0.35,0.003,0.895,34,21,normal
0,tcp,dns,RSTR,1646,143,0,0,0,2,0,1,0,0,0,0,1,0,0,16,13,0.042,0.139,0.951,40,23,normal
15,udp,ftp,RSTR,10,5,0,0,0,4,2,0,2,0,0,0,1,0,0,122,128,0.923,0.928,0.151,14,14,dos
1,udp,telnet,RSTR,484,265,0,0,0,1,0,1,0,0,0,0,0,0,0,32,14,0.523,0.006,0.954,39,24,normal
0,tcp,ftp_data,SH,419,219,0,0,0,0,0,0,0,0,0,0,1,0,0,18,12,0.28,0.087,0.788,35,22,normal
0,icmp,imap,REJ,762,183,0,0,0,4,0,1,0,0,0,0,0,0,0,22,14,0.178,0.116,0.792,28,26,normal
1,icmp,pop3,S0,3991,858,0,0,0,3,0,1,0,0,0,1,0,0,0,27,16,0.001,0.044,0.943,32,30,normal
3,tcp,ftp_data,S0,71,25,0,0,0,3,0,0,4,0,0,0,1,0,0,131,100,0.849,0.911,0.009,11,9,dos
42,tcp,telnet,RSTO,98,336,0,0,0,4,0,0,2,0,0,1,0,0,0,119,110,0.766,0.811,0.085,9,10,dos
8,tcp,ssh,RSTO,34,0,0,0,0,1,0,0,4,0,0,0,1,0,2,121,101,0.734,0.946,0.088,13,9,dos
5,udp,smtp,REJ,2707,666,0,0,0,0,0,0,0,0,0,0,0,0,1,20,14,0.113,0.106,0.968,39,20,normal
0,icmp,ftp,SF,2500,164,0,0,0,2,0,1,0,0,0,1,0,0,0,19,11,0.345,0.187,0.9,47,32,normal
18,icmp,ftp,RSTR,6,19,1,0,0,5,1,0,2,0,0,1,0,0,0,120,117,0.953,0.657,0.2,11,14,probe
1,udp,smtp,SH,2156,685,0,0,0,0,0,1,0,0,0,1,0,0,0,20,15,0.178,0.307,0.827,22,18,normal
0,udp,ssh,RSTO,128,329,0,0,0,0,0,1,0,0,0,0,0,0,1,18,17,0.23,0.187,0.823,40,21,normal
6,tcp,http,RSTR,47,88,0,0,0,0,0,1,0,0,0,0,0,0,1,22,10,0.047,0.036,0.855,33,18,normal
2,udp,telnet,SH,881,278,0,0,0,0,0,1,0,0,0,0,0,0,0,18,25,0.016,0.187,0.773,46,26,normal
1,tcp,smtp,RSTR,1149,466,0,0,0,1,0,1,0,0,0,0,0,0,0,20,18,0.016,0.347,0.866,42,25,normal
33,tcp,telnet,SH,90,34,0,0,0,7,1,0,2,0,0,0,0,0,0,144,113,0.84,0.648,0.052,15,5,dos
2,icmp,imap,REJ,931,90,0,0,0,4,0,1,0,0,0,0,0,0,0,14,18,0.082,0.055,0.884,41,22,normal
11,icmp,ssh,SF,102,576,0,0,0,3,0,1,0,0,0,1,0,0,0,20,16,0.272,0.445,0.438,25,25,normal
9,udp,smtp,RSTO,145,25,0,0,0,4,0,1,3,0,0,1,2,0,1,102,96,0.751,0.934,0.281,11,12,dos
0,udp,http,SF,62,249,0,0,0,0,0,1,1,0,0,0,0,0,0,20,18,0.035,0.015,0.318,37,30,normal
3,icmp,pop3,RSTR,227,272,0,0,0,4,2,1,2,0,0,0,0,0,0,116,107,0.928,0.894,0.257,10,14,dos
1,icmp,ssh,RSTR,540,311,0,0,0,1,0,1,0,0,0,0,0,0,0,20,19,0.278,0.128,0.737,33,14,normal
1,udp,ssh,RSTR,394,575,0,0,0,1,0,1,0,0,0,0,0,0,0,26,14,0.081,0.07,0.67,50,27,normal
3,tcp,dns,SH,903,14,0,0,0,0,0,0,1,0,0,1,0,0,0,20,10,0.217,0.266,0.887,37,27,normal
1,udp,ftp,SH,805,169,0,0,0,3,0,1,0,0,0,0,0,0,0,14,21,0.099,0.147,0.657,45,34,normal
6,icmp,smtp,SF,269,8,0,0,0,7,1,0,1,0,0,0,1,0,1,119,97,0.981,0.859,0.027,12,9,probe
20,udp,smtp,RSTO,24,1,0,0,0,4,0,0,1,0,0,1,0,0,0,119,123,0.913,0.996,0.018,19,9,r2l
0,udp,telnet,REJ,424,223,0,0,0,0,0,1,0,0,0,0,1,0,0,17,10,0.029,0.405,0.84,35,29,normal
1,icmp,ftp_data,RSTO,40,8,0,1,0,2,0,0,2,0,0,2,0,0,0,100,117,0.73,0.905,0.089,10,10,probe
0,icmp,http,S0,1525,219,0,0,0,2,0,1,0,0,0,0,0,0,0,19,17,0.021,0.316,0.887,40,19,normal
5,udp,ssh,S0,29,3,0,1,0,5,1,0,1,0,0,0,2,0,0,118,105,0.79,0.756,0.204,10,7,dos
0,udp,smtp,RSTO,155,258,0,0,0,1,0,1,1,0,0,0,0,0,0,16,20,0.336,0.136,0.958,36,23,normal
1,tcp,smtp,RSTO,464,135,0,0,0,3,0,1,0,0,0,1,0,0,0,21,15,0.177,0.349,0.931,37,28,normal
5,tcp,ftp,S0,200,12,0,0,0,2,2,0,2,0,0,0,0,0,0,117,101,0.895,0.872,0.265,16,12,probe
7,icmp,imap,S0,2158,1739,0,0,0,3,0,1,0,0,0,0,0,0,0,22,16,0.337,0.105,0.802,32,26,normal
31,tcp,dns,S0,55,129,0,0,0,5,0,0,3,0,0,1,0,0,0,110,96,0.855,0.829,0.032,10,10,dos
36,tcp,ssh,SF,108,16,0,0,0,4,0,0,2,0,0,1,0,0,0,129,122,0.84,0.955,0.347,13,8,probe
4,tcp,ssh,RSTR,36,63,0,0,0,5,0,0,2,0,0,2,1,0,0,130,105,0.67,0.881,0.28,13,14,probe
3,tcp,imap,REJ,354,984,0,0,0,0,0,1,1,0,0,1,0,0,0,13,14,0.139,0.028,0.915,38,25,normal
0,udp,http,RSTR,69,420,0,0,0,1,0,1,0,0,0,0,0,0,0,15,20,0.106,0.287,0.865,35,31,normal
7,icmp,ssh,SH,538,391,0,0,0,1,0,1,0,0,0,2,0,0,0,12,16,0.439,0.068,0.907,40,29,normal
2,tcp,http,RSTO,966,1028,0,0,0,0,0,1,0,0,0,0,0,0,0,22,10,0.223,0.107,0.569,30,29,normal
0,icmp,pop3,RSTR,271,679,0,0,0,2,0,1,0,0,0,0,0,0,0,29,16,0.181,0.248,0.655,44,20,normal
0,udp,http,S0,51,182,0,0,0,5,1,0,2,0,0,1,1,0,0,93,100,0.859,0.638,0.179,13,6,dos
1,udp,ftp,SF,5536,841,0,0,0,1,0,1,2,0,0,0,0,0,1,17,11,0.103,0.155,0.478,35,17,normal
0,icmp,telnet,SH,7932,1993,0,0,0,1,0,0,1,0,0,1,0,0,0,23,13,0.612,0.203,0.819,32,26,normal
15,tcp,ssh,S0,48,58,0,0,0,3,0,1,0,0,0,0,1,0,1,95,118,0.948,0.511,0.107,17,14,r2l
64,icmp,pop3,RSTO,31,4,0,0,0,6,0,1,2,0,0,0,0,0,0,139,130,0.883,0.788,0.005,13,11,dos
14,icmp,telnet,S0,22,1,0,0,0,5,1,1,0,0,0,0,0,0,0,121,122,0.646,0.76,0.222,10,8,probe
1,icmp,pop3,S0,3548,285,0,0,0,0,0,0,0,0,0,0,0,0,0,14,18,0.037,0.119,0.726,37,30,normal
10,tcp,http,SF,8,41,0,0,0,5,1,0,1,0,0,0,0,0,3,120,113,0.944,0.967,0.277,15,10,dos
0,udp,pop3,REJ,132,118,0,0,0,1,0,1,0,0,0,0,0,0,1,16,14,0.035,0.052,0.734,34,22,normal
0,udp,ftp,RSTO,674,227,0,0,0,1,0,1,0,0,0,0,0,0,0,18,12,0.429,0.01,0.464,34,29,normal
3,udp,telnet,SH,24,126,0,0,0,2,0,1,3,1,0,0,2,0,2,102,109,0.94,0.975,0.545,20,10,dos
24,icmp,ftp,REJ,172,36,0,0,0,4,0,0,3,0,0,0,3,0,0,132,125,0.573,0.875,0.414,15,13,dos
13,tcp,telnet,S0,120,35,0,0,0,6,1,0,3,0,0,1,0,0,0,112,117,0.834,0.992,0.165,11,10,dos
2,udp,imap,REJ,675,315,0,0,0,1,0,1,0,0,0,0,0,0,0,14,8,0.034,0.278,0.852,33,33,normal
32,tcp,ftp_data,SF,82,22,0,0,0,3,2,0,2,0,0,1,1,0,1,131,97,0.707,0.774,0.574,6,15,dos
3,tcp,pop3,SF,100,3,0,0,0,3,1,0,2,0,0,1,1,0,0,102,116,0.906,0.993,0.058,11,14,dos
0,icmp,telnet,S0,191,548,0,0,0,1,0,1,0,0,0,0,0,0,0,21,20,0.155,0.173,0.855,46,35,normal
1,tcp,pop3,RSTO,857,1530,0,0,0,1,0,1,1,0,0,0,0,0,0,22,16,0.088,0.018,0.812,33,26,normal
0,udp,pop3,S0,61,171,0,0,0,1,1,0,2,0,0,0,1,0,0,111,125,0.866,0.913,0.188,11,10,dos
2,tcp,ssh,SF,29,17,0,0,0,5,1,0,5,0,0,0,0,0,1,117,126,0.94,0.971,0.164,11,6,dos
1,tcp,dns,SH,690,750,0,0,0,0,0,1,0,0,0,0,0,0,0,23,15,0.149,0.054,0.898,32,24,normal
9,tcp,http,SH,211,112,0,0,0,5,1,0,1,0,0,4,1,0,0,109,125,0.983,0.812,0.013,16,10,dos
0,icmp,dns,SF,533,990,0,0,0,1,0,0,1,0,0,1,0,0,0,17,15,0.26,0.488,0.898,34,29,normal
0,udp,pop3,REJ,295,471,0,0,0,1,0,1,0,0,0,0,0,0,0,23,19,0.163,0.022,0.852,51,27,normal
0,icmp,smtp,SH,417,376,0,0,0,2,1,0,1,0,0,0,1,0,1,121,121,0.919,0.957,0.162,13,13,dos
0,udp,dns,S0,109,4,0,0,0,12,2,1,4,0,0,0,1,0,0,135,124,0.901,0.762,0.146,16,11,probe
3,udp,pop3,SF,2458,295,0,0,0,1,0,1,0,0,0,0,0,0,0,23,18,0.493,0.242,0.791,44,13,normal
4,udp,imap,SF,1712,488,0,0,0,1,0,1,1,0,0,1,0,0,0,19,12,0.01,0.399,0.911,35,32,normal
0,udp,telnet,SH,269,69,0,0,0,0,0,1,0,0,0,0,0,0,1,20,12,0.035,0.199,0.909,37,30,normal
1,udp,telnet,SF,366,109,0,0,0,1,0,1,0,0,0,0,0,0,0,21,15,0.295,0.073,0.877,38,24,normal
0,tcp,http,S0,245,580,0,0,0,0,0,1,0,0,0,0,0,0,0,24,15,0.285,0.373,0.949,30,17,normal
1,udp,smtp,SH,234,357,0,0,0,0,0,1,1,0,0,0,1,0,1,30,17,0.008,0.241,0.897,33,30,normal
0,tcp,telnet,SF,204,1067,0,0,0,0,0,1,0,0,0,0,0,0,0,26,13,0.228,0.181,0.48,36,27,normal
2,tcp,ssh,REJ,221,17,0,0,0,4,0,0,2,0,0,0,0,0,0,103,114,0.916,0.991,0.372,8,11,u2r
2,udp,ssh,RSTO,123,8,0,0,0,8,1,0,1,0,0,0,0,0,2,123,102,0.783,0.44,0.136,13,11,r2l
1,icmp,imap,RSTR,528,408,0,0,0,2,0,0,0,0,0,0,0,0,0,21,14,0.207,0.497,0.674,40,35,normal
0,icmp,imap,S0,104,5,0,0,0,5,2,0,1,0,0,1,2,0,0,121,103,0.9,0.889,0.009,17,7,dos
2,tcp,ssh,S0,767,69,0,0,0,2,0,1,1,0,0,1,0,0,0,23,22,0.155,0.047,0.52,31,26,normal
5,udp,telnet,S0,98,208,0,0,0,2,0,0,4,0,0,0,0,0,0,102,91,0.795,0.717,0.098,9,6,dos
1,tcp,dns,S0,1853,175,0,0,0,2,0,1,0,0,0,0,0,0,1,24,14,0.181,0.09,0.363,25,24,normal
18,icmp,imap,REJ,33,200,0,0,0,3,0,0,1,0,0,2,0,0,1,120,113,0.953,0.691,0.092,7,10,r2l
33,udp,http,REJ,1806,27,0,0,0,4,0,0,3,0,0,1,3,0,0,106,126,0.709,0.571,0.57,13,10,dos
0,icmp,pop3,RSTR,1186,726,0,0,0,2,0,1,0,0,0,0,0,0,0,18,18,0.417,0.254,0.955,35,24,normal
11,icmp,pop3,SF,10,64,0,0,0,3,0,1,0,0,0,0,1,0,1,114,123,0.708,0.957,0.113,15,10,r2l
3,udp,ftp_data,SH,6,53,0,0,0,6,0,0,5,0,0,1,1,0,0,126,113,0.966,0.844,0.1,14,13,r2l
2,tcp,smtp,RSTR,122,844,0,0,0,2,0,0,2,0,0,1,2,0,0,121,108,0.866,0.444,0.283,16,13,probe
26,icmp,http,REJ,128,3,0,0,0,5,1,1,3,1,0,2,2,0,1,141,104,0.86,0.846,0.122,12,9,dos
3,icmp,dns,SF,528,704,0,0,0,2,0,1,0,0,0,0,0,0,0,12,13,0.541,0.228,0.806,34,21,normal
27,udp,pop3,SH,38,7,0,0,0,5,3,0,1,0,0,1,0,0,0,127,110,0.998,0.906,0.089,7,15,dos
1,udp,smtp,RSTR,460,97,0,0,0,0,0,0,0,0,0,0,0,0,1,23,14,0.066,0.064,0.711,25,19,normal
0,icmp,pop3,SF,124,49,0,0,0,3,0,0,0,0,0,1,2,0,0,118,95,0.815,0.858,0.14,12,10,probe
20,tcp,imap,REJ,26,20,0,0,0,7,1,0,2,0,0,0,0,0,1,126,105,0.808,0.936,0.773,9,7,dos
5,tcp,imap,SF,1285,142,0,0,0,0,0,1,0,0,0,0,0,0,1,23,17,0.275,0.499,0.49,38,24,normal
7,tcp,ftp,RSTO,1470,147,0,0,0,7,1,0,2,0,0,0,2,0,2,113,115,0.887,0.903,0.386,9,7,probe
6,icmp,http,REJ,223,62,0,0,0,8,0,0,0,0,0,1,3,0,0,122,101,0.81,0.847,0.111,13,9,dos
3,udp,http,RSTO,11,2,0,0,1,7,0,0,2,0,1,1,1,0,1,119,112,0.774,0.965,0.269,6,10,dos
3,icmp,imap,RSTO,27,232,0,0,0,6,0,0,2,0,0,1,0,0,0,123,105,0.949,0.929,0.086,8,5,probe
10,udp,telnet,S0,551,42,0,0,0,4,0,1,3,0,0,0,1,0,1,118,112,0.481,0.825,0.091,11,18,dos
8,udp,pop3,SF,42,17,0,0,0,3,1,0,3,0,0,1,0,0,0,124,91,0.979,0.764,0.036,18,11,dos
35,icmp,pop3,RSTR,87,17,0,0,0,1,0,0,3,0,0,1,3,0,0,129,105,0.947,0.769,0.084,15,13,r2l
17,icmp,smtp,RSTO,100,1,0,0,0,4,0,0,2,0,0,3,0,0,0,120,126,0.961,0.81,0.086,10,6,probe
5,icmp,ftp_data,S0,165,4018,0,0,0,2,0,1,0,0,0,0,0,0,0,23,18,0.37,0.275,0.848,33,25,normal
2,udp,ftp,SH,38,2298,0,0,0,0,0,1,0,0,0,1,0,0,0,20,13,0.407,0.077,0.689,36,28,normal
26,icmp,imap,REJ,284,50,0,0,0,0,1,0,2,0,0,0,0,0,1,116,103,0.976,0.941,0.258,10,10,r2l
2,tcp,telnet,RSTO,179,579,0,0,0,1,0,0,1,0,0,0,0,0,0,20,22,0.002,0.222,0.706,39,35,normal
0,udp,ssh,RSTO,74,15,0,0,0,6,1,0,1,0,0,0,1,0,1,131,132,0.939,0.857,0.5,13,11,dos
0,tcp,imap,SH,74,226,0,0,0,2,0,1,0,0,0,0,0,0,0,15,22,0.173,0.182,0.889,24,27,normal
7,icmp,http,REJ,145,115,0,0,0,1,0,1,0,0,0,0,0,0,0,19,14,0.031,0.065,0.37,40,19,normal
2,tcp,imap,REJ,634,352,0,0,0,0,0,0,0,0,0,0,0,0,0,25,13,0.11,0.194,0.92,38,29,normal
4,udp,ftp_data,S0,941,397,0,0,0,0,0,1,2,0,0,2,0,0,1,15,21,0.313,0.198,0.822,38,24,normal
2,udp,pop3,SF,710,1639,0,0,0,2,0,1,0,0,0,1,0,0,0,17,14,0.03,0.027,0.758,40,18,normal
7,udp,http,RSTO,201,37,0,0,0,10,0,0,4,0,0,0,0,0,0,115,137,0.873,0.952,0.257,11,9,dos
2,tcp,imap,REJ,152,426,0,0,0,1,0,1,1,0,0,0,0,0,1,10,11,0.302,0.456,0.806,31,17,normal
0,udp,smtp,S0,2629,53,0,0,0,1,0,1,0,0,0,1,0,0,0,19,12,0.111,0.21,0.51,32,28,normal
24,udp,ftp,SH,1047,180,0,0,0,7,0,0,2,0,0,0,4,0,0,139,109,0.644,0.942,0.108,13,11,dos
0,tcp,pop3,REJ,205,1148,0,0,0,1,0,1,0,0,0,0,0,0,0,17,12,0.073,0.293,0.712,38,23,normal
62,udp,pop3,SF,145,1,0,0,0,5,0,1,2,0,0,1,0,0,0,119,118,0.952,0.997,0.203,16,12,dos
5,icmp,http,SH,72,439,0,0,0,1,0,1,0,0,0,0,0,0,0,23,20,0.28,0.018,0.853,32,28,normal
4,udp,ftp_data,RSTO,343,1469,0,0,0,0,0,1,0,0,0,0,0,0,1,21,11,0.032,0.295,0.968,26,18,normal
0,icmp,pop3,S0,783,218,0,0,0,3,0,1,0,0,0,1,0,0,0,16,17,0.013,0.154,0.817,39,33,normal
1,tcp,pop3,REJ,32,358,0,0,0,2,0,0,0,0,0,0,0,0,0,15,16,0.247,0.067,0.587,39,31,normal
1,icmp,dns,S0,997,158,0,0,0,0,0,1,1,0,0,0,1,0,0,21,18,0.229,0.181,0.861,33,28,normal
2,tcp,http,SH,665,411,0,0,0,1,0,1,1,0,0,0,0,0,0,18,23,0.028,0.024,0.605,32,23,normal
0,tcp,dns,SH,241,242,0,0,0,1,0,1,0,0,0,0,0,0,0,19,9,0.37,0.017,0.683,34,21,normal
6,tcp,pop3,RSTO,321,29,0,0,0,5,0,0,0,0,0,1,2,0,1,116,125,0.961,0.698,0.231,13,7,dos
3,udp,telnet,RSTO,87,4,0,0,0,7,0,1,3,0,0,1,0,0,1,130,109,0.949,0.768,0.204,11,18,dos
0,icmp,ftp_data,RSTR,197,205,0,0,0,1,0,1,0,0,0,1,1,0,0,26,19,0.063,0.106,0.408,31,26,normal
2,udp,imap,RSTR,234,534,0,0,0,0,0,1,0,0,0,0,1,0,0,21,8,0.321,0.446,0.339,33,23,normal
11,tcp,ssh,RSTR,23,5,0,0,0,3,0,0,4,0,0,0,0,1,0,121,108,0.9,0.947,0.009,11,13,probe
5,udp,pop3,RSTR,172,123,0,0,0,0,0,1,0,0,0,0,0,0,0,16,17,0.042,0.166,0.876,35,19,normal
5,icmp,ssh,S0,129,48,0,0,0,5,2,0,0,1,0,2,0,0,0,138,119,0.769,0.948,0.111,11,6,dos
1,icmp,imap,SH,269,262,0,0,0,1,0,1,0,0,0,0,0,0,0,25,18,0.051,0.056,0.353,37,32,normal
0,tcp,dns,RSTR,348,283,0,0,0,0,0,1,0,0,0,0,0,0,0,21,13,0.044,0.103,0.909,37,19,normal
2,tcp,pop3,SH,31,46,0,0,0,2,0,0,1,0,0,1,2,0,0,120,114,0.697,0.855,0.187,12,13,dos
1,tcp,smtp,S0,4365,604,0,0,0,1,0,1,1,0,0,0,0,0,0,12,19,0.242,0.134,0.81,37,22,normal
46,tcp,pop3,REJ,386,254,0,0,0,4,2,1,3,0,0,0,0,0,0,117,102,0.927,0.89,0.001,8,6,dos
6,udp,dns,REJ,37,34,0,0,0,5,0,0,0,0,0,0,0,0,0,107,119,0.988,0.907,0.074,22,9,dos
1,tcp,telnet,RSTR,895,611,0,0,0,0,0,1,0,0,0,0,0,0,1,13,15,0.046,0.075,0.536,30,15,normal
5,icmp,http,SF,43,313,0,0,0,4,0,0,1,0,0,0,3,0,0,131,124,0.845,0.747,0.068,7,7,dos
1,icmp,ftp,SH,2043,277,0,0,0,2,0,1,1,0,0,0,0,0,0,22,9,0.031,0.028,0.18,30,24,normal
0,udp,imap,REJ,20,4,0,0,0,3,2,0,0,0,0,0,0,0,1,110,101,0.856,0.867,0.102,11,8,dos
11,tcp,smtp,REJ,1262,100,0,0,0,1,0,0,0,0,0,0,0,0,0,22,10,0.488,0.047,0.943,29,29,normal
3,udp,imap,RSTR,125,2073,0,0,0,0,0,1,0,0,0,0,0,0,0,19,16,0.049,0.028,0.79,41,26,normal
2,udp,telnet,RSTR,480,338,0,0,0,3,0,0,0,0,0,1,0,0,0,15,14,0.073,0.274,0.89,41,28,normal
15,udp,http,RSTO,1062,567,0,0,0,0,0,1,1,0,0,0,0,0,0,17,14,0.191,0.03,0.824,32,28,normal
3,tcp,dns,RSTO,519,123,0,0,0,0,0,1,0,0,0,0,0,0,0,22,17,0.06,0.032,0.903,39,25,normal
4,tcp,http,SH,376,445,0,0,0,1,0,1,0,0,0,0,0,0,0,14,20,0.172,0.113,0.827,34,30,normal
1,icmp,dns,REJ,2988,600,0,0,0,1,0,0,0,0,0,0,0,0,0,19,19,0.092,0.201,0.962,34,27,normal
16,icmp,imap,RSTR,65,0,0,0,0,4,0,0,2,0,0,0,2,0,1,125,102,0.886,0.627,0.019,17,11,probe
14,icmp,telnet,REJ,523,267,0,0,0,1,0,1,0,0,0,0,0,0,0,23,15,0.022,0.062,0.475,34,18,normal
11,tcp,smtp,RSTR,464,1,0,0,0,3,0,1,1,0,0,2,1,0,0,115,98,0.828,0.802,0.613,17,3,r2l
3,tcp,pop3,SF,274,195,0,0,0,0,0,1,0,0,0,1,1,0,0,16,13,0.074,0.096,0.783,30,33,normal
2,tcp,telnet,RSTO,395,250,0,0,0,0,0,1,0,0,0,1,0,0,0,18,15,0.044,0.124,0.827,36,24,normal
0,icmp,ftp_data,RSTR,161,1,0,0,0,5,1,1,2,0,1,0,1,0,1,109,129,0.887,0.778,0.165,12,7,probe
1,udp,ssh,SF,996,363,0,0,0,1,0,0,0,0,0,0,0,0,0,22,19,0.091,0.021,0.808,33,23,normal
0,udp,ssh,RSTR,705,58,0,0,0,3,0,1,0,0,0,0,0,0,0,16,16,0.149,0.228,0.463,35,33,normal
10,tcp,imap,SF,337,726,0,0,0,3,0,1,1,0,0,0,0,0,0,17,14,0.072,0.118,0.564,39,19,normal
3,udp,ftp,SF,38,8,0,0,0,8,0,0,1,0,0,2,0,0,0,122,126,0.837,0.914,0.044,16,8,dos
7,tcp,ftp,REJ,404,93,0,0,0,2,0,1,0,0,0,0,1,0,0,23,15,0.136,0.009,0.967,40,28,normal
31,udp,ftp,S0,46,28,0,0,0,7,2,0,1,0,0,0,1,0,0,111,105,0.642,0.936,0.149,9,11,probe
0,tcp,ftp,REJ,1154,192,0,0,0,1,0,0,1,0,0,0,0,0,0,18,13,0.125,0.472,0.777,23,28,normal
23,icmp,imap,SF,72,334,0,0,0,4,0,0,3,0,0,1,1,0,1,121,118,0.852,0.573,0.034,8,11,dos
3,icmp,pop3,RSTO,318,826,0,0,0,1,0,1,0,0,0,0,0,0,1,19,17,0.054,0.154,0.884,29,29,normal
5,udp,smtp,RSTO,603,217,0,0,0,11,1,0,3,0,0,0,2,0,0,121,113,0.884,0.701,0.009,13,12,u2r
3,icmp,ftp,REJ,1816,706,0,0,0,0,0,1,0,0,0,0,1,0,0,24,22,0.086,0.187,0.585,24,18,normal
0,udp,imap,S0,929,140,0,0,0,1,0,1,1,0,0,0,0,0,0,26,16,0.154,0.078,0.761,36,29,normal
0,icmp,smtp,S0,365,121,0,0,0,0,0,0,0,0,0,0,0,0,0,24,14,0.335,0.137,0.904,44,27,normal
2,udp,dns,RSTR,194,53,0,0,0,5,0,0,1,0,0,2,0,0,0,121,97,0.877,0.991,0.13,6,14,r2l
2,udp,ftp,S0,1034,352,0,0,0,3,0,1,0,0,0,0,0,0,0,15,16,0.203,0.065,0.85,47,13,normal
5,tcp,http,RSTR,2384,280,0,0,0,0,0,0,0,0,0,0,0,0,0,17,15,0.361,0.084,0.548,33,32,normal
1,tcp,http,SF,1705,134,0,0,0,1,0,1,1,0,0,0,0,0,0,17,14,0.406,0.325,0.795,46,20,normal
28,udp,smtp,RSTO,26,16,0,0,0,5,0,0,4,0,0,1,0,0,1,114,107,0.7,0.961,0.062,10,16,r2l
0,icmp,pop3,SH,511,290,0,0,0,2,0,0,0,0,0,0,0,0,0,22,13,0.051,0.002,0.656,36,25,normal
1,udp,imap,RSTR,230,498,0,0,0,1,0,1,0,0,0,0,0,0,0,19,20,0.126,0.132,0.914,34,27,normal
2,tcp,pop3,RSTR,435,338,0,0,0,3,0,1,0,0,0,0,0,0,1,18,10,0.045,0.02,0.767,36,27,normal
7,icmp,telnet,REJ,84,4,0,0,0,3,1,0,4,0,0,0,0,0,1,131,93,0.841,0.881,0.37,12,7,probe
0,udp,ftp_data,RSTR,83,395,0,0,0,2,0,1,0,0,0,0,0,0,0,16,12,0.099,0.332,0.628,53,22,normal
2,tcp,ftp,RSTO,255,164,0,0,0,0,0,1,0,0,0,1,1,0,0,16,18,0.194,0.07,0.561,34,25,normal
2,icmp,ftp_data,S0,324,49,0,0,0,0,0,0,0,0,0,0,0,0,0,21,15,0.069,0.058,0.983,39,16,normal
4,tcp,imap,S0,1238,379,0,0,0,2,0,1,0,0,0,0,0,0,0,23,19,0.194,0.042,0.792,30,27,normal
3,udp,telnet,RSTR,109,55,0,0,0,0,0,1,0,0,0,0,0,0,0,29,10,0.039,0.021,0.942,33,26,normal
0,udp,telnet,REJ,54,40,0,0,0,3,0,1,2,0,0,0,1,0,2,109,117,0.899,0.832,0.292,13,12,dos
13,tcp,ftp_data,SH,202,24,0,0,0,7,0,0,6,0,0,1,1,0,0,109,111,0.624,0.624,0.051,12,10,r2l
2,tcp,smtp,SF,32,4,0,0,0,6,1,0,2,0,0,2,2,0,2,111,108,0.78,0.684,0.283,12,6,dos
0,udp,http,REJ,236,181,0,0,0,0,0,0,1,0,0,0,1,0,0,18,11,0.108,0.174,0.594,37,22,normal
11,tcp,ssh,S0,236,82,0,0,0,2,0,1,0,0,0,0,0,0,1,24,15,0.094,0.287,0.878,25,22,normal
3,udp,ftp_data,SH,1873,220,0,0,0,1,0,1,0,0,0,0,0,0,0,25,20,0.203,0.033,0.998,41,13,normal
4,tcp,pop3,SH,155,429,0,0,0,1,0,0,0,0,0,0,0,0,0,24,18,0.227,0.033,0.866,29,26,normal
1,udp,pop3,S0,1103,149,0,0,0,1,0,1,0,0,0,0,0,0,0,31,15,0.289,0.108,0.86,21,26,normal
0,tcp,ftp,REJ,342,29,0,0,0,2,0,1,0,0,0,0,0,0,0,19,15,0.292,0.019,0.905,33,28,normal
3,tcp,smtp,RSTO,137,22,0,0,0,5,0,0,3,0,0,0,1,0,1,111,109,0.67,0.876,0.201,14,12,r2l
32,icmp,imap,RSTR,17,14,1,0,0,5,1,1,1,0,0,2,1,0,0,127,97,0.917,0.968,0.273,16,9,probe
5,tcp,ftp,RSTR,935,1592,0,0,0,0,0,1,0,0,0,1,0,0,0,29,18,0.074,0.01,0.975,37,17,normal
13,icmp,ftp,REJ,23,4,0,0,0,8,1,0,2,0,0,0,2,0,0,110,135,0.667,0.981,0.015,15,9,r2l
4,udp,imap,RSTO,226,67,0,0,0,4,0,0,3,0,0,2,3,0,1,128,124,0.847,0.688,0.213,9,14,dos
8,tcp,telnet,SF,97,177,0,0,0,0,0,1,1,0,0,0,0,0,0,16,14,0.164,0.095,0.64,34,30,normal
0,icmp,ftp,S0,320,209,0,0,0,0,0,1,0,0,0,0,0,0,0,15,12,0.167,0.471,0.609,28,26,normal
17,icmp,ftp,RSTO,40,10,0,0,0,3,1,0,5,0,0,0,1,0,0,110,129,0.881,0.839,0.211,10,7,dos
0,tcp,ftp,S0,166,185,0,0,0,2,0,0,0,0,0,0,0,0,0,19,13,0.254,0.317,0.869,39,28,normal
1,icmp,pop3,RSTR,102,1236,0,0,0,1,0,0,0,0,0,1,0,0,0,19,12,0.422,0.24,0.957,32,29,normal
3,udp,ftp_data,RSTR,1320,72,0,0,0,2,0,1,0,0,0,0,0,0,0,18,16,0.059,0.112,0.949,31,24,normal
2,icmp,smtp,SF,630,166,0,0,0,1,0,1,0,0,0,2,0,0,0,18,10,0.104,0.255,0.838,34,30,normal
49,udp,pop3,REJ,141,618,0,0,0,6,2,0,0,0,0,0,1,0,0,131,97,0.967,0.835,0.016,7,3,dos
1,icmp,telnet,REJ,156,220,0,0,0,3,0,1,0,0,0,0,0,0,0,17,18,0.051,0.255,0.946,32,20,normal
7,udp,ftp_data,RSTR,556,25,0,0,0,3,0,0,3,0,0,1,1,0,0,127,120,0.866,0.765,0.338,10,9,dos
5,icmp,smtp,RSTR,414,14,0,0,0,3,1,0,3,0,0,0,0,0,0,114,100,0.647,0.496,0.074,16,8,r2l
0,tcp,ssh,RSTO,494,405,0,0,0,1,0,1,1,0,0,0,0,0,0,25,10,0.033,0.433,0.756,37,32,normal
1,tcp,ssh,RSTO,6499,498,0,0,0,0,0,1,0,0,0,0,0,0,0,22,10,0.03,0.131,0.9,23,21,normal
0,tcp,imap,SH,598,267,0,0,0,1,0,1,1,0,0,0,0,0,0,16,16,0.031,0.02,0.449,34,31,normal
3,tcp,ftp,REJ,836,97,0,0,0,2,0,0,0,0,0,0,0,0,0,21,15,0.35,0.099,0.731,43,26,normal
1,icmp,imap,S0,666,631,0,0,0,1,0,1,0,0,0,0,0,0,0,22,24,0.092,0.167,0.75,45,17,normal
2,udp,ftp,SF,117,294,0,0,0,1,0,1,0,0,0,0,0,0,0,18,14,0.14,0.109,0.953,28,26,normal
9,icmp,imap,SF,563,1451,0,0,0,1,0,1,0,0,0,0,0,0,0,27,13,0.236,0.156,0.808,39,26,normal
0,udp,ftp_data,RSTR,1665,338,0,0,0,1,0,0,0,0,0,0,0,0,1,18,19,0.197,0.09,0.673,26,29,normal
10,udp,dns,S0,23,3,0,0,0,5,0,0,2,0,0,1,1,0,1,113,87,0.719,0.935,0.37,13,12,dos
7,udp,imap,RSTO,3,30,0,0,0,2,1,0,1,0,0,2,1,0,0,102,108,0.96,0.961,0.059,13,10,dos
5,udp,smtp,RSTR,255,346,0,0,0,2,0,1,0,0,0,0,0,0,0,22,10,0.225,0.243,0.964,36,29,normal
3,icmp,imap,SH,52,92,0,0,0,4,1,0,1,0,0,1,1,0,1,116,98,0.924,0.853,0.119,8,12,dos
4,icmp,ftp,RSTO,510,410,0,0,0,0,0,1,0,0,0,0,0,0,0,19,15,0.252,0.099,0.888,39,23,normal
0,udp,dns,S0,48,101,0,0,0,1,0,0,0,0,0,0,0,0,0,22,9,0.078,0.125,0.833,31,30,normal
30,icmp,ftp,REJ,53,2,0,0,0,4,0,1,0,0,0,3,0,0,0,117,105,0.697,0.959,0.217,4,7,dos
6,icmp,smtp,S0,2381,678,0,0,0,2,0,0,2,0,0,0,0,0,0,30,12,0.165,0.029,0.682,28,32,normal
0,tcp,ftp_data,SF,811,1026,0,0,0,0,0,1,0,0,0,0,1,0,0,14,11,0.005,0.118,0.873,44,22,normal
14,tcp,ftp,RSTR,97,4,0,0,0,3,1,0,3,0,0,1,0,0,0,143,99,0.781,0.962,0.224,14,4,probe
3,tcp,smtp,REJ,133,127,0,0,0,2,0,1,0,0,0,1,0,0,1,21,20,0.073,0.024,0.618,31,21,normal
13,udp,ssh,S0,839,532,0,0,0,1,0,1,0,0,0,1,1,0,0,20,13,0.412,0.023,0.872,37,31,normal
5,udp,ftp,S0,122,183,0,0,0,0,0,0,1,0,0,1,1,0,1,111,112,0.729,0.923,0.014,15,13,probe
1,tcp,ssh,SH,27,284,0,0,0,1,0,1,0,0,0,0,0,0,0,16,12,0.063,0.142,0.723,41,21,normal
1,udp,pop3,RSTO,760,414,0,0,0,2,0,1,1,0,0,1,0,0,0,19,18,0.023,0.016,0.947,35,22,normal
27,udp,ssh,SF,15,8,0,0,0,6,1,0,5,0,0,1,0,0,0,121,117,0.84,0.997,0.056,9,10,dos
0,udp,ssh,SH,1075,1133,0,0,0,1,0,1,0,0,0,1,0,0,0,16,12,0.046,0.561,0.799,36,24,normal
2,udp,telnet,SF,11,1,0,0,0,4,1,0,4,0,0,0,1,0,1,102,104,0.824,0.924,0.18,9,6,probe
5,icmp,ssh,S0,74,12,0,0,1,6,1,0,1,0,0,1,0,0,2,121,113,0.945,0.495,0.14,13,18,dos
13,icmp,ftp_data,SH,989,264,0,0,0,3,3,0,2,0,0,0,2,0,0,110,111,0.931,0.554,0.165,22,6,probe
5,tcp,ftp_data,S0,333,82,0,0,0,0,0,1,0,0,0,1,0,0,0,16,19,0.228,0.185,0.9,29,29,normal
1,udp,ftp,RSTR,346,111,0,0,0,2,0,1,0,0,0,0,0,0,1,21,9,0.094,0.353,0.867,38,19,normal
0,udp,dns,RSTR,644,68,0,0,0,0,0,0,0,0,0,0,0,0,0,13,19,0.053,0.077,0.8,27,27,normal
1,udp,ssh,RSTO,111,18,0,0,0,3,0,0,1,0,0,0,0,0,3,107,99,0.896,0.977,0.131,11,6,dos
36,udp,telnet,RSTR,164,95,0,0,0,5,0,0,0,0,0,0,0,0,1,117,106,0.949,0.893,0.675,9,11,probe
22,udp,imap,S0,61,47,0,0,0,7,1,0,4,0,0,1,1,0,0,119,117,0.768,0.958,0.266,12,7,probe
0,icmp,ftp_data,S0,50,69,0,0,0,2,0,1,0,0,0,0,0,0,0,20,13,0.136,0.07,0.877,32,22,normal
3,tcp,telnet,RSTR,637,62,0,0,0,1,0,0,0,0,0,1,0,0,0,14,13,0.466,0.432,0.34,30,28,normal
48,udp,ftp,RSTO,112,4,0,0,0,8,1,0,1,0,0,2,2,0,1,129,109,0.751,0.757,0.255,11,15,probe
1,udp,telnet,RSTO,38,2,0,0,0,2,0,0,2,0,0,1,0,0,1,131,104,0.657,0.821,0.072,13,11,dos
5,tcp,imap,SH,285,833,0,0,0,2,0,1,0,0,0,0,0,0,0,17,12,0.34,0.185,0.769,41,29,normal
1,udp,dns,RSTR,49,1,0,0,0,6,1,1,2,0,0,1,0,0,0,129,121,0.931,0.676,0.006,7,8,probe
0,udp,telnet,S0,440,5014,0,0,0,1,0,1,0,0,0,0,0,0,1,25,10,0.042,0.282,0.973,28,21,normal
56,icmp,ftp,S0,30,22,0,0,0,6,0,0,4,0,0,1,1,0,0,94,98,0.957,0.743,0.286,10,6,dos
9,icmp,dns,RSTR,2298,3058,0,0,0,2,0,1,0,0,0,0,0,0,0,19,15,0.046,0.206,0.892,43,21,normal
2,icmp,ftp,REJ,2084,281,0,0,0,0,0,1,0,0,0,1,0,0,0,13,11,0.067,0.125,0.924,30,25,normal
0,icmp,smtp,RSTO,926,114,0,0,0,0,0,1,0,0,0,0,0,0,1,21,11,0.045,0.379,0.804,27,21,normal
0,tcp,ssh,RSTR,800,639,0,0,0,0,0,1,1,0,0,1,0,0,1,18,13,0.028,0.314,0.968,42,22,normal
5,icmp,ftp,SF,119,694,0,0,0,0,0,1,0,0,0,0,0,0,1,17,13,0.108,0.186,0.714,38,28,normal
17,icmp,smtp,RSTO,101,16,0,0,0,4,1,0,0,0,0,0,4,0,2,139,108,0.993,0.894,0.312,7,13,dos
1,tcp,ssh,SH,1841,446,0,0,0,1,0,0,1,0,0,0,0,0,0,16,15,0.063,0.062,0.963,33,26,normal
0,udp,dns,SH,625,289,0,0,0,4,0,1,0,0,0,0,0,0,0,14,8,0.257,0.086,0.774,29,25,normal
2,icmp,ssh,S0,706,173,0,0,0,1,0,0,1,0,0,0,1,0,0,18,14,0.173,0.047,0.847,36,32,normal
6,tcp,ssh,SH,934,641,0,0,0,1,0,1,0,0,0,0,0,0,1,21,15,0.388,0.034,0.77,42,23,normal
1,tcp,http,S0,10888,467,0,0,0,1,0,1,0,0,0,0,0,0,0,23,13,0.239,0.097,0.928,42,34,normal
14,udp,ftp_data,SF,45,111,0,0,0,2,1,0,0,0,0,0,0,0,1,94,105,0.823,0.776,0.036,14,5,r2l
4,udp,http,S0,27,7,0,0,0,3,0,0,1,0,0,1,1,0,0,120,107,0.838,0.494,0.227,6,9,dos
0,icmp,pop3,RSTO,709,1686,0,0,0,2,0,1,0,0,0,1,0,0,0,23,18,0.061,0.098,0.848,42,23,normal
0,icmp,dns,RSTR,1397,398,0,0,0,3,0,0,0,0,0,0,0,0,0,15,16,0.047,0.11,0.937,41,36,normal
12,tcp,http,SF,133,391,0,0,0,3,0,1,0,0,0,0,0,0,0,20,15,0.247,0.169,0.331,43,21,normal
3,udp,smtp,S0,229,4,0,0,0,8,1,0,1,0,0,2,1,0,0,110,89,0.731,0.979,0.163,12,11,dos
0,udp,http,RSTR,3715,142,0,0,0,3,0,0,0,0,0,0,0,0,0,21,11,0.059,0.319,0.509,39,29,normal
22,tcp,telnet,S0,96,110,0,0,0,7,0,0,1,0,0,3,1,0,0,127,121,0.9,0.881,0.039,11,14,probe
4,udp,telnet,S0,725,1531,0,0,0,0,0,1,0,0,0,1,0,0,0,18,23,0.207,0.076,0.542,42,18,normal
15,udp,ftp,S0,104,28,0,0,0,4,2,1,1,0,0,0,0,0,3,120,107,0.923,0.951,0.257,9,14,probe
5,tcp,http,REJ,420,1456,0,0,0,1,0,1,0,0,0,0,0,0,1,26,13,0.253,0.016,0.537,35,24,normal
0,udp,ftp_data,RSTR,791,348,0,0,0,3,0,1,0,0,0,0,1,0,0,25,18,0.297,0.055,0.805,35,23,normal
1,icmp,imap,SF,1077,353,0,0,0,4,0,1,0,0,0,0,0,0,0,14,17,0.002,0.028,0.813,35,18,normal
1,tcp,ftp,S0,829,107,0,0,0,1,0,0,0,0,0,0,0,0,0,21,16,0.205,0.03,0.844,46,26,normal
14,icmp,ftp,SF,181,5,0,0,0,0,1,0,0,0,0,1,0,0,0,106,100,0.973,0.662,0.307,13,9,u2r
0,tcp,telnet,RSTR,101,973,0,0,0,2,0,1,0,0,0,0,0,0,0,23,17,0.042,0.038,0.362,36,31,normal
14,tcp,ftp_data,SF,218,176,0,0,0,0,0,1,0,0,0,0,0,0,0,17,9,0.081,0.177,0.92,38,23,normal
7,icmp,ftp,SH,264,2909,0,0,0,0,0,0,0,0,0,0,1,0,0,15,11,0.204,0.219,0.799,30,19,normal
3,tcp,http,REJ,2022,196,0,0,0,1,0,0,2,0,0,0,0,0,0,27,20,0.024,0.147,0.898,37,17,normal
1,tcp,pop3,RSTR,1174,0,0,1,0,4,0,0,1,0,0,0,2,0,0,124,111,0.858,0.839,0.343,11,11,dos
5,tcp,ftp,SF,205,624,0,0,0,2,0,1,0,0,0,0,1,0,0,19,14,0.199,0.331,0.838,43,29,normal
3,icmp,imap,REJ,148,447,0,0,0,1,0,1,0,0,0,0,0,0,0,22,16,0.314,0.139,0.634,42,24,normal
6,icmp,ftp,RSTR,156,583,0,0,0,3,0,1,0,0,0,0,0,0,0,20,19,0.339,0.366,0.875,34,30,normal
12,icmp,pop3,RSTR,25,7,0,0,0,3,1,0,1,0,0,2,1,0,0,101,101,0.907,0.726,0.163,8,10,probe
3,udp,imap,SH,122,264,0,0,0,2,0,1,1,0,0,0,0,0,0,17,9,0.395,0.095,0.925,46,30,normal
0,icmp,smtp,SH,394,213,0,0,0,0,0,1,0,0,0,0,0,0,0,25,17,0.477,0.028,0.911,30,31,normal
0,tcp,http,S0,129,380,0,0,0,1,0,1,0,0,0,0,0,0,0,25,16,0.264,0.51,0.974,29,28,normal
31,udp,imap,RSTO,68,3,0,0,0,3,1,0,2,0,0,0,1,0,0,126,111,0.867,0.793,0.562,15,10,u2r
0,icmp,ssh,S0,1864,455,0,0,0,0,0,1,1,0,0,0,0,0,0,14,20,0.126,0.132,0.954,34,28,normal
2,tcp,http,REJ,36,1171,0,0,0,2,0,1,1,0,0,0,0,0,0,14,20,0.287,0.171,0.836,49,28,normal
0,tcp,dns,RSTO,910,696,0,0,0,0,0,1,1,0,0,1,0,0,0,21,17,0.384,0.336,0.883,30,21,normal
9,icmp,pop3,SH,64,42,0,0,0,6,1,0,1,0,0,0,1,0,1,112,106,0.912,0.785,0.143,16,5,dos
2,icmp,dns,SF,488,687,0,0,0,0,0,0,0,0,0,0,0,0,0,11,14,0.304,0.148,0.898,32,24,normal
34,udp,http,SF,449,12,0,0,0,5,1,1,1,0,0,1,0,0,0,120,110,0.876,0.845,0.119,16,11,dos
0,udp,ssh,SF,502,1338,0,0,0,0,0,1,1,0,0,0,0,0,0,10,11,0.489,0.106,0.772,44,24,normal
2,icmp,http,REJ,1117,398,0,0,0,1,0,1,0,0,0,1,0,0,0,16,18,0.334,0.034,0.819,38,30,normal
1,icmp,ftp,S0,187,1749,0,0,0,1,0,1,0,0,0,0,0,0,0,24,16,0.209,0.032,0.815,30,27,normal
0,icmp,telnet,RSTO,474,42,0,0,0,4,0,0,6,0,0,1,1,0,0,109,123,0.89,0.689,0.031,7,20,r2l
2,udp,telnet,RSTR,118,1231,0,0,0,0,0,1,0,0,0,1,0,0,0,17,15,0.244,0.336,0.863,34,19,normal
3,tcp,pop3,SH,5926,305,0,0,0,1,0,1,0,0,0,0,0,0,0,16,11,0.081,0.102,0.721,32,20,normal
2,udp,smtp,REJ,278,149,0,0,0,3,0,0,0,0,0,0,0,0,0,13,13,0.091,0.018,0.937,32,25,normal
22,tcp,http,S0,242,0,0,0,0,6,3,0,3,0,0,0,2,0,0,136,131,0.724,0.823,0.288,9,15,probe
2,icmp,ftp,RSTR,136,55,0,0,0,5,0,0,3,0,0,1,1,0,0,116,110,0.567,0.996,0.215,7,7,dos
0,icmp,http,S0,363,123,0,0,0,0,0,1,1,0,0,0,0,0,0,32,18,0.372,0.089,0.942,37,16,normal
5,tcp,telnet,REJ,960,15,0,0,0,3,0,1,1,0,0,0,2,0,1,102,99,0.86,0.852,0.624,9,19,probe
3,udp,ftp_data,REJ,280,1,0,0,0,4,0,0,0,0,0,1,2,0,0,123,118,0.981,0.947,0.317,10,5,probe
8,icmp,ftp_data,REJ,137,507,0,0,0,5,0,0,0,0,0,1,0,0,0,99,121,0.897,0.756,0.313,12,13,dos
3,udp,imap,S0,40,270,0,0,0,0,0,1,0,0,0,0,0,0,0,13,11,0.149,0.029,0.837,25,24,normal
34,udp,pop3,S0,275,1,0,0,0,8,1,0,2,0,0,1,0,0,1,139,111,0.938,0.814,0.049,11,11,probe
60,tcp,ftp_data,RSTR,69,4,0,0,0,4,1,0,0,0,0,1,0,0,1,114,105,0.664,0.82,0.3,17,10,probe
6,tcp,http,SH,91,1975,0,0,0,0,0,1,0,0,0,0,0,0,0,20,15,0.31,0.288,0.614,39,15,normal
31,udp,ssh,SH,375,40,0,0,0,4,0,0,5,1,0,2,0,0,0,116,86,0.658,0.959,0.199,11,12,dos
5,icmp,imap,S0,7,9,0,0,0,5,0,0,2,0,0,0,0,0,0,124,94,0.782,0.883,0.263,4,12,dos
0,icmp,ssh,RSTR,108,541,0,0,0,2,0,0,1,0,0,1,1,0,1,126,112,0.764,0.986,0.081,14,10,dos
3,tcp,telnet,RSTR,148,194,0,0,0,0,0,1,0,0,0,0,0,0,0,16,12,0.305,0.032,0.924,34,20,normal
0,icmp,ftp,SH,700,1424,0,0,0,0,0,1,0,0,0,0,0,0,0,21,17,0.097,0.375,0.653,34,27,normal
47,udp,imap,S0,41,13,0,0,0,3,0,0,2,0,0,0,0,0,1,138,101,0.963,0.976,0.106,17,10,r2l
82,udp,ssh,RSTO,38,1,0,0,0,3,2,0,6,0,0,0,2,0,0,106,117,0.831,0.793,0.06,7,13,probe
4,udp,http,RSTR,284,207,0,0,0,1,0,0,0,0,0,0,1,0,0,16,10,0.199,0.04,0.805,37,20,normal
27,udp,pop3,RSTR,140,39,0,0,0,5,0,0,2,0,0,1,1,0,1,125,127,0.838,0.916,0.169,11,10,dos
5,tcp,ftp_data,REJ,232,113,0,0,0,5,2,0,4,0,0,0,0,0,0,138,122,0.828,0.931,0.105,20,12,dos
6,udp,imap,RSTR,39,32,0,0,0,4,0,0,3,0,0,0,0,0,0,133,116,0.846,0.966,0.211,10,5,dos
0,tcp,telnet,REJ,731,1358,0,0,0,1,0,1,0,0,0,1,0,0,0,18,12,0.11,0.051,0.626,37,26,normal
0,udp,ssh,RSTR,359,397,0,0,0,1,0,1,0,0,0,0,0,0,0,24,13,0.26,0.176,0.977,36,27,normal
0,tcp,telnet,SH,326,408,0,0,0,0,0,1,0,0,0,0,0,0,0,24,17,0.44,0.069,0.968,30,22,normal
5,icmp,ftp,REJ,287,764,0,0,0,2,0,1,0,0,0,0,0,0,0,22,12,0.048,0.23,0.61,31,25,normal
7,tcp,ftp_data,SH,15,1,0,1,0,3,0,0,0,0,0,1,1,0,0,138,106,0.974,0.898,0.152,12,9,dos
7,icmp,http,SF,1256,907,0,0,0,0,0,1,0,0,0,0,0,0,0,16,14,0.031,0.202,0.921,42,24,normal
0,udp,smtp,S0,53,1198,0,0,0,4,0,0,0,0,0,0,0,0,0,24,18,0.086,0.381,0.809,48,26,normal
18,icmp,telnet,RSTR,525,23,0,0,0,6,0,0,0,0,0,0,1,0,1,131,99,0.848,0.937,0.245,11,9,dos
2,udp,http,S0,85,97,0,0,0,0,0,1,1,0,0,0,0,0,0,24,13,0.145,0.336,0.753,35,27,normal
35,icmp,ssh,RSTO,393,380,0,0,0,5,1,0,2,0,0,3,1,0,0,114,102,0.913,0.825,0.143,9,12,probe
1,tcp,telnet,REJ,83,163,0,0,0,0,0,1,0,0,0,0,0,0,1,16,18,0.532,0.059,0.545,39,27,normal
5,tcp,pop3,SF,169,7,0,0,0,7,0,1,0,0,0,1,1,0,2,117,103,0.923,0.734,0.283,13,9,probe
6,udp,ssh,RSTO,147,10,0,0,1,2,1,0,1,0,0,1,2,0,2,126,110,0.893,0.619,0.239,15,14,dos
45,icmp,dns,SH,39,88,0,0,0,5,0,0,3,0,0,3,1,0,0,120,135,0.942,0.838,0.348,17,8,dos
1,icmp,http,RSTO,1038,280,0,0,0,0,0,1,0,0,0,0,0,0,0,17,14,0.428,0.005,0.76,40,21,normal
7,icmp,ftp_data,RSTO,171,1302,0,0,0,0,0,1,0,0,0,0,0,0,0,20,19,0.269,0.433,0.731,38,26,normal
2,icmp,telnet,SH,211,605,0,0,0,0,0,1,0,0,0,1,0,0,0,15,23,0.043,0.419,0.333,39,19,normal
15,icmp,imap,RSTO,292,7,0,0,0,5,1,1,5,0,0,0,1,0,2,109,111,0.94,0.74,0.172,13,14,dos
27,udp,ftp_data,SH,668,13,0,0,0,4,1,0,1,0,0,0,1,0,0,116,108,0.965,0.613,0.372,14,10,probe
0,icmp,telnet,SF,262,780,0,0,0,2,0,1,0,0,0,0,0,0,0,21,15,0.312,0.019,0.918,33,35,normal
2,tcp,ftp_data,S0,766,412,0,0,0,1,0,0,0,0,0,0,0,0,0,15,16,0.133,0.074,0.967,33,19,normal
0,tcp,smtp,RSTO,208,437,0,0,0,4,0,1,0,0,0,0,1,0,0,18,19,0.106,0.064,0.59,26,21,normal
1,icmp,imap,RSTR,5486,39,0,0,0,1,0,1,1,0,0,0,0,0,0,24,8,0.052,0.223,0.972,30,36,normal
2,icmp,http,RSTO,140,4,0,0,0,9,0,1,3,0,0,2,0,0,0,125,116,0.972,0.513,0.039,18,14,probe
4,icmp,http,REJ,1167,206,0,0,0,0,0,1,0,0,0,0,0,0,0,15,13,0.089,0.127,0.722,28,24,normal
1,icmp,smtp,RSTO,627,3946,0,0,0,0,0,1,0,0,0,0,0,0,0,17,15,0.09,0.042,0.741,36,26,normal
2,icmp,pop3,RSTO,385,108,0,0,0,0,0,0,0,0,0,0,0,0,0,25,20,0.101,0.077,0.496,41,20,normal
0,udp,telnet,REJ,492,400,0,0,0,1,0,1,0,0,0,0,0,0,0,19,24,0.072,0.156,0.647,42,19,normal
1,icmp,ssh,RSTR,20,82,0,0,0,9,1,0,2,0,0,0,0,0,0,116,104,0.911,0.485,0.341,9,13,probe
37,icmp,dns,SF,119,4,0,1,0,10,2,0,1,0,0,2,1,0,2,102,112,0.947,0.892,0.127,15,18,dos
2,tcp,ftp,RSTO,816,60,0,1,0,5,1,0,1,0,0,0,0,0,1,122,93,0.413,0.795,0.254,15,3,probe
25,udp,imap,S0,629,46,0,0,0,6,0,0,3,0,0,1,0,0,2,138,113,0.925,0.972,0.414,27,9,r2l
1,tcp,smtp,S0,928,138,0,0,0,1,0,1,1,0,0,3,0,0,0,19,11,0.056,0.006,0.923,36,18,normal
5,udp,dns,SH,260,57,0,0,0,1,0,1,1,0,0,0,0,0,1,19,10,0.206,0.03,0.651,40,24,normal
2,icmp,ftp_data,S0,319,78,0,0,0,3,1,0,0,0,0,2,0,0,0,128,98,0.627,0.884,0.249,6,8,probe
40,tcp,dns,REJ,54,115,0,0,0,6,0,0,0,0,0,0,2,0,0,117,102,0.27,0.796,0.647,11,11,dos
0,tcp,telnet,RSTO,120,607,0,0,0,1,0,1,0,0,0,1,0,0,0,15,19,0.146,0.081,0.965,25,29,normal
8,icmp,ftp,SF,449,135,0,0,0,4,0,0,2,0,0,0,1,0,2,117,94,0.912,0.984,0.38,7,12,probe
32,tcp,ftp_data,S0,29,31,0,0,0,5,0,0,4,0,0,0,0,0,0,135,110,0.878,0.878,0.215,10,16,dos
12,tcp,smtp,REJ,45,28,0,0,0,8,1,0,1,0,0,2,0,0,0,126,111,0.665,0.895,0.162,19,10,dos
1,tcp,http,RSTO,974,176,0,0,0,1,0,1,1,0,0,0,0,0,0,21,15,0.125,0.039,0.994,35,25,normal
1,tcp,smtp,SF,246,235,0,0,0,1,0,0,0,0,0,0,0,0,0,28,13,0.038,0.197,0.376,31,25,normal
2,icmp,ftp,REJ,983,704,0,0,0,1,0,1,0,0,0,0,0,0,0,16,15,0.013,0.226,0.589,38,29,normal
6,udp,smtp,SH,9,8,0,0,0,5,2,0,0,0,0,1,3,0,0,121,100,0.9,0.981,0.384,6,7,probe
1,udp,ssh,SF,922,739,0,0,0,0,0,0,0,0,0,1,0,0,0,17,16,0.197,0.41,0.704,36,20,normal
28,tcp,ftp,SH,151,88,0,0,0,10,1,0,2,0,0,0,0,0,0,122,113,0.963,0.939,0.186,19,12,dos
5,icmp,ssh,RSTO,1518,530,0,0,0,0,0,1,0,0,0,1,1,0,0,17,13,0.196,0.158,0.801,38,23,normal
0,icmp,smtp,S0,662,327,0,0,0,3,0,1,0,0,0,0,0,0,0,17,23,0.074,0.462,0.655,38,22,normal
0,tcp,ftp_data,RSTR,124,541,0,0,0,1,0,1,0,0,0,0,0,0,0,33,17,0.035,0.129,0.683,39,33,normal
3,tcp,ftp_data,SF,163,829,0,0,0,1,0,0,0,0,0,0,0,0,0,23,14,0.142,0.189,0.655,36,33,normal
11,icmp,imap,REJ,83,15,0,0,0,4,2,0,3,0,0,1,0,0,0,121,115,0.918,0.894,0.505,14,10,probe
47,icmp,imap,SF,1155,100,0,0,0,6,1,0,2,0,0,0,2,0,0,110,111,0.862,0.967,0.035,17,7,dos
2,udp,telnet,RSTO,492,51,0,0,0,2,0,1,0,0,0,0,0,0,0,17,20,0.05,0.527,0.859,32,22,normal
7,tcp,pop3,RSTR,95,50,0,0,0,6,0,0,4,0,0,0,0,0,0,112,100,0.873,0.963,0.365,13,7,dos
0,tcp,pop3,S0,89,235,0,0,0,0,0,1,0,0,0,0,0,0,0,17,21,0.314,0.156,0.927,37,22,normal
45,udp,telnet,SF,67,8,0,0,0,4,2,0,6,0,0,1,2,0,1,117,107,0.916,0.835,0.174,16,16,dos
0,udp,telnet,RSTR,191,430,0,0,0,1,0,1,0,0,0,0,0,0,0,20,14,0.07,0.199,1.0,34,30,normal
13,tcp,pop3,S0,1391,3,0,0,0,5,3,0,0,0,0,2,1,0,1,111,96,0.901,0.947,0.227,10,6,probe
70,udp,dns,REJ,90,4,0,0,0,2,1,0,1,0,0,1,1,0,1,114,116,0.994,0.868,0.176,10,8,probe
3,tcp,telnet,SH,82,397,0,0,0,1,0,1,0,0,0,0,0,0,0,19,14,0.092,0.024,0.864,41,20,normal
9,tcp,ssh,SH,44,52,0,0,0,5,0,0,2,0,0,2,0,0,0,129,105,0.717,0.734,0.438,8,11,dos
0,icmp,pop3,RSTO,571,67,0,0,0,2,0,1,0,0,0,0,1,0,0,17,10,0.396,0.178,0.925,36,30,normal
1,udp,imap,REJ,79,2197,0,0,0,0,0,1,0,0,0,0,1,0,0,22,9,0.287,0.072,0.898,41,20,normal
4,udp,imap,SH,329,633,0,0,0,1,0,0,1,0,0,0,1,0,0,17,17,0.276,0.37,0.904,45,28,normal
0,icmp,ftp,S0,309,219,0,0,0,0,0,1,0,0,0,0,0,0,0,19,16,0.187,0.208,0.76,40,18,normal
1,udp,ssh,RSTR,155,473,0,0,0,3,0,1,0,0,0,0,0,0,0,15,15,0.01,0.014,0.635,46,18,normal
3,udp,pop3,SF,144,63,0,0,0,3,0,0,2,0,0,0,0,0,0,116,96,0.759,0.881,0.234,18,7,dos
1,icmp,smtp,S0,260,800,0,0,0,0,0,1,0,0,0,0,1,0,0,21,22,0.14,0.376,0.925,35,23,normal
0,tcp,http,SF,259,232,0,0,0,2,0,1,0,0,0,1,1,0,0,20,11,0.103,0.067,0.818,29,20,normal
16,icmp,pop3,S0,49,2068,0,0,0,10,1,0,1,0,0,0,2,0,1,111,107,0.825,0.7,0.099,17,10,dos
42,udp,pop3,SH,90,11,0,0,0,7,2,1,2,0,0,0,1,0,0,116,106,0.946,0.838,0.241,8,13,dos
1,udp,pop3,RSTO,805,2142,0,0,0,0,0,1,0,0,0,0,0,0,0,27,14,0.189,0.063,0.491,38,18,normal
0,icmp,telnet,REJ,173,104,0,0,0,0,0,1,0,0,0,0,1,0,0,18,9,0.378,0.072,0.717,37,23,normal
15,icmp,pop3,S0,72,4,0,0,0,5,1,0,3,0,0,1,0,0,0,132,123,0.827,0.599,0.315,13,18,dos
6,icmp,telnet,REJ,29,1,0,0,0,3,2,0,2,0,0,0,1,0,1,122,118,0.849,0.791,0.197,8,7,dos
6,udp,ssh,REJ,22,108,0,0,0,4,0,0,1,0,0,0,1,0,4,105,116,0.912,0.822,0.186,6,7,probe
2,tcp,ssh,SH,701,98,0,0,0,0,0,1,0,0,0,0,0,0,0,22,12,0.099,0.214,0.931,43,21,normal
2,udp,telnet,SF,263,390,0,0,0,0,0,1,0,0,0,0,0,0,0,30,14,0.084,0.217,0.881,34,29,normal
0,udp,telnet,RSTO,2767,972,0,0,0,3,0,1,0,0,0,0,0,0,0,31,13,0.229,0.256,0.871,41,16,normal
11,udp,ssh,SH,417,9,0,0,0,5,0,0,4,0,0,1,1,0,0,97,105,0.992,0.989,0.093,7,6,dos
2,udp,dns,RSTR,57,60,0,0,0,5,1,0,1,0,0,0,0,0,1,116,105,0.931,0.914,0.123,11,7,probe
19,tcp,dns,SF,161,109,0,0,0,4,0,0,2,0,0,0,2,0,1,123,88,0.889,0.519,0.244,10,11,dos
0,icmp,imap,S0,67,1707,0,0,0,1,0,1,0,0,0,0,0,0,0,17,14,0.411,0.068,0.956,27,26,normal
1,tcp,ftp_data,S0,7,7,0,0,0,9,0,0,0,0,0,2,1,0,0,124,104,0.651,0.673,0.269,10,11,dos
1,tcp,dns,RSTO,57,2,0,0,0,5,0,1,1,0,0,1,3,0,0,129,113,0.814,0.933,0.114,12,11,probe
3,icmp,telnet,SH,865,403,0,0,0,1,0,1,0,0,0,0,1,0,0,13,11,0.039,0.064,0.686,28,21,normal
2,tcp,ftp_data,REJ,325,494,0,0,0,2,0,1,1,0,0,0,0,0,0,16,18,0.246,0.272,0.814,45,22,normal
0,tcp,pop3,SH,103,723,0,0,0,1,0,1,0,0,0,0,0,0,0,19,17,0.051,0.04,0.887,30,34,normal
0,tcp,smtp,S0,348,4849,0,0,0,0,0,1,0,0,0,0,0,0,0,19,17,0.153,0.126,0.712,35,21,normal
1,tcp,ftp_data,SH,210,1215,0,0,0,0,0,0,0,0,0,0,0,0,0,27,16,0.165,0.199,0.882,35,18,normal
3,tcp,ftp,RSTO,270,442,0,0,0,3,0,1,0,0,0,0,0,0,1,20,18,0.034,0.065,0.811,40,31,normal
6,tcp,dns,RSTR,42,2,0,0,0,8,0,1,2,0,0,2,1,0,0,118,117,0.954,0.831,0.042,5,5,probe
1,udp,http,S0,165,159,0,0,0,2,0,1,0,0,0,1,0,0,0,22,13,0.118,0.071,0.924,32,21,normal
1,udp,imap,SF,18,477,0,0,0,0,1,0,2,0,0,0,0,0,0,92,103,0.867,0.939,0.359,14,9,probe
0,icmp,pop3,S0,584,97,0,0,0,0,0,1,0,0,0,0,0,0,0,11,20,0.029,0.137,0.771,29,34,normal
0,udp,imap,RSTR,418,203,0,0,0,0,0,1,1,0,0,0,0,0,0,20,12,0.06,0.153,0.841,29,25,normal
19,udp,ftp,SH,357,12,0,0,0,2,0,0,1,0,0,1,1,0,0,135,118,0.896,0.916,0.014,16,15,dos
3,tcp,pop3,RSTO,433,338,0,0,0,1,0,0,0,0,0,0,0,0,0,21,14,0.09,0.056,0.617,42,26,normal
9,icmp,ssh,RSTO,195,396,0,0,0,0,0,1,0,0,0,0,0,0,0,23,11,0.093,0.034,0.845,30,30,normal
21,icmp,imap,RSTO,40,7,0,0,0,4,0,0,0,0,0,0,2,0,0,140,117,0.863,0.826,0.15,11,9,dos
2,tcp,imap,RSTR,194,103,0,0,0,2,0,1,0,0,0,0,0,0,0,29,18,0.375,0.154,0.496,43,27,normal
1,udp,dns,RSTO,151,19,0,0,0,4,0,0,2,0,0,0,1,0,0,124,98,0.695,0.557,0.007,11,9,dos
0,icmp,imap,SF,414,100,0,0,0,1,0,1,1,0,0,0,0,0,0,18,10,0.252,0.155,0.972,33,27,normal
13,icmp,ftp,SF,14,0,0,0,0,6,0,0,5,0,0,1,0,0,1,129,102,0.813,0.988,0.092,10,7,r2l
1,udp,dns,SF,4357,3457,0,0,0,0,0,1,0,0,0,0,0,0,0,18,9,0.458,0.344,0.746,37,23,normal
0,udp,ftp_data,REJ,1232,551,0,0,0,1,0,1,0,0,0,0,0,0,0,28,14,0.181,0.428,0.73,44,23,normal
0,udp,dns,RSTR,606,173,0,0,0,1,0,1,0,0,0,0,0,0,0,19,22,0.147,0.025,0.834,39,23,normal
3,udp,telnet,RSTO,169,957,0,0,0,1,0,1,0,0,0,0,0,0,0,17,13,0.025,0.015,0.896,33,27,normal
1,tcp,pop3,REJ,1571,77,0,0,0,0,0,0,0,0,0,0,0,0,0,19,11,0.092,0.074,0.857,32,18,normal
1,icmp,dns,SH,1118,273,0,0,0,1,0,1,0,0,0,1,1,0,0,19,17,0.144,0.144,0.588,38,31,normal
5,icmp,ftp,SH,37,61,0,0,0,2,1,1,1,0,0,0,1,0,0,139,114,0.685,0.851,0.196,15,6,probe
4,icmp,http,RSTR,67,19,0,0,0,7,1,0,1,0,0,0,0,0,0,106,96,0.755,0.926,0.136,10,11,u2r
0,tcp,ssh,S0,216,386,0,0,0,1,0,1,0,0,0,0,0,0,0,21,16,0.024,0.009,0.643,32,21,normal
4,udp,smtp,RSTO,247,295,0,0,0,1,0,1,1,0,0,0,0,0,0,18,11,0.162,0.245,0.639,38,20,normal
3,udp,ssh,SF,448,574,0,0,0,1,0,0,1,0,0,0,0,0,0,26,26,0.056,0.014,0.62,35,32,normal
2,icmp,http,SH,275,32,0,0,0,6,0,0,3,0,0,1,0,0,1,119,103,0.966,0.866,0.605,9,6,dos
5,icmp,http,SF,222,247,0,0,0,2,0,1,0,0,0,0,0,0,0,13,14,0.119,0.115,0.651,32,27,normal
15,tcp,pop3,S0,253,411,0,0,0,4,1,0,6,0,0,0,0,0,0,109,106,0.788,0.635,0.465,9,11,probe
1,udp,ftp_data,SH,7843,141,0,0,0,1,0,1,1,0,0,0,0,0,0,25,13,0.07,0.117,0.799,34,22,normal
1,tcp,ssh,RSTR,94,189,0,0,0,2,0,1,0,0,0,0,0,0,0,18,17,0.046,0.083,0.846,30,22,normal
0,icmp,telnet,RSTR,845,196,0,0,0,0,0,0,0,0,0,0,0,0,0,17,8,0.059,0.027,0.629,31,25,normal
0,tcp,ftp,REJ,290,451,0,0,0,1,0,1,0,0,0,0,0,0,0,13,10,0.041,0.194,0.713,28,28,normal
4,udp,ftp,REJ,794,1120,0,0,0,0,0,0,0,0,0,0,0,0,0,22,19,0.108,0.283,0.585,31,32,normal
0,tcp,ftp,SF,1688,110,0,0,0,1,0,1,0,0,0,0,0,0,0,16,17,0.251,0.142,0.835,32,26,normal
1,icmp,ftp,S0,373,459,0,0,0,0,0,0,0,0,0,0,0,0,0,22,20,0.161,0.14,0.761,30,25,normal
2,icmp,http,SH,106,1290,0,0,0,1,0,1,0,0,0,0,1,0,0,16,15,0.414,0.076,0.922,41,24,normal
17,tcp,smtp,SF,636,1,0,0,0,3,1,0,4,0,0,0,0,0,0,146,117,0.872,0.813,0.058,12,6,dos
9,udp,dns,S0,41,189,0,0,0,7,1,0,3,0,0,1,0,0,0,123,122,0.923,0.972,0.029,12,6,dos
5,udp,http,S0,1720,1424,0,0,0,0,0,1,0,0,0,0,0,0,0,14,18,0.03,0.017,0.701,36,24,normal
14,udp,pop3,SF,34,1,0,0,0,4,0,0,1,0,0,2,1,0,0,129,82,0.781,0.921,0.462,14,11,r2l
0,udp,ftp,RSTO,242,248,0,0,0,0,0,1,0,0,0,0,0,0,0,16,16,0.445,0.126,0.84,41,18,normal
2,icmp,http,REJ,18,166,0,0,0,3,2,0,1,0,0,2,3,0,0,121,115,0.901,0.675,0.027,12,12,dos
1,tcp,http,SF,224,26,0,0,0,2,2,0,1,0,0,1,0,0,0,118,127,0.849,0.912,0.429,14,13,probe
1,udp,imap,RSTR,400,227,0,0,0,1,0,1,0,0,0,0,0,0,0,15,11,0.275,0.206,0.89,38,23,normal
2,tcp,ftp,S0,690,1834,0,0,0,0,0,0,0,0,0,0,0,0,0,23,15,0.192,0.02,0.846,37,24,normal
1,icmp,ftp_data,SF,194,355,0,0,0,1,0,1,0,0,0,0,0,0,0,13,15,0.174,0.075,0.489,46,29,normal
34,tcp,smtp,RSTO,36,53,0,0,0,4,1,0,0,0,0,0,1,0,0,128,92,0.914,0.937,0.072,8,13,dos
1,tcp,imap,REJ,257,764,0,0,0,1,0,1,0,0,0,0,0,0,0,17,14,0.185,0.088,0.717,32,21,normal
3,tcp,telnet,SH,1024,326,0,0,0,0,0,0,0,0,0,1,0,0,1,18,22,0.052,0.125,0.668,31,31,normal
0,udp,ftp_data,RSTR,53,57,0,0,0,2,0,1,0,0,0,0,1,0,0,23,17,0.104,0.049,0.63,39,22,normal
19,icmp,ssh,REJ,5,2,0,0,0,5,0,0,1,0,0,1,1,0,0,121,123,0.922,0.921,0.328,19,14,r2l
4,udp,ssh,S0,730,386,0,0,0,0,0,1,0,0,0,0,0,0,0,22,15,0.088,0.331,0.723,50,25,normal
1,icmp,http,REJ,214,115,0,0,0,1,0,1,0,0,0,0,0,0,0,27,17,0.23,0.01,0.826,30,20,normal
2,udp,smtp,REJ,1177,269,0,0,0,0,0,1,0,0,0,0,0,0,0,24,17,0.139,0.155,0.849,30,19,normal
1,udp,pop3,REJ,121,297,0,0,0,3,0,1,1,0,0,0,0,0,0,19,16,0.013,0.055,0.696,55,18,normal
1,tcp,imap,SF,1481,274,0,0,0,0,0,1,0,0,0,0,0,0,0,24,8,0.271,0.062,0.915,29,23,normal
6,udp,telnet,SF,35,14,0,0,0,5,1,0,1,0,0,0,1,0,1,118,99,0.893,0.863,0.1,8,9,dos
0,udp,pop3,RSTO,141,29,0,0,0,5,0,1,2,0,0,1,1,0,1,127,125,0.833,0.847,0.194,17,9,u2r
39,icmp,ftp_data,SH,219,12,0,0,0,4,0,0,2,0,0,0,1,0,0,110,112,0.673,0.971,0.086,7,11,dos
10,tcp,ssh,RSTO,5173,612,0,0,0,1,0,1,1,0,0,0,0,0,0,22,16,0.052,0.257,0.799,31,23,normal
4,icmp,imap,RSTR,505,572,0,0,0,0,0,1,0,0,0,0,0,0,0,16,12,0.436,0.031,0.906,31,19,normal
74,icmp,telnet,RSTR,21,232,0,0,0,4,1,0,2,0,0,0,0,0,1,109,112,0.964,0.729,0.127,9,14,probe
0,tcp,ftp,SF,581,392,0,0,0,1,0,1,0,0,0,0,0,0,0,20,18,0.115,0.025,0.972,32,25,normal
20,udp,ftp_data,RSTR,50,7,0,0,0,3,0,0,0,0,0,2,1,0,1,103,113,0.682,0.829,0.102,12,9,dos
24,udp,dns,RSTR,48,10,0,0,0,3,2,0,1,0,0,0,0,0,0,113,98,0.793,0.986,0.214,11,9,dos
7,icmp,telnet,RSTR,267,2,0,0,0,3,0,0,3,0,0,2,0,0,0,91,113,0.871,0.88,0.087,11,8,r2l
5,tcp,smtp,SF,11,15,0,0,0,3,0,0,5,0,0,1,0,0,2,112,121,0.975,0.64,0.034,9,11,dos
1,icmp,pop3,SF,239,660,0,0,0,2,0,1,0,0,0,0,0,0,0,16,10,0.092,0.048,0.787,37,21,normal
0,tcp,smtp,SH,31,9,0,0,0,5,1,0,3,0,0,2,1,0,1,110,124,0.791,0.992,0.139,14,7,probe
22,udp,ftp_data,REJ,44,34,0,0,1,6,0,0,1,0,0,1,0,0,0,123,110,0.92,0.744,0.213,14,10,r2l
0,tcp,pop3,RSTO,59,59,0,0,0,7,0,0,3,0,0,0,1,0,0,110,115,0.767,0.904,0.615,9,12,dos
0,icmp,ssh,SH,130,532,0,0,0,1,0,1,0,0,0,0,0,0,0,19,14,0.434,0.037,0.94,32,24,normal
2,udp,http,SH,523,203,0,0,0,1,0,1,0,0,0,0,0,0,0,20,23,0.204,0.166,0.772,35,30,normal
0,icmp,dns,REJ,768,260,0,0,0,1,0,1,1,0,0,0,0,0,0,16,15,0.221,0.1,0.746,36,20,normal
2,icmp,http,RSTO,15,742,0,1,0,2,2,1,4,0,0,0,0,0,0,111,116,0.761,0.549,0.008,22,13,dos
2,icmp,http,REJ,120,97,0,0,0,2,0,1,0,0,0,2,0,0,0,17,15,0.073,0.027,0.553,41,30,normal
5,tcp,http,RSTR,191,721,0,0,0,1,0,0,1,0,0,0,0,0,0,18,18,0.269,0.453,0.83,38,28,normal
4,tcp,imap,S0,37,6,0,0,0,7,0,0,0,0,0,0,0,0,0,127,121,0.77,0.888,0.208,14,7,r2l
8,udp,ftp,RSTR,8,27,0,0,0,8,0,1,2,0,0,3,1,0,0,117,111,0.478,0.767,0.218,8,11,dos
6,udp,pop3,RSTO,1338,223,0,0,0,0,0,1,0,0,0,0,0,0,0,18,13,0.068,0.09,0.834,40,22,normal
2,tcp,imap,S0,1604,1870,0,0,0,2,0,1,0,0,0,1,0,0,0,20,14,0.091,0.188,0.965,42,34,normal
0,icmp,http,S0,11,69,0,0,0,4,0,0,2,0,0,2,1,0,0,100,100,0.905,0.667,0.148,12,8,dos
0,tcp,telnet,REJ,2257,342,0,0,0,1,0,1,0,0,0,0,0,0,0,16,21,0.165,0.014,0.76,27,25,normal
2,tcp,http,SF,27,1,0,0,0,6,1,1,3,0,0,0,1,0,0,114,102,0.949,0.903,0.312,11,11,dos
0,icmp,ssh,S0,144,13,0,0,0,5,0,0,0,0,0,0,0,0,0,110,103,0.886,0.954,0.024,20,6,dos
1,tcp,smtp,RSTR,209,764,0,0,0,1,0,0,0,0,0,0,1,0,0,23,8,0.051,0.153,0.659,38,24,normal
6,icmp,ftp_data,SH,58,6,0,0,0,5,0,0,4,0,0,0,0,0,1,111,117,0.928,0.94,0.053,12,9,dos
2,tcp,ssh,S0,491,440,0,0,0,0,0,1,0,0,0,0,0,0,1,16,12,0.034,0.18,0.732,51,24,normal
2,tcp,ftp,REJ,642,2167,0,0,0,0,0,1,0,0,0,0,0,0,0,16,21,0.009,0.062,0.389,34,23,normal
0,icmp,telnet,REJ,701,1039,0,0,0,2,0,1,1,0,0,0,0,0,0,20,13,0.158,0.112,0.479,33,14,normal
43,icmp,ssh,S0,1462,2,0,0,0,4,0,0,3,0,0,0,1,0,2,102,102,0.8,0.735,0.261,10,14,probe
39,icmp,ftp_data,S0,78,11,0,0,0,8,1,0,1,0,0,0,0,0,1,112,98,0.525,0.587,0.144,15,12,dos
0,icmp,dns,REJ,99,1104,0,0,0,1,0,1,0,0,0,0,0,0,0,19,22,0.263,0.021,0.676,50,24,normal
0,icmp,imap,REJ,343,2,0,0,0,4,1,0,4,0,0,0,0,0,1,124,130,0.876,0.994,0.438,13,4,dos
8,udp,ftp,SH,144,51,0,0,0,5,0,0,1,0,0,2,1,0,1,114,112,0.932,0.665,0.185,19,9,dos
12,icmp,dns,SH,12,30,0,0,0,7,0,0,2,0,0,0,0,0,0,129,109,0.711,0.954,0.104,9,12,dos
7,udp,ftp,REJ,52,132,0,0,0,7,0,0,0,0,0,0,0,0,2,126,108,0.652,0.938,0.087,10,9,r2l
3,tcp,telnet,SF,234,197,0,0,0,0,0,1,0,0,0,1,0,0,1,17,12,0.003,0.046,0.871,34,26,normal
2,icmp,imap,SH,192,324,0,0,0,0,0,1,0,0,0,0,0,0,0,22,16,0.477,0.119,0.749,29,28,normal
1,tcp,ssh,SF,138,88,0,0,0,1,0,1,0,0,0,0,0,0,0,13,14,0.057,0.066,0.865,40,22,normal
8,tcp,dns,S0,346,29,0,0,0,9,1,1,3,0,0,0,1,0,0,94,119,0.93,0.933,0.331,12,11,dos
15,tcp,pop3,SH,38,78,0,0,0,4,0,0,2,0,0,2,2,0,0,102,128,0.987,0.784,0.063,9,10,dos
0,udp,imap,REJ,596,261,0,0,0,1,0,1,1,0,0,0,0,0,0,22,15,0.138,0.192,0.872,30,28,normal
1,udp,telnet,S0,1940,200,0,0,0,0,0,1,0,0,0,1,0,0,0,19,18,0.083,0.023,0.688,18,24,normal
0,icmp,imap,SF,641,571,0,0,0,1,0,1,0,0,0,0,0,0,0,27,18,0.089,0.187,0.794,37,30,normal
2,icmp,ftp_data,SH,478,929,0,0,0,0,0,1,0,0,0,0,0,0,0,20,13,0.402,0.035,0.721,41,35,normal
36,tcp,ftp_data,SH,147,112,0,0,0,6,0,0,1,0,0,2,0,0,1,127,105,0.984,0.732,0.092,11,3,dos
1,icmp,telnet,RSTR,58,741,0,0,0,2,0,1,0,0,0,1,1,0,0,15,10,0.123,0.296,0.606,31,35,normal
2,udp,imap,SH,480,576,0,0,0,1,0,1,0,0,0,0,0,0,0,23,14,0.155,0.298,0.748,34,28,normal
10,tcp,smtp,RSTR,75,124,0,0,0,3,4,0,0,0,0,2,0,0,2,111,102,0.748,0.885,0.359,14,13,r2l
2,udp,ftp,SH,16,53,0,0,0,6,0,0,3,0,0,0,2,0,1,108,94,0.851,0.792,0.089,12,8,dos
11,tcp,dns,SF,48,56,1,0,0,8,1,0,3,0,0,1,1,0,1,126,99,0.998,0.926,0.131,14,11,dos
10,udp,ftp,S0,383,30,1,0,0,12,2,0,2,0,0,3,0,0,1,119,119,0.942,0.677,0.137,10,12,u2r
1,icmp,telnet,REJ,50,143,0,0,0,0,0,0,0,0,0,0,0,0,0,18,11,0.045,0.086,0.667,36,19,normal
0,tcp,telnet,SH,712,974,0,0,0,0,0,1,0,0,0,0,0,0,0,20,17,0.087,0.004,0.901,30,34,normal
0,icmp,telnet,S0,3589,287,0,0,0,1,0,0,0,0,0,0,0,0,0,14,14,0.249,0.402,0.636,35,28,normal
4,icmp,imap,REJ,1256,759,0,0,0,0,0,1,0,0,0,0,0,0,0,28,13,0.105,0.075,0.881,49,33,normal
4,icmp,http,RSTO,619,55,0,0,0,2,0,1,0,0,0,0,0,0,0,15,11,0.191,0.1,0.945,30,30,normal
3,tcp,http,S0,16,185,0,0,0,3,1,0,0,0,0,0,2,0,1,105,95,0.995,0.884,0.218,12,8,dos
31,udp,ftp_data,SH,38,56,0,0,0,6,0,0,2,0,0,1,2,0,1,125,122,0.509,0.832,0.55,16,7,dos
2,tcp,http,REJ,1067,239,0,0,0,2,0,0,0,0,0,0,0,0,2,18,11,0.086,0.596,0.792,41,28,normal
0,udp,ssh,RSTO,766,2,0,0,0,8,0,0,3,0,0,0,1,0,1,105,115,0.612,0.782,0.076,13,8,dos
3,udp,smtp,SF,63,4377,0,0,0,0,0,1,0,0,0,0,0,0,0,26,10,0.475,0.081,0.928,30,29,normal
22,icmp,smtp,RSTO,23,0,0,0,0,3,0,0,2,0,0,3,0,0,0,110,101,0.949,0.743,0.453,18,11,dos
6,icmp,ftp,REJ,287,135,0,0,0,1,0,1,1,0,0,0,0,0,0,17,12,0.219,0.065,0.654,31,21,normal
6,tcp,telnet,S0,299,3,0,0,0,6,0,0,3,0,0,1,0,0,2,122,107,0.949,0.92,0.05,11,8,dos
2,udp,ssh,REJ,1766,514,0,0,0,0,0,1,0,0,0,0,0,0,0,19,17,0.234,0.146,0.881,32,25,normal
2,icmp,http,SH,49,283,0,0,0,1,0,1,0,0,0,0,0,0,0,19,12,0.209,0.015,0.917,34,21,normal
1,tcp,http,RSTO,463,78,0,0,0,1,0,1,0,0,0,0,0,0,0,21,15,0.32,0.308,0.676,43,20,normal
3,icmp,telnet,S0,249,19,0,0,0,9,0,0,0,0,0,0,0,0,1,117,110,0.885,0.897,0.053,12,8,r2l
0,udp,http,SF,783,79,0,0,0,2,0,1,0,0,0,0,0,0,0,17,20,0.125,0.38,0.533,29,26,normal
4,icmp,http,SF,190,291,0,0,0,0,0,1,1,0,0,0,0,0,0,20,17,0.095,0.144,0.92,32,26,normal
4,udp,http,REJ,1407,985,0,0,0,2,0,1,1,0,0,0,0,0,0,15,11,0.147,0.316,0.573,24,25,normal
1,tcp,imap,SF,359,1680,0,0,0,0,0,1,0,0,0,0,0,0,0,20,18,0.323,0.276,0.194,43,22,normal
12,icmp,pop3,REJ,776,12,0,0,0,7,0,0,1,0,0,0,0,0,0,111,109,0.873,0.873,0.169,12,7,dos
4,icmp,ssh,RSTR,41,68,0,0,0,7,3,0,2,0,0,1,0,0,1,121,89,0.788,0.951,0.208,8,11,dos
1,tcp,http,S0,525,29,0,0,0,0,0,1,0,0,0,0,0,0,0,22,11,0.077,0.046,0.688,40,21,normal
0,icmp,ftp,REJ,3320,543,0,0,0,1,0,0,0,0,0,0,0,0,1,21,11,0.01,0.07,0.884,41,27,normal
0,udp,http,RSTR,532,259,0,0,0,1,0,1,0,0,0,0,0,0,0,15,11,0.085,0.08,0.845,42,30,normal
1,icmp,ftp_data,S0,174,354,0,0,0,0,0,0,0,0,0,0,0,0,0,19,10,0.047,0.146,0.717,38,25,normal
22,icmp,dns,REJ,298,41,0,0,0,2,4,0,1,0,0,1,1,0,1,117,123,0.563,0.642,0.088,16,11,dos
18,icmp,pop3,RSTR,42,234,0,0,0,3,0,0,0,0,0,1,1,0,1,110,99,0.9,0.826,0.001,12,13,dos
2,udp,dns,REJ,485,1219,0,0,0,1,0,1,0,0,0,0,0,0,0,20,13,0.202,0.024,0.701,28,22,normal
0,icmp,ftp,RSTO,328,193,0,0,0,2,0,0,0,0,0,0,0,0,0,21,19,0.525,0.006,0.704,32,25,normal
8,icmp,imap,S0,162,150,0,0,0,1,0,1,0,0,0,1,0,0,0,17,14,0.309,0.059,0.785,31,23,normal
47,udp,http,SF,179,419,0,0,0,3,0,0,0,0,0,1,0,0,0,137,124,0.724,0.804,0.138,15,13,dos
7,icmp,smtp,RSTO,42,252,0,0,0,3,0,0,0,0,0,1,1,0,2,111,116,0.99,0.775,0.073,12,12,dos
2,tcp,ftp,RSTO,424,284,0,0,0,1,0,1,0,0,0,0,0,0,0,18,16,0.109,0.227,0.645,26,26,normal
1,udp,imap,REJ,1783,1439,0,0,0,0,0,1,1,0,0,0,0,0,0,8,19,0.195,0.391,0.987,37,15,normal
6,tcp,pop3,SH,1045,118,0,0,0,3,1,0,1,0,0,2,0,0,0,124,109,0.935,0.775,0.02,11,11,r2l
20,tcp,smtp,SH,11,18,0,1,0,5,0,0,3,0,0,3,0,0,1,110,95,0.796,0.846,0.109,15,12,r2l
26,tcp,http,SH,43,26,0,0,0,5,1,0,1,0,0,0,1,0,1,108,125,0.976,0.727,0.274,14,13,dos
0,tcp,smtp,RSTO,3173,217,0,0,0,2,0,1,0,0,0,0,0,0,0,18,10,0.333,0.213,0.931,42,27,normal
34,icmp,ssh,SH,22,23,0,0,0,5,1,1,2,0,0,1,0,0,2,102,120,0.907,0.819,0.464,11,12,probe
35,icmp,ftp,SF,37,69,0,0,0,5,1,0,1,0,0,0,0,0,1,107,84,0.986,0.864,0.073,6,13,dos
4,icmp,imap,REJ,74,65,0,0,0,7,0,0,1,0,0,1,2,0,0,122,125,0.956,0.401,0.028,11,8,probe
12,icmp,ssh,REJ,207,254,0,1,0,9,0,0,2,1,0,1,0,0,0,140,108,0.926,0.885,0.388,11,6,dos
4,udp,pop3,REJ,520,766,0,0,0,1,0,0,0,0,0,1,0,0,0,20,21,0.199,0.116,0.969,42,31,normal
1,tcp,ftp,SF,54,166,0,0,0,4,1,0,1,0,0,0,0,0,1,121,103,0.938,0.961,0.379,17,13,probe
0,icmp,imap,REJ,304,284,0,0,0,2,0,1,0,0,0,0,0,0,0,14,17,0.046,0.153,0.919,33,31,normal
0,udp,dns,REJ,375,524,0,0,0,0,0,1,0,0,0,0,0,0,1,23,18,0.098,0.145,0.805,42,31,normal
0,tcp,ssh,S0,496,1257,0,0,0,1,0,0,0,0,0,1,0,0,0,17,8,0.123,0.105,0.897,31,24,normal
10,tcp,imap,SF,329,15,0,0,0,3,2,0,4,0,0,0,1,0,0,125,114,0.774,0.806,0.05,10,8,dos
36,tcp,telnet,SF,88,13,0,0,0,3,0,0,3,0,0,0,0,0,2,121,102,0.869,0.87,0.055,13,11,dos
9,udp,ftp_data,SF,150,2157,0,0,0,0,0,1,0,0,0,0,0,0,0,15,24,0.227,0.229,0.951,28,31,normal
14,tcp,smtp,SH,43,136,0,0,0,10,1,0,0,0,0,1,0,0,0,131,119,0.969,0.889,0.311,11,6,r2l
14,tcp,telnet,SF,161,278,0,0,0,3,1,0,2,0,0,0,0,0,1,108,108,0.865,0.703,0.062,10,13,dos
14,icmp,http,S0,28,15,0,0,0,6,0,0,1,0,0,0,0,0,0,133,95,0.903,0.81,0.181,10,10,dos
0,udp,imap,RSTR,513,255,0,0,0,0,0,0,0,0,0,0,0,0,1,20,13,0.391,0.096,0.681,32,24,normal
2,tcp,ssh,SF,159,6,0,0,0,6,0,0,6,0,0,3,1,0,1,113,96,0.797,0.49,0.337,8,8,probe
23,tcp,dns,SH,32,5,0,0,0,4,0,0,4,0,0,0,0,0,0,148,111,0.985,0.702,0.073,10,11,probe
8,tcp,ftp,RSTO,902,31,0,0,0,7,0,0,0,0,0,1,1,0,1,127,106,0.799,0.942,0.113,13,13,dos
5,udp,ssh,SH,232,398,0,0,0,2,0,1,0,0,0,0,0,0,0,19,14,0.164,0.129,0.865,34,31,normal
6,icmp,telnet,S0,372,181,0,0,0,1,0,1,0,0,0,0,0,0,0,25,13,0.215,0.227,0.732,39,23,normal
3,tcp,ssh,RSTO,360,130,0,0,0,4,0,1,0,0,0,0,0,0,1,27,15,0.014,0.392,0.888,45,16,normal
11,udp,ftp_data,RSTR,156,1086,0,0,0,6,0,0,1,0,0,1,1,0,1,141,115,0.915,0.905,0.05,10,9,dos
0,udp,ftp_data,REJ,441,292,0,0,0,1,0,1,0,0,0,0,1,0,0,22,10,0.067,0.044,0.832,29,18,normal
5,icmp,pop3,RSTR,2594,101,0,0,0,4,1,0,1,0,0,0,1,0,2,127,100,0.678,0.988,0.03,19,11,dos
2,icmp,imap,SH,341,38,0,0,0,0,0,1,0,0,0,0,0,0,0,18,14,0.149,0.278,0.724,33,22,normal
4,icmp,imap,SF,1078,662,0,0,0,2,0,1,0,0,0,0,0,0,0,19,17,0.21,0.261,0.769,35,35,normal
0,icmp,dns,RSTO,221,323,0,0,0,1,0,1,0,0,0,0,0,0,0,23,12,0.451,0.014,0.939,38,23,normal
13,icmp,http,REJ,890,56,0,0,0,1,1,0,1,0,0,1,2,0,2,111,117,0.743,0.904,0.129,9,8,dos
2,tcp,ftp,RSTR,1738,368,0,0,0,3,0,0,2,0,0,1,2,0,1,108,115,0.882,0.954,0.271,15,11,r2l
8,icmp,telnet,REJ,1377,353,0,0,0,3,0,1,4,0,0,1,0,0,1,127,112,0.628,0.777,0.067,12,16,probe
15,icmp,http,S0,520,18,0,0,0,2,1,0,1,0,0,1,0,0,2,117,98,0.513,0.94,0.078,9,4,dos
0,tcp,smtp,SH,360,740,0,0,0,1,0,1,1,0,0,0,0,0,0,18,14,0.014,0.11,0.43,32,25,normal
19,icmp,pop3,RSTR,57,0,0,0,0,7,0,1,1,0,0,3,0,0,0,122,103,0.91,0.977,0.102,10,8,dos
1,udp,dns,RSTO,246,55,0,0,0,0,0,0,0,0,0,0,0,0,1,31,10,0.093,0.024,0.862,37,18,normal
18,icmp,dns,RSTO,128,62,0,0,0,7,1,0,2,0,0,1,0,0,0,134,105,0.746,0.386,0.143,13,8,probe
1,tcp,dns,REJ,274,235,0,0,0,0,0,1,0,0,0,1,0,0,0,19,24,0.067,0.314,0.902,29,31,normal
5,udp,http,SH,54,0,0,0,0,4,1,0,0,0,0,0,1,0,1,107,111,0.949,0.763,0.178,12,13,dos
4,icmp,pop3,RSTR,92,1642,0,0,0,0,0,1,0,0,0,0,0,0,0,17,19,0.072,0.602,0.746,34,25,normal
87,tcp,telnet,RSTR,377,12,0,0,0,1,1,0,6,0,0,2,0,0,0,108,101,0.935,0.809,0.101,15,10,u2r
0,tcp,imap,RSTO,777,2525,0,0,0,0,0,1,0,0,0,0,0,0,0,11,17,0.163,0.053,0.848,33,20,normal
9,tcp,telnet,RSTR,98,30,0,0,0,4,0,0,1,0,0,0,0,0,0,114,115,0.933,0.88,0.037,9,14,dos
0,udp,imap,REJ,71,359,0,0,0,4,0,1,0,0,0,0,0,0,0,18,10,0.104,0.076,0.828,37,24,normal
3,udp,pop3,RSTR,327,408,0,0,0,0,0,1,0,0,0,0,0,0,0,21,23,0.109,0.032,0.88,42,27,normal
3,tcp,telnet,RSTR,193,1094,0,0,0,2,0,0,0,0,0,0,0,0,0,12,15,0.007,0.324,0.649,32,24,normal
4,udp,http,RSTR,250,20,0,0,0,4,1,1,3,0,0,0,0,0,0,119,112,0.921,0.7,0.296,14,13,dos
0,udp,ftp_data,SH,60,34,0,0,0,5,2,0,1,0,0,2,0,0,0,115,114,0.994,0.884,0.298,15,6,dos
3,icmp,smtp,SF,121,220,0,0,0,0,0,1,1,0,0,0,0,0,0,27,17,0.142,0.468,0.732,37,20,normal
1,udp,telnet,SH,1582,3951,0,0,0,0,0,1,1,0,0,0,0,0,0,20,20,0.056,0.162,0.623,32,27,normal
18,udp,telnet,SF,53,11,0,0,0,6,0,0,2,0,0,3,0,1,2,108,117,0.936,0.995,0.112,16,7,probe
4,icmp,telnet,RSTR,231,1581,0,0,0,1,0,1,0,0,0,1,0,0,0,19,20,0.005,0.149,0.805,37,33,normal
7,icmp,pop3,SH,151,2195,0,0,0,3,0,1,0,0,0,1,0,0,0,15,19,0.112,0.353,0.573,31,12,normal
2,tcp,pop3,SH,439,501,0,0,0,1,0,0,0,0,0,0,1,0,0,15,11,0.494,0.335,0.852,45,20,normal
1,tcp,http,S0,32,19,0,0,0,8,0,0,1,0,0,1,0,0,0,120,121,0.903,0.831,0.204,14,7,dos
1,icmp,imap,SH,132,84,0,0,0,1,0,1,0,0,0,0,0,0,0,18,12,0.101,0.032,0.594,43,22,normal
4,udp,telnet,SH,955,85,0,0,0,0,0,1,0,0,0,0,0,0,0,25,7,0.195,0.473,0.482,43,29,normal
0,icmp,imap,RSTO,301,128,0,0,0,0,0,0,0,0,0,0,0,0,0,23,14,0.237,0.232,0.845,37,22,normal
42,tcp,smtp,RSTO,10,3,0,0,0,8,1,0,2,0,0,0,0,0,0,115,131,0.879,0.98,0.274,11,16,probe
2,udp,imap,S0,394,129,0,0,0,0,0,1,0,0,0,0,0,0,0,22,11,0.061,0.372,0.831,33,28,normal
6,tcp,imap,SF,466,1254,0,0,0,2,0,1,0,0,0,0,0,0,0,18,18,0.079,0.001,0.639,44,27,normal
3,udp,ftp,RSTR,131,439,0,0,0,2,0,0,1,0,0,0,0,0,0,17,13,0.021,0.522,0.803,35,28,normal
7,tcp,dns,RSTR,59,1,0,0,0,6,1,0,3,0,0,0,0,0,1,138,97,0.952,0.946,0.109,11,10,dos
5,tcp,dns,SH,119,1,0,0,0,5,0,0,1,0,0,1,0,0,0,112,114,0.849,0.584,0.168,10,11,dos
3,icmp,imap,SF,303,170,0,0,0,1,0,1,0,0,0,0,0,0,0,28,15,0.288,0.247,0.898,36,17,normal
18,udp,smtp,SH,39,42,0,0,0,6,0,0,3,0,0,2,0,0,1,139,121,0.976,0.927,0.03,10,7,dos
3,tcp,telnet,RSTR,126,177,0,0,0,2,0,1,1,0,0,0,1,0,1,23,11,0.288,0.219,0.804,34,36,normal
1,tcp,ssh,S0,176,1089,0,0,0,2,0,1,0,0,0,1,0,0,0,19,15,0.043,0.05,0.664,24,22,normal
0,udp,imap,SH,734,151,0,0,0,1,0,1,0,0,0,0,0,0,1,17,14,0.05,0.128,0.949,41,30,normal
2,udp,telnet,SH,368,477,0,0,0,2,0,1,0,0,0,0,1,0,0,15,14,0.107,0.2,0.367,43,15,normal
0,icmp,smtp,S0,87,369,0,0,0,1,0,1,1,0,0,0,0,0,0,17,19,0.179,0.073,0.892,29,21,normal
6,icmp,ssh,RSTO,478,11,0,0,0,8,0,0,0,0,0,2,0,0,0,122,102,0.874,0.831,0.145,9,14,dos
1,udp,imap,REJ,66,769,0,0,0,0,0,1,0,0,0,0,0,0,0,11,18,0.043,0.027,0.885,41,29,normal
10,udp,telnet,SF,100,117,0,0,0,8,0,0,1,1,0,0,1,0,0,120,96,0.877,0.376,0.033,14,11,dos
22,tcp,ssh,SF,511,1,0,0,0,7,1,0,5,0,0,1,0,0,0,105,123,0.805,0.879,0.05,10,7,dos
0,udp,ssh,S0,1556,299,0,0,0,2,0,1,0,0,0,0,0,0,0,29,19,0.033,0.059,0.798,57,30,normal
4,udp,dns,S0,1149,139,0,0,0,0,0,0,0,0,0,0,0,0,0,19,13,0.089,0.024,0.764,29,29,normal
0,icmp,ssh,S0,347,1763,0,0,0,1,0,1,0,0,0,0,1,0,0,29,20,0.052,0.033,0.835,38,15,normal
4,icmp,telnet,RSTR,2348,112,0,0,0,1,0,1,0,0,0,0,1,0,0,24,13,0.103,0.151,0.924,34,18,normal
8,icmp,dns,RSTR,826,232,0,0,0,2,0,0,2,0,0,1,0,0,0,125,99,0.981,0.803,0.158,12,8,dos
0,icmp,dns,RSTO,710,200,0,0,0,0,0,1,0,0,0,0,1,0,0,28,10,0.087,0.028,0.67,26,23,normal
0,icmp,http,S0,105,1,0,0,0,8,0,0,1,0,0,0,0,0,0,103,108,0.958,0.562,0.193,9,3,dos
0,icmp,ftp,SH,2141,142,0,0,0,3,0,0,0,0,0,0,0,0,0,16,15,0.001,0.146,0.874,44,32,normal
5,icmp,dns,REJ,1714,176,0,0,0,1,0,0,0,0,0,0,0,0,0,11,13,0.084,0.006,0.702,47,32,normal
10,tcp,ftp,REJ,1308,70,0,0,0,8,1,0,2,0,0,0,1,0,0,106,94,0.785,0.876,0.011,15,6,probe
3,icmp,ftp,S0,232,561,0,0,0,0,0,1,0,0,0,0,0,0,0,31,13,0.043,0.116,0.858,31,16,normal
0,tcp,telnet,REJ,947,201,0,0,0,1,0,1,0,0,0,0,0,0,0,16,17,0.052,0.517,0.725,44,21,normal
14,tcp,ftp,SH,145,135,0,0,0,4,4,0,2,0,0,0,0,0,1,122,105,0.891,0.803,0.041,11,8,dos
1,tcp,ssh,RSTR,197,324,0,0,0,1,0,1,0,0,0,0,0,0,0,13,7,0.176,0.054,0.949,36,24,normal
29,icmp,smtp,REJ,27,1562,0,0,0,1,1,0,2,0,0,2,0,0,0,129,100,0.587,0.799,0.285,12,12,dos
19,icmp,http,REJ,580,12,0,0,0,3,2,0,3,0,0,0,0,0,1,134,122,0.972,0.777,0.086,13,11,dos
4,udp,telnet,RSTR,641,118,0,0,0,0,0,1,1,0,0,0,0,0,0,21,15,0.063,0.083,0.611,36,24,normal
17,udp,telnet,SF,166,22,0,0,0,8,1,0,1,0,0,1,0,0,2,131,113,0.914,0.803,0.009,11,6,dos
0,udp,ssh,RSTO,1643,199,0,0,0,0,0,1,0,0,0,0,0,0,0,23,15,0.245,0.316,0.768,37,23,normal
3,icmp,pop3,SF,314,66,0,0,0,0,0,1,0,0,0,0,0,0,0,21,14,0.04,0.325,0.696,29,23,normal
0,tcp,ssh,REJ,667,187,0,0,0,1,0,1,0,0,0,0,0,0,0,22,16,0.335,0.183,0.916,33,24,normal
1,tcp,http,SH,527,1478,0,0,0,2,0,1,0,0,0,0,0,0,0,27,15,0.243,0.106,0.935,37,23,normal
1,icmp,dns,S0,1572,119,0,0,0,0,0,1,0,0,0,0,0,0,0,28,17,0.249,0.314,0.527,32,23,normal
4,tcp,dns,SF,1616,0,0,0,0,4,1,0,3,0,0,0,0,0,0,124,115,0.862,0.969,0.298,12,16,dos
40,tcp,ftp,RSTO,147,9,0,0,0,2,1,1,2,0,0,0,0,0,0,105,119,0.834,0.897,0.301,8,13,r2l
0,udp,imap,SF,63,65,0,0,0,2,0,1,0,0,0,1,0,0,0,28,19,0.0,0.432,0.892,31,17,normal
9,tcp,ssh,SF,21,3,0,0,0,5,1,0,1,0,0,0,0,0,1,140,114,0.911,0.919,0.116,5,12,dos
1,icmp,imap,RSTR,376,402,0,0,0,3,0,1,0,0,0,0,0,0,0,17,22,0.247,0.188,0.466,46,18,normal
2,icmp,dns,S0,963,41,0,0,0,3,0,0,0,0,0,0,0,0,0,16,16,0.172,0.013,0.918,34,15,normal
0,tcp,smtp,SH,1349,246,0,0,0,2,0,1,0,0,0,0,0,0,0,18,12,0.012,0.118,0.88,31,24,normal
0,tcp,ftp,REJ,378,1119,0,0,0,0,0,1,0,0,0,0,0,0,0,20,13,0.231,0.234,0.594,42,24,normal
14,icmp,http,RSTR,136,31,0,0,0,5,0,0,1,0,0,1,0,0,0,123,86,0.852,0.797,0.08,4,11,dos
3,icmp,pop3,SH,196,3112,0,0,0,3,0,1,0,0,0,0,0,0,0,28,13,0.145,0.214,0.858,36,29,normal
24,icmp,dns,SF,129,0,0,0,0,6,0,0,3,0,0,0,1,0,0,126,110,0.823,0.991,0.517,11,10,dos
4,icmp,ftp_data,S0,88,1036,0,0,0,7,1,0,4,0,0,1,0,0,1,118,113,0.806,0.973,0.273,13,12,dos
8,udp,imap,S0,2932,583,0,0,0,2,0,0,0,0,0,0,0,0,0,14,18,0.098,0.105,0.806,49,27,normal
5,tcp,ftp,RSTO,516,216,0,0,0,0,0,1,0,0,0,1,0,0,0,19,8,0.09,0.233,0.408,36,23,normal
4,udp,telnet,REJ,103,121,0,0,0,1,0,1,0,0,0,0,0,0,0,14,13,0.092,0.532,0.875,38,36,normal
1,tcp,http,S0,818,305,0,0,0,1,0,1,1,0,0,0,1,0,0,26,11,0.162,0.24,0.641,35,25,normal
3,icmp,smtp,REJ,53,13,1,0,0,5,0,0,1,0,0,1,0,0,1,124,95,0.947,0.831,0.05,5,12,dos
16,udp,telnet,REJ,71,15,0,0,0,6,2,1,4,0,0,1,1,0,0,140,101,0.823,0.786,0.037,20,12,dos
0,tcp,smtp,SF,23,3,0,0,0,6,1,0,1,0,0,0,1,0,0,121,97,0.55,0.686,0.051,7,7,dos
0,tcp,smtp,S0,795,1288,0,0,0,0,0,1,0,0,0,0,0,0,0,27,14,0.07,0.006,0.738,40,22,normal
6,tcp,imap,REJ,144,281,0,0,0,1,0,1,0,0,0,0,0,0,0,24,21,0.012,0.191,0.87,36,33,normal
1,icmp,ftp_data,REJ,672,505,0,0,0,1,0,1,0,0,0,0,0,0,0,22,15,0.159,0.093,0.748,30,18,normal
0,udp,ftp_data,RSTO,2267,637,0,0,0,0,0,1,0,0,0,1,0,0,0,25,20,0.211,0.055,0.982,32,29,normal
1,tcp,dns,S0,117,30,0,0,0,3,0,1,1,0,0,0,0,0,0,17,14,0.035,0.381,0.928,46,24,normal
1,tcp,http,S0,287,125,0,0,0,1,0,1,0,0,0,1,1,0,0,18,14,0.448,0.012,0.73,41,27,normal
3,udp,dns,S0,1059,196,0,0,0,0,0,1,0,0,0,0,0,0,0,10,10,0.093,0.097,0.932,30,28,normal
2,tcp,pop3,SF,145,625,0,0,0,1,0,1,0,0,0,0,1,0,0,28,10,0.108,0.012,0.813,26,19,normal
14,tcp,smtp,SH,4,2,0,0,0,7,1,0,3,0,0,0,1,0,0,130,93,0.959,0.63,0.412,24,4,dos
0,udp,ssh,RSTR,1093,131,0,0,0,1,0,0,0,0,0,0,0,0,0,18,21,0.15,0.379,0.926,47,26,normal
2,icmp,ssh,SF,562,132,0,0,0,0,0,0,0,0,0,1,0,0,0,15,19,0.158,0.221,0.722,35,29,normal
2,icmp,ftp,REJ,230,429,0,0,0,3,0,1,0,0,0,0,0,0,2,21,14,0.031,0.039,0.651,33,30,normal
3,tcp,telnet,RSTR,622,142,0,0,0,2,0,1,0,0,0,1,0,0,0,30,15,0.183,0.016,0.657,24,26,normal
10,icmp,ssh,RSTO,198,438,0,0,0,2,0,1,1,0,0,1,0,0,0,15,12,0.041,0.138,0.312,36,26,normal
0,udp,smtp,RSTO,742,362,0,0,0,1,0,0,0,0,0,0,0,0,0,24,16,0.109,0.147,0.899,39,37,normal
1,icmp,ftp_data,REJ,1131,98,0,0,0,2,0,1,0,0,0,0,0,0,0,26,13,0.134,0.215,0.528,28,22,normal
4,udp,ftp,SF,14,75,0,0,0,0,1,0,2,0,0,0,1,0,0,119,111,0.493,0.84,0.169,9,13,dos
0,tcp,ftp,S0,1258,499,0,0,0,0,0,0,0,0,0,0,0,0,0,11,18,0.084,0.514,0.739,31,35,normal
2,tcp,ftp,SH,56,42,0,0,0,7,0,0,2,0,0,0,0,0,0,107,125,0.632,0.998,0.361,16,11,dos
0,icmp,dns,REJ,44,2,0,0,0,7,1,0,1,0,0,0,2,0,0,123,129,0.751,0.834,0.006,15,9,dos
0,udp,telnet,SF,79,42,0,0,0,1,0,1,0,0,0,0,0,0,1,20,14,0.18,0.172,0.436,34,25,normal
2,tcp,imap,RSTR,260,149,0,0,0,0,0,1,0,0,0,1,0,0,0,18,13,0.148,0.297,0.854,36,25,normal
50,icmp,ftp,SF,197,0,0,0,0,2,1,0,3,0,0,0,0,0,0,111,111,0.728,0.695,0.397,12,13,dos
0,udp,ftp,SF,836,89,0,0,0,0,0,1,0,0,0,0,0,0,0,19,18,0.118,0.158,0.569,36,20,normal
13,icmp,imap,RSTO,756,21,0,0,0,0,0,1,1,0,0,0,0,0,0,24,13,0.071,0.022,0.691,34,21,normal
0,tcp,dns,SF,426,1080,0,0,0,1,0,1,0,0,0,0,0,0,0,22,14,0.048,0.131,0.838,42,23,normal
13,udp,ftp,SF,161,4,0,0,0,2,1,0,0,0,0,0,2,0,1,126,116,0.979,0.945,0.079,12,8,dos
5,icmp,pop3,RSTO,166,589,0,0,0,1,0,1,0,0,0,0,1,0,0,19,7,0.236,0.265,0.977,40,23,normal
1,icmp,smtp,S0,348,1764,0,0,0,3,0,1,0,0,0,0,0,0,0,20,18,0.03,0.26,0.853,36,16,normal
0,tcp,telnet,SH,316,53,0,0,0,1,0,1,0,0,0,0,0,0,0,11,19,0.036,0.097,0.601,33,26,normal
5,tcp,http,RSTR,108,1,0,0,0,5,1,0,4,0,0,0,1,0,0,112,108,0.858,0.747,0.052,8,13,dos
2,icmp,imap,SH,105,1026,0,0,0,1,0,1,0,0,0,0,0,0,0,21,14,0.012,0.059,0.508,34,23,normal
22,tcp,ssh,SF,48,3,0,0,0,1,1,0,2,0,0,0,1,0,0,120,122,0.885,0.849,0.014,10,5,dos
13,udp,ftp,SH,33,31,0,0,0,8,2,0,1,0,0,1,0,0,0,123,96,0.958,0.645,0.405,11,9,r2l
3,icmp,pop3,SF,868,102,0,0,0,0,0,1,0,0,0,0,1,0,0,24,18,0.145,0.267,0.965,27,22,normal
30,icmp,ftp,S0,338,359,0,0,0,6,0,0,4,0,1,0,3,0,1,115,120,0.784,0.986,0.5,13,12,probe
11,icmp,ftp,SH,5,28,0,0,0,3,0,0,4,0,0,1,1,0,0,109,106,0.876,0.693,0.379,10,11,dos
21,udp,http,SH,36,268,0,0,0,4,0,0,2,0,0,1,1,0,1,118,105,0.723,0.961,0.359,4,8,dos
1,udp,ftp_data,RSTO,186,201,0,0,0,3,0,1,0,0,0,0,1,0,0,18,16,0.045,0.027,0.829,41,18,normal
17,udp,imap,REJ,571,308,0,0,0,0,0,0,0,0,0,0,0,0,0,17,15,0.018,0.08,0.828,36,23,normal
1,tcp,telnet,S0,505,189,0,0,0,1,0,1,0,0,0,0,0,0,0,19,7,0.043,0.2,0.951,29,35,normal
3,udp,ftp,SH,62,3,0,0,0,2,1,0,4,0,0,3,0,0,0,129,111,0.845,0.811,0.494,8,9,probe
16,icmp,pop3,RSTO,14,66,0,1,0,2,0,0,6,0,0,1,1,0,1,129,108,0.806,0.815,0.265,9,5,probe
1,udp,ftp,REJ,663,477,0,0,0,0,0,1,0,0,0,1,0,0,0,19,16,0.083,0.021,0.521,27,16,normal
0,tcp,smtp,S0,1577,222,0,0,0,1,0,1,0,0,0,0,0,0,1,20,9,0.001,0.077,0.868,36,35,normal
18,udp,ssh,REJ,871,33,0,0,0,3,2,0,0,0,0,2,1,0,0,131,132,0.911,0.706,0.101,21,4,r2l
15,icmp,http,S0,20,67,0,0,0,2,2,0,0,0,0,1,0,0,0,128,123,0.73,0.881,0.091,16,6,dos
0,tcp,telnet,SF,220,783,0,0,0,0,0,1,0,0,0,0,0,0,0,23,17,0.036,0.263,0.737,31,22,normal
11,tcp,http,REJ,125,4,0,0,0,6,1,1,2,0,0,0,0,0,0,142,102,0.789,0.782,0.268,14,9,dos
39,tcp,http,RSTR,347,51,0,0,0,3,0,1,1,0,0,1,1,0,0,103,118,0.732,0.814,0.027,9,10,probe
0,udp,imap,S0,4522,567,0,0,0,2,0,1,0,0,0,0,0,0,0,15,18,0.287,0.06,0.836,35,29,normal
7,udp,ftp_data,RSTO,424,60,0,0,0,4,0,0,2,0,0,0,1,0,1,115,117,0.798,0.576,0.06,9,11,r2l
0,icmp,http,SF,13,23,0,0,0,4,0,0,3,0,0,1,1,0,0,116,129,0.986,0.847,0.119,13,9,r2l
3,udp,imap,SH,730,102,0,0,0,2,0,1,0,0,0,0,0,0,0,19,14,0.307,0.034,0.732,39,29,normal
31,icmp,imap,SH,17,98,0,0,0,9,1,0,3,0,0,0,0,1,0,112,102,0.88,0.679,0.196,9,11,u2r
0,icmp,ssh,S0,269,507,0,0,0,1,0,1,0,0,0,1,0,0,0,19,14,0.134,0.296,0.893,38,20,normal
5,icmp,smtp,S0,222,502,0,0,0,0,0,1,0,0,0,0,0,0,0,26,10,0.313,0.36,0.838,37,27,normal
3,udp,http,RSTR,944,145,0,0,0,2,0,1,0,0,0,0,0,0,1,25,11,0.066,0.067,0.802,39,28,normal
1,udp,ftp,SF,2313,381,0,0,0,0,0,0,0,0,0,0,1,0,0,26,15,0.069,0.123,0.846,38,24,normal
73,tcp,pop3,REJ,48,83,0,0,0,3,0,1,1,0,0,0,0,0,0,101,116,0.771,0.984,0.191,11,14,r2l
1,icmp,imap,S0,2028,368,0,0,0,0,0,1,1,0,0,0,0,0,0,16,22,0.03,0.275,0.948,35,31,normal
2,udp,http,REJ,234,49,0,0,0,0,0,1,0,0,0,1,0,0,0,18,13,0.235,0.278,0.981,30,20,normal
3,udp,telnet,RSTO,5720,78,0,0,0,2,0,1,0,0,0,0,0,0,0,18,19,0.153,0.253,0.816,30,27,normal
0,udp,imap,REJ,13635,134,0,0,0,0,0,0,0,0,0,0,0,0,0,17,16,0.129,0.05,0.646,37,19,normal
2,tcp,imap,RSTO,114,177,0,0,0,3,0,1,0,0,0,0,0,0,0,27,11,0.016,0.118,0.926,32,31,normal
1,icmp,ssh,S0,1201,63,0,0,0,0,0,0,0,0,0,0,0,0,0,30,9,0.439,0.239,0.837,30,29,normal
11,tcp,smtp,REJ,5,80,0,0,0,3,0,0,0,0,0,1,0,0,0,127,106,0.356,0.864,0.056,11,7,dos
3,icmp,ftp_data,SH,99,686,0,0,0,2,0,1,1,0,0,1,0,0,0,25,14,0.025,0.163,0.528,42,27,normal
1,udp,imap,REJ,299,484,0,0,0,1,0,0,1,0,0,0,0,0,0,22,16,0.321,0.324,0.923,33,26,normal
18,udp,http,RSTO,35,0,0,0,0,4,1,0,3,0,0,1,1,0,1,119,115,0.913,0.972,0.316,12,7,dos
2,udp,smtp,RSTR,374,331,0,0,0,0,0,1,0,0,0,0,0,0,1,25,20,0.25,0.439,0.544,31,23,normal
0,udp,ssh,SF,216,3798,0,0,0,0,0,1,0,0,0,0,0,0,1,20,10,0.106,0.24,0.809,27,31,normal
44,icmp,ssh,RSTR,110,6,0,0,0,5,0,0,1,0,0,1,1,0,0,115,113,0.75,0.778,0.053,11,13,dos
0,icmp,telnet,SH,1846,911,0,0,0,3,0,1,0,0,0,0,0,0,0,23,13,0.117,0.022,0.514,40,15,normal
19,tcp,http,SF,59,59,0,0,0,8,1,1,1,0,0,1,1,0,0,115,96,0.877,0.828,0.078,20,15,dos
1,icmp,ftp,RSTO,220,639,0,0,0,0,0,1,1,0,0,0,0,0,1,15,14,0.107,0.248,0.618,34,21,normal
9,icmp,pop3,REJ,27,8,0,0,0,8,1,0,2,0,0,1,1,0,0,114,98,0.708,0.561,0.01,12,15,dos
3,tcp,telnet,RSTO,570,950,0,0,0,0,0,0,0,0,0,0,1,0,0,34,18,0.028,0.325,0.771,37,17,normal
3,udp,dns,RSTO,555,120,0,0,0,2,0,1,0,0,0,0,0,0,1,29,20,0.007,0.145,0.956,35,31,normal
0,icmp,ftp_data,SH,1726,132,0,0,0,1,0,0,0,0,0,0,0,0,0,22,10,0.027,0.125,0.899,42,17,normal
0,udp,ftp,REJ,3373,356,0,0,0,3,0,1,1,0,0,0,0,0,0,19,9,0.101,0.112,0.801,31,18,normal
15,tcp,smtp,REJ,112,75,0,0,0,4,0,0,1,0,0,2,1,0,2,107,116,0.776,0.552,0.022,10,8,dos
0,icmp,smtp,REJ,73,70,0,0,0,7,0,0,5,0,0,1,1,0,0,120,115,0.81,0.871,0.209,19,16,dos
11,udp,ftp_data,RSTO,46,10,0,0,0,5,0,0,2,0,0,1,2,0,0,127,113,0.999,0.858,0.457,10,11,dos
0,icmp,smtp,S0,197,199,0,0,0,3,0,1,0,0,0,0,0,0,0,22,18,0.104,0.004,0.855,40,19,normal
12,icmp,telnet,SF,38,37,0,0,0,5,1,0,1,0,0,1,1,0,0,137,109,0.92,0.844,0.191,21,8,dos
9,icmp,ftp_data,REJ,997,287,0,0,0,1,0,1,0,0,0,0,0,0,0,28,14,0.07,0.038,0.671,35,15,normal
5,icmp,http,S0,849,142,0,0,0,4,2,0,2,0,0,0,1,0,0,137,99,0.948,0.933,0.13,14,15,dos
15,tcp,ftp,S0,92,6,0,0,0,3,0,0,1,0,0,2,0,0,2,120,121,0.795,0.945,0.381,8,5,dos
4,icmp,ftp_data,SH,85,41,0,0,0,3,0,0,2,0,0,2,0,0,1,127,140,0.959,0.891,0.291,12,13,dos
8,tcp,imap,RSTR,180,139,0,0,0,1,0,0,0,0,0,1,0,0,0,15,13,0.018,0.248,0.842,32,29,normal
0,tcp,ssh,SH,2566,611,0,0,0,0,0,1,0,0,0,0,0,0,0,19,19,0.43,0.073,0.773,49,26,normal
0,udp,imap,RSTR,1314,1202,0,0,0,1,0,1,0,0,0,0,0,0,0,31,12,0.024,0.26,0.903,40,25,normal
6,tcp,ftp,S0,13,159,0,0,0,8,0,0,2,0,0,0,1,0,1,99,97,0.888,0.836,0.069,9,16,dos
13,udp,dns,REJ,60,13,0,0,0,2,1,0,2,0,0,1,2,0,0,116,124,0.907,0.936,0.235,11,7,r2l
1,udp,ftp_data,RSTR,1322,247,0,0,0,1,0,1,1,0,0,1,0,0,0,17,12,0.021,0.033,0.979,37,23,normal
18,tcp,http,RSTR,95,16,0,0,0,4,1,1,1,0,0,1,1,0,1,130,122,0.977,0.93,0.191,11,12,r2l
17,tcp,http,S0,32,703,0,0,0,4,1,0,1,0,0,0,1,0,0,125,111,0.962,0.996,0.198,7,14,r2l
6,udp,ftp_data,REJ,20,17,0,0,0,2,0,0,1,0,0,0,0,0,0,130,114,0.813,0.686,0.518,11,13,r2l
1,icmp,pop3,SH,562,1000,0,0,0,1,0,1,0,0,0,0,0,0,1,23,14,0.142,0.021,0.552,38,17,normal
14,udp,smtp,RSTR,283,9,0,0,0,11,0,0,0,0,0,0,1,0,1,118,111,0.838,0.92,0.106,14,8,dos
0,udp,smtp,S0,188,43,0,0,0,1,0,1,0,0,0,0,0,0,0,14,18,0.149,0.212,0.607,43,26,normal
14,tcp,ssh,RSTO,165,54,0,0,0,2,0,0,3,0,0,0,0,0,0,131,112,0.988,0.893,0.326,12,10,dos
9,udp,imap,S0,468,3,0,0,0,4,1,0,2,0,0,0,1,0,0,118,115,0.548,0.879,0.073,3,13,probe
0,icmp,telnet,S0,795,688,0,0,0,1,0,0,0,0,0,0,0,0,0,13,16,0.071,0.116,0.457,35,25,normal
7,tcp,dns,S0,8,106,0,0,0,7,1,1,1,0,0,0,0,0,1,111,103,0.544,0.829,0.121,13,11,dos
0,icmp,ftp,S0,803,462,0,0,0,2,0,0,0,0,0,0,0,0,0,18,17,0.072,0.428,0.874,37,34,normal
1,udp,dns,RSTR,71,32,0,0,0,2,0,0,1,0,0,0,0,0,0,20,12,0.206,0.055,0.696,34,28,normal
9,udp,ssh,RSTR,537,1,0,0,0,6,1,0,3,0,0,0,3,0,0,139,98,0.837,0.691,0.187,6,6,dos
2,icmp,imap,RSTR,447,201,0,0,0,2,0,1,0,0,0,0,0,0,0,18,15,0.075,0.045,0.92,39,19,normal
0,icmp,pop3,RSTO,2660,167,0,0,0,0,0,0,1,0,0,0,0,0,0,13,12,0.03,0.03,0.447,37,27,normal
7,tcp,dns,REJ,116,2,0,0,0,6,0,0,1,0,1,1,2,0,0,129,122,0.961,0.683,0.098,5,7,probe
1,udp,telnet,RSTR,64,290,0,0,0,1,0,0,1,0,0,1,0,0,0,24,11,0.033,0.064,0.955,22,32,normal
0,icmp,ssh,S0,214,339,0,0,0,1,0,1,1,0,0,0,1,0,0,26,12,0.068,0.068,0.826,36,24,normal
9,icmp,ftp,RSTO,1119,431,0,0,0,1,0,1,0,0,0,2,0,0,0,20,12,0.021,0.288,0.812,30,22,normal
0,tcp,http,SF,9,108,0,0,0,0,2,1,4,0,0,2,0,0,1,101,106,0.734,0.754,0.068,13,7,dos
18,tcp,http,RSTR,285,232,0,0,0,10,2,0,4,0,0,1,1,0,2,116,85,0.776,0.808,0.14,17,8,dos
2,udp,dns,SH,266,252,0,0,0,0,0,1,1,0,0,0,0,0,0,20,8,0.095,0.065,0.797,43,30,normal
4,udp,smtp,S0,11,36,0,0,0,1,1,0,1,0,0,1,1,0,0,112,112,0.974,0.99,0.016,10,3,probe
4,tcp,dns,SH,260,69,0,0,0,1,0,1,0,0,0,0,0,0,0,13,11,0.308,0.291,0.904,27,25,normal
0,icmp,http,RSTR,118,1467,0,0,0,2,0,1,0,0,0,0,0,0,0,26,15,0.34,0.285,0.874,41,30,normal
2,icmp,http,RSTR,1579,307,0,0,0,0,0,1,0,0,0,0,0,0,1,16,18,0.055,0.01,0.643,32,27,normal
0,icmp,ftp_data,S0,1869,200,0,0,0,2,0,1,0,0,0,0,1,0,0,19,16,0.103,0.031,0.95,40,23,normal
16,tcp,smtp,REJ,97,1362,0,0,0,6,0,0,3,0,0,0,0,0,0,133,113,0.946,0.692,0.167,12,11,dos
4,udp,smtp,RSTR,590,522,0,0,0,1,0,1,0,0,0,1,0,0,0,21,12,0.131,0.008,0.909,38,23,normal
4,icmp,ftp_data,SF,375,386,0,0,0,2,0,0,0,0,0,1,0,0,0,17,14,0.036,0.364,0.842,32,20,normal
1,udp,imap,SH,1187,259,0,0,0,0,0,1,0,0,0,0,0,0,0,19,19,0.596,0.19,0.826,36,32,normal
3,tcp,http,RSTO,605,3282,0,0,0,0,0,1,0,0,0,0,0,0,0,28,19,0.047,0.185,0.761,54,32,normal
5,tcp,http,RSTO,2121,465,0,0,0,1,0,0,0,0,0,0,0,0,0,12,18,0.427,0.375,0.614,27,31,normal
15,icmp,imap,RSTR,65,15,0,0,0,5,1,0,5,0,0,0,0,0,1,111,108,0.968,0.723,0.115,10,14,r2l
1,udp,ssh,SF,519,256,0,0,0,2,0,1,0,0,0,0,1,0,0,20,12,0.128,0.581,0.472,31,30,normal
1,tcp,imap,S0,764,249,0,0,0,4,0,1,0,0,0,1,0,0,0,20,16,0.181,0.163,0.46,31,28,normal
9,tcp,ftp_data,SF,74,97,0,0,0,1,0,1,0,0,0,0,0,0,0,14,16,0.14,0.235,0.802,29,22,normal
3,icmp,imap,RSTO,637,345,0,0,0,1,0,1,1,0,0,0,0,0,0,22,15,0.003,0.033,0.862,37,26,normal
4,udp,ftp_data,REJ,935,713,0,0,0,3,0,1,0,0,0,0,0,0,1,13,11,0.029,0.21,0.446,39,28,normal
3,udp,ftp,RSTO,697,589,0,0,0,4,1,1,0,0,0,1,0,0,1,133,95,0.704,0.767,0.159,13,17,r2l
0,tcp,http,SH,6578,1068,0,0,0,1,0,1,0,0,0,0,0,0,0,17,20,0.077,0.333,0.859,41,29,normal
0,tcp,dns,SH,67,540,0,0,0,2,0,1,0,0,0,1,0,0,0,26,14,0.055,0.222,0.886,27,26,normal
48,udp,ftp,SH,148,47,0,0,0,7,0,0,3,0,0,1,0,0,0,123,103,0.88,0.762,0.122,14,3,probe
3,tcp,telnet,SF,103,251,0,0,0,1,0,1,0,0,0,0,0,0,0,15,18,0.004,0.088,0.695,30,29,normal
15,tcp,imap,RSTO,40,11,0,0,0,6,0,0,3,0,0,0,1,0,0,119,107,0.747,0.808,0.175,13,7,dos
10,udp,dns,RSTR,379,0,0,0,0,6,0,0,0,0,0,3,0,0,2,132,94,0.985,0.713,0.328,15,7,dos
11,tcp,ftp,SH,99,20,0,0,0,2,0,0,1,0,0,1,1,0,1,116,105,0.928,0.96,0.229,7,16,r2l
0,icmp,telnet,S0,5824,1193,0,0,0,0,0,1,0,0,0,0,0,0,0,25,10,0.304,0.071,0.827,27,28,normal
10,icmp,telnet,S0,8,6,0,1,0,1,1,0,2,0,0,2,4,0,0,120,104,0.973,0.976,0.443,16,11,r2l
3,udp,dns,S0,132,20,0,0,0,3,0,1,3,0,0,2,1,0,0,139,118,0.717,0.811,0.125,13,14,dos
6,udp,imap,SF,142,14,0,0,0,7,0,0,1,0,0,2,0,0,0,105,110,0.893,0.973,0.47,15,14,dos
6,udp,dns,REJ,638,479,0,0,0,0,0,1,0,0,0,0,1,0,0,18,13,0.246,0.445,0.859,33,31,normal
1,icmp,ftp_data,RSTR,347,2538,0,0,0,0,0,1,1,0,0,0,0,0,0,24,23,0.053,0.074,0.801,39,22,normal
14,tcp,telnet,RSTR,5,699,0,0,0,3,0,0,3,0,0,5,1,0,1,100,111,0.959,0.797,0.162,14,6,dos
0,tcp,imap,RSTO,95,563,0,0,0,1,0,1,0,0,0,1,0,0,0,24,19,0.198,0.099,0.364,25,24,normal
2,icmp,ssh,RSTO,617,745,0,0,0,1,0,0,0,0,0,0,0,0,0,21,9,0.269,0.121,0.928,29,28,normal
4,udp,smtp,REJ,56,739,0,0,0,1,0,0,0,0,0,0,0,0,0,25,16,0.157,0.679,0.975,34,27,normal
1,icmp,ftp_data,SF,956,136,0,0,0,2,0,1,0,0,0,0,1,0,0,18,20,0.136,0.17,0.861,32,22,normal
1,udp,ftp_data,RSTR,74,169,0,0,0,1,0,0,1,0,0,0,0,0,0,14,20,0.173,0.266,0.991,34,28,normal
0,icmp,dns,REJ,441,70,0,0,0,1,0,1,0,0,0,0,0,0,0,22,11,0.113,0.151,0.732,36,27,normal
4,udp,pop3,REJ,262,12,0,0,0,11,2,0,2,0,0,1,0,1,0,111,118,0.55,0.804,0.055,13,9,r2l
0,tcp,smtp,RSTR,771,154,0,0,0,0,0,0,1,0,0,0,0,0,1,15,16,0.33,0.255,0.947,37,22,normal
5,icmp,ftp_data,SF,57,96,0,1,1,3,0,0,3,0,0,0,1,0,2,130,113,0.597,0.858,0.34,6,6,dos
3,tcp,ssh,SH,239,543,0,0,0,1,0,1,1,0,0,0,0,0,0,16,11,0.436,0.018,0.889,27,27,normal
2,udp,dns,RSTR,352,510,0,0,0,2,0,1,0,0,0,1,0,0,0,23,15,0.17,0.494,0.711,27,25,normal
9,udp,imap,S0,8,89,0,0,0,4,0,0,2,0,0,1,1,0,0,128,118,0.789,0.787,0.365,9,12,dos
0,icmp,ssh,REJ,457,1992,0,0,0,0,0,0,1,0,0,0,0,0,0,9,19,0.016,0.285,0.94,35,24,normal
23,icmp,ftp,REJ,180,250,0,0,0,7,2,0,2,0,0,0,1,0,0,121,98,0.935,0.974,0.21,11,5,dos
6,udp,dns,SF,305,3,0,1,0,2,1,0,0,1,0,3,0,0,0,126,105,0.903,0.43,0.099,12,11,dos
1,udp,http,RSTO,276,148,0,0,0,0,0,1,0,0,0,0,0,0,0,15,19,0.381,0.201,0.649,37,30,normal
0,udp,dns,SF,609,418,0,0,0,0,0,1,0,0,0,0,0,0,0,24,14,0.27,0.164,0.666,27,32,normal
16,udp,imap,S0,57,33,0,0,0,5,0,0,2,0,0,2,1,0,0,125,108,0.602,0.81,0.088,9,7,r2l
1,udp,ftp_data,RSTR,1899,328,0,0,0,0,0,0,0,0,0,0,0,0,0,24,15,0.021,0.058,0.595,37,21,normal
0,icmp,ftp,REJ,466,181,0,0,0,0,0,1,1,0,0,0,0,0,0,15,15,0.347,0.099,0.431,29,28,normal
2,udp,ssh,REJ,275,873,0,0,0,1,0,0,0,0,0,0,0,0,0,32,16,0.18,0.13,0.781,29,22,normal
6,tcp,ftp,RSTO,32,9,0,0,0,3,0,1,1,0,0,0,0,0,1,112,111,0.828,0.899,0.104,14,11,dos
54,udp,ftp,RSTR,111,145,0,0,0,7,2,0,1,0,0,2,0,0,1,121,115,0.748,0.873,0.016,12,9,r2l
0,icmp,ftp,S0,290,162,0,0,0,3,0,1,0,0,0,1,0,0,0,29,14,0.413,0.364,0.777,31,20,normal
8,udp,ssh,SH,501,3,0,0,0,6,0,0,0,0,0,2,0,0,1,130,109,0.78,0.894,0.052,12,10,dos
3,tcp,imap,S0,1303,1548,0,0,0,2,0,1,1,0,0,0,0,0,0,24,17,0.446,0.078,0.673,37,22,normal
0,udp,ssh,RSTO,616,518,0,0,0,1,0,0,0,0,0,0,0,0,0,24,13,0.156,0.358,0.823,35,17,normal
2,udp,pop3,SF,173,701,0,0,0,1,0,1,2,0,0,0,0,0,0,27,12,0.274,0.323,0.888,38,16,normal
7,icmp,smtp,SH,184,62,0,0,0,1,0,1,0,0,0,0,0,0,0,18,11,0.397,0.157,0.878,39,30,normal
2,icmp,ftp_data,S0,194,726,0,0,0,2,0,1,0,0,0,0,0,0,0,17,11,0.124,0.166,0.744,42,25,normal
17,icmp,telnet,REJ,122,22,0,0,0,8,0,1,0,0,0,0,1,0,2,118,104,0.749,0.707,0.076,7,10,dos
4,tcp,imap,RSTR,1649,746,0,0,0,2,0,1,1,0,0,0,0,0,0,28,19,0.062,0.059,0.806,43,26,normal
23,tcp,ssh,REJ,329,1172,0,0,0,6,1,1,5,0,0,1,1,0,0,116,112,0.873,0.966,0.13,9,9,dos
4,udp,imap,RSTR,52,25,0,0,0,4,1,0,3,0,0,0,0,0,0,136,106,0.995,0.822,0.096,10,9,dos
17,tcp,http,REJ,40,0,0,0,0,9,0,0,0,0,0,0,1,0,1,127,109,0.869,0.745,0.223,11,16,dos
3,icmp,smtp,RSTO,1175,1053,0,0,0,0,0,1,0,0,0,1,0,0,0,28,11,0.126,0.396,0.672,37,24,normal
21,tcp,ftp_data,RSTR,235,67,0,0,0,0,1,0,0,0,0,1,1,0,0,131,116,0.994,0.957,0.125,12,6,dos
1,tcp,ssh,SH,201,989,0,0,0,3,0,1,0,0,0,0,0,0,1,22,12,0.043,0.448,0.631,51,31,normal
1,udp,ftp,SF,928,509,0,0,0,1,0,1,1,0,0,0,0,0,0,16,15,0.099,0.285,0.596,28,25,normal
1,udp,dns,RSTR,91,480,0,0,0,0,0,1,0,0,0,1,0,0,0,24,14,0.019,0.485,0.722,36,22,normal
3,icmp,ftp_data,SF,760,68,0,0,0,1,0,1,0,0,0,1,1,0,0,26,15,0.161,0.077,0.75,35,20,normal
5,icmp,telnet,SH,1154,145,0,0,0,2,0,1,0,0,0,1,0,0,0,26,10,0.256,0.012,0.973,39,28,normal
5,icmp,pop3,SH,918,470,0,0,0,0,0,1,0,0,0,0,1,0,0,21,7,0.084,0.079,0.841,26,33,normal
0,udp,ftp,SF,467,490,0,0,0,1,0,0,0,0,0,0,0,0,0,25,12,0.546,0.066,0.644,38,27,normal
10,icmp,dns,SH,16,766,0,0,0,6,0,0,1,0,0,0,1,0,0,122,114,0.848,0.846,0.057,17,14,probe
18,udp,ftp_data,REJ,105,0,0,0,0,3,1,0,0,0,0,0,1,0,0,118,137,0.933,0.667,0.059,9,11,dos
2,icmp,ssh,SF,366,1497,0,0,0,1,0,1,1,0,0,0,0,0,0,20,15,0.024,0.141,0.643,43,23,normal
0,udp,smtp,SH,2095,916,0,0,0,2,0,1,0,0,0,0,0,0,0,26,20,0.009,0.482,0.728,24,23,normal
0,udp,smtp,S0,1578,440,0,0,0,3,0,1,0,0,0,0,0,0,0,19,18,0.395,0.136,0.831,35,24,normal
0,tcp,ssh,RSTR,6,25,0,0,0,5,0,1,1,0,0,0,1,0,0,113,106,0.787,0.74,0.12,14,9,dos
1,icmp,pop3,RSTO,26,57,0,0,0,6,1,0,1,0,0,3,0,0,0,116,125,0.913,0.95,0.077,14,11,dos
8,udp,ftp,S0,31,83,0,0,0,6,3,0,2,0,0,0,2,1,1,111,109,0.945,0.915,0.033,8,11,r2l
61,icmp,ftp,S0,168,33,0,0,0,6,0,0,1,0,0,1,0,0,1,110,110,0.96,0.93,0.104,8,9,probe
2,icmp,ftp_data,REJ,238,706,0,0,0,1,0,0,0,0,0,0,1,0,0,29,19,0.144,0.185,0.687,32,18,normal
2,tcp,http,S0,649,93,0,0,0,1,0,1,0,0,0,0,0,0,0,31,17,0.126,0.025,0.799,38,19,normal
5,udp,dns,RSTO,83,69,0,0,0,0,0,1,0,0,0,0,1,0,0,17,13,0.103,0.107,0.425,32,26,normal
2,icmp,smtp,S0,171,577,0,0,0,0,0,1,0,0,0,0,0,0,0,22,28,0.092,0.261,0.956,35,20,normal
1,icmp,ftp_data,RSTR,39,207,0,0,0,1,0,1,0,0,0,0,0,0,0,21,15,0.057,0.121,0.704,31,30,normal
48,udp,imap,SF,18,41,0,0,0,6,1,0,4,0,0,0,1,0,2,124,123,0.751,0.909,0.176,11,13,probe
5,icmp,dns,SF,105,47,0,0,0,6,2,0,1,0,0,0,0,0,0,122,99,0.816,0.889,0.172,12,8,probe
1,udp,ssh,S0,469,496,0,0,0,1,0,0,0,0,0,0,0,0,1,27,11,0.108,0.073,0.793,30,28,normal
2,udp,dns,REJ,172,6,0,0,0,5,2,0,4,0,0,1,0,0,1,125,106,0.888,0.973,0.082,9,4,r2l
4,tcp,dns,REJ,377,169,0,0,0,1,0,1,0,0,0,1,0,0,0,25,15,0.203,0.472,0.637,40,19,normal
0,icmp,ftp_data,RSTO,165,114,0,0,0,0,0,1,0,0,0,0,0,0,0,17,12,0.189,0.055,0.405,27,28,normal
6,icmp,imap,REJ,56,10,0,0,0,3,1,0,1,0,0,0,1,0,0,115,99,0.917,0.777,0.213,9,4,dos
0,udp,http,SH,320,193,0,0,0,3,1,0,1,0,0,1,1,0,1,123,105,0.976,0.814,0.155,13,6,probe
0,udp,imap,RSTR,282,1566,0,0,0,1,0,0,0,0,0,0,0,0,0,17,18,0.092,0.169,0.857,36,25,normal
7,icmp,ftp_data,SH,46,179,0,0,1,2,3,0,1,0,0,2,0,0,1,128,104,0.812,0.721,0.114,14,10,dos
6,udp,dns,RSTO,135,146,0,0,0,2,0,1,1,0,0,0,0,0,0,18,12,0.304,0.533,0.954,27,19,normal
0,icmp,ssh,RSTR,1465,681,0,0,0,0,0,1,0,0,0,1,0,0,1,22,15,0.029,0.171,0.795,32,24,normal
9,udp,ftp,RSTR,103,192,0,0,0,1,0,0,0,0,0,0,0,0,0,12,18,0.001,0.155,0.758,33,22,normal
1,udp,smtp,S0,744,203,0,0,0,5,0,0,0,0,0,0,0,0,0,20,12,0.007,0.013,0.764,37,25,normal
1,udp,ftp,REJ,134,1486,0,0,0,2,0,1,1,0,0,0,0,0,0,23,16,0.193,0.012,0.389,38,24,normal
0,udp,http,SF,155,257,0,0,0,1,0,1,0,0,0,1,0,0,0,25,18,0.12,0.111,0.831,34,23,normal
1,tcp,imap,SH,734,80,0,0,0,2,0,0,0,0,0,0,0,0,0,18,15,0.113,0.068,0.223,31,24,normal
4,udp,ftp,S0,7,13,0,0,0,6,0,0,2,0,0,0,1,0,0,107,90,0.895,0.425,0.439,8,11,dos
0,tcp,smtp,RSTR,452,1105,0,0,0,1,0,1,0,0,0,0,0,0,0,17,11,0.115,0.017,0.652,30,25,normal
5,tcp,pop3,RSTO,221,398,0,0,0,0,0,1,0,0,0,0,0,0,0,23,12,0.086,0.001,0.887,30,32,normal
7,icmp,ftp_data,SH,337,170,0,0,0,1,0,0,1,0,0,0,0,0,0,15,8,0.155,0.189,0.737,29,32,normal
9,tcp,dns,SF,440,442,0,0,0,1,0,1,0,0,0,0,0,0,0,32,14,0.213,0.113,0.998,30,21,normal
0,udp,ftp_data,REJ,517,4203,0,0,0,2,0,1,0,0,0,0,0,0,0,15,17,0.113,0.124,0.957,39,21,normal
2,udp,telnet,RSTR,77,1527,0,0,0,2,0,1,0,0,0,0,0,0,0,29,14,0.043,0.277,0.846,36,25,normal
24,tcp,pop3,SF,127,156,0,0,0,7,0,0,0,0,0,1,1,0,0,110,115,0.699,0.97,0.177,16,9,probe
25,icmp,dns,RSTO,25,2,0,0,0,4,1,0,2,0,0,1,1,0,1,124,108,0.697,0.912,0.125,12,8,dos
3,icmp,ftp,RSTR,101,843,0,0,0,5,1,0,4,0,0,0,0,0,1,134,111,0.933,0.939,0.045,13,11,dos
0,udp,ftp,RSTR,233,217,0,0,0,9,0,0,2,1,0,0,1,0,0,113,114,0.991,0.692,0.227,18,9,dos
4,tcp,dns,REJ,17,19,0,0,0,6,0,0,1,0,0,2,0,0,1,127,105,0.576,0.916,0.138,7,12,probe
0,icmp,dns,RSTO,609,2,0,0,0,3,0,0,1,0,0,0,0,0,0,119,111,0.869,0.928,0.015,9,9,r2l
3,tcp,ftp,S0,784,1949,0,0,0,0,0,1,0,0,0,2,0,0,0,22,17,0.143,0.091,0.583,31,19,normal
5,icmp,imap,SF,11,2,0,0,0,7,1,0,2,0,0,1,0,0,0,111,128,0.913,0.972,0.223,14,11,dos
32,tcp,imap,SF,190,9,0,0,0,4,0,0,3,0,0,0,2,0,0,115,107,0.789,0.977,0.142,15,12,dos
0,icmp,telnet,REJ,515,104,0,0,0,1,0,1,0,0,0,0,0,0,0,21,18,0.414,0.285,0.601,32,25,normal
3,tcp,pop3,SH,5,68,0,0,0,3,2,0,1,0,0,1,1,0,1,117,127,0.991,0.918,0.279,13,11,dos
0,icmp,smtp,SH,212,545,0,0,0,1,0,1,0,0,0,0,0,0,0,17,14,0.211,0.176,0.57,26,21,normal
0,tcp,ssh,SF,138,40,0,0,0,6,0,0,4,0,0,2,0,0,1,113,111,0.588,0.769,0.048,17,10,dos
16,udp,imap,S0,32,57,0,0,0,3,1,0,3,0,0,0,1,0,2,119,124,0.884,0.843,0.224,17,5,r2l
8,udp,ftp,RSTO,25,136,0,0,0,9,0,0,2,0,0,0,0,0,2,107,127,0.71,0.882,0.415,12,9,r2l
4,tcp,pop3,RSTO,387,9,0,0,0,7,0,0,4,0,0,0,3,0,1,138,110,0.902,0.668,0.186,17,10,dos
2,udp,dns,SH,361,723,0,0,0,1,0,1,0,0,0,2,0,0,0,21,14,0.28,0.304,0.376,25,23,normal
1,tcp,pop3,RSTO,5891,659,0,0,0,0,0,1,0,0,0,0,0,0,0,15,11,0.026,0.081,0.923,33,30,normal
4,udp,ssh,REJ,35,19,0,0,0,4,0,0,2,0,0,1,0,0,0,122,123,0.796,0.574,0.25,12,4,dos
12,tcp,imap,RSTR,15,24,0,0,0,4,2,0,3,0,0,1,1,0,1,115,119,0.931,0.768,0.004,12,11,dos
5,udp,http,SH,413,90,0,0,0,1,0,1,0,0,0,0,0,0,0,26,10,0.175,0.085,0.803,33,21,normal
58,icmp,http,REJ,372,704,0,0,0,8,0,0,1,0,0,0,2,0,1,126,95,0.844,0.975,0.214,13,6,dos
0,tcp,smtp,REJ,1135,579,0,0,0,1,0,0,1,0,0,0,0,0,0,20,14,0.194,0.038,0.512,40,27,normal
1,icmp,ssh,S0,1055,3460,0,0,0,2,0,0,0,0,0,0,0,0,0,17,10,0.304,0.122,0.88,26,25,normal
22,udp,dns,RSTR,2995,37,1,0,0,2,1,0,1,0,0,1,1,0,4,128,100,0.974,0.93,0.297,10,18,probe
1,udp,imap,REJ,1752,680,0,0,0,0,0,1,0,0,0,0,0,0,0,22,18,0.143,0.021,0.91,28,17,normal
1,tcp,ftp_data,RSTO,1821,749,0,0,0,1,0,1,1,0,0,0,1,0,0,23,18,0.025,0.027,0.701,35,14,normal
28,udp,imap,SF,190,11,0,0,0,4,1,0,5,0,0,2,0,0,0,126,113,0.956,0.752,0.375,7,10,dos
44,icmp,ftp_data,RSTR,78,68,0,0,0,3,0,0,3,0,0,0,2,0,0,127,115,0.86,0.834,0.285,10,11,dos
32,udp,ftp_data,RSTO,299,79,0,1,0,5,1,0,0,0,0,0,1,0,1,118,120,0.932,0.563,0.281,10,6,dos
24,udp,ssh,SH,273,53,0,0,0,2,0,0,2,0,0,3,0,0,1,121,101,0.966,0.861,0.1,18,7,dos
9,udp,telnet,SF,53,2,0,0,0,4,2,0,5,0,0,1,0,0,0,138,107,0.597,0.941,0.041,17,5,dos
2,udp,pop3,S0,156,3894,0,0,0,1,0,1,0,0,0,1,0,0,0,21,10,0.356,0.025,0.932,41,29,normal
5,icmp,telnet,SH,3213,178,0,0,0,0,0,1,0,0,0,0,0,0,0,18,11,0.049,0.27,0.809,29,23,normal
4,udp,ftp,RSTO,117,824,0,0,0,0,0,1,1,0,0,0,1,0,0,25,9,0.169,0.199,0.976,29,25,normal
4,icmp,ftp_data,SH,10,2,0,1,0,6,1,0,3,0,0,1,1,0,2,112,97,0.934,0.958,0.314,11,18,probe
4,tcp,imap,SF,33,125,0,0,0,2,0,1,0,0,0,0,0,0,0,15,9,0.471,0.301,0.615,40,26,normal
1,tcp,dns,SF,367,3,0,0,1,6,1,0,0,0,0,1,0,0,0,124,94,0.926,0.643,0.154,15,11,dos
2,icmp,smtp,SF,337,1665,0,0,0,4,1,0,4,0,0,2,0,0,1,135,117,0.807,0.672,0.096,12,14,probe
2,tcp,dns,REJ,5448,229,0,0,0,2,0,1,0,0,0,0,0,0,2,20,18,0.064,0.083,0.672,35,24,normal
2,icmp,ssh,REJ,25,421,0,0,0,8,0,0,2,0,0,1,1,0,0,136,106,0.999,0.861,0.229,8,14,dos
10,udp,pop3,S0,89,94,0,0,0,10,0,0,1,0,0,2,2,0,1,107,110,0.992,0.941,0.116,18,10,dos
18,icmp,ssh,REJ,14,35,0,0,0,6,1,0,5,0,0,1,1,0,1,109,95,0.754,0.96,0.095,4,11,r2l
0,icmp,ftp_data,REJ,1542,1692,0,0,0,0,0,1,1,0,0,3,1,0,0,11,11,0.063,0.125,0.573,42,32,normal
1,tcp,ssh,RSTO,216,163,0,0,0,2,0,1,1,0,0,0,0,0,0,19,12,0.25,0.048,0.855,35,29,normal
13,udp,ftp_data,REJ,25,56,0,0,0,3,1,0,2,0,0,0,1,0,0,132,132,0.953,0.828,0.168,11,9,r2l
4,tcp,ftp_data,S0,22,6,0,0,0,6,0,0,2,0,0,1,2,0,0,115,117,0.828,0.73,0.538,10,11,u2r
10,tcp,dns,SH,4,23,0,0,0,10,0,0,3,0,0,1,1,0,0,120,108,0.818,0.865,0.259,7,12,dos
1,tcp,dns,SH,137,81,0,0,0,1,0,1,0,0,0,0,0,0,0,20,13,0.32,0.299,0.831,41,20,normal
8,tcp,dns,RSTO,878,769,0,0,0,10,1,0,2,0,0,1,0,0,0,121,93,0.842,0.769,0.422,14,10,probe
4,tcp,smtp,RSTR,488,54,0,0,0,0,0,1,0,0,0,1,0,0,1,20,12,0.098,0.045,0.833,51,36,normal
0,icmp,http,S0,1715,465,0,0,0,1,0,0,0,0,0,0,0,0,0,19,13,0.117,0.282,0.659,33,36,normal
1,tcp,dns,REJ,803,1048,0,0,0,1,0,1,0,0,0,0,0,0,0,22,14,0.214,0.084,0.928,37,29,normal
4,tcp,telnet,SF,788,126,0,0,0,1,0,1,0,0,0,0,0,0,1,20,21,0.299,0.057,0.553,35,36,normal
0,tcp,pop3,SH,79,678,0,0,0,1,0,1,0,0,0,0,0,0,0,10,10,0.021,0.193,0.862,42,28,normal
4,tcp,imap,RSTR,94,252,0,0,0,4,1,0,3,0,0,1,0,0,0,118,96,0.851,0.78,0.033,13,14,probe
3,tcp,dns,S0,3958,1886,0,0,0,2,0,0,0,0,0,0,0,0,0,18,13,0.024,0.091,0.66,20,23,normal
16,udp,imap,RSTO,49,18,0,0,0,6,0,1,2,0,0,0,1,0,0,123,102,0.901,0.791,0.206,14,14,probe
0,icmp,ftp,REJ,54,11,0,0,0,8,0,0,2,0,0,1,1,0,2,117,113,0.694,0.844,0.333,12,13,dos
1,tcp,telnet,RSTR,33,89,0,0,0,2,0,0,1,0,0,0,1,0,2,115,111,0.954,0.941,0.086,16,7,dos
3,udp,ftp,SF,72,197,0,0,1,5,0,0,3,0,0,1,1,0,1,121,126,0.926,0.657,0.043,12,6,probe
2,tcp,pop3,REJ,281,175,0,0,0,1,0,0,0,0,0,0,0,0,0,22,15,0.017,0.095,0.825,36,36,normal
0,tcp,pop3,S0,128,136,0,0,0,0,0,1,0,0,0,1,0,0,0,24,17,0.218,0.061,0.945,37,28,normal
2,icmp,http,REJ,188,19,0,0,0,3,1,0,0,0,0,1,1,0,0,111,109,0.981,0.985,0.022,16,13,dos
0,udp,ssh,RSTR,371,883,0,0,0,0,0,1,0,0,0,1,0,0,0,30,15,0.115,0.132,0.8,44,28,normal
1,icmp,imap,SH,2822,644,0,0,0,0,0,1,0,0,0,0,0,0,0,13,21,0.305,0.142,0.929,36,22,normal
2,icmp,imap,RSTO,1054,526,0,0,0,2,0,1,0,0,0,1,0,0,0,19,15,0.02,0.12,0.973,40,27,normal
0,udp,pop3,RSTO,256,91,0,0,0,0,0,1,0,0,0,0,0,0,0,19,26,0.084,0.061,0.574,37,23,normal
4,icmp,ftp,RSTR,2763,1341,0,0,0,0,0,1,0,0,0,0,0,0,0,17,14,0.022,0.125,0.717,39,27,normal
45,tcp,ssh,S0,174,4,0,0,0,3,0,0,4,0,0,0,1,0,1,142,120,0.707,0.991,0.113,12,10,probe
4,tcp,telnet,REJ,626,185,0,0,0,1,0,0,0,0,0,0,1,0,0,25,10,0.392,0.143,0.845,40,28,normal
8,icmp,dns,REJ,87,136,0,0,0,4,0,0,1,0,0,0,0,0,0,20,17,0.08,0.157,0.879,42,24,normal
14,tcp,dns,RSTR,59,88,0,0,0,9,0,0,0,0,0,0,0,0,0,136,100,0.954,0.798,0.13,10,12,probe
6,tcp,dns,RSTR,176,273,0,0,0,0,0,1,0,0,0,0,0,0,0,24,22,0.081,0.24,0.886,31,23,normal
0,udp,dns,SF,106,8,0,0,0,2,0,1,1,0,0,1,0,0,0,129,100,0.714,0.88,0.296,10,11,dos
6,icmp,telnet,RSTR,2526,198,0,0,0,3,2,0,2,0,0,0,0,0,0,95,109,0.845,0.913,0.14,9,11,dos
18,icmp,pop3,SH,92,70,0,0,0,4,1,0,2,0,0,1,1,0,1,121,134,0.879,0.803,0.265,12,12,dos
4,tcp,http,SF,147,659,0,0,0,7,0,0,2,0,0,2,1,0,1,131,118,0.876,0.908,0.449,13,14,probe
2,icmp,smtp,RSTO,242,3,0,0,0,10,0,0,1,0,0,1,0,0,0,112,117,0.943,0.452,0.072,10,16,dos
13,tcp,ssh,SH,22,32,0,0,0,5,0,0,3,0,0,0,0,0,0,144,112,0.996,0.986,0.231,7,10,dos
7,icmp,imap,REJ,613,377,0,0,0,0,0,1,0,0,0,0,0,0,0,20,18,0.358,0.041,0.673,31,21,normal
0,tcp,smtp,SF,442,303,0,0,0,1,0,1,0,0,0,1,0,0,0,15,17,0.26,0.118,0.747,40,27,normal
2,tcp,imap,REJ,96,80,0,0,0,4,0,0,3,0,0,0,1,0,0,122,101,0.757,0.981,0.063,20,8,probe
3,tcp,telnet,RSTR,5535,335,0,0,0,0,0,1,0,0,0,0,0,0,0,15,12,0.324,0.032,0.811,27,15,normal
1,icmp,ftp,RSTR,382,361,0,0,0,0,0,0,0,0,0,0,0,0,0,26,17,0.168,0.013,0.816,31,28,normal
1,tcp,pop3,RSTO,219,367,0,0,0,0,0,0,0,0,0,0,0,0,0,15,17,0.261,0.24,0.987,27,25,normal
1,tcp,ftp_data,RSTR,5,34,0,0,0,5,0,0,1,0,0,0,0,0,2,110,114,0.695,0.844,0.054,15,11,u2r
4,icmp,ftp_data,RSTR,717,1489,0,0,0,1,0,1,0,0,0,0,0,0,0,18,15,0.22,0.128,0.784,35,21,normal
3,tcp,http,RSTR,21,3203,0,0,0,1,0,0,1,0,0,0,0,0,0,15,11,0.099,0.063,0.995,26,29,normal
1,icmp,telnet,SH,139,148,0,0,0,1,0,1,0,0,0,0,0,0,0,23,16,0.171,0.422,0.704,26,33,normal
49,udp,dns,RSTO,163,4,0,0,0,4,0,0,1,0,0,0,0,0,0,121,98,0.704,0.918,0.224,10,5,dos
6,icmp,imap,REJ,1917,1599,0,0,0,3,0,1,0,0,0,0,0,0,0,33,15,0.137,0.29,0.999,29,29,normal
1,icmp,dns,S0,430,505,0,0,0,1,0,1,0,0,0,0,0,0,0,17,9,0.093,0.008,0.786,36,21,normal
60,tcp,http,SF,149,329,0,0,0,7,0,1,3,0,0,1,1,0,0,125,104,0.582,0.9,0.054,10,7,dos
1,icmp,dns,REJ,254,1367,0,0,0,1,0,1,0,0,0,0,0,0,0,20,13,0.134,0.006,0.905,32,24,normal
11,tcp,ftp,SH,36,57,0,0,0,4,1,0,4,0,0,0,0,0,0,111,116,0.764,0.859,0.261,19,11,r2l
3,icmp,ftp_data,S0,146,148,0,0,0,0,0,1,0,0,0,0,0,0,0,21,21,0.155,0.084,0.831,37,17,normal
5,tcp,smtp,SH,27,96,0,0,0,3,0,0,1,0,0,0,1,0,0,108,121,0.914,0.811,0.458,10,10,dos
3,udp,ssh,S0,103,53,0,0,0,1,0,1,0,0,0,0,0,0,0,22,14,0.213,0.1,0.708,33,26,normal
9,tcp,smtp,RSTR,194,26,0,0,0,4,0,0,0,0,0,2,0,0,0,111,113,0.995,0.829,0.188,13,11,dos
4,tcp,pop3,REJ,191,1769,0,0,0,9,0,0,2,0,0,1,2,0,0,126,92,0.789,0.936,0.02,13,12,dos
1,icmp,ftp,SH,99,216,0,0,0,1,0,0,2,0,0,1,0,0,1,122,123,0.798,0.974,0.301,9,10,probe
0,tcp,smtp,RSTO,82,152,0,0,0,1,0,0,1,0,0,0,0,0,0,27,15,0.1,0.025,0.846,36,27,normal
4,icmp,telnet,S0,227,321,0,0,0,0,0,1,0,0,0,0,1,0,0,31,12,0.319,0.125,0.18,36,40,normal
0,udp,ssh,S0,109,581,0,0,0,1,0,1,0,0,0,0,0,0,0,21,20,0.708,0.122,0.756,32,27,normal
11,icmp,telnet,RSTR,10,482,0,0,0,2,0,0,4,0,0,1,1,0,0,95,103,0.848,0.943,0.226,9,12,dos
0,icmp,pop3,RSTO,72,241,0,0,0,2,0,1,0,0,0,0,0,0,0,33,13,0.39,0.278,0.521,48,32,normal
4,icmp,ftp_data,S0,74,6,0,0,0,6,1,0,2,0,0,1,0,0,0,121,110,0.864,0.926,0.143,12,13,u2r
1,udp,ftp,RSTR,118,5,0,0,0,3,2,0,1,0,0,0,1,0,0,130,100,0.953,0.61,0.284,9,13,probe
7,udp,telnet,RSTO,557,340,0,0,0,0,0,1,0,0,0,0,0,0,0,19,14,0.336,0.219,0.953,35,21,normal
1,udp,ssh,RSTO,822,925,0,0,0,0,0,1,0,0,0,0,0,0,0,14,25,0.005,0.134,0.466,34,19,normal
3,icmp,telnet,SH,173,19,0,0,0,2,0,0,4,0,0,2,1,0,0,117,102,0.566,0.962,0.04,12,7,dos
21,tcp,smtp,REJ,59,936,0,0,0,9,0,0,4,0,0,1,0,0,0,110,120,0.881,0.688,0.117,11,14,dos
0,udp,ssh,SF,73,64,0,0,0,2,0,0,2,0,0,1,1,0,0,112,110,0.799,0.625,0.043,13,14,probe
5,icmp,http,S0,218,51,0,0,0,8,1,0,4,0,0,0,1,0,1,136,119,0.665,0.936,0.047,12,4,dos
5,icmp,pop3,S0,798,116,0,0,0,0,0,1,0,0,0,0,0,0,1,24,11,0.131,0.024,0.578,37,26,normal
5,tcp,smtp,SH,289,35,0,0,0,1,0,1,0,0,0,0,0,0,0,17,21,0.238,0.018,0.366,44,32,normal
3,icmp,ftp,S0,1052,166,0,0,0,1,0,1,1,0,0,0,0,0,0,28,9,0.302,0.087,0.497,39,21,normal
10,udp,ftp,RSTO,39,93,0,0,0,4,0,0,1,0,0,1,2,0,0,128,90,0.993,0.829,0.062,15,11,dos
0,udp,http,SF,1636,99,0,0,0,1,0,1,1,0,0,0,0,0,0,17,16,0.491,0.057,0.754,36,22,normal
0,icmp,smtp,REJ,275,39,0,0,0,1,0,1,0,0,0,1,0,0,0,18,11,0.047,0.233,0.582,39,24,normal
15,udp,ssh,SF,49,38,0,0,0,2,0,0,4,0,0,1,0,0,0,133,121,0.899,0.903,0.166,6,11,dos
1,tcp,smtp,SH,580,1568,0,0,0,2,0,1,0,0,0,1,0,0,0,27,19,0.066,0.552,0.598,49,23,normal
4,tcp,smtp,SH,1922,1760,0,0,0,0,0,1,0,0,0,1,0,0,0,19,11,0.133,0.092,0.955,34,17,normal
2,tcp,ssh,S0,515,39,0,0,0,2,0,0,2,0,0,1,0,0,0,23,14,0.239,0.051,0.853,36,21,normal
8,icmp,telnet,S0,969,81,0,0,0,2,0,1,0,0,0,0,0,0,0,18,19,0.062,0.077,0.86,39,24,normal
12,tcp,ssh,S0,239,110,0,0,0,3,1,1,2,0,0,0,0,1,0,134,111,0.864,0.962,0.229,11,9,dos
1,icmp,http,SH,387,837,0,0,0,1,0,1,1,0,0,0,0,0,0,21,15,0.08,0.103,0.702,42,27,normal
7,icmp,ftp_data,SF,106,9,0,0,0,1,0,0,4,0,0,0,0,0,1,163,117,0.823,0.973,0.448,18,12,r2l
10,tcp,http,REJ,21,25,0,0,0,4,2,0,1,0,0,0,0,0,2,125,111,0.541,0.971,0.353,8,7,dos
0,icmp,http,SH,1355,122,0,0,0,2,0,0,0,0,0,1,0,0,0,16,23,0.229,0.107,0.72,33,15,normal
2,icmp,smtp,SF,298,192,0,0,0,0,0,1,0,0,0,0,0,0,0,17,16,0.129,0.271,0.585,30,22,normal
6,icmp,telnet,REJ,325,1,0,0,0,9,0,0,2,0,0,0,1,0,0,120,126,0.753,0.943,0.489,7,16,r2l
0,icmp,smtp,SH,218,140,0,0,0,5,0,0,1,0,0,1,3,0,1,102,125,0.559,0.964,0.107,8,16,r2l
29,tcp,pop3,SH,185,66,0,0,0,5,0,1,1,0,0,0,1,0,0,125,109,0.282,0.968,0.278,15,9,dos
17,tcp,pop3,REJ,18,50,0,0,0,4,0,1,1,0,0,0,0,0,0,106,103,0.959,0.793,0.072,20,11,dos
0,udp,http,S0,178,95,0,0,0,1,0,1,1,0,0,0,1,0,0,19,18,0.13,0.131,0.944,36,24,normal
12,udp,ssh,S0,1303,83,0,0,0,1,0,1,0,0,0,0,0,0,0,30,18,0.214,0.024,0.912,36,24,normal
25,tcp,imap,RSTR,40,49,0,0,0,5,1,0,2,0,0,1,0,0,0,111,118,0.722,0.975,0.072,8,13,probe
4,icmp,telnet,SH,23,4,0,0,0,5,1,0,2,0,0,1,0,0,0,112,100,0.834,0.939,0.413,8,4,probe
10,udp,ssh,RSTO,541,497,0,0,0,4,1,0,1,0,0,1,0,0,1,134,96,0.666,0.968,0.047,11,4,probe
13,icmp,ssh,REJ,381,17,0,0,0,2,0,0,1,0,0,0,1,0,1,129,98,0.933,0.78,0.047,10,12,dos
2,icmp,smtp,RSTO,94,400,0,0,0,0,0,0,0,0,0,1,0,0,0,23,12,0.266,0.072,0.673,36,32,normal
2,tcp,http,RSTO,51,81,0,0,0,1,0,0,0,0,0,0,0,0,0,16,16,0.288,0.428,0.888,30,27,normal
0,tcp,pop3,S0,1108,86,0,0,0,0,0,1,0,0,0,0,0,0,0,26,12,0.028,0.127,0.951,45,28,normal
4,icmp,smtp,S0,843,329,0,0,0,1,0,0,0,0,0,0,0,0,0,19,18,0.323,0.021,0.236,33,29,normal
9,udp,ftp,RSTO,225,3,0,0,0,6,1,0,1,0,0,3,1,0,0,132,117,0.49,0.885,0.334,12,15,dos
1,udp,ftp_data,S0,39,12,0,0,0,2,0,0,2,0,0,2,0,0,0,117,103,0.929,0.885,0.125,9,11,dos
6,udp,ftp,S0,495,254,0,0,0,2,0,1,0,0,0,0,0,0,1,29,13,0.032,0.052,0.834,29,22,normal
2,icmp,ftp_data,S0,832,526,0,0,0,0,0,1,0,0,0,0,0,0,0,19,12,0.336,0.025,0.499,31,30,normal
10,tcp,ftp_data,RSTR,19,17,0,0,0,5,0,0,2,0,0,3,0,0,0,140,98,0.915,0.963,0.191,7,9,probe
3,tcp,smtp,SF,190,5,0,0,0,4,0,0,2,0,0,0,1,0,0,105,119,0.896,0.937,0.427,19,11,dos
2,tcp,ftp,SF,830,715,0,0,0,2,0,1,0,0,0,0,0,0,0,18,12,0.097,0.379,0.858,24,19,normal
0,tcp,telnet,SH,1196,84,0,0,0,1,0,0,0,0,0,0,0,0,0,25,10,0.136,0.156,0.691,38,24,normal
1,tcp,ftp,S0,1253,2533,0,0,0,0,0,0,0,0,0,0,0,0,0,23,20,0.023,0.107,0.282,32,27,normal
1,icmp,http,REJ,812,533,0,0,0,2,0,0,0,0,0,0,0,0,0,20,15,0.155,0.172,0.823,32,27,normal
2,udp,ftp,SF,44,61,0,0,0,6,0,0,2,0,0,1,0,0,0,117,112,0.703,0.866,0.024,13,14,dos
9,tcp,ftp_data,REJ,69,49,0,0,0,6,0,0,3,0,0,4,1,0,0,128,104,0.712,0.919,0.199,18,11,probe
3,udp,imap,S0,268,157,0,0,0,2,0,0,0,0,0,0,0,0,0,17,14,0.112,0.261,0.915,39,31,normal
5,icmp,http,REJ,1266,152,0,0,0,4,1,0,2,0,0,0,2,0,0,115,103,0.968,0.912,0.095,12,16,dos
20,udp,imap,REJ,716,14,0,0,0,11,0,0,2,1,0,1,3,0,0,119,132,0.795,0.77,0.334,13,7,dos
3,udp,ftp_data,SH,403,1981,0,0,0,2,0,1,1,0,0,0,0,0,0,14,15,0.106,0.048,0.942,31,26,normal
11,icmp,ftp_data,RSTR,21,10,0,0,0,4,0,0,1,0,0,1,1,0,0,136,98,0.652,0.708,0.145,8,13,dos
0,icmp,smtp,SH,85,9,0,0,0,5,0,0,4,0,0,1,0,0,0,120,119,0.859,0.952,0.264,16,11,dos
34,tcp,ftp,RSTO,19,16,0,1,0,7,0,0,2,0,0,0,5,0,1,107,102,0.838,0.79,0.204,10,6,dos
0,tcp,pop3,SH,3268,173,0,0,0,1,0,1,0,0,0,0,0,0,0,14,14,0.12,0.083,0.752,35,23,normal
10,icmp,telnet,RSTO,148,8,0,1,0,6,2,0,1,0,0,2,0,0,0,108,113,0.709,0.888,0.09,11,9,probe
2,tcp,ftp_data,SH,657,111,0,0,0,5,0,1,1,0,0,0,0,0,0,19,13,0.015,0.027,0.698,34,33,normal
5,udp,ftp,SH,3128,157,0,0,0,0,0,1,0,0,0,0,0,0,0,20,24,0.119,0.081,0.836,38,26,normal
0,udp,ftp,RSTR,548,150,0,0,0,0,0,1,1,0,0,0,0,0,0,28,9,0.076,0.062,0.846,33,29,normal
11,tcp,ftp,RSTR,197,6,0,0,0,1,1,0,2,0,0,0,0,0,1,105,113,0.554,0.981,0.218,15,6,dos
0,icmp,smtp,S0,455,222,0,0,0,0,0,0,1,0,0,0,0,0,0,24,16,0.037,0.038,0.792,28,28,normal
2,tcp,imap,RSTR,3281,214,0,0,0,0,0,0,0,0,0,0,0,0,0,24,10,0.135,0.075,0.913,39,35,normal
2,udp,pop3,SF,745,465,0,0,0,0,0,1,0,0,0,0,0,0,0,18,13,0.098,0.199,0.838,42,24,normal
6,udp,imap,REJ,391,942,0,0,0,1,0,0,1,0,0,1,0,0,0,13,27,0.009,0.301,0.18,28,27,normal
3,tcp,ftp_data,SF,30,10,0,0,0,5,0,0,2,0,0,0,1,0,0,113,125,0.978,0.952,0.096,16,10,dos
2,tcp,ftp,RSTO,948,842,0,0,0,1,0,1,0,0,0,0,0,0,0,28,18,0.165,0.142,0.799,32,29,normal
7,icmp,ftp,RSTR,46,15,0,0,0,7,0,1,3,0,0,0,0,0,0,129,104,0.97,0.696,0.804,11,11,dos
3,icmp,ftp,S0,269,118,0,0,0,2,0,1,0,0,0,0,0,0,0,17,16,0.502,0.013,0.644,48,19,normal
7,udp,ssh,SF,441,166,0,0,0,0,0,1,0,0,0,0,0,0,0,20,5,0.176,0.143,0.296,35,27,normal
24,udp,dns,S0,310,11,0,0,0,3,0,0,1,0,0,0,0,0,1,124,114,0.641,0.867,0.275,10,11,dos
0,icmp,smtp,RSTO,1332,604,0,0,0,1,0,1,1,0,0,0,0,0,0,20,18,0.163,0.032,0.875,34,32,normal
85,udp,pop3,S0,155,45,0,0,0,6,0,0,1,0,0,1,0,0,2,119,106,0.808,0.926,0.3,6,9,dos
4,icmp,imap,RSTO,606,188,0,0,0,0,0,1,0,0,0,0,0,0,1,25,13,0.244,0.193,0.848,39,32,normal
2,udp,http,REJ,403,1023,0,0,0,1,0,1,0,0,0,0,0,0,0,25,18,0.102,0.181,0.487,27,23,normal
4,udp,ftp_data,RSTO,537,478,0,0,0,0,0,1,0,0,0,0,0,0,0,18,17,0.229,0.016,0.786,31,23,normal
0,icmp,http,REJ,695,1834,0,0,0,0,0,1,0,0,0,0,0,0,0,14,14,0.479,0.416,0.915,40,22,normal
2,tcp,ssh,REJ,121,232,0,0,0,0,0,1,0,0,0,0,0,0,0,22,20,0.347,0.109,0.644,38,29,normal
25,udp,dns,RSTO,154,10,0,0,0,4,3,0,2,0,0,0,1,0,0,102,86,0.756,0.782,0.315,5,13,probe
5,tcp,ftp,RSTR,78,12,0,0,1,6,0,0,3,0,0,0,0,0,0,137,119,0.956,0.784,0.471,9,10,probe
15,tcp,telnet,RSTO,166,1,0,0,0,7,1,0,1,0,0,1,0,0,1,107,100,0.593,0.995,0.147,10,11,probe
1,icmp,ssh,S0,814,225,0,0,0,1,0,1,0,0,0,0,0,0,0,26,13,0.03,0.149,0.602,45,21,normal
5,udp,telnet,S0,36,72,0,0,0,9,3,0,1,0,0,0,0,0,1,124,109,0.774,0.911,0.244,9,8,probe
6,udp,ftp,RSTO,58,1,0,0,0,4,0,0,2,0,0,0,1,1,0,114,110,0.791,0.514,0.166,12,12,dos
5,udp,imap,RSTO,711,357,0,0,0,6,0,1,0,0,0,0,0,0,1,17,8,0.099,0.06,0.85,38,22,normal
0,icmp,ftp_data,RSTO,28,767,0,0,0,6,0,0,1,0,0,0,0,0,0,108,118,0.998,0.735,0.023,9,10,dos
0,icmp,smtp,REJ,1579,688,0,0,0,0,0,1,0,0,0,0,0,0,0,22,10,0.305,0.154,0.833,26,25,normal
1,icmp,ftp,REJ,315,333,0,0,0,1,0,1,0,0,0,1,1,0,0,13,17,0.028,0.045,0.709,33,28,normal
0,udp,smtp,REJ,555,172,0,0,0,0,0,1,1,0,0,0,0,0,1,21,16,0.187,0.014,0.594,44,19,normal
7,udp,pop3,RSTR,128,780,0,0,0,0,0,1,0,0,0,0,0,0,1,19,14,0.059,0.116,0.537,37,22,normal
14,tcp,smtp,S0,193,1,0,0,0,7,0,0,3,0,0,1,0,0,1,141,107,0.736,0.948,0.19,15,9,r2l
1,tcp,smtp,RSTR,91,287,0,0,0,1,0,1,0,0,0,0,0,0,0,27,13,0.087,0.234,0.411,45,30,normal
0,icmp,pop3,SF,121,564,0,0,0,1,0,1,0,0,0,0,0,0,0,20,15,0.197,0.187,0.923,46,31,normal
1,icmp,ssh,S0,5529,100,0,0,0,3,0,0,0,0,0,0,1,0,0,17,15,0.122,0.021,0.906,34,27,normal
21,udp,ftp_data,RSTO,72,15,0,0,0,2,0,1,1,0,0,0,0,0,0,121,105,0.983,0.897,0.381,13,17,dos
5,tcp,imap,S0,234,113,0,0,0,1,0,1,0,0,0,0,0,0,0,19,15,0.391,0.046,0.953,40,19,normal
1,tcp,ssh,REJ,834,180,0,0,0,1,0,1,0,0,0,0,0,0,0,22,16,0.251,0.438,0.351,39,22,normal
1,udp,imap,S0,154,12,0,0,0,1,2,0,1,0,0,2,1,0,0,118,95,0.875,0.899,0.1,10,16,r2l
8,udp,pop3,RSTR,664,327,0,0,0,1,0,1,0,0,0,0,0,0,0,29,22,0.132,0.28,0.775,42,38,normal
0,tcp,ftp,RSTO,35,1529,0,0,0,1,0,1,0,0,0,0,0,0,0,14,16,0.022,0.149,0.786,28,28,normal
4,tcp,dns,RSTR,568,222,0,0,0,1,0,1,0,0,0,0,0,0,0,23,13,0.017,0.255,0.897,34,19,normal
10,udp,dns,SH,886,16,0,0,0,8,1,0,3,0,0,0,0,0,0,90,104,0.934,0.573,0.088,10,11,r2l
1,udp,dns,SF,182,265,0,0,0,0,0,0,0,0,0,0,0,0,0,26,15,0.175,0.052,0.86,37,34,normal
2,tcp,smtp,SF,208,1430,0,0,0,1,0,1,0,0,0,0,0,0,0,17,17,0.07,0.107,0.706,37,24,normal
0,icmp,imap,S0,528,732,0,0,0,1,0,0,0,0,0,1,0,0,1,29,13,0.131,0.607,0.823,32,30,normal
9,udp,telnet,SH,243,1575,0,0,0,0,0,1,0,0,0,0,1,0,0,15,14,0.238,0.018,0.948,32,24,normal
3,tcp,imap,S0,2968,595,0,0,0,2,0,1,0,0,0,0,0,0,0,24,20,0.178,0.049,0.883,32,35,normal
0,tcp,ftp_data,SF,263,895,0,0,0,0,0,0,1,0,0,0,0,0,1,33,15,0.031,0.182,0.752,27,21,normal
0,udp,pop3,RSTO,328,451,0,0,0,2,0,1,0,0,0,0,1,0,0,25,11,0.349,0.018,0.689,31,23,normal
7,tcp,telnet,REJ,1110,195,0,0,0,0,0,1,0,0,0,0,0,0,0,20,12,0.123,0.053,0.826,23,33,normal
4,udp,ssh,RSTR,1297,1425,0,0,0,1,0,0,0,0,0,0,0,0,0,17,21,0.163,0.157,0.805,26,30,normal
2,tcp,imap,REJ,228,149,0,0,0,2,0,1,0,0,0,0,0,0,0,18,18,0.277,0.171,0.405,39,24,normal
1,udp,pop3,RSTO,311,160,0,0,0,2,0,0,0,0,0,0,0,0,0,21,13,0.085,0.178,0.612,39,23,normal
1,tcp,imap,S0,351,220,0,0,0,1,0,1,0,0,0,0,0,0,1,29,10,0.051,0.338,0.99,33,26,normal
4,tcp,dns,RSTR,1086,444,0,0,0,3,0,1,0,0,0,0,0,0,0,32,11,0.123,0.12,0.753,31,35,normal
5,udp,ftp,S0,228,5,0,1,0,6,0,0,3,0,0,0,2,0,0,123,106,0.866,0.869,0.57,8,6,dos
0,udp,telnet,SH,1215,279,0,0,0,0,0,1,1,0,0,2,0,0,0,19,13,0.309,0.312,0.951,22,33,normal
1,udp,imap,REJ,130,444,0,0,0,0,0,0,1,0,0,1,0,0,0,22,20,0.154,0.338,0.504,33,20,normal
4,udp,telnet,S0,1351,315,0,0,0,2,0,1,0,0,0,2,0,0,0,13,23,0.274,0.034,0.608,29,20,normal
1,udp,imap,RSTO,99,76,0,0,0,2,2,0,3,0,0,0,2,0,0,102,104,0.888,0.854,0.097,13,9,probe
23,tcp,ftp,RSTO,609,0,0,0,0,5,1,0,4,0,0,2,1,0,1,108,123,0.716,0.827,0.263,10,14,dos
4,icmp,ssh,RSTR,159,573,0,0,0,0,0,1,0,0,0,0,0,0,0,24,11,0.103,0.315,0.894,40,29,normal
4,icmp,ssh,SF,179,23,0,0,0,4,1,0,3,0,0,2,1,0,1,123,106,0.822,0.579,0.345,10,10,dos
1,udp,smtp,RSTR,2486,113,0,0,0,2,0,1,0,0,0,1,0,0,0,15,13,0.066,0.526,0.543,38,17,normal
1,udp,pop3,RSTO,268,1311,0,0,0,0,0,1,0,0,0,1,1,0,0,16,13,0.109,0.124,0.949,33,22,normal
2,udp,ftp,RSTO,4900,433,0,0,0,0,0,1,1,0,0,0,0,0,0,22,14,0.386,0.064,0.787,42,25,normal
0,tcp,dns,SH,206,283,0,0,0,0,0,1,0,0,0,0,0,0,0,17,9,0.242,0.053,0.708,36,28,normal
2,tcp,ssh,RSTO,1302,208,0,0,0,1,0,0,1,0,0,0,0,0,0,18,12,0.327,0.153,0.905,40,23,normal
0,udp,pop3,S0,1468,876,0,0,0,2,0,1,1,0,0,0,0,0,0,15,12,0.055,0.109,0.778,36,19,normal
0,tcp,pop3,SF,238,138,0,0,0,4,0,1,1,0,0,0,0,0,1,16,16,0.067,0.161,0.554,40,21,normal
2,icmp,ftp,RSTR,133,116,0,0,0,4,1,0,2,0,0,1,2,0,1,104,105,0.96,0.837,0.115,14,9,probe
24,tcp,pop3,SF,91,1,0,0,0,3,1,0,3,0,0,1,0,0,1,108,117,0.76,0.538,0.267,10,10,r2l
1,udp,pop3,REJ,230,884,0,0,0,0,0,1,0,0,0,0,0,0,1,18,14,0.133,0.112,0.866,30,20,normal
0,udp,smtp,SF,187,232,0,0,0,0,0,1,0,0,0,0,0,0,0,14,20,0.295,0.295,0.867,37,22,normal
2,udp,smtp,S0,1279,2233,0,0,0,0,0,1,0,0,0,0,1,0,0,33,11,0.165,0.42,0.849,33,27,normal
0,udp,smtp,S0,48,0,0,0,0,8,1,0,2,0,0,3,0,0,1,110,97,0.921,0.961,0.107,8,10,dos
1,tcp,ssh,SF,1990,892,0,0,0,0,0,1,0,0,0,0,0,0,0,15,12,0.092,0.071,0.452,34,18,normal
7,tcp,ftp,SH,198,60,0,0,0,8,0,0,2,0,0,3,1,0,0,108,112,0.937,0.889,0.105,13,11,probe
3,udp,http,REJ,181,12,0,0,0,4,2,1,2,0,0,1,1,0,1,123,109,0.989,0.882,0.211,13,8,dos
2,tcp,ftp_data,S0,999,216,0,0,0,2,0,0,0,0,0,0,0,0,0,19,19,0.266,0.274,0.719,31,22,normal
4,icmp,pop3,RSTR,131,20,0,0,0,4,1,0,1,0,0,0,0,0,0,121,112,0.668,0.966,0.077,15,7,r2l
2,udp,ftp,REJ,1888,58,0,0,0,0,0,0,0,0,0,0,0,0,1,21,15,0.56,0.04,0.754,36,29,normal
0,udp,imap,REJ,249,103,0,0,0,1,0,1,0,0,0,0,0,0,0,30,19,0.043,0.012,0.747,33,25,normal
41,icmp,ssh,S0,140,35,0,0,0,5,0,1,3,0,0,0,1,0,0,142,120,0.88,0.958,0.146,10,13,dos
11,icmp,ftp_data,S0,146,259,0,0,0,0,0,1,0,0,0,0,0,0,0,23,12,0.087,0.075,0.637,37,16,normal
0,udp,ssh,REJ,279,270,0,0,0,0,0,1,1,0,0,1,0,0,0,19,13,0.338,0.192,0.92,41,30,normal
5,tcp,pop3,S0,112,737,0,0,0,0,0,1,0,0,0,0,0,0,0,18,12,0.082,0.162,0.792,43,22,normal
3,icmp,telnet,RSTR,124,54,0,0,0,6,3,0,2,0,0,0,3,0,0,124,103,0.691,0.948,0.145,12,8,dos
31,tcp,http,SF,31,196,0,0,0,2,0,0,0,0,0,0,2,0,0,135,123,0.931,0.917,0.26,11,12,dos
4,icmp,smtp,RSTR,443,243,0,0,0,0,0,0,1,0,0,0,0,0,0,24,23,0.404,0.196,0.579,22,19,normal
4,tcp,pop3,REJ,33,687,0,0,0,2,0,1,1,0,0,0,0,0,0,21,10,0.225,0.034,0.548,21,25,normal
2,udp,ssh,S0,650,359,0,0,0,0,0,1,0,0,0,1,0,0,0,20,15,0.067,0.2,0.908,35,21,normal
1,icmp,ssh,SF,197,706,0,0,0,0,0,1,0,0,0,1,0,0,1,20,16,0.132,0.293,0.904,41,18,normal
3,udp,ssh,SF,199,85,0,0,0,1,0,1,0,0,0,0,0,0,0,21,18,0.205,0.014,0.744,21,26,normal
1,icmp,ssh,SH,591,1603,0,0,0,1,0,1,0,0,0,0,0,0,0,22,10,0.072,0.122,0.626,41,15,normal
2,icmp,dns,S0,455,44,0,0,0,0,0,0,0,0,0,1,0,0,0,21,15,0.032,0.121,0.78,37,38,normal
20,icmp,ftp_data,RSTO,203,301,0,0,0,4,0,1,2,0,0,1,0,0,1,105,105,0.746,0.636,0.175,11,7,dos
27,udp,smtp,REJ,49,4,0,0,0,7,1,0,1,0,0,0,1,0,0,126,118,0.904,0.72,0.06,16,10,probe
0,tcp,ssh,S0,1295,610,0,0,0,0,0,1,1,0,0,1,0,0,0,14,12,0.033,0.154,0.791,43,25,normal
6,tcp,telnet,SF,318,963,0,0,0,1,0,0,0,0,0,0,0,0,0,30,14,0.099,0.145,0.651,40,31,normal
0,tcp,dns,S0,1466,147,0,0,0,1,0,1,0,0,0,0,0,0,0,25,14,0.351,0.032,0.702,42,22,normal
1,icmp,imap,RSTR,24,42,0,0,0,6,1,0,2,0,0,0,0,0,0,117,99,0.729,0.825,0.094,19,7,probe
0,udp,http,RSTR,1096,146,0,0,0,3,0,1,0,0,0,0,0,0,0,22,18,0.088,0.014,0.742,34,23,normal
0,tcp,smtp,SF,242,1888,0,0,0,0,0,1,0,0,0,0,0,0,0,19,16,0.093,0.209,0.461,33,26,normal
14,icmp,imap,SF,124,9,0,0,0,10,0,0,6,0,0,0,2,0,0,133,111,0.59,0.861,0.222,12,9,dos
4,udp,ftp_data,RSTO,3020,250,0,0,0,2,0,1,0,0,0,1,0,0,0,15,16,0.041,0.049,0.86,40,33,normal
0,icmp,pop3,SH,252,457,0,0,0,2,0,1,0,0,0,0,1,0,0,11,13,0.153,0.124,0.481,35,28,normal
0,tcp,imap,REJ,150,1009,0,0,0,0,0,1,0,0,0,0,0,0,0,20,20,0.09,0.028,0.837,48,16,normal
4,udp,ftp_data,RSTR,1501,1642,0,0,0,0,0,1,0,0,0,0,0,0,0,27,16,0.212,0.339,0.768,42,23,normal
10,udp,pop3,SF,53,6,0,0,0,5,1,0,0,0,0,1,1,0,0,124,96,0.739,0.961,0.079,20,6,probe
31,tcp,http,REJ,279,66,0,0,1,3,0,0,0,0,0,2,1,0,1,110,114,0.907,0.9,0.312,8,13,dos
41,icmp,ssh,S0,460,32,0,0,0,5,1,0,0,0,0,1,0,1,0,99,110,0.773,0.633,0.38,6,11,dos
2,tcp,pop3,RSTR,687,72,0,0,0,0,0,1,0,0,0,0,0,0,0,25,17,0.507,0.238,0.544,28,31,normal
0,icmp,pop3,REJ,1024,172,0,0,0,0,0,1,0,0,0,0,0,0,0,27,22,0.41,0.142,0.944,26,27,normal
16,udp,imap,RSTR,69,6,0,0,0,3,2,0,3,0,0,0,0,0,0,95,115,0.788,0.651,0.053,3,6,dos
4,icmp,ftp_data,S0,222,293,0,0,0,1,0,1,1,0,0,0,0,0,0,21,13,0.29,0.029,0.936,26,25,normal
2,icmp,ssh,RSTO,490,383,0,0,0,3,0,1,0,0,0,0,1,0,0,19,12,0.173,0.17,0.72,43,30,normal
5,icmp,pop3,S0,553,254,0,0,0,1,0,1,0,0,0,0,0,0,0,17,15,0.307,0.211,0.726,37,24,normal
34,icmp,ftp_data,RSTR,227,3,0,0,0,7,0,0,2,0,0,0,0,0,0,129,110,0.931,0.55,0.295,19,6,dos
1,udp,pop3,SF,427,2645,0,0,0,2,0,1,0,0,0,0,0,0,0,19,19,0.037,0.049,0.93,41,26,normal
10,tcp,imap,RSTR,13,7,0,0,0,5,1,1,3,0,0,1,2,0,0,123,114,0.936,0.592,0.075,5,13,dos
2,tcp,imap,RSTR,270,451,0,0,0,0,0,1,0,0,0,1,0,0,0,20,14,0.201,0.243,0.956,36,20,normal
3,icmp,telnet,S0,1156,277,0,0,0,2,0,1,0,0,0,0,0,0,0,10,13,0.187,0.159,0.966,27,23,normal
65,icmp,smtp,SF,52,114,0,0,1,6,0,0,1,0,0,1,1,0,2,135,124,0.754,0.955,0.306,14,9,dos
8,icmp,smtp,REJ,527,22,0,0,0,5,0,0,4,0,0,1,1,0,3,124,107,0.837,0.877,0.292,4,12,probe
1,tcp,ftp,RSTR,195,244,0,0,0,3,0,1,1,0,0,0,0,0,0,18,11,0.105,0.025,0.802,24,26,normal
0,tcp,dns,REJ,457,48,0,0,0,0,0,1,0,0,0,2,0,0,0,20,17,0.135,0.261,0.651,36,21,normal
10,udp,ftp_data,REJ,502,109,0,0,0,7,0,1,2,0,0,1,0,0,0,122,121,0.992,0.943,0.324,15,7,dos
1,tcp,ftp,SH,674,601,0,0,0,2,0,1,0,0,0,1,0,0,1,21,10,0.154,0.169,0.743,25,25,normal
11,tcp,ftp,SF,155,11,0,0,0,3,0,0,5,0,0,1,2,0,0,116,111,0.641,0.973,0.052,13,8,dos
0,icmp,telnet,SF,415,303,0,0,0,2,0,0,3,0,0,1,0,0,1,116,126,0.788,0.693,0.203,13,4,dos
2,icmp,http,SF,256,180,0,0,0,1,0,0,0,0,0,0,0,0,0,15,19,0.238,0.039,0.974,36,20,normal
6,icmp,smtp,SH,113,163,0,0,0,2,0,0,0,0,0,0,0,0,0,20,8,0.04,0.115,0.747,31,30,normal
1,icmp,ftp,RSTR,1182,2264,0,0,0,0,0,1,0,0,0,0,2,0,0,14,12,0.015,0.241,0.83,40,22,normal
11,tcp,telnet,SH,240,6,0,0,0,4,0,0,1,0,0,1,2,0,1,120,106,0.948,0.997,0.548,8,16,dos
3,tcp,smtp,RSTO,211,3,0,0,0,5,1,0,2,0,0,0,1,0,0,113,96,0.969,0.925,0.448,13,9,dos
1,udp,smtp,S0,732,782,0,0,0,1,0,1,0,0,0,0,0,0,0,18,22,0.183,0.35,0.412,31,29,normal
2,icmp,ftp_data,SF,342,1174,0,0,0,2,0,0,0,0,0,0,0,0,0,17,13,0.296,0.049,0.973,38,29,normal
0,icmp,ftp,RSTR,722,161,0,0,0,3,0,1,0,0,0,0,0,0,0,22,10,0.231,0.023,0.977,34,29,normal
6,tcp,ssh,REJ,147,14,0,0,0,5,2,0,2,0,0,2,0,0,0,125,108,0.942,0.753,0.149,13,6,dos
18,tcp,pop3,REJ,12,50,0,0,0,10,1,1,1,0,0,1,1,0,2,110,123,0.676,0.902,0.086,18,10,probe
2,tcp,ssh,SF,265,968,0,0,0,1,0,0,0,0,0,0,0,0,0,23,12,0.032,0.059,0.969,39,28,normal
3,tcp,ssh,SF,772,389,0,0,0,2,0,1,1,0,0,0,0,0,0,17,16,0.251,0.012,0.84,46,23,normal
2,tcp,telnet,SF,527,2075,0,0,0,0,0,1,0,0,0,0,0,0,0,22,10,0.277,0.162,0.935,37,24,normal
0,tcp,ssh,SF,98,108,0,0,0,1,0,1,0,0,0,0,1,0,0,17,17,0.166,0.087,0.915,43,20,normal
7,icmp,telnet,REJ,205,528,0,0,0,1,0,1,0,0,0,0,0,0,0,28,5,0.185,0.362,0.835,31,22,normal
4,tcp,imap,SH,2411,23,0,0,0,2,0,0,0,0,0,0,0,0,0,15,13,0.028,0.29,0.439,38,27,normal
0,udp,pop3,SH,604,338,0,0,0,2,0,1,0,0,0,0,0,0,0,18,12,0.13,0.179,0.787,30,23,normal
0,udp,smtp,SH,176,8,0,0,0,1,1,0,2,0,0,2,1,0,2,123,101,0.654,0.862,0.039,13,10,dos
0,udp,http,RSTR,2763,358,0,0,0,1,0,0,0,0,0,1,0,0,1,19,15,0.047,0.23,0.703,34,22,normal
0,icmp,smtp,S0,444,288,0,0,0,0,0,1,0,0,0,0,1,0,0,23,19,0.043,0.094,0.94,34,27,normal
12,udp,pop3,SH,136,32,0,0,0,5,1,0,1,0,0,1,2,0,0,134,107,0.896,0.834,0.264,14,7,dos
3,tcp,ftp,S0,890,563,0,0,0,2,0,1,0,0,0,0,0,0,0,19,17,0.259,0.13,0.756,35,25,normal
39,tcp,ftp,SF,96,107,0,0,0,3,1,1,3,0,0,0,0,0,0,112,97,0.56,0.96,0.449,13,11,dos
24,tcp,imap,SF,10,162,0,1,0,5,1,1,2,0,0,0,0,0,0,109,104,0.944,0.543,0.067,15,11,dos
15,udp,ftp_data,SH,11,81,0,0,0,5,1,0,1,0,0,1,2,0,0,129,102,0.537,0.936,0.003,11,3,dos
25,icmp,pop3,REJ,157,6,0,0,0,3,0,0,1,0,0,2,0,0,2,113,92,0.82,0.953,0.234,13,10,probe
10,icmp,dns,S0,230,117,0,0,0,0,0,1,0,0,0,0,0,0,0,25,12,0.095,0.154,0.783,28,17,normal
34,tcp,telnet,RSTR,32,7,0,0,0,4,0,1,4,0,0,1,1,0,0,124,108,0.856,0.987,0.09,6,10,dos
1,tcp,ftp,SF,216,1071,0,0,0,0,0,0,0,0,0,0,0,0,0,26,9,0.099,0.526,0.725,31,29,normal
0,udp,ftp_data,RSTO,427,72,0,1,0,5,0,1,1,0,0,1,0,0,0,118,88,0.707,0.771,0.108,7,11,probe
5,udp,ssh,SH,10485,168,0,0,0,0,0,0,0,0,0,0,0,0,0,31,21,0.295,0.141,0.904,41,26,normal
15,icmp,http,SH,76,10,0,0,0,7,0,0,3,0,0,2,0,0,0,133,113,0.808,0.877,0.446,12,13,probe
3,tcp,pop3,SF,248,792,0,0,0,0,0,1,0,0,0,0,0,0,0,17,16,0.073,0.017,0.886,32,28,normal
1,tcp,pop3,S0,119,113,0,0,0,4,1,0,1,0,0,0,0,0,0,114,101,0.961,0.873,0.287,11,11,dos
1,tcp,ftp_data,RSTO,307,570,0,0,0,2,0,1,0,0,0,1,0,0,0,22,13,0.008,0.077,0.441,33,16,normal
1,tcp,ftp_data,SF,130,73,0,0,0,1,0,1,0,0,0,0,0,0,0,22,21,0.204,0.048,0.847,32,28,normal
9,icmp,http,REJ,234,59,0,0,0,4,0,0,1,0,0,0,1,0,1,129,111,0.951,0.84,0.172,10,11,dos
0,udp,ftp,S0,135,20,0,0,0,5,0,1,2,0,0,1,1,0,1,119,116,0.94,0.801,0.353,14,9,r2l
2,udp,ftp,S0,562,663,0,0,0,1,0,1,0,0,0,0,1,0,0,20,16,0.305,0.094,0.757,27,27,normal
5,tcp,pop3,REJ,174,38,0,0,0,3,2,0,0,0,0,0,0,0,1,117,100,0.979,0.945,0.15,11,12,r2l
0,icmp,smtp,RSTO,145,295,0,0,0,1,0,1,0,0,0,0,0,0,0,20,12,0.379,0.17,0.639,35,20,normal
0,tcp,pop3,REJ,201,4,0,0,0,6,2,1,1,0,0,0,1,0,1,145,125,0.599,0.844,0.403,5,7,probe
14,icmp,ssh,SH,182,431,0,0,0,3,1,1,2,0,0,0,1,0,2,106,117,0.981,0.623,0.006,19,13,probe
0,tcp,ftp,RSTR,1404,1324,0,0,0,0,0,1,0,0,0,0,0,0,0,20,14,0.281,0.136,0.943,35,18,normal
0,udp,http,RSTR,109,53,0,0,0,7,1,0,4,1,0,0,1,0,1,118,108,0.972,0.911,0.026,11,8,r2l
5,udp,ftp_data,S0,28,164,0,0,0,4,3,0,1,0,0,0,1,0,0,120,113,0.919,0.844,0.081,14,16,dos
15,icmp,ssh,SF,49,4,0,0,0,5,0,0,2,0,0,2,1,0,0,117,130,0.963,0.668,0.081,12,13,dos
21,icmp,dns,REJ,180,3,0,0,0,4,0,1,4,0,0,1,2,0,0,119,108,0.932,0.616,0.107,16,5,probe
0,tcp,pop3,RSTO,164,763,0,0,0,2,0,0,1,0,0,0,0,0,0,19,18,0.396,0.064,0.821,39,25,normal
11,udp,smtp,RSTO,312,93,0,0,0,3,0,0,0,0,0,1,0,0,0,127,109,0.8,0.787,0.17,8,8,dos
0,icmp,pop3,SF,1866,330,0,0,0,3,0,1,0,0,0,0,0,0,0,28,16,0.421,0.44,0.966,40,26,normal
17,udp,ssh,SH,61,21,0,0,1,6,2,0,2,0,0,1,0,0,1,129,114,0.362,0.712,0.295,12,9,r2l
23,tcp,telnet,REJ,156,7,0,0,0,6,0,0,2,0,0,4,0,0,0,119,120,0.829,0.901,0.016,8,4,dos
2,tcp,http,REJ,1906,327,0,0,0,1,0,1,0,0,0,0,0,0,0,23,21,0.39,0.178,0.685,40,18,normal
7,udp,dns,REJ,87,2247,0,0,0,0,0,0,0,0,0,0,0,0,0,22,14,0.14,0.092,0.715,40,17,normal
6,icmp,ssh,S0,628,36,0,0,0,4,1,0,3,0,0,2,2,0,0,123,104,0.997,0.746,0.032,15,7,probe
1,icmp,pop3,SH,98,766,0,0,0,1,0,1,0,0,0,0,0,0,0,21,17,0.088,0.123,0.933,32,32,normal
16,udp,ssh,REJ,7,156,0,0,0,2,1,0,3,0,0,0,0,0,0,139,115,0.742,0.7,0.147,14,9,dos
0,icmp,telnet,RSTR,538,1136,0,0,0,2,0,0,0,0,0,0,0,0,0,23,20,0.208,0.147,0.495,41,20,normal
1,tcp,pop3,RSTR,1392,5398,0,0,0,2,0,0,0,0,0,2,0,0,0,14,17,0.039,0.022,0.902,42,26,normal
10,tcp,dns,RSTO,105,6,0,0,0,7,1,0,1,0,0,1,0,0,0,153,124,0.341,0.903,0.073,15,15,probe
11,tcp,pop3,REJ,725,301,0,0,0,0,0,1,1,0,0,0,0,0,0,16,13,0.315,0.084,0.821,36,26,normal
1,icmp,pop3,RSTO,3804,174,0,0,0,0,0,1,0,0,0,0,1,0,0,22,13,0.341,0.009,0.848,49,27,normal
0,icmp,imap,RSTO,164,205,0,0,0,2,0,1,0,0,0,2,0,0,0,16,24,0.046,0.206,0.689,41,22,normal
40,icmp,imap,REJ,107,19,0,0,1,6,0,0,3,0,0,1,1,0,0,121,113,0.477,0.631,0.003,13,7,probe
3,icmp,ftp,S0,1474,368,0,0,0,0,0,1,0,0,0,0,0,0,0,18,17,0.232,0.023,0.77,34,18,normal
2,tcp,http,RSTO,704,66,0,0,0,5,2,1,1,0,0,0,1,0,0,105,114,0.781,0.701,0.158,6,6,probe
1,udp,smtp,REJ,3959,398,0,0,0,1,0,1,0,0,0,0,0,0,0,23,14,0.104,0.238,0.923,37,26,normal
6,tcp,smtp,S0,26,22,0,0,0,7,0,0,2,0,0,2,0,0,0,140,117,0.988,0.552,0.139,8,10,probe
0,tcp,imap,RSTR,257,226,0,0,0,5,0,1,0,0,0,1,0,0,0,25,11,0.086,0.035,0.898,48,22,normal
0,udp,pop3,SF,472,1591,0,0,0,2,0,1,0,0,0,0,0,0,0,15,16,0.314,0.503,0.774,52,17,normal
0,tcp,ssh,SH,337,199,0,0,0,2,0,1,0,0,0,1,0,0,0,20,13,0.495,0.269,0.716,39,27,normal
0,tcp,http,RSTO,636,266,0,0,0,0,0,1,0,0,0,0,0,0,0,22,9,0.053,0.183,0.865,28,17,normal
1,udp,ftp_data,SH,526,120,0,0,0,1,0,1,0,0,0,1,0,0,0,21,13,0.06,0.032,0.971,45,20,normal
28,tcp,smtp,S0,942,3,0,0,0,8,0,0,2,0,0,0,0,0,0,116,100,0.906,0.664,0.1,14,7,probe
0,udp,ftp,REJ,222,697,0,0,0,0,0,0,0,0,0,0,0,0,0,17,13,0.007,0.066,0.51,40,21,normal
11,icmp,http,RSTO,166,408,0,0,0,4,0,0,2,0,0,2,2,0,0,124,128,0.848,0.706,0.373,8,12,dos
3,udp,telnet,S0,66,212,0,0,0,2,0,1,0,0,0,0,1,0,0,16,17,0.005,0.101,0.825,30,15,normal
9,udp,telnet,REJ,54,162,0,0,0,5,1,0,3,0,0,0,0,0,0,129,113,0.956,0.773,0.313,10,10,dos
1,tcp,dns,S0,215,123,0,0,0,0,0,1,0,0,0,0,0,0,0,17,11,0.073,0.114,0.978,38,31,normal
3,udp,telnet,S0,83,219,0,1,0,2,1,0,5,0,0,2,0,0,2,124,112,0.972,0.888,0.062,13,11,u2r
1,udp,ftp_data,REJ,524,307,0,0,0,0,0,1,0,0,0,0,0,0,0,21,14,0.184,0.091,0.583,31,32,normal
3,udp,ftp_data,RSTO,390,39,0,0,0,2,0,1,0,0,0,0,0,0,0,28,17,0.389,0.018,0.76,39,22,normal
0,tcp,smtp,SH,660,339,0,0,0,1,0,0,0,0,0,0,0,0,0,12,18,0.232,0.249,0.702,36,15,normal
2,udp,http,RSTR,228,20,0,0,0,4,0,0,0,0,0,0,1,0,0,121,109,0.974,0.862,0.06,6,8,dos
1,tcp,smtp,RSTO,103,97,0,0,0,2,0,1,1,0,0,0,1,0,1,19,8,0.103,0.02,0.541,34,28,normal
9,icmp,telnet,SF,34,6,0,0,0,4,3,0,1,0,0,1,0,0,0,129,109,0.951,0.7,0.207,12,6,dos
1,udp,smtp,RSTR,1154,103,0,0,0,1,0,1,0,0,0,0,0,0,0,20,15,0.014,0.052,0.54,34,32,normal
6,udp,pop3,SH,1186,622,0,0,0,2,0,1,0,0,0,0,0,0,0,13,22,0.362,0.014,0.863,40,27,normal
1,udp,http,RSTR,809,143,0,0,0,1,0,1,0,0,0,0,1,0,0,22,23,0.038,0.045,0.786,27,25,normal
0,udp,ftp_data,REJ,1302,225,0,0,0,3,0,0,0,0,0,0,0,0,0,14,15,0.02,0.459,0.803,38,25,normal
28,icmp,http,RSTR,6,299,0,0,0,4,0,0,1,0,0,2,1,0,0,123,115,0.729,0.819,0.086,10,4,dos
20,udp,telnet,RSTR,41,6,0,0,0,4,1,0,3,0,0,0,1,0,1,116,118,0.928,0.857,0.155,8,15,dos
0,icmp,http,SH,2057,121,0,0,0,3,0,1,0,0,0,1,0,0,0,23,19,0.24,0.041,0.878,46,18,normal
3,udp,ssh,REJ,292,50,0,0,0,0,0,1,0,0,0,0,0,0,0,19,15,0.125,0.043,0.619,31,30,normal
6,icmp,dns,RSTO,425,502,0,0,0,0,0,1,1,0,0,0,0,0,0,21,21,0.366,0.197,0.823,23,27,normal
0,tcp,smtp,REJ,189,93,0,0,0,2,0,1,0,0,0,0,0,0,0,22,9,0.127,0.082,0.845,39,38,normal
0,icmp,telnet,RSTR,48,395,0,0,0,0,0,1,0,0,0,1,0,0,0,22,11,0.293,0.006,0.64,47,22,normal
3,icmp,ftp,RSTR,1366,227,0,0,0,0,0,1,0,0,0,1,0,0,0,21,23,0.075,0.438,0.621,38,23,normal
2,icmp,ssh,SH,722,247,0,0,0,0,0,1,1,0,0,0,0,0,0,22,4,0.153,0.04,0.888,39,41,normal
1,tcp,ftp_data,SH,588,72,0,0,0,2,0,1,0,0,0,0,0,0,0,21,25,0.035,0.1,0.908,38,23,normal
1,udp,ssh,S0,3499,170,0,0,0,1,0,1,0,0,0,0,0,0,0,28,11,0.13,0.267,0.737,34,31,normal
3,tcp,http,REJ,74,388,0,0,0,0,0,0,0,0,0,1,0,0,0,22,20,0.317,0.155,0.774,41,24,normal
5,udp,ssh,REJ,112,596,0,0,0,2,0,1,0,0,0,0,0,0,0,18,10,0.156,0.07,0.722,42,35,normal
0,tcp,dns,RSTR,263,71,0,0,0,2,0,1,0,0,0,0,0,0,0,16,12,0.404,0.141,0.565,27,20,normal
4,tcp,ssh,REJ,307,329,0,0,0,3,0,1,0,0,0,0,0,0,0,18,16,0.386,0.093,0.828,38,22,normal
3,tcp,http,REJ,114,51,0,0,0,3,3,1,3,1,0,2,0,0,1,110,110,0.778,0.736,0.326,12,11,dos
28,tcp,dns,RSTR,16,1,0,0,0,6,3,0,1,0,0,2,1,0,1,122,101,0.84,0.987,0.404,9,8,dos
1,udp,ftp_data,REJ,563,587,0,0,0,0,0,1,0,0,0,0,0,0,0,27,11,0.078,0.351,0.671,30,22,normal
1,icmp,imap,SH,365,397,0,0,0,2,0,1,0,0,0,0,0,0,0,19,17,0.053,0.286,0.725,39,26,normal
4,udp,imap,RSTR,568,92,0,0,0,1,0,0,0,0,0,0,0,0,0,19,15,0.048,0.124,0.876,40,25,normal
1,icmp,dns,SH,1724,536,0,0,0,2,0,1,0,0,0,1,0,0,0,19,15,0.179,0.014,0.943,40,31,normal
23,tcp,dns,REJ,74,7,0,0,0,2,0,1,4,0,0,0,0,0,0,109,122,0.969,0.858,0.04,9,5,probe
0,icmp,ftp_data,S0,247,776,0,0,0,0,0,0,0,0,0,0,0,0,0,18,16,0.025,0.097,0.793,37,30,normal
2,tcp,dns,RSTO,363,231,0,0,0,1,0,1,0,0,0,0,0,0,1,26,18,0.687,0.253,0.376,38,24,normal
0,udp,smtp,SF,2087,1688,0,0,0,0,0,1,0,0,0,0,0,0,0,24,11,0.06,0.527,0.76,40,24,normal
5,icmp,smtp,SH,1069,217,0,0,0,2,0,0,0,0,0,1,1,0,0,30,16,0.113,0.022,0.93,35,23,normal
4,tcp,http,REJ,667,36,0,0,0,6,0,0,2,0,0,0,0,0,0,116,93,0.967,0.834,0.195,17,17,dos
0,icmp,http,REJ,1871,944,0,0,0,4,0,1,0,0,0,2,1,0,0,15,17,0.079,0.146,0.76,37,22,normal
31,icmp,ftp,S0,1138,14,0,0,0,5,0,0,3,0,0,0,0,0,0,128,120,0.905,0.918,0.025,10,5,dos
0,icmp,ssh,RSTO,232,40,0,0,0,0,0,1,0,0,0,0,0,0,0,22,7,0.492,0.146,0.654,38,24,normal
3,icmp,smtp,SF,21,59,0,0,0,2,0,0,1,0,0,0,0,0,1,113,105,0.757,0.937,0.131,19,12,dos
7,icmp,telnet,RSTR,62,98,0,0,0,5,0,1,0,0,0,1,0,0,0,122,95,0.916,0.833,0.259,12,12,dos
14,tcp,telnet,RSTR,678,40,0,0,0,6,0,0,1,0,0,0,0,0,1,117,108,0.743,0.93,0.051,10,6,dos
1,udp,smtp,REJ,577,299,0,0,0,1,0,0,0,0,0,0,0,0,0,25,20,0.058,0.049,0.921,28,16,normal
4,udp,pop3,SH,271,116,0,0,0,8,0,0,2,0,0,1,1,0,0,99,112,0.646,0.855,0.224,16,8,dos
4,icmp,http,SH,1936,239,0,0,0,1,0,1,0,0,0,0,0,0,0,27,10,0.479,0.086,0.797,41,32,normal
1,udp,dns,REJ,493,159,0,0,0,1,0,1,0,0,0,0,0,0,0,23,20,0.057,0.526,0.94,39,16,normal
0,udp,smtp,REJ,610,209,0,0,0,3,0,0,0,0,0,0,0,0,0,25,17,0.008,0.096,0.819,48,20,normal
3,tcp,imap,S0,99,80,0,0,0,1,0,1,0,0,0,0,0,0,0,23,16,0.169,0.003,0.742,36,29,normal
0,udp,imap,RSTO,443,257,0,0,0,1,0,1,3,0,0,1,0,0,0,21,12,0.083,0.008,0.966,39,17,normal
1,tcp,smtp,SH,118,141,0,0,0,2,1,0,1,0,0,0,2,0,2,119,121,0.952,0.652,0.225,19,12,probe
24,udp,dns,SH,42,6,0,0,0,3,0,0,1,0,0,0,1,0,1,122,112,0.855,0.747,0.44,14,7,dos
1,tcp,imap,RSTO,10,9,0,0,1,10,1,1,2,0,0,1,0,0,0,110,113,0.825,0.909,0.023,14,9,dos
4,udp,telnet,SF,637,369,0,0,0,1,0,0,0,0,0,0,0,0,0,25,22,0.221,0.086,0.956,32,31,normal
1,icmp,smtp,S0,88,1471,0,0,0,0,0,1,0,0,0,0,0,0,0,18,21,0.287,0.4,0.936,31,17,normal
29,icmp,ftp_data,SF,19,30,0,0,0,5,0,0,4,0,0,0,0,0,0,140,114,0.818,0.446,0.203,13,14,dos
13,tcp,dns,RSTR,1008,539,0,0,0,2,0,1,0,0,0,0,0,0,0,21,15,0.143,0.032,0.65,43,29,normal
7,tcp,ssh,SH,92,64,0,0,0,5,1,1,1,0,0,0,2,0,0,132,120,0.893,0.859,0.082,7,9,dos
3,tcp,imap,REJ,186,378,0,0,0,2,0,0,0,0,0,0,0,0,0,19,12,0.318,0.293,0.572,46,22,normal
1,tcp,dns,RSTO,130,905,0,0,0,0,0,1,0,0,0,1,0,0,0,13,7,0.11,0.281,0.842,40,34,normal
54,tcp,imap,REJ,25,28,0,0,0,2,2,0,0,0,0,0,0,0,1,140,101,0.888,0.887,0.013,5,8,dos
0,udp,telnet,SH,805,845,0,0,0,2,0,1,2,0,0,0,0,0,0,25,19,0.269,0.308,0.823,29,31,normal
1,tcp,ftp_data,SF,103,422,0,0,0,0,0,1,0,0,0,1,0,0,0,17,13,0.302,0.059,0.903,36,18,normal
1,icmp,ssh,REJ,634,347,0,0,0,1,0,1,0,0,0,0,1,0,0,18,10,0.097,0.191,0.498,27,26,normal
4,icmp,ftp_data,RSTO,45,299,0,0,0,7,1,0,4,0,0,0,0,0,0,113,106,0.763,0.991,0.251,10,11,dos
1,icmp,ftp_data,REJ,366,439,0,0,0,1,0,1,0,0,0,0,0,0,0,16,16,0.158,0.003,0.891,27,24,normal
0,udp,ssh,S0,1504,48,0,0,0,0,0,1,0,0,0,0,0,0,0,19,12,0.163,0.097,0.612,40,30,normal
0,tcp,ftp_data,SF,514,143,0,0,0,0,0,1,0,0,0,0,0,0,0,20,19,0.172,0.144,0.888,39,21,normal
0,udp,ftp,REJ,84,110,0,0,0,4,0,0,5,0,0,0,0,0,2,118,110,0.639,0.852,0.005,15,14,probe
6,icmp,smtp,SH,296,56,0,0,1,7,0,0,0,0,0,2,3,0,0,98,115,0.99,0.38,0.194,13,6,probe
2,icmp,pop3,SH,215,164,0,0,0,2,0,1,0,0,0,0,0,0,0,21,17,0.059,0.095,0.764,38,23,normal
4,udp,ftp_data,SF,41,57,0,0,0,0,0,1,0,0,0,0,0,0,0,24,12,0.071,0.101,0.958,35,18,normal
3,icmp,http,SH,261,315,0,0,0,0,0,1,2,0,0,1,0,0,0,27,15,0.139,0.034,0.608,29,26,normal
0,udp,pop3,RSTR,248,1088,0,0,0,1,0,0,0,0,0,0,1,0,0,15,12,0.071,0.268,0.979,31,29,normal
3,udp,ftp_data,REJ,475,1465,0,0,0,3,0,0,0,0,0,1,0,0,0,24,15,0.162,0.095,0.984,24,27,normal
1,tcp,ftp_data,RSTO,3109,110,0,0,0,1,0,0,0,0,0,0,0,0,0,17,17,0.27,0.021,0.882,41,24,normal
18,tcp,ftp_data,REJ,2663,25,0,0,0,4,1,0,2,0,0,2,0,0,2,113,113,0.713,0.929,0.087,14,14,u2r
1,udp,smtp,S0,462,494,0,0,0,2,0,1,0,0,0,0,0,0,0,16,11,0.289,0.221,0.82,43,25,normal
0,udp,smtp,S0,221,320,0,0,0,0,0,0,0,0,0,0,0,0,1,24,17,0.267,0.069,0.675,27,24,normal
0,tcp,pop3,SH,101,86,0,0,0,0,0,0,0,0,0,0,0,0,0,22,20,0.001,0.233,0.81,37,30,normal
41,tcp,dns,S0,100,44,0,0,0,6,0,0,3,0,0,1,0,0,0,111,109,0.988,0.53,0.09,12,9,probe
8,tcp,smtp,SF,413,684,0,0,0,2,0,1,0,0,0,0,0,0,0,23,14,0.224,0.024,0.948,30,18,normal
5,udp,ftp,REJ,1000,87,0,0,0,2,0,1,0,0,0,0,1,0,0,23,11,0.129,0.216,0.936,42,17,normal
1,udp,ftp_data,S0,149,663,0,0,0,2,0,1,0,0,0,0,1,0,0,20,20,0.226,0.1,0.722,28,30,normal
18,icmp,imap,SH,468,374,0,0,0,8,1,0,2,0,0,0,0,0,1,108,102,0.862,0.957,0.328,15,17,probe
12,udp,smtp,SF,303,10,0,0,0,3,1,0,0,0,0,1,0,0,4,113,111,0.782,0.95,0.406,17,9,r2l
5,udp,ssh,SH,172,862,0,0,0,1,0,1,1,0,0,0,0,0,0,20,19,0.318,0.114,0.668,41,18,normal
5,icmp,pop3,S0,313,279,0,0,0,1,0,1,0,0,0,0,0,0,0,18,16,0.318,0.179,0.655,29,31,normal
53,tcp,pop3,SF,142,13,0,0,0,3,1,0,0,1,0,2,1,0,1,133,105,0.755,0.818,0.088,7,12,dos
0,tcp,http,SF,1735,218,0,0,0,0,0,1,0,0,0,0,0,0,0,19,17,0.224,0.009,0.631,35,23,normal
23,tcp,ftp_data,RSTO,267,12886,0,0,0,5,2,0,3,0,0,1,1,0,0,101,113,0.851,0.949,0.281,5,9,u2r
1,tcp,ssh,RSTR,1228,359,0,0,0,1,0,1,0,0,0,0,0,0,0,12,23,0.175,0.115,0.823,27,28,normal
13,tcp,ftp_data,RSTR,7,24,0,0,0,3,1,0,3,0,0,0,2,0,0,120,100,0.588,0.906,0.15,5,11,dos
3,udp,ftp,RSTO,1774,383,0,0,0,0,0,1,0,0,0,0,0,0,0,15,17,0.041,0.093,0.956,43,33,normal
2,tcp,ftp,S0,203,258,0,0,0,2,0,1,0,0,0,1,0,0,1,24,14,0.351,0.149,0.775,32,34,normal
4,udp,dns,SH,141,11,0,0,0,1,0,0,1,0,0,0,0,0,0,118,116,0.91,0.861,0.097,13,15,probe
2,icmp,ssh,RSTO,4,13,0,0,0,9,0,1,2,0,0,3,0,0,0,118,101,0.876,0.936,0.193,14,10,dos
28,icmp,ssh,SH,94,308,0,0,0,6,0,0,1,0,0,1,0,0,0,113,113,0.826,0.893,0.086,10,10,dos
37,tcp,pop3,SH,86,354,0,0,0,1,2,0,2,0,0,1,1,0,2,112,106,0.884,0.662,0.009,10,10,dos
0,udp,ftp,RSTO,55,1752,0,0,0,2,0,0,0,0,0,0,0,0,0,15,14,0.146,0.135,0.815,30,21,normal
1,icmp,http,SH,258,638,0,0,0,0,0,1,0,0,0,0,0,0,0,20,11,0.122,0.153,0.909,37,30,normal
6,tcp,smtp,SF,471,3,0,0,0,5,1,0,2,0,0,2,0,0,0,107,97,0.624,0.907,0.096,12,9,probe
1,tcp,ftp_data,SF,63,228,0,0,0,0,0,1,1,0,0,1,0,0,0,13,21,0.332,0.047,0.819,39,23,normal
36,tcp,pop3,REJ,2094,49,0,0,1,6,0,1,0,0,0,1,0,0,0,122,99,0.706,0.835,0.556,11,10,dos
1,tcp,ftp,SF,81,426,0,0,0,1,0,1,0,0,0,1,1,0,0,24,18,0.396,0.126,0.793,30,30,normal
0,tcp,telnet,S0,984,1096,0,0,0,2,0,1,0,0,0,0,0,0,0,19,8,0.411,0.06,0.814,35,28,normal
19,tcp,ssh,RSTO,21,6,0,0,0,4,2,0,1,0,0,0,1,0,0,124,108,0.763,0.905,0.178,12,9,r2l
1,tcp,dns,RSTO,502,217,0,0,0,0,0,1,0,0,0,0,0,0,0,25,8,0.092,0.225,0.939,32,25,normal
0,icmp,imap,SF,1053,684,0,0,0,0,0,1,0,0,0,0,1,0,0,19,15,0.096,0.086,0.78,39,20,normal
1,tcp,ssh,SF,4319,677,0,0,0,1,0,0,1,0,0,0,0,0,0,18,16,0.041,0.357,0.962,31,27,normal
3,tcp,imap,RSTR,1378,15,0,0,0,8,0,1,4,0,0,1,0,0,0,112,113,0.933,0.863,0.507,6,6,dos
0,udp,ftp_data,REJ,460,944,0,0,0,2,0,1,0,0,0,0,0,0,0,20,13,0.104,0.014,0.959,36,20,normal
10,icmp,http,REJ,252,52,0,0,0,7,1,0,1,0,0,0,3,0,0,134,133,0.75,0.874,0.098,3,12,probe
39,tcp,telnet,RSTO,119,11,0,0,0,6,1,0,0,0,0,3,0,0,1,141,110,0.94,0.851,0.252,11,11,r2l
24,udp,ssh,RSTO,33,85,0,0,0,1,2,0,1,0,0,0,1,0,1,117,106,0.995,0.738,0.179,13,14,dos
1,icmp,telnet,RSTO,1395,422,0,0,0,1,0,1,0,0,0,0,0,0,0,28,15,0.037,0.247,0.743,38,21,normal
1,icmp,http,SH,561,252,0,0,0,3,0,1,0,0,0,0,0,0,0,18,17,0.246,0.023,0.816,43,29,normal
24,tcp,http,RSTR,2762,13,0,0,0,3,0,0,2,0,0,0,0,0,0,149,105,0.843,0.942,0.007,12,10,probe
29,tcp,telnet,S0,69,41,0,0,0,2,1,0,3,1,0,0,0,0,0,112,110,0.966,0.561,0.346,21,9,r2l
3,icmp,pop3,S0,402,104,0,0,0,1,0,1,0,0,0,0,0,0,0,12,16,0.381,0.146,0.972,42,24,normal
7,tcp,smtp,REJ,745,328,0,0,0,2,0,0,0,0,0,0,0,0,0,23,15,0.337,0.23,0.577,32,17,normal
1,udp,pop3,RSTR,445,179,0,0,0,0,0,0,0,0,0,0,0,0,0,23,17,0.045,0.059,0.782,43,27,normal
7,tcp,imap,REJ,117,234,0,0,0,2,0,0,0,0,0,0,0,0,0,29,17,0.031,0.226,0.545,34,23,normal
0,udp,telnet,SF,488,342,0,0,0,0,0,1,0,0,0,0,0,0,0,19,16,0.01,0.149,0.986,32,21,normal
0,tcp,dns,REJ,283,332,0,0,0,0,0,1,0,0,0,0,0,0,0,25,22,0.058,0.14,0.66,29,20,normal
0,udp,imap,SH,617,187,0,0,0,4,0,1,0,0,0,0,0,0,0,28,17,0.211,0.085,0.941,34,18,normal
32,icmp,smtp,S0,139,94,0,0,0,3,0,0,4,0,0,1,0,0,1,133,109,0.884,0.902,0.081,16,9,dos
0,icmp,smtp,RSTR,129,178,0,0,0,1,0,0,0,0,0,0,0,0,0,19,20,0.067,0.427,0.655,33,28,normal
0,tcp,http,S0,316,68,0,0,0,0,0,1,0,0,0,1,0,0,1,20,12,0.248,0.215,0.865,35,22,normal
0,tcp,ssh,RSTO,484,1222,0,0,0,0,0,1,0,0,0,0,0,0,1,27,13,0.086,0.382,0.859,27,25,normal
2,tcp,pop3,REJ,152,384,0,0,0,0,0,1,0,0,0,0,0,0,0,10,22,0.728,0.118,0.932,40,28,normal
5,tcp,ssh,SF,262,142,0,0,0,0,0,1,0,0,0,0,0,0,0,17,19,0.143,0.345,0.87,34,27,normal
1,tcp,http,RSTO,477,137,0,0,0,0,0,1,0,0,0,0,0,0,0,20,18,0.063,0.111,0.678,38,25,normal
1,tcp,http,RSTR,4515,358,0,0,0,2,0,1,0,0,0,1,1,0,1,17,12,0.123,0.271,0.844,32,32,normal
34,icmp,http,SF,189,33,0,0,0,8,0,1,2,0,0,0,0,0,1,123,123,0.962,0.863,0.126,9,12,r2l
0,icmp,imap,SF,644,102,0,0,0,3,0,1,0,0,0,0,0,0,0,15,20,0.177,0.266,0.705,38,27,normal
0,icmp,imap,RSTO,160,239,0,0,0,0,0,0,0,0,0,0,0,0,0,28,10,0.166,0.121,0.636,34,17,normal
6,icmp,smtp,REJ,7,0,0,0,0,5,1,0,3,0,0,0,0,0,0,130,101,0.87,0.734,0.584,17,8,r2l
1,udp,pop3,REJ,19,178,0,0,0,3,0,0,1,0,0,0,0,0,0,119,111,0.92,0.995,0.365,10,16,dos
9,udp,imap,REJ,1519,42,0,0,0,7,0,0,1,0,0,1,2,0,0,131,105,0.904,0.778,0.151,10,5,dos
21,udp,imap,SH,24,11,0,0,0,6,0,0,3,0,0,3,0,0,0,111,93,0.758,0.866,0.066,15,10,dos
0,tcp,ftp,SH,737,184,0,0,0,2,0,1,0,0,0,1,0,0,1,18,14,0.267,0.375,0.834,39,27,normal
16,icmp,imap,RSTO,142,33,0,0,0,5,0,0,2,0,0,2,0,0,0,132,121,0.769,0.792,0.082,11,12,r2l
0,icmp,smtp,RSTR,1886,424,0,0,0,1,0,0,0,0,0,0,0,0,0,21,16,0.117,0.088,0.879,35,31,normal
17,udp,http,S0,26,60,0,0,0,10,0,0,2,0,0,0,1,0,0,116,130,0.965,0.66,0.073,8,9,dos
1,udp,pop3,SF,272,299,0,0,0,2,0,1,0,0,0,0,0,0,0,17,23,0.144,0.248,0.782,44,26,normal
4,tcp,pop3,REJ,105,9,0,0,0,7,0,0,0,0,0,1,1,0,1,133,107,0.992,0.869,0.115,8,11,probe
10,udp,pop3,SF,393,511,0,0,0,1,0,1,0,0,0,0,0,0,0,7,18,0.02,0.017,0.998,38,24,normal
1,tcp,pop3,REJ,1890,199,0,0,0,2,0,1,0,0,0,0,0,0,0,24,23,0.039,0.546,0.749,30,20,normal
0,tcp,smtp,RSTO,1216,68,0,0,0,1,0,1,0,0,0,0,0,0,0,25,16,0.178,0.117,0.949,39,26,normal
1,icmp,ftp,RSTO,56,309,0,0,0,1,0,1,1,0,0,0,0,0,0,25,17,0.591,0.142,0.585,34,24,normal
5,tcp,dns,SF,1882,900,0,0,0,1,0,0,0,0,0,0,0,0,0,18,14,0.214,0.413,0.56,31,25,normal
7,udp,smtp,SF,116,0,0,0,0,4,0,0,2,0,0,0,2,0,4,104,96,0.543,0.982,0.264,9,4,dos
0,udp,telnet,SF,420,77,0,0,0,2,0,0,0,0,0,0,0,0,1,16,10,0.194,0.07,0.998,36,18,normal
14,udp,ftp_data,SH,392,623,0,0,0,8,0,1,0,0,0,0,1,0,0,120,90,0.933,0.913,0.405,8,8,dos
11,udp,http,S0,68,15,0,0,0,5,0,0,6,0,1,1,3,0,1,141,120,0.993,0.957,0.135,23,9,u2r
11,tcp,ftp_data,RSTO,45,1,0,0,0,4,1,0,2,0,0,0,0,0,0,105,101,0.872,0.82,0.116,12,10,dos
6,icmp,smtp,REJ,358,1384,0,0,0,0,0,1,0,0,0,0,0,0,0,21,16,0.018,0.223,0.933,41,25,normal
0,icmp,ftp_data,RSTR,411,447,0,0,0,1,0,1,0,0,0,0,0,0,0,19,11,0.176,0.033,0.873,34,26,normal
3,udp,dns,SH,442,970,0,0,0,0,0,1,0,0,0,0,0,0,0,16,21,0.231,0.167,0.867,45,32,normal
7,icmp,pop3,SF,767,254,0,0,0,2,0,1,0,0,0,0,0,0,0,20,10,0.222,0.068,0.974,32,25,normal
42,udp,smtp,S0,231,7,0,0,0,3,0,0,1,0,0,0,0,0,1,122,105,0.858,0.804,0.189,13,10,probe
1,tcp,imap,SH,1924,80,0,0,0,1,0,1,0,0,0,1,0,0,0,21,15,0.082,0.306,0.404,35,30,normal
5,tcp,smtp,RSTR,35,20,0,0,0,6,1,0,3,0,0,2,1,0,2,109,94,0.96,0.955,0.13,17,8,r2l
3,icmp,smtp,S0,589,2121,0,0,0,1,0,1,0,0,0,1,0,0,0,13,16,0.036,0.017,0.571,34,28,normal
12,tcp,imap,RSTR,51,38,0,0,0,10,0,1,3,0,0,1,0,0,0,128,105,0.68,0.964,0.097,7,11,dos
1,tcp,ftp,S0,89,149,0,0,0,3,2,0,3,0,0,1,0,0,1,132,109,0.625,0.661,0.426,18,11,probe
1,udp,pop3,RSTO,43,72,0,0,0,1,0,1,0,0,0,0,0,0,1,147,106,0.802,0.8,0.205,6,12,probe
2,udp,http,SH,108,19,0,0,0,4,1,0,3,0,0,0,0,0,0,128,125,0.859,0.981,0.031,11,14,probe
56,udp,ssh,RSTR,441,23,0,0,1,3,2,0,3,0,0,0,0,0,1,121,101,0.335,0.883,0.097,10,10,dos
1,icmp,telnet,REJ,358,1668,0,0,0,3,0,1,0,0,0,0,1,0,0,20,11,0.438,0.136,0.844,38,21,normal
2,icmp,http,S0,189,22,0,0,0,5,0,0,3,0,0,0,1,0,0,120,114,0.753,0.879,0.01,13,6,probe
1,udp,ftp_data,SH,400,494,0,0,0,2,0,1,0,0,0,0,2,0,0,19,16,0.033,0.045,0.902,42,19,normal
3,icmp,pop3,RSTO,1140,803,0,0,0,1,0,1,0,0,0,1,0,0,0,14,15,0.179,0.3,0.863,42,27,normal
1,udp,telnet,S0,718,997,0,0,0,0,0,1,0,0,0,0,0,0,0,23,14,0.058,0.219,0.855,34,27,normal
2,icmp,http,SH,9271,77,0,0,0,2,0,1,1,0,0,1,0,0,0,30,10,0.274,0.316,0.82,29,20,normal
12,udp,dns,S0,602,278,0,0,0,1,0,0,1,0,0,0,0,0,0,23,20,0.3,0.082,0.75,30,34,normal
17,icmp,telnet,SF,14,2,0,0,0,4,0,0,2,0,0,1,2,0,2,111,111,0.641,0.917,0.138,10,8,dos
0,icmp,ssh,S0,301,87,0,0,0,1,0,1,0,0,0,0,0,0,0,25,13,0.034,0.038,0.76,29,27,normal
5,udp,ftp,RSTO,19,2,0,0,0,5,2,0,1,0,0,2,2,0,1,105,109,0.977,0.998,0.022,19,12,probe
10,icmp,imap,REJ,122,4,0,0,0,7,0,0,1,0,0,1,2,0,0,125,128,0.958,0.915,0.218,8,10,dos
3,tcp,smtp,RSTR,190,18,0,0,0,5,0,0,0,0,0,0,1,0,0,146,99,0.983,0.667,0.172,12,3,u2r
7,udp,imap,REJ,527,119,0,0,0,2,0,1,0,0,0,0,1,0,0,19,12,0.367,0.095,0.823,36,23,normal
1,icmp,ftp_data,SF,176,85,0,0,0,6,4,0,3,0,0,1,0,0,0,112,123,0.38,0.996,0.008,14,6,dos
11,udp,smtp,RSTR,1031,174,0,0,0,1,0,1,0,0,0,0,0,0,0,21,16,0.239,0.209,0.548,36,17,normal
0,udp,pop3,SH,29,42,0,0,0,6,1,0,3,0,0,1,2,0,1,139,105,0.7,0.861,0.22,8,9,dos
0,udp,http,REJ,838,66,0,0,0,0,0,0,0,0,0,1,0,0,0,22,15,0.109,0.364,0.733,42,25,normal
10,tcp,ftp,RSTR,1191,371,0,0,0,1,0,0,0,0,0,0,1,0,0,13,14,0.396,0.218,0.506,34,31,normal
0,tcp,telnet,RSTO,55,2,0,0,0,5,0,0,2,0,0,0,2,0,0,120,113,0.97,0.983,0.024,9,12,dos
13,icmp,imap,SF,57,1,0,0,0,6,1,0,8,0,0,0,2,0,0,108,113,0.717,0.889,0.209,11,9,dos
2,tcp,dns,SH,292,1,0,0,0,3,0,0,2,0,0,0,2,0,0,156,102,0.92,0.704,0.233,9,13,dos
1,tcp,http,RSTO,5577,169,0,0,0,2,0,1,0,0,0,1,0,0,2,22,14,0.315,0.065,0.688,32,34,normal
3,icmp,ftp,SH,2008,68,0,0,0,2,0,1,0,0,0,0,0,0,0,24,13,0.27,0.274,0.672,29,27,normal
0,udp,telnet,S0,118,1783,0,0,0,0,0,1,0,0,0,0,0,0,0,21,17,0.087,0.47,0.628,36,26,normal
3,tcp,pop3,RSTO,1038,255,0,0,0,1,0,0,0,0,0,1,0,0,0,15,15,0.033,0.288,0.322,29,27,normal
1,tcp,smtp,RSTR,352,373,0,0,0,1,0,0,0,0,0,0,0,0,0,20,17,0.128,0.123,0.742,30,30,normal
8,udp,ssh,RSTO,1196,227,0,0,0,0,0,1,0,0,0,0,0,0,0,10,20,0.023,0.117,0.746,34,24,normal
45,udp,imap,SF,774,20,0,0,0,3,0,0,1,0,0,2,2,0,0,116,116,0.959,0.985,0.051,13,8,u2r
0,udp,ssh,SH,2479,1716,0,0,0,1,0,1,0,0,0,0,0,0,0,24,24,0.055,0.293,0.73,33,30,normal
28,icmp,ftp,S0,708,53,0,0,0,7,0,0,2,0,0,0,0,0,1,113,114,0.662,0.908,0.11,9,10,dos
4,tcp,ftp_data,RSTO,1156,151,0,0,0,0,0,1,0,0,0,1,1,0,0,22,14,0.321,0.122,0.909,39,19,normal
2,udp,ftp,REJ,1120,351,0,0,0,2,0,1,1,0,0,0,0,0,0,21,11,0.166,0.016,0.841,38,23,normal
2,tcp,ssh,SH,303,743,0,0,0,1,0,1,0,0,0,0,0,0,0,19,24,0.057,0.005,0.747,30,17,normal
0,udp,pop3,RSTO,668,552,0,0,0,1,0,1,0,0,0,0,0,0,0,25,13,0.129,0.095,0.704,35,33,normal
2,tcp,ftp_data,SF,166,1,0,0,0,2,0,1,1,0,0,2,0,1,0,106,110,0.954,0.945,0.208,11,15,dos
0,udp,dns,RSTR,796,292,0,0,0,1,0,1,0,0,0,1,0,0,0,30,18,0.016,0.044,0.812,28,27,normal
3,udp,ftp,RSTR,101,349,0,0,0,1,0,1,0,0,0,0,0,0,0,17,17,0.044,0.095,0.913,39,24,normal
1,icmp,ftp_data,S0,207,301,0,0,0,2,0,1,0,0,0,0,0,0,0,22,13,0.063,0.111,0.35,47,23,normal
2,icmp,ftp_data,SF,23,34,0,0,0,5,1,0,4,0,0,0,0,0,0,150,127,0.95,0.754,0.406,15,7,dos
53,udp,telnet,S0,2,8,0,0,0,6,1,0,2,0,0,0,0,0,0,114,117,0.869,0.98,0.055,9,11,r2l
17,icmp,ftp,SH,37,131,0,0,0,2,2,0,1,0,0,2,0,0,1,119,134,0.861,0.944,0.066,11,6,probe
4,icmp,ssh,RSTO,295,120,0,0,0,0,0,0,0,0,0,1,0,0,0,15,18,0.086,0.128,0.817,27,25,normal
21,icmp,telnet,REJ,67,43,0,0,0,2,1,0,1,0,0,0,0,0,0,120,129,0.836,0.68,0.273,6,7,dos
0,tcp,ftp,REJ,1118,303,0,0,0,3,0,1,0,0,0,0,0,0,0,18,13,0.058,0.157,0.82,53,20,normal
12,tcp,telnet,RSTR,26,1,0,0,0,6,1,0,2,0,0,4,0,1,0,134,97,0.856,0.878,0.207,17,10,probe
4,tcp,telnet,SH,94,560,0,0,0,0,0,1,0,0,0,1,0,0,0,14,13,0.053,0.223,0.43,40,21,normal
4,udp,ftp,RSTO,229,260,0,0,0,1,0,0,2,0,0,0,2,0,0,22,16,0.007,0.171,0.962,30,27,normal
1,udp,http,S0,24,30,0,0,0,1,0,0,4,0,0,0,1,0,0,125,103,0.986,0.925,0.34,10,8,probe
3,tcp,telnet,RSTR,1168,4125,0,0,0,1,0,1,0,0,0,0,0,0,0,26,15,0.423,0.136,0.874,31,24,normal
1,udp,telnet,S0,161,640,0,0,0,0,0,1,0,0,0,0,0,0,0,24,22,0.188,0.176,0.884,44,23,normal
3,tcp,ftp,SH,223,798,0,0,0,5,0,0,0,0,0,0,0,0,0,21,15,0.115,0.059,0.91,31,25,normal
27,udp,ftp,RSTO,54,121,0,0,0,7,0,0,3,0,0,0,0,0,0,114,106,0.893,0.565,0.358,20,15,dos
0,udp,imap,RSTR,2046,126,0,0,0,0,0,1,0,0,0,0,0,0,0,12,18,0.175,0.03,0.813,40,28,normal
0,tcp,telnet,REJ,607,1194,0,0,0,0,0,1,0,0,0,1,0,0,0,14,16,0.204,0.17,0.705,37,18,normal
1,tcp,ftp,RSTO,232,11,0,0,0,4,1,0,1,0,0,0,0,0,0,139,90,0.661,0.805,0.352,11,6,dos
4,icmp,http,REJ,801,104,0,0,0,1,0,1,0,0,0,0,0,0,0,17,10,0.033,0.109,0.835,27,25,normal
2,icmp,ftp,S0,1982,314,0,0,0,0,0,0,0,0,0,0,0,0,0,20,12,0.101,0.219,0.923,22,22,normal
6,icmp,ssh,SF,91,18,0,0,0,6,1,0,0,0,0,1,1,0,0,117,84,0.985,0.918,0.186,13,11,probe
1,tcp,ssh,REJ,211,167,0,0,0,0,0,0,0,0,0,0,1,0,0,14,13,0.258,0.037,0.441,44,33,normal
1,udp,smtp,REJ,662,115,0,0,0,1,0,1,1,0,0,0,0,0,0,15,14,0.18,0.453,0.446,36,19,normal
8,udp,pop3,RSTR,12,120,0,1,0,7,2,0,1,0,0,1,1,0,1,131,110,0.939,0.804,0.155,17,10,dos
23,icmp,dns,SH,69,33,0,0,0,10,0,1,4,0,0,1,0,0,0,104,114,0.721,0.809,0.049,9,9,probe
22,udp,smtp,SF,98,133,0,0,0,5,1,0,3,0,0,0,0,0,1,114,106,0.763,0.91,0.043,12,9,r2l
1,tcp,ftp_data,SH,1006,257,0,0,0,1,0,1,0,0,0,0,0,0,0,22,15,0.076,0.13,0.67,40,37,normal
60,icmp,dns,SH,71,3322,0,0,0,4,2,0,3,0,0,2,1,0,0,110,113,0.99,0.918,0.305,13,6,probe
3,udp,ssh,RSTR,211,113,0,0,0,1,1,0,0,0,0,2,0,0,1,139,113,0.975,0.575,0.217,12,15,dos
1,icmp,ssh,RSTR,255,279,0,0,0,0,0,1,0,0,0,1,0,0,0,26,14,0.144,0.008,0.778,39,25,normal
3,icmp,ftp,RSTR,63,680,0,0,0,1,0,1,1,0,0,0,0,0,0,15,17,0.1,0.389,0.858,24,23,normal
0,udp,imap,RSTR,483,421,0,0,0,2,0,1,0,0,0,0,0,0,0,21,16,0.119,0.087,0.61,35,22,normal
1,tcp,telnet,RSTO,781,632,0,0,0,2,0,1,0,0,0,0,0,0,0,13,18,0.278,0.165,0.537,29,23,normal
16,icmp,ssh,SH,20,24,0,0,0,8,0,1,3,0,0,3,0,0,0,144,99,0.877,0.996,0.139,15,9,r2l
0,tcp,telnet,S0,1178,66,0,0,0,1,0,1,0,0,0,0,0,0,1,18,14,0.026,0.118,0.917,39,26,normal
4,icmp,telnet,SF,143,142,0,0,0,0,0,1,0,0,0,0,0,0,0,24,14,0.005,0.086,0.979,34,23,normal
1,udp,ssh,SF,596,825,0,0,0,0,0,1,0,0,0,0,0,0,0,14,16,0.029,0.016,0.575,43,19,normal
22,icmp,telnet,REJ,307,30,0,1,0,6,0,0,1,0,0,1,0,0,0,96,112,0.688,0.692,0.241,13,7,dos
5,udp,ftp_data,RSTR,117,78,0,0,0,9,1,0,1,1,0,1,0,0,1,118,95,0.62,0.72,0.498,14,14,dos
42,icmp,dns,SF,454,7,0,0,0,6,0,0,1,0,0,2,3,0,1,127,113,0.762,0.782,0.113,10,11,u2r
3,icmp,smtp,RSTO,3019,143,0,0,0,1,0,1,0,0,0,0,1,0,2,23,15,0.131,0.211,0.815,40,28,normal
16,tcp,ftp,RSTO,120,1,0,0,0,4,0,0,1,0,0,1,0,0,0,132,115,0.522,0.953,0.096,10,12,dos
1,tcp,ftp,SF,516,1033,0,0,0,1,0,1,0,0,0,0,0,0,1,21,18,0.041,0.387,0.932,35,23,normal
5,udp,http,RSTR,129,6,0,0,0,5,0,0,3,1,0,0,0,0,0,123,92,0.946,0.769,0.164,17,14,dos
3,icmp,ssh,SH,6522,90,0,0,0,1,0,1,0,0,0,0,0,0,0,20,21,0.096,0.253,0.824,35,25,normal
7,icmp,ftp,S0,110,1,0,1,0,5,0,0,0,0,0,2,0,0,0,108,113,0.961,0.684,0.079,7,12,probe
1,icmp,telnet,REJ,640,808,0,0,0,2,0,1,0,0,0,1,0,0,0,17,15,0.159,0.1,0.966,40,28,normal
0,tcp,pop3,SF,591,373,0,0,0,0,0,0,0,0,0,0,0,0,0,17,13,0.385,0.125,0.888,25,32,normal
9,icmp,ssh,SH,5,55,0,0,0,6,1,1,1,0,0,0,0,0,0,125,98,0.997,0.92,0.09,14,12,dos
1,icmp,http,REJ,510,187,0,0,0,1,0,1,0,0,0,0,1,0,1,17,19,0.425,0.082,0.885,24,20,normal
14,udp,telnet,S0,52,30,0,0,0,4,2,0,2,0,0,0,1,0,0,124,105,0.976,0.648,0.236,14,15,dos
3,tcp,pop3,RSTO,435,127,0,0,0,1,0,1,0,0,0,0,0,0,0,18,14,0.062,0.042,0.941,35,18,normal
13,icmp,ftp,RSTR,210,93,0,0,0,9,0,1,0,0,0,0,0,0,1,121,104,0.873,0.982,0.617,9,7,dos
1,udp,telnet,REJ,357,437,0,0,0,0,0,1,0,0,0,0,0,0,0,18,12,0.149,0.296,0.878,28,26,normal
0,tcp,ssh,REJ,83,336,0,0,0,1,0,1,0,0,0,0,0,0,0,16,22,0.095,0.038,0.583,37,24,normal
2,tcp,ftp_data,S0,120,92,0,0,0,2,0,1,1,0,0,0,0,0,0,18,14,0.055,0.128,0.973,44,24,normal
16,tcp,ftp_data,SH,33,10,0,0,0,7,0,0,0,0,0,1,1,0,0,122,123,0.749,0.832,0.246,8,9,r2l
3,tcp,imap,SF,856,162,0,0,0,0,0,1,0,0,0,1,0,0,0,28,19,0.188,0.125,0.915,44,26,normal
2,udp,ssh,S0,13,12,0,0,0,7,0,0,2,0,0,0,0,0,1,98,113,0.895,0.678,0.094,12,14,probe
3,udp,ssh,RSTO,90,2,0,0,0,4,2,0,2,0,0,0,0,0,0,116,106,0.966,0.901,0.197,11,10,r2l
1,icmp,telnet,SH,557,268,0,0,0,2,0,1,1,0,0,0,0,0,0,15,14,0.225,0.361,0.729,39,24,normal
15,tcp,http,REJ,147,9,0,0,0,2,1,0,4,0,0,0,3,0,2,113,116,0.86,0.8,0.138,8,8,dos
15,tcp,http,RSTR,11,20,0,0,0,2,1,1,1,0,0,0,0,0,1,132,100,0.885,0.825,0.108,8,8,dos
0,icmp,imap,SH,254,325,0,0,0,1,0,1,0,0,0,1,0,0,1,13,18,0.381,0.064,0.793,27,22,normal
0,tcp,smtp,SH,1494,2276,0,0,0,0,0,1,0,0,0,0,0,0,0,21,11,0.049,0.446,0.825,30,33,normal
1,udp,http,RSTO,343,1335,0,0,0,1,0,0,1,0,0,0,0,0,0,20,8,0.355,0.456,0.701,41,22,normal
1,tcp,telnet,RSTR,283,917,0,0,0,1,0,1,1,0,0,0,0,0,0,19,20,0.056,0.124,0.694,40,22,normal
2,udp,imap,RSTO,2332,36,0,0,1,3,0,0,1,0,0,1,0,0,0,156,112,0.858,0.919,0.168,11,8,dos
18,tcp,dns,RSTR,272,24,0,0,1,3,0,0,1,0,0,1,1,0,1,104,111,0.968,0.991,0.406,10,14,probe
3,udp,smtp,RSTR,797,408,0,0,0,1,0,1,0,0,0,0,0,0,0,19,15,0.57,0.143,0.754,35,33,normal
3,icmp,ftp,RSTO,866,3889,0,0,0,0,0,0,0,0,0,0,1,0,0,20,18,0.008,0.078,0.604,32,22,normal
0,udp,ftp,RSTR,162,166,0,0,0,1,0,1,0,0,0,0,1,0,0,16,17,0.005,0.065,0.864,30,24,normal
10,icmp,pop3,RSTO,127,8,0,0,0,5,1,0,5,0,0,0,1,0,0,125,126,0.951,0.942,0.368,14,9,r2l
9,tcp,smtp,RSTR,2161,154,0,0,0,0,0,1,1,0,0,0,0,0,0,24,19,0.198,0.416,0.928,23,20,normal
1,tcp,telnet,RSTO,86,2152,0,0,0,2,0,1,1,0,0,0,0,0,0,20,11,0.089,0.315,0.458,33,21,normal
1,icmp,ftp,SH,261,946,0,0,0,0,0,1,0,0,0,0,1,0,0,22,18,0.095,0.154,0.568,36,33,normal
16,icmp,http,RSTR,2,1,0,0,0,5,0,0,1,0,0,2,0,0,0,96,88,0.83,0.916,0.052,11,2,dos
22,tcp,imap,RSTR,40,157,0,0,0,1,2,0,1,0,0,2,0,0,0,119,95,0.542,0.676,0.4,13,15,probe
1,icmp,ftp_data,SF,1328,929,0,0,0,2,0,1,0,0,0,0,0,0,0,12,19,0.001,0.289,0.831,37,23,normal
0,icmp,ftp_data,S0,235,584,0,0,0,1,0,1,0,0,0,0,0,0,0,15,20,0.116,0.017,0.597,37,24,normal
21,tcp,ftp,SH,184,71,0,0,0,5,2,1,1,0,0,3,1,0,0,107,113,0.641,0.954,0.035,10,10,r2l
2,tcp,telnet,RSTO,1417,121,0,0,0,1,0,1,1,0,0,1,0,0,0,18,11,0.051,0.121,0.694,27,31,normal
0,icmp,ftp_data,REJ,327,146,0,0,0,1,0,1,0,0,0,1,0,0,0,21,16,0.208,0.05,0.622,30,25,normal
0,icmp,smtp,REJ,207,517,0,0,0,0,0,1,1,0,0,1,0,0,0,24,13,0.135,0.312,0.78,32,25,normal
7,icmp,imap,SH,142,57,0,0,0,9,0,0,4,0,0,0,1,0,0,123,98,0.978,0.836,0.213,10,13,r2l
0,icmp,pop3,RSTO,678,415,0,0,0,1,0,1,0,0,0,0,0,0,0,15,12,0.029,0.008,0.886,37,24,normal
6,tcp,http,REJ,629,51,0,0,0,1,0,1,0,0,0,0,0,0,0,20,15,0.191,0.202,0.989,40,28,normal
1,udp,dns,RSTO,639,338,0,0,0,0,0,1,0,0,0,0,0,0,0,19,19,0.05,0.005,0.923,22,32,normal
4,tcp,http,REJ,652,207,0,0,0,1,0,1,0,0,0,0,0,0,0,18,21,0.071,0.411,0.479,35,27,normal
9,udp,ftp,RSTO,106,4,0,0,0,4,0,0,1,0,0,1,0,0,1,122,121,0.786,0.681,0.558,15,5,dos
19,icmp,ftp,SH,433,13,0,1,0,4,0,0,2,0,0,1,1,0,0,142,107,0.881,0.807,0.374,11,16,probe
2,icmp,http,RSTR,111,74,0,0,0,1,0,1,0,0,0,0,0,0,0,30,14,0.117,0.106,0.906,35,27,normal
1,icmp,http,SH,921,745,0,0,0,2,0,1,0,0,0,1,1,0,1,16,15,0.247,0.081,0.921,40,29,normal
39,tcp,ftp,RSTR,8,8,0,1,0,5,1,0,1,0,0,1,1,0,0,127,120,0.886,0.99,0.546,10,9,dos
3,udp,telnet,SH,154,329,0,0,0,1,0,1,0,0,0,0,0,0,0,21,17,0.097,0.099,0.612,41,20,normal
4,icmp,telnet,S0,187,791,0,0,0,0,0,0,0,0,0,1,0,0,0,19,14,0.105,0.294,0.861,28,10,normal
3,icmp,dns,RSTO,343,265,0,0,0,0,0,1,0,0,0,0,0,0,0,17,16,0.031,0.014,0.659,33,32,normal
6,icmp,imap,RSTR,362,4,0,0,0,7,0,0,3,0,0,0,0,0,0,118,102,0.927,0.871,0.23,13,11,dos
1,icmp,smtp,SH,2138,1165,0,0,0,2,0,1,0,0,0,0,0,0,0,23,17,0.031,0.062,0.847,35,16,normal
3,tcp,http,SF,514,581,0,0,0,1,0,1,0,0,0,0,0,0,0,16,17,0.068,0.128,0.921,36,21,normal
0,tcp,ftp,RSTO,560,271,0,0,0,1,0,1,0,0,0,0,0,0,0,10,18,0.051,0.036,0.717,39,26,normal
22,tcp,ftp,SH,1944,21,0,0,0,5,0,0,3,0,0,0,0,0,1,133,105,0.771,0.997,0.132,11,7,r2l
32,udp,http,SH,1442,157,0,0,0,0,2,0,5,0,0,0,0,0,0,110,111,0.91,0.975,0.029,13,9,probe
27,tcp,http,RSTO,281,36,0,0,0,7,0,0,3,0,0,1,1,0,0,125,97,0.858,0.933,0.195,16,12,dos
10,udp,ssh,RSTO,39,7,0,0,0,8,0,0,1,0,0,0,1,0,0,129,113,0.646,0.954,0.049,11,10,dos
1,icmp,ftp_data,RSTO,438,1357,0,0,0,0,0,1,0,0,0,0,0,0,1,22,19,0.003,0.091,0.942,41,25,normal
11,udp,imap,SH,55,55,0,0,0,7,0,0,3,0,0,1,2,0,0,146,122,0.966,0.729,0.18,18,10,dos
3,icmp,smtp,SF,1735,1095,0,0,0,0,0,0,0,0,0,0,0,0,0,17,16,0.232,0.269,0.489,32,34,normal
5,icmp,smtp,S0,218,834,0,0,0,1,0,1,0,0,0,1,0,0,1,17,10,0.095,0.028,0.86,38,19,normal
0,udp,ssh,SF,824,211,0,0,0,2,0,1,0,0,0,0,0,0,0,18,16,0.064,0.011,0.569,38,14,normal
36,icmp,http,REJ,191,6,0,0,0,5,2,0,0,0,0,0,0,0,1,125,116,0.873,0.933,0.286,15,15,dos
13,tcp,ftp_data,SH,44,8,0,0,0,4,1,0,0,0,0,0,0,0,0,112,98,0.968,0.941,0.054,18,7,probe
10,tcp,ftp,REJ,61,193,0,0,0,6,1,0,5,0,0,2,0,0,2,114,120,0.787,0.873,0.061,6,12,dos
0,icmp,pop3,SH,441,239,0,0,0,2,0,1,1,0,0,0,0,0,0,17,16,0.112,0.204,0.726,32,20,normal
0,udp,ftp_data,SH,673,863,0,0,0,2,0,1,0,0,0,0,0,0,0,17,18,0.237,0.471,0.901,42,21,normal
1,icmp,smtp,REJ,79,150,0,0,0,1,0,0,2,0,0,0,0,0,0,11,13,0.147,0.144,0.821,29,28,normal
0,tcp,smtp,S0,43,150,0,0,0,9,0,0,4,0,0,1,2,0,0,106,104,0.532,0.781,0.388,10,9,probe
3,icmp,pop3,REJ,333,2141,0,0,0,2,0,1,0,0,0,0,0,0,0,22,16,0.084,0.013,0.917,42,21,normal
19,icmp,http,SH,92,7,0,0,0,4,0,0,0,0,0,3,0,0,1,110,113,0.906,0.928,0.229,12,11,probe
2,udp,smtp,S0,90,10,0,0,0,1,0,0,0,0,0,2,1,0,4,115,125,0.958,0.744,0.217,10,16,dos
6,udp,telnet,SF,198,9,0,0,0,6,0,0,2,0,0,0,2,0,2,117,98,0.792,0.863,0.144,14,15,dos
3,icmp,http,S0,327,59,0,0,0,3,0,0,1,0,0,1,0,0,0,130,100,0.772,0.978,0.028,8,8,dos
16,icmp,pop3,S0,89,42,0,0,0,3,3,0,0,0,0,2,2,0,0,118,101,0.837,0.914,0.632,17,8,dos
0,tcp,dns,REJ,45,9,0,0,0,4,0,0,3,0,0,0,0,0,0,109,110,0.868,0.895,0.088,14,9,dos
4,tcp,http,S0,575,25,0,0,0,1,0,1,0,0,0,1,0,0,0,28,10,0.115,0.073,0.956,39,30,normal
25,tcp,imap,S0,176,69,0,0,0,7,0,0,3,0,1,0,0,0,0,130,103,0.958,0.96,0.126,22,13,probe
0,tcp,pop3,S0,406,191,0,0,0,2,0,1,1,0,0,0,0,0,0,23,22,0.057,0.303,0.933,38,29,normal
1,tcp,telnet,REJ,98,354,0,0,0,0,0,1,1,0,0,1,0,0,0,22,16,0.095,0.078,0.72,35,15,normal
4,icmp,ftp_data,SH,381,3987,0,0,0,0,0,1,0,0,0,1,0,0,0,14,14,0.156,0.12,0.841,31,28,normal
5,icmp,imap,SF,194,100,0,0,0,4,0,0,2,0,0,0,0,0,2,115,99,0.731,0.891,0.048,16,11,dos
2,udp,ftp,REJ,196,332,0,0,0,0,0,1,0,0,0,0,0,0,0,27,18,0.101,0.407,0.882,41,23,normal
0,icmp,smtp,SF,1781,487,0,0,0,0,0,1,0,0,0,0,0,0,0,14,16,0.226,0.066,0.692,34,18,normal
0,icmp,ftp,SH,317,320,0,0,0,0,0,1,1,0,0,0,0,0,0,21,14,0.148,0.107,0.359,35,27,normal
5,icmp,telnet,SF,296,168,0,0,0,0,0,1,0,0,0,0,1,0,0,27,9,0.006,0.138,0.692,46,19,normal
9,icmp,http,RSTR,234,154,0,0,0,1,0,1,0,0,0,0,0,0,0,13,15,0.049,0.276,0.806,31,37,normal
7,udp,imap,SH,41,207,0,0,0,6,0,0,0,0,0,1,2,0,0,138,112,0.617,0.855,0.093,13,13,probe
0,udp,http,S0,621,712,0,0,0,0,0,0,1,0,0,1,0,0,0,22,14,0.045,0.083,0.86,49,26,normal
14,icmp,telnet,SH,1139,3,0,0,0,3,0,1,3,0,0,0,2,0,2,120,118,0.902,0.986,0.102,7,13,u2r
0,icmp,telnet,SH,807,470,0,0,0,0,0,1,0,0,0,1,0,0,0,15,17,0.502,0.018,0.446,38,25,normal
4,udp,ftp_data,RSTO,424,3330,0,0,0,0,0,1,0,0,0,0,1,0,0,19,12,0.041,0.285,0.787,34,21,normal
11,icmp,http,REJ,109,3,0,0,0,7,1,0,4,0,0,2,4,0,0,109,100,0.982,0.907,0.085,7,11,probe
0,icmp,telnet,RSTO,881,124,0,0,0,0,0,0,1,0,0,0,0,0,0,29,15,0.016,0.095,0.904,27,36,normal
0,icmp,http,REJ,1277,1610,0,0,0,2,0,1,0,0,0,0,1,0,0,19,17,0.228,0.213,0.694,32,27,normal
3,icmp,telnet,S0,3268,202,0,0,0,2,0,1,0,0,0,0,0,0,0,26,9,0.013,0.259,0.864,39,19,normal
12,icmp,ssh,S0,47,159,0,0,0,3,1,0,1,0,0,0,0,0,0,121,107,0.982,0.857,0.009,18,19,dos
2,icmp,telnet,SF,1587,190,0,0,0,1,0,1,0,0,0,0,0,0,0,9,17,0.3,0.065,0.905,32,24,normal
1,tcp,ssh,SF,229,367,0,0,0,1,0,1,0,0,0,0,0,0,0,18,17,0.009,0.369,0.834,32,27,normal
2,udp,telnet,SH,1297,1339,0,0,0,0,0,1,0,0,0,0,0,0,0,15,7,0.016,0.197,0.97,36,37,normal
2,tcp,imap,RSTR,342,262,0,0,0,0,0,1,0,0,0,0,0,0,0,24,16,0.222,0.525,0.926,27,24,normal
2,udp,dns,SH,727,58,0,0,0,1,0,1,1,0,0,0,0,0,0,27,9,0.018,0.176,0.836,45,22,normal
36,udp,dns,REJ,10,1,0,0,0,3,0,0,1,0,0,3,0,0,0,117,106,0.925,0.773,0.114,14,16,dos
11,udp,imap,RSTR,7,0,0,0,0,5,0,0,2,0,0,1,1,0,0,127,101,0.852,0.873,0.021,8,12,u2r
0,icmp,telnet,RSTO,168,816,0,0,0,0,0,1,0,0,0,0,0,0,0,19,18,0.165,0.07,0.912,32,27,normal
3,udp,pop3,RSTR,397,6,0,0,0,11,0,1,4,0,0,0,0,0,0,124,119,0.908,0.945,0.367,10,7,probe
8,tcp,pop3,SH,758,11,0,0,0,6,0,0,1,0,0,2,0,0,0,131,125,0.537,0.879,0.044,7,5,probe
2,udp,telnet,REJ,604,130,0,0,0,0,0,1,0,0,0,1,0,0,0,16,15,0.165,0.327,0.731,28,31,normal
4,udp,ssh,S0,131,1,0,0,0,2,1,1,2,0,0,1,0,0,1,131,112,0.961,0.644,0.417,9,11,dos
11,udp,ftp_data,REJ,187,0,0,0,0,9,2,0,3,0,0,1,0,0,0,123,124,0.726,0.914,0.144,14,13,probe
4,tcp,telnet,S0,486,805,0,0,0,0,0,1,0,0,0,0,0,0,0,29,16,0.102,0.122,0.78,42,24,normal
4,icmp,dns,SH,549,426,0,0,0,1,0,1,0,0,0,0,0,0,1,25,20,0.054,0.018,0.747,26,34,normal
4,tcp,http,SF,147,3,0,1,0,6,0,0,2,0,0,1,0,0,1,116,86,0.939,0.615,0.076,13,8,dos
5,icmp,pop3,RSTO,420,14,0,0,0,5,0,0,2,0,0,0,0,0,0,119,122,0.972,0.96,0.207,7,8,r2l
39,tcp,dns,SF,71,0,0,0,0,5,2,0,1,0,0,1,0,0,0,145,134,0.86,0.84,0.298,9,9,dos
8,tcp,smtp,SF,166,7,0,0,0,4,1,0,4,0,0,4,0,0,3,140,96,0.9,0.831,0.23,15,7,dos
4,udp,telnet,REJ,189,272,0,0,0,0,0,1,0,0,0,0,0,0,0,30,8,0.033,0.143,0.829,34,28,normal
0,udp,ftp_data,REJ,133,343,0,0,0,2,0,1,0,0,0,1,0,0,0,24,13,0.128,0.168,0.764,25,30,normal
0,udp,imap,RSTR,136,373,0,0,0,2,0,0,1,0,0,0,0,0,0,25,17,0.281,0.316,0.604,28,29,normal
0,tcp,imap,SF,2583,497,0,0,0,1,0,0,0,0,0,1,0,0,0,16,9,0.04,0.157,0.512,35,31,normal
0,udp,ftp_data,S0,578,19,0,0,0,2,0,1,0,0,0,0,1,0,1,19,15,0.049,0.18,0.813,25,22,normal
1,icmp,telnet,SH,376,2873,0,0,0,2,0,1,0,0,0,0,0,0,2,21,12,0.358,0.176,0.898,34,27,normal
1,icmp,imap,S0,647,204,0,0,0,1,0,1,0,0,0,0,0,0,1,21,21,0.363,0.075,0.96,16,23,normal
0,udp,ftp_data,REJ,304,114,0,0,0,3,0,1,0,0,0,0,0,0,0,20,9,0.128,0.517,0.439,27,23,normal
8,udp,ftp,SH,26,118,0,0,0,4,2,0,1,0,0,2,0,0,0,126,99,0.812,0.963,0.113,10,13,dos
0,udp,telnet,S0,13075,510,0,0,0,2,0,1,1,0,0,0,0,0,0,20,11,0.005,0.327,0.828,39,29,normal
0,icmp,smtp,SF,185,22,0,0,0,0,0,1,0,0,0,0,0,0,0,23,18,0.077,0.293,0.795,44,20,normal
1,icmp,dns,S0,4,28,0,0,0,5,0,1,3,0,0,0,1,0,1,126,87,0.72,0.91,0.007,11,13,r2l
3,icmp,ssh,SH,858,66,0,0,0,6,0,0,3,0,0,0,0,0,0,126,121,0.787,0.638,0.012,11,7,dos
18,icmp,ssh,SH,337,8,0,0,0,2,0,0,3,0,0,1,1,0,1,123,117,0.987,0.871,0.037,11,10,probe
4,tcp,ftp,SH,1975,572,0,0,0,0,0,0,0,0,0,0,0,0,0,21,15,0.203,0.276,0.886,37,20,normal
29,tcp,smtp,SF,24,19,0,0,0,7,0,0,3,0,0,0,0,0,0,140,115,0.74,0.753,0.168,13,9,probe
1,udp,dns,S0,472,1218,0,0,0,2,0,1,0,0,0,0,0,0,0,15,20,0.412,0.193,0.477,50,21,normal
2,udp,dns,SF,918,211,0,0,0,2,0,1,0,0,0,0,0,0,1,24,20,0.114,0.071,0.935,30,35,normal
3,icmp,smtp,RSTR,382,319,0,0,0,5,0,0,0,0,0,0,0,0,0,115,108,0.954,0.861,0.015,19,15,dos
25,tcp,imap,SH,74,36,0,0,0,3,0,1,1,0,0,0,0,0,3,144,122,0.831,0.992,0.188,17,5,dos
58,tcp,smtp,SF,571,7,0,0,0,3,1,0,0,0,0,0,1,0,0,141,121,0.892,0.957,0.027,17,6,dos
4,icmp,imap,SH,42,0,0,0,0,6,0,1,3,0,1,0,0,0,0,128,109,0.83,0.942,0.116,16,12,dos
5,udp,http,REJ,506,2,0,0,0,5,1,0,2,0,0,0,1,0,0,117,109,0.912,0.994,0.125,14,6,dos
35,udp,imap,RSTR,37,7,0,0,0,5,1,0,1,0,0,0,1,0,0,93,90,0.966,0.932,0.138,15,13,dos
8,icmp,ftp,RSTO,72,49,0,0,0,5,2,0,1,0,0,1,1,0,0,136,93,0.98,0.632,0.112,12,7,probe
0,udp,http,SF,186,355,0,0,0,0,0,1,0,0,0,0,0,0,0,18,13,0.128,0.011,0.733,26,17,normal
119,icmp,ftp,REJ,411,124,0,0,0,11,1,1,2,0,0,1,1,0,0,123,95,0.774,0.96,0.141,11,16,dos
0,udp,dns,S0,207,498,0,0,0,2,0,1,0,0,0,0,0,0,0,17,21,0.176,0.057,0.906,36,22,normal
5,icmp,smtp,SF,16,16,0,0,0,6,1,0,2,0,0,0,1,0,1,122,114,0.972,0.902,0.263,16,11,u2r
51,udp,pop3,REJ,33,13,0,1,0,3,1,1,0,0,0,1,1,0,0,130,110,0.983,0.936,0.029,12,5,probe
4,icmp,pop3,SH,3116,9,0,0,1,8,0,0,5,0,0,3,0,0,0,108,108,0.937,0.749,0.071,13,16,dos
1,icmp,ssh,REJ,420,472,0,0,0,2,0,1,0,0,0,0,0,0,0,20,12,0.354,0.107,0.717,40,23,normal
2,tcp,ssh,SH,30,38,0,0,0,6,1,0,4,0,0,1,1,0,0,129,123,0.966,0.975,0.042,14,12,dos
1,udp,http,REJ,171,337,0,0,0,0,0,1,0,0,0,0,0,0,1,18,13,0.041,0.051,0.799,41,22,normal
1,icmp,smtp,SH,131,167,0,0,0,0,0,1,0,0,0,1,0,0,0,25,16,0.077,0.257,0.954,32,26,normal
1,udp,smtp,RSTO,3771,204,0,0,0,3,0,0,0,0,0,1,0,0,1,21,16,0.159,0.112,0.912,29,26,normal
3,tcp,telnet,S0,553,131,0,0,0,2,0,1,0,0,0,0,0,0,0,24,20,0.305,0.043,0.878,31,20,normal
1,tcp,smtp,SF,227,99,0,0,0,2,0,1,0,0,0,0,0,0,1,16,17,0.037,0.374,0.796,47,19,normal
3,tcp,http,S0,694,418,0,0,0,3,0,1,0,0,0,0,0,0,0,17,19,0.105,0.081,0.987,27,23,normal
2,udp,smtp,RSTR,937,190,0,0,0,1,0,1,0,0,0,0,0,0,1,16,22,0.12,0.054,0.399,38,32,normal
0,udp,smtp,S0,1749,1701,0,0,0,3,0,0,1,0,0,0,0,0,0,16,17,0.189,0.11,0.791,37,20,normal
0,tcp,pop3,RSTR,387,198,0,0,0,0,0,1,0,0,0,1,1,0,0,18,19,0.082,0.041,0.482,32,27,normal
5,udp,dns,RSTR,78,24,0,0,0,6,1,0,2,0,0,0,1,0,1,105,127,0.852,0.961,0.223,7,15,dos
4,udp,pop3,SF,136,8,0,0,0,4,2,0,0,0,0,1,0,0,1,110,118,0.679,0.837,0.216,12,16,probe
0,icmp,pop3,SH,1112,135,0,0,0,2,0,0,0,0,0,0,0,0,0,20,26,0.231,0.164,0.697,33,30,normal
5,udp,ssh,RSTR,255,1238,0,0,0,3,0,1,0,0,0,0,0,0,0,15,7,0.049,0.277,0.755,30,30,normal
2,udp,ftp,SH,144,107,0,0,0,5,0,0,1,0,0,1,0,0,2,112,106,0.94,0.915,0.157,9,8,r2l
0,udp,pop3,RSTO,1757,378,0,0,0,2,0,1,0,0,0,0,0,0,0,20,16,0.043,0.069,0.544,35,21,normal
2,udp,telnet,RSTO,244,93,0,0,0,1,0,1,0,0,0,0,0,0,0,18,14,0.207,0.167,0.479,44,21,normal
0,tcp,telnet,SF,236,207,0,0,0,0,0,1,1,0,0,0,0,0,0,20,22,0.018,0.21,0.964,35,24,normal
0,udp,ssh,SH,1417,227,0,0,0,4,0,1,0,0,0,0,0,0,0,25,22,0.028,0.058,0.975,38,26,normal
0,tcp,imap,RSTO,113,11,0,0,0,11,0,0,0,0,0,2,0,0,0,132,119,0.561,0.897,0.049,6,8,dos
86,udp,ftp_data,S0,89,36,0,0,0,10,2,0,0,0,0,0,0,0,1,138,96,0.983,0.878,0.283,7,17,dos
0,udp,http,RSTO,34,4,0,0,0,3,0,0,3,0,0,1,1,0,0,120,120,0.829,0.724,0.032,8,8,dos
15,tcp,ftp_data,SH,800,298,0,0,0,9,1,0,1,0,0,1,1,0,3,112,111,0.869,0.87,0.497,15,8,probe
1,icmp,ftp,S0,739,166,0,0,0,0,0,1,1,0,0,0,0,0,0,22,16,0.239,0.185,0.95,34,21,normal
1,icmp,dns,S0,81,377,0,0,0,1,0,1,0,0,0,0,0,0,0,24,15,0.088,0.192,0.412,44,24,normal
1,icmp,http,SH,654,58,0,0,0,0,0,0,0,0,0,0,0,0,0,24,22,0.009,0.221,0.933,32,21,normal
1,udp,ssh,RSTR,7,383,0,0,0,0,0,1,0,0,0,1,0,0,0,29,19,0.091,0.125,0.903,33,24,normal
26,udp,ftp_data,SF,79,14,0,0,0,8,3,0,2,0,0,0,0,0,0,126,115,0.871,0.635,0.177,12,9,dos
0,tcp,smtp,REJ,210,173,0,0,0,3,0,1,1,0,0,1,0,0,0,20,19,0.354,0.235,0.953,29,22,normal
6,udp,imap,REJ,1577,75,0,0,0,1,0,0,0,0,0,0,0,0,1,25,15,0.312,0.013,0.741,30,23,normal
8,tcp,ftp_data,RSTO,44,591,0,0,0,5,0,0,1,0,0,1,0,0,0,127,116,0.775,0.741,0.03,16,12,probe
4,tcp,ftp_data,SF,189,113,0,0,0,1,0,1,1,0,0,0,0,0,0,19,24,0.186,0.119,0.645,41,29,normal
1,tcp,pop3,RSTO,726,1772,0,0,0,1,0,1,0,0,0,0,0,0,0,21,17,0.254,0.339,0.905,37,32,normal
22,icmp,imap,SF,646,17,0,0,0,5,1,0,1,0,0,1,0,1,0,142,104,0.806,0.917,0.234,11,11,probe
18,tcp,ssh,REJ,2,7,0,0,0,3,1,0,3,0,0,3,0,0,0,126,114,0.904,0.95,0.112,12,11,probe
3,icmp,pop3,SH,860,35,0,0,0,4,1,0,0,0,0,0,2,0,3,126,114,0.789,0.708,0.327,7,10,dos
0,udp,ftp_data,REJ,195,114,0,0,0,1,0,1,0,0,0,0,0,0,0,25,12,0.038,0.086,0.927,36,16,normal
0,udp,telnet,REJ,215,289,0,0,0,2,0,1,0,0,0,0,1,0,0,24,11,0.176,0.077,0.539,39,31,normal
34,tcp,imap,REJ,45,123,0,0,0,8,1,0,4,0,0,1,0,0,1,132,121,0.972,0.869,0.257,14,8,probe
0,icmp,dns,REJ,257,579,0,0,0,1,0,1,0,0,0,0,0,0,0,10,17,0.143,0.227,0.915,38,16,normal
0,tcp,dns,REJ,1110,119,0,0,0,3,0,1,0,0,0,0,1,0,0,19,12,0.117,0.06,0.664,36,22,normal
6,icmp,http,S0,50,11,0,0,0,3,0,0,1,0,0,0,0,0,0,94,93,0.978,0.904,0.164,12,8,dos
4,tcp,ftp,RSTO,94,179,0,0,0,0,0,1,0,0,0,0,0,0,0,20,15,0.264,0.287,0.925,29,30,normal
2,udp,ssh,RSTR,837,350,0,0,0,0,0,1,0,0,0,1,1,0,0,24,11,0.083,0.062,0.752,42,21,normal
0,tcp,http,RSTR,2325,2000,0,0,0,2,0,0,1,0,0,0,0,0,0,23,8,0.02,0.241,0.605,42,34,normal
6,tcp,http,RSTO,3892,303,0,0,0,0,0,1,0,0,0,0,0,0,0,17,13,0.375,0.057,0.882,31,25,normal
1,udp,ssh,SH,1501,96,0,0,0,2,0,1,0,0,0,0,0,0,0,18,11,0.331,0.07,0.847,27,25,normal
3,tcp,dns,SH,198,523,0,0,0,0,0,1,0,0,0,1,0,0,0,14,10,0.318,0.111,0.912,25,28,normal
0,icmp,ssh,RSTR,28,5,0,0,0,6,0,0,1,0,0,2,0,0,0,145,106,0.917,0.992,0.024,16,13,dos
4,udp,pop3,REJ,31,11,0,0,0,4,1,1,3,0,0,1,0,0,0,112,100,0.878,0.821,0.414,8,6,u2r
8,icmp,imap,RSTR,352,1169,0,0,0,3,1,1,2,0,0,0,0,0,0,132,113,0.917,0.72,0.02,6,9,probe
1,icmp,telnet,SH,3,11,0,0,0,7,1,0,3,0,0,0,0,0,0,105,127,0.934,0.899,0.062,17,7,probe
10,udp,http,SH,2,44,0,0,0,2,0,1,1,0,0,2,1,0,0,115,116,0.94,0.959,0.001,13,12,dos
0,tcp,imap,REJ,591,9225,0,0,0,0,0,1,0,0,0,0,1,0,0,19,21,0.056,0.054,0.999,33,33,normal
4,icmp,imap,RSTO,3074,299,0,0,0,0,0,1,0,0,0,0,0,0,0,20,8,0.205,0.1,0.881,29,24,normal
4,udp,ftp_data,RSTR,1060,147,0,0,0,1,0,0,0,0,0,0,0,0,1,18,18,0.042,0.334,0.849,44,26,normal
12,udp,imap,SF,1504,7,0,0,0,3,0,0,2,0,0,0,2,0,1,124,108,0.906,0.663,0.09,12,9,r2l
10,icmp,pop3,SF,5,15,0,0,0,5,1,0,3,0,0,2,1,0,0,127,102,0.799,0.968,0.103,12,11,dos
0,udp,imap,REJ,607,107,0,0,0,1,0,0,0,0,0,0,0,0,1,26,19,0.073,0.095,0.732,43,36,normal
1,icmp,telnet,REJ,85,224,0,0,0,1,1,0,1,0,0,0,0,0,0,128,116,0.861,0.72,0.182,15,7,u2r
1,tcp,imap,S0,65,266,0,0,0,1,0,1,1,0,0,0,0,0,0,23,13,0.196,0.388,0.601,48,23,normal
3,udp,telnet,SH,14,11,0,0,0,4,2,0,3,0,0,0,3,0,0,117,113,0.891,0.948,0.039,14,5,probe
9,icmp,ftp,REJ,618,127,0,0,0,2,0,1,0,0,0,1,0,0,0,25,8,0.113,0.154,0.922,30,29,normal
5,tcp,imap,RSTO,272,201,0,0,0,0,0,1,0,0,0,2,0,0,0,15,11,0.255,0.114,0.88,32,30,normal
0,tcp,ftp,RSTR,225,193,0,0,0,1,0,0,1,0,0,0,1,0,0,16,18,0.092,0.131,0.784,35,17,normal
3,icmp,ftp_data,RSTO,151,164,0,0,0,0,0,1,1,0,0,0,0,0,0,22,17,0.127,0.292,0.392,32,21,normal
14,udp,ftp_data,REJ,45,12,0,0,0,6,0,0,5,0,0,0,0,0,0,129,108,0.93,0.404,0.145,11,7,dos
3,icmp,imap,RSTR,117,0,0,0,0,5,0,0,1,0,0,1,0,0,0,136,105,0.872,0.843,0.399,16,10,dos
26,udp,ssh,SF,54,1527,0,0,0,0,0,0,4,0,0,1,1,0,2,129,117,0.961,0.901,0.052,8,7,r2l
1,tcp,ftp,SF,3075,88,0,0,0,2,0,1,0,0,0,0,0,0,0,23,14,0.241,0.1,0.782,32,23,normal
4,icmp,ssh,RSTR,33,59,0,0,0,6,1,0,2,0,0,0,1,0,1,123,115,0.733,0.939,0.199,10,11,dos
44,udp,smtp,REJ,116,0,0,0,0,3,3,0,4,0,0,0,2,0,2,127,99,0.804,0.781,0.359,16,12,dos
4,udp,smtp,SF,65,34,0,0,0,6,2,0,1,0,0,0,2,0,0,121,117,0.602,0.943,0.228,21,11,r2l
9,tcp,smtp,RSTR,620,15,0,0,0,3,0,0,3,0,0,2,0,0,1,135,118,0.65,0.916,0.086,9,8,probe
2,icmp,pop3,SF,87,50,0,0,0,3,0,0,1,0,0,2,1,0,0,140,103,0.458,0.907,0.345,9,8,dos
3,udp,smtp,S0,973,208,0,0,0,1,0,1,0,0,0,0,0,0,0,16,21,0.272,0.088,0.872,32,24,normal
0,icmp,smtp,REJ,532,153,0,0,0,0,0,1,0,0,0,0,0,0,0,10,9,0.225,0.02,0.82,25,34,normal
6,tcp,imap,SH,172,378,0,0,0,2,0,0,0,0,0,0,0,0,1,22,15,0.296,0.703,0.73,47,28,normal
0,icmp,telnet,SF,48,430,0,0,0,0,0,0,0,0,0,0,0,0,0,23,20,0.188,0.062,0.895,38,23,normal
2,icmp,telnet,S0,1009,117,0,0,0,1,0,1,0,0,0,0,0,0,0,20,13,0.154,0.028,0.641,31,24,normal
6,icmp,http,SF,21,1,0,0,0,4,2,0,3,0,0,0,0,0,0,104,94,0.829,0.968,0.226,8,9,dos
16,icmp,smtp,S0,87,49,0,0,0,7,3,0,4,0,0,1,1,0,0,115,116,0.935,0.925,0.449,12,9,r2l
20,icmp,ssh,S0,56,11,0,0,0,11,0,1,0,0,0,0,0,0,0,116,110,0.897,0.918,0.038,14,8,dos
14,tcp,pop3,REJ,360,14,0,0,0,5,0,0,1,0,0,1,0,0,0,143,116,0.796,0.852,0.178,11,10,dos
27,icmp,ftp,SF,20,15,0,0,0,3,3,0,3,0,0,1,2,0,1,124,120,0.635,0.905,0.086,17,6,r2l
0,udp,ftp,SF,1766,6829,0,0,0,0,0,1,0,0,0,0,1,0,1,12,18,0.058,0.083,0.844,40,31,normal
17,tcp,ftp,SH,16,38,0,0,0,6,0,1,0,0,0,1,0,0,0,138,122,0.863,0.786,0.503,7,9,probe
2,tcp,smtp,SF,171,870,0,0,0,1,0,1,0,0,0,0,0,0,0,20,20,0.015,0.193,0.517,28,33,normal
1,udp,http,RSTO,95,265,0,0,0,2,0,1,1,0,0,0,0,0,0,18,14,0.147,0.22,0.809,31,19,normal
3,tcp,http,SH,299,309,0,0,0,0,0,1,0,0,0,1,0,0,0,19,19,0.021,0.028,0.862,37,23,normal
12,udp,ftp,SF,13,137,0,0,0,4,0,0,3,1,0,2,0,0,1,118,100,0.863,0.959,0.062,12,11,dos
3,tcp,smtp,SH,39,712,0,0,0,9,0,0,3,0,0,1,0,0,0,116,120,0.786,0.774,0.019,15,8,probe
42,udp,pop3,REJ,215,12,0,0,1,5,0,0,4,0,0,2,0,0,0,122,135,0.931,0.875,0.354,7,8,dos
40,icmp,smtp,RSTR,722,100,0,0,0,13,1,0,4,0,0,2,0,0,2,109,98,0.805,0.749,0.217,14,7,probe
3,udp,ftp,RSTR,59,21,0,0,0,2,1,0,3,0,0,0,1,0,1,122,114,0.958,0.848,0.041,6,14,u2r
2,icmp,ftp,REJ,16,124,0,0,0,5,1,1,0,0,0,1,0,0,0,112,97,0.884,0.949,0.138,10,12,dos
9,icmp,ftp,RSTO,91,1,0,0,0,3,0,0,1,0,0,0,0,0,1,112,120,0.625,0.767,0.353,10,5,r2l
4,udp,http,S0,145,2,0,0,0,8,0,0,1,0,0,0,0,0,0,121,106,0.688,0.92,0.012,11,16,dos
12,udp,ftp_data,SF,47,1,0,0,0,9,0,0,4,0,0,1,2,0,0,117,118,0.642,0.894,0.424,18,10,dos
20,icmp,ftp,RSTO,49,169,0,1,0,8,0,0,0,0,0,2,0,0,0,107,114,0.742,0.97,0.029,19,11,dos
2,icmp,dns,SH,99,313,0,0,0,3,0,1,0,0,0,0,0,0,0,24,19,0.321,0.646,0.709,28,29,normal
1,udp,ftp_data,SH,1120,1733,0,0,0,2,0,1,1,0,0,0,0,0,0,17,16,0.225,0.057,0.875,31,25,normal
0,tcp,dns,RSTR,1142,324,0,0,0,1,0,1,0,0,0,0,0,0,0,18,18,0.169,0.482,0.531,36,29,normal
0,icmp,telnet,RSTO,376,467,0,0,0,0,0,1,0,0,0,0,0,0,0,24,13,0.442,0.141,0.653,36,20,normal
0,icmp,ssh,SH,616,689,0,0,0,1,0,1,0,0,0,0,0,0,1,22,7,0.049,0.018,0.727,37,26,normal
0,icmp,smtp,RSTR,227,4,0,0,0,5,0,0,2,0,1,0,0,0,0,121,99,0.924,0.673,0.267,9,12,dos
1,tcp,ftp_data,RSTO,831,399,0,0,0,1,0,1,1,0,0,0,0,0,0,23,15,0.003,0.266,0.907,37,26,normal
49,icmp,ftp_data,RSTO,28,31,0,0,0,6,1,0,1,0,0,0,1,0,0,121,114,0.817,0.802,0.398,13,7,probe
4,icmp,ftp,SF,195,450,0,0,0,1,0,1,1,0,0,0,0,0,1,22,12,0.235,0.303,0.95,26,22,normal
3,tcp,http,REJ,190,3968,0,0,0,2,0,1,0,0,0,2,0,0,0,24,10,0.174,0.102,0.975,33,23,normal
35,tcp,imap,SF,34,204,0,0,0,6,0,0,1,0,0,2,0,0,0,121,105,0.848,0.99,0.184,14,8,dos
0,udp,ftp_data,SF,386,534,0,0,0,3,0,1,1,0,0,0,0,0,0,24,20,0.12,0.102,0.64,36,30,normal
0,tcp,imap,RSTR,3,4,0,0,0,5,1,0,2,0,0,0,0,0,0,116,98,0.402,0.979,0.045,11,9,dos
12,icmp,telnet,REJ,216,485,0,0,0,4,1,0,2,0,0,0,0,0,1,119,99,0.95,0.833,0.139,10,10,r2l
4,udp,telnet,RSTR,220,94,0,0,0,1,0,1,0,0,0,0,0,0,0,32,20,0.181,0.033,0.884,27,23,normal
5,tcp,telnet,RSTO,601,126,0,0,0,7,0,0,2,0,0,3,0,0,0,126,113,0.746,0.939,0.026,15,15,probe
17,icmp,dns,S0,10,7,0,0,0,1,0,0,3,0,0,1,0,0,1,124,113,0.964,0.938,0.621,14,14,dos
30,icmp,imap,REJ,284,14,0,0,0,4,1,0,3,1,0,2,1,0,2,122,117,0.908,0.629,0.106,14,8,dos
4,udp,ftp_data,RSTO,228,544,0,0,0,1,0,1,0,0,0,1,0,0,0,20,14,0.123,0.141,0.832,43,29,normal
0,icmp,dns,REJ,554,872,0,0,0,1,0,1,1,0,0,1,0,0,0,26,14,0.181,0.141,0.743,25,23,normal
1,tcp,ftp_data,SF,269,414,0,0,0,0,0,0,0,0,0,1,0,0,1,20,9,0.233,0.093,0.714,28,28,normal
0,tcp,ftp,SF,109,1404,0,0,0,0,0,1,0,0,0,0,0,0,0,19,9,0.128,0.351,0.787,29,23,normal
5,tcp,smtp,REJ,252,91,0,0,0,3,2,0,0,0,0,1,1,0,0,103,112,0.965,0.96,0.408,9,6,u2r
0,icmp,dns,SF,1141,435,0,0,0,0,0,0,0,0,0,0,0,0,1,21,15,0.091,0.211,0.909,39,25,normal
29,icmp,ssh,REJ,265,3,0,0,0,3,1,0,2,0,0,0,1,0,2,106,122,0.726,0.632,0.104,7,4,probe
1,icmp,http,SH,1677,5643,0,0,0,1,0,1,0,0,0,0,0,0,0,22,16,0.142,0.272,0.787,31,25,normal
0,icmp,ssh,SH,16,616,0,0,0,4,1,0,2,0,0,2,1,0,0,105,116,0.753,0.823,0.222,15,13,dos
18,icmp,pop3,S0,242,3,0,1,0,1,0,0,0,0,0,1,1,0,0,116,106,0.682,0.953,0.326,16,11,dos
7,icmp,ftp,RSTO,596,17,0,0,0,5,0,0,3,1,0,2,1,0,1,123,136,0.79,0.925,0.224,21,6,dos
1,udp,ftp_data,RSTO,2,326,0,0,0,4,2,0,2,0,0,0,0,0,1,105,122,0.927,0.881,0.047,9,14,dos
16,icmp,smtp,SH,75,2,0,0,0,5,0,0,4,0,0,0,0,0,0,130,99,0.64,0.737,0.064,8,6,dos
0,tcp,dns,RSTR,65,1667,0,0,0,1,0,1,1,0,0,0,0,0,1,24,13,0.143,0.111,0.403,33,24,normal
0,udp,ftp_data,SH,1200,8,0,0,0,2,0,0,6,0,0,0,2,0,1,104,96,0.719,0.863,0.177,9,12,probe
0,udp,http,SH,57,1,0,0,0,7,2,0,3,0,0,1,0,0,3,111,118,0.856,0.994,0.077,11,18,u2r
0,udp,imap,S0,349,135,0,0,0,0,0,1,0,0,0,0,0,0,0,13,10,0.424,0.127,0.826,37,25,normal
0,udp,http,RSTO,430,195,0,0,0,2,0,1,0,0,0,0,0,0,0,18,17,0.045,0.209,0.75,33,33,normal
8,udp,telnet,RSTO,25,33,0,0,0,2,1,0,2,0,0,1,1,0,1,133,113,0.916,0.755,0.221,9,12,dos
0,tcp,telnet,REJ,16466,1064,0,0,0,1,0,1,0,0,0,1,0,0,1,18,14,0.384,0.11,0.682,33,21,normal
0,udp,imap,RSTR,407,60,0,0,0,0,0,1,0,0,0,0,0,0,0,20,15,0.006,0.261,0.895,39,24,normal
1,udp,pop3,SH,71,495,0,0,0,0,0,1,1,0,0,0,0,0,0,24,17,0.139,0.048,0.42,29,17,normal
3,icmp,imap,REJ,130,715,0,0,0,2,1,0,1,0,0,0,0,0,0,119,105,0.999,0.775,0.072,14,11,dos
0,udp,ftp_data,S0,58,81,0,0,0,9,1,0,1,0,0,1,1,0,3,121,104,0.983,0.942,0.283,16,8,probe
2,tcp,smtp,REJ,435,879,0,0,0,0,0,0,0,0,0,0,0,0,0,19,19,0.185,0.024,0.925,29,28,normal
3,tcp,telnet,SF,1676,56,0,0,0,5,0,0,2,0,0,1,0,0,0,133,98,0.966,0.89,0.065,8,10,dos
5,tcp,pop3,RSTR,20,17,0,0,1,4,2,0,5,0,0,0,0,0,1,112,111,0.845,0.868,0.17,9,4,r2l
0,udp,http,RSTO,4121,52,0,0,0,0,0,0,0,0,0,0,0,0,0,22,18,0.051,0.512,0.991,41,25,normal
3,udp,imap,SF,210,18,0,0,0,5,0,0,0,0,0,1,1,0,0,109,107,0.804,0.965,0.338,12,5,r2l
0,udp,smtp,SF,31,2636,0,0,0,3,1,0,3,0,0,1,0,0,1,120,99,0.741,0.786,0.364,9,9,probe
3,icmp,pop3,S0,763,1271,0,0,0,1,0,0,1,0,0,0,0,0,0,20,14,0.044,0.141,0.674,38,32,normal
30,icmp,imap,SH,36,10,0,0,0,4,0,0,4,0,0,1,1,0,1,116,108,0.917,0.99,0.525,11,10,dos
2,tcp,telnet,S0,312,1437,0,0,0,0,0,1,0,0,0,0,0,0,0,25,10,0.095,0.024,0.745,32,29,normal
5,udp,ftp_data,SH,3190,398,0,0,0,0,0,0,0,0,0,2,0,0,0,17,16,0.166,0.093,0.69,37,30,normal
1,tcp,ssh,REJ,346,96,0,0,0,0,0,1,0,0,0,0,0,0,0,19,10,0.021,0.348,0.601,39,22,normal
1,tcp,ftp,REJ,2299,464,0,0,0,0,0,1,0,0,0,0,0,0,0,20,13,0.232,0.141,0.76,40,32,normal
54,icmp,smtp,SF,11,8,0,0,0,7,0,0,2,0,0,1,0,0,1,126,124,0.927,0.976,0.263,7,13,probe
34,tcp,pop3,REJ,127,2,0,0,0,0,0,0,2,0,0,0,0,0,1,126,115,0.958,0.978,0.069,14,14,dos
2,icmp,imap,RSTO,848,275,0,0,0,0,0,1,0,0,0,0,0,0,0,19,11,0.011,0.181,0.717,34,31,normal
0,icmp,dns,SH,283,96,0,0,0,0,0,1,0,0,0,0,0,0,0,16,10,0.166,0.248,0.686,33,22,normal
7,udp,pop3,S0,697,91,0,0,0,2,0,1,0,0,0,1,0,0,0,25,10,0.313,0.421,0.876,34,29,normal
0,tcp,telnet,RSTR,787,231,0,0,0,0,0,1,0,0,0,0,0,0,0,18,13,0.154,0.008,0.893,42,30,normal
1,icmp,dns,S0,505,407,0,0,0,1,0,1,0,0,0,1,0,0,0,27,14,0.315,0.081,0.964,31,22,normal
2,udp,ftp,S0,3477,1353,0,0,0,1,0,1,0,0,0,0,0,0,0,14,11,0.117,0.589,0.461,28,19,normal
2,tcp,http,SF,939,748,0,0,0,1,0,1,0,0,0,0,0,0,0,15,19,0.421,0.015,0.761,32,18,normal
0,icmp,ftp,S0,4012,552,0,0,0,2,0,1,0,0,0,0,0,0,1,19,13,0.209,0.085,0.639,38,20,normal
0,udp,telnet,SH,482,370,0,0,0,1,0,1,0,0,0,0,0,0,0,23,23,0.042,0.187,0.762,34,22,normal
2,tcp,http,RSTO,83,136,0,0,0,1,0,0,0,0,0,1,0,0,0,23,17,0.146,0.066,0.823,38,24,normal
1,tcp,smtp,RSTO,107,1039,0,0,0,0,0,1,0,0,0,0,0,0,0,17,19,0.1,0.121,0.608,35,26,normal
33,tcp,pop3,S0,683,3,0,0,0,6,0,0,5,0,0,0,1,0,1,117,107,0.931,0.909,0.076,14,8,probe
15,udp,http,SH,29,49,0,0,0,3,0,0,2,0,0,0,2,0,0,113,109,0.957,0.885,0.089,16,11,r2l
1,udp,http,S0,465,2591,0,0,0,1,0,1,1,0,0,0,0,0,0,24,17,0.301,0.562,0.839,27,27,normal
11,icmp,http,RSTO,470,9,0,0,0,5,2,1,2,0,0,1,1,0,0,123,119,0.831,0.993,0.149,11,9,dos
0,icmp,dns,REJ,1518,460,0,0,0,1,0,0,0,0,0,0,0,0,0,22,14,0.064,0.047,0.873,32,28,normal
0,icmp,smtp,SH,986,93,0,0,0,0,0,1,0,0,0,0,2,0,0,23,8,0.085,0.399,0.976,32,30,normal
0,tcp,ssh,REJ,431,678,0,0,0,5,0,1,0,0,0,0,0,0,0,15,22,0.357,0.363,0.631,30,19,normal
8,tcp,ftp_data,SF,12,10,0,0,0,6,0,0,0,0,0,1,0,0,1,114,124,0.917,0.968,0.105,14,9,dos
3,udp,smtp,SF,217,543,0,0,0,2,0,1,0,0,0,0,0,0,0,23,13,0.284,0.323,0.833,41,30,normal
1,icmp,pop3,RSTR,15,415,0,0,0,2,0,1,0,0,0,0,1,0,0,14,15,0.055,0.141,0.811,26,29,normal
0,tcp,pop3,RSTR,1178,179,0,0,0,1,0,1,0,0,0,0,0,0,0,17,14,0.144,0.133,0.791,39,22,normal
0,tcp,ftp,RSTO,73,467,0,0,0,0,0,0,0,0,0,0,0,0,0,22,14,0.208,0.11,0.94,33,20,normal
14,icmp,imap,REJ,334,2,0,0,0,4,0,1,6,0,0,0,1,0,0,124,89,0.939,0.828,0.02,12,9,probe
27,icmp,pop3,RSTR,646,9,0,0,0,5,0,0,0,0,0,0,2,0,1,155,99,0.951,0.826,0.062,14,9,probe
0,tcp,ftp_data,S0,146,1305,0,0,0,2,0,1,0,0,0,1,0,0,0,21,16,0.205,0.169,0.968,33,27,normal
16,tcp,ssh,RSTO,81,205,0,0,0,3,0,0,2,0,0,0,1,0,0,132,104,0.597,0.972,0.144,14,12,probe
0,tcp,telnet,RSTR,1372,92,0,0,0,2,0,1,0,0,0,0,0,0,0,18,14,0.217,0.196,0.817,46,23,normal
5,icmp,ftp,S0,430,265,0,0,0,0,0,1,0,0,0,0,0,0,0,16,18,0.246,0.031,0.841,31,28,normal
3,icmp,dns,RSTR,224,321,0,0,0,0,0,1,0,0,0,0,0,0,0,19,14,0.173,0.041,0.914,43,26,normal
5,udp,ssh,RSTR,603,239,0,0,0,1,0,0,0,0,0,0,0,0,0,22,16,0.121,0.041,0.841,41,37,normal
4,udp,imap,SF,30,1,0,0,0,4,2,1,3,0,0,0,1,0,0,145,128,0.926,0.829,0.144,17,9,dos
0,icmp,ftp_data,SH,684,381,0,0,0,0,0,1,0,0,0,1,0,0,0,15,24,0.06,0.067,0.381,39,23,normal
0,icmp,smtp,SF,119,741,0,0,0,3,0,1,0,0,0,0,0,0,1,19,14,0.085,0.15,0.899,42,26,normal
36,icmp,ftp_data,REJ,32,1,0,0,0,3,0,0,2,0,0,0,1,0,0,119,116,0.986,0.982,0.124,14,8,dos
5,icmp,http,REJ,75,297,1,0,0,6,1,0,1,0,0,0,0,0,0,108,107,0.916,0.842,0.031,8,13,probe
0,udp,pop3,SF,3471,3220,0,0,0,1,0,1,0,0,0,1,0,0,0,22,22,0.013,0.215,0.856,36,27,normal
2,tcp,ftp_data,S0,982,181,0,0,0,1,0,1,0,0,0,0,0,0,0,20,20,0.341,0.092,0.66,30,37,normal
2,icmp,dns,S0,113,595,0,0,0,1,0,0,0,0,0,0,0,0,0,21,11,0.027,0.091,0.8,30,27,normal
14,tcp,dns,SF,23,31,0,0,0,8,0,1,4,0,0,0,1,0,1,102,106,0.819,0.949,0.441,6,16,probe
1,tcp,ftp_data,SF,208,315,0,0,0,0,0,1,0,0,0,0,0,0,0,16,10,0.065,0.151,0.767,41,24,normal
3,tcp,ssh,SF,147,228,0,0,0,1,0,1,0,0,0,1,0,0,0,28,12,0.141,0.202,0.559,43,23,normal
0,icmp,pop3,RSTR,592,43,0,0,0,1,0,1,1,0,0,0,0,0,0,11,18,0.127,0.099,0.574,26,27,normal
1,icmp,ftp_data,RSTO,17,3,0,0,0,3,2,0,2,0,0,0,1,0,0,108,100,0.947,0.896,0.027,14,11,dos
2,tcp,telnet,RSTO,343,328,0,0,0,3,0,0,0,0,0,0,0,0,0,20,14,0.258,0.169,0.92,35,21,normal
0,udp,telnet,SH,624,1900,0,0,0,1,0,1,0,0,0,0,0,0,1,14,14,0.025,0.276,0.535,35,31,normal
7,udp,smtp,REJ,47,23,0,1,0,2,1,0,2,0,0,0,0,0,0,131,107,0.881,0.673,0.123,11,10,u2r
1,icmp,http,S0,689,437,0,0,0,1,0,0,0,0,0,0,0,0,0,11,14,0.021,0.256,0.895,39,32,normal
2,icmp,ftp,RSTO,850,371,0,0,0,0,0,1,0,0,0,0,0,0,0,30,22,0.009,0.007,0.949,32,19,normal
3,udp,http,RSTR,403,283,0,0,0,2,0,1,0,0,0,0,0,0,0,23,11,0.07,0.068,0.524,20,15,normal
5,udp,pop3,SF,45,19,0,0,0,4,0,0,5,0,0,1,3,0,1,128,110,0.795,0.71,0.389,15,9,probe
1,icmp,ftp,RSTO,424,250,0,0,0,1,0,1,0,0,0,0,0,0,0,22,12,0.015,0.204,0.398,47,24,normal
1,udp,ssh,REJ,89,3,0,0,0,5,1,0,0,0,0,0,0,1,0,114,115,0.473,0.831,0.406,15,8,probe
1,icmp,pop3,SH,570,104,0,0,0,1,0,1,1,0,0,0,1,0,0,15,13,0.156,0.281,0.683,34,17,normal
47,icmp,smtp,SF,19,1,0,0,0,3,0,0,3,0,0,1,1,0,0,140,108,0.985,0.916,0.239,8,8,dos
9,icmp,ftp_data,RSTO,16,80,0,0,0,3,2,0,5,0,0,1,0,0,0,125,110,0.974,0.717,0.198,8,5,probe
4,icmp,dns,REJ,188,589,0,0,0,1,0,1,1,0,0,1,0,0,0,17,8,0.306,0.113,0.912,39,23,normal
2,icmp,ftp,SH,3662,793,0,0,0,2,0,1,0,0,0,0,0,0,0,18,13,0.128,0.153,0.815,33,20,normal
6,tcp,http,SF,162,209,0,0,0,1,0,1,0,0,0,1,0,0,0,13,16,0.345,0.334,0.56,41,22,normal
4,tcp,imap,RSTR,799,115,0,0,0,0,0,0,0,0,0,0,0,0,0,12,18,0.103,0.076,0.936,30,17,normal
6,tcp,ftp,SF,13,54,0,0,0,5,0,0,2,0,0,1,0,0,1,112,108,0.83,0.883,0.287,14,4,dos
5,icmp,http,RSTR,353,173,0,0,0,1,0,1,0,0,0,1,0,0,0,13,18,0.013,0.274,0.816,36,21,normal
1,icmp,dns,SH,407,133,0,0,0,1,0,1,0,0,0,0,0,0,0,19,9,0.371,0.416,0.831,31,25,normal
17,udp,imap,SH,130,7,0,0,0,2,0,0,2,0,0,1,1,0,0,116,117,0.971,0.901,0.217,14,9,probe
1,icmp,pop3,S0,9,76,0,0,0,5,0,1,6,0,0,1,3,0,0,123,128,0.925,0.757,0.201,5,5,dos
1,udp,smtp,REJ,1006,484,0,0,0,1,0,1,0,0,0,1,0,0,0,18,9,0.27,0.02,0.782,42,26,normal
2,tcp,ftp_data,SH,257,284,0,0,0,1,0,1,0,0,0,0,0,0,0,11,17,0.387,0.043,0.993,38,23,normal
2,icmp,ftp_data,RSTO,327,42,0,0,0,1,0,1,0,0,0,1,0,0,0,29,17,0.1,0.338,0.67,30,22,normal
59,udp,ssh,REJ,34,13,0,0,0,8,2,0,1,0,0,1,1,0,0,122,106,0.822,0.983,0.207,14,17,dos
1,udp,pop3,RSTO,877,186,0,0,0,4,0,1,0,0,0,0,0,0,1,19,21,0.079,0.128,0.804,54,23,normal
1,udp,ssh,S0,1194,382,0,0,0,1,0,1,0,0,0,0,0,0,1,21,12,0.167,0.064,0.943,30,31,normal
5,icmp,dns,SH,2173,554,0,0,0,1,0,1,0,0,0,0,0,0,1,14,9,0.085,0.065,0.901,31,29,normal
0,tcp,pop3,RSTR,142,180,0,0,0,0,0,1,1,0,0,0,0,0,1,21,20,0.134,0.083,0.923,28,22,normal
0,tcp,ftp_data,RSTO,167,182,0,0,0,1,0,0,0,0,0,0,0,0,1,27,18,0.178,0.038,0.818,31,25,normal
52,tcp,http,RSTR,77,3,0,0,0,7,1,0,4,0,0,4,1,0,1,109,105,0.934,0.705,0.189,16,7,dos
3,tcp,ftp,S0,3293,184,0,0,0,1,0,0,0,0,0,0,1,0,0,14,17,0.157,0.195,0.788,43,19,normal
2,udp,pop3,RSTR,352,675,0,0,0,2,0,1,0,0,0,0,1,0,0,23,13,0.19,0.017,0.617,42,22,normal
9,tcp,pop3,REJ,59,8,0,0,0,8,0,0,5,0,0,1,0,0,0,123,86,0.979,0.828,0.107,8,10,probe
6,tcp,ftp,S0,421,316,0,0,0,0,0,1,0,0,0,0,1,0,0,20,19,0.028,0.12,0.736,30,19,normal
32,tcp,ssh,SF,561,1,0,0,0,5,1,0,1,0,0,1,2,0,0,145,122,0.994,0.895,0.306,12,10,probe
9,udp,dns,SF,173,3,0,0,0,4,0,1,6,0,0,1,3,0,0,124,113,0.73,0.874,0.167,11,14,probe
22,udp,imap,REJ,335,11,0,0,0,5,0,0,1,0,0,0,1,0,3,142,107,0.77,0.866,0.23,11,12,dos
2,icmp,pop3,SH,919,3274,0,0,0,2,0,0,0,0,0,1,0,0,1,14,16,0.124,0.201,0.812,38,32,normal
13,icmp,ssh,REJ,58,88,0,0,0,4,0,0,1,0,0,1,0,0,0,119,113,0.886,0.624,0.328,18,6,probe
9,tcp,dns,SH,216,67,0,0,0,8,2,0,1,0,0,2,1,0,1,120,145,0.712,0.81,0.103,14,9,dos
1,icmp,ftp,REJ,1108,268,0,0,0,1,0,1,0,0,0,0,0,0,0,20,12,0.198,0.063,0.863,39,19,normal
0,udp,ssh,SF,1214,21,0,0,0,2,0,0,0,0,0,0,0,0,0,19,22,0.13,0.425,0.797,40,28,normal
2,icmp,dns,RSTO,297,296,0,0,0,0,0,1,0,0,0,0,0,0,0,17,15,0.325,0.004,0.672,38,23,normal
1,tcp,ftp,RSTR,4098,278,0,0,0,0,0,0,0,0,0,0,0,0,0,17,18,0.127,0.19,0.866,21,32,normal
1,tcp,imap,S0,360,63,0,0,0,2,0,1,0,0,0,0,0,0,0,18,16,0.087,0.052,0.768,24,22,normal
6,icmp,ftp_data,RSTO,257,861,0,0,0,5,0,0,0,0,0,1,1,0,1,122,107,0.954,0.678,0.112,10,5,dos
15,tcp,smtp,SH,453,21,0,0,0,4,2,0,0,0,0,0,1,0,0,124,83,0.697,0.909,0.029,12,7,dos
1,tcp,smtp,RSTR,119,23,0,0,0,1,0,0,1,0,0,0,0,0,1,21,15,0.143,0.391,0.674,30,24,normal
0,tcp,ftp,RSTR,62,20,0,0,0,1,0,1,3,0,0,1,0,0,1,127,119,0.993,0.865,0.154,19,11,r2l
4,tcp,ftp_data,RSTO,963,169,0,0,0,2,0,1,0,0,0,0,0,0,0,28,13,0.28,0.109,0.945,42,22,normal
1,udp,ftp,SH,708,150,0,0,0,0,0,1,0,0,0,1,0,0,0,15,18,0.384,0.093,0.375,29,39,normal
4,tcp,telnet,REJ,578,11209,0,0,0,3,0,0,2,0,0,1,0,0,0,104,95,0.848,0.749,0.125,15,7,dos
0,udp,imap,S0,108,420,0,0,0,1,0,1,0,0,0,0,0,0,0,17,11,0.077,0.277,0.865,32,33,normal
28,tcp,imap,RSTR,30,14,0,0,0,5,1,0,0,0,0,1,0,0,1,135,108,0.738,0.969,0.063,15,6,dos
2,icmp,imap,SF,113,890,0,0,0,3,0,1,0,0,0,0,1,0,0,22,10,0.056,0.099,0.848,38,26,normal
2,udp,imap,S0,445,2157,0,0,0,1,0,1,0,0,0,0,0,0,0,23,18,0.442,0.028,0.568,24,23,normal
20,icmp,ftp_data,SH,289,124,0,0,0,2,0,0,1,0,0,2,2,0,0,110,99,0.868,0.82,0.05,6,11,r2l
1,tcp,ssh,REJ,6,0,0,0,0,4,1,0,2,0,0,0,1,0,0,105,94,0.954,0.659,0.014,12,11,dos
9,udp,http,RSTO,18,41,0,0,0,7,1,0,2,0,0,4,1,0,1,120,112,0.987,0.591,0.26,19,9,dos
3,udp,ftp_data,REJ,1352,424,0,0,0,0,0,1,1,0,0,0,0,0,0,15,13,0.207,0.018,0.899,40,31,normal
8,udp,telnet,SF,471,86,0,0,0,1,0,1,0,0,0,0,0,0,0,25,14,0.118,0.019,0.628,34,10,normal
0,icmp,ftp,RSTR,554,538,0,0,0,0,0,1,0,0,0,0,0,0,0,21,11,0.069,0.022,0.761,44,29,normal
20,icmp,telnet,RSTO,1362,35,0,0,0,5,0,0,1,0,0,0,0,0,0,123,119,0.846,0.935,0.047,11,12,dos
27,udp,imap,SH,37,23,0,0,0,6,0,0,2,0,0,2,0,0,0,121,127,0.933,0.997,0.293,6,7,dos
2,icmp,ftp,S0,212,536,0,0,0,0,0,0,0,0,0,0,0,0,0,15,10,0.077,0.007,0.633,39,29,normal
7,tcp,pop3,S0,62,48,0,0,0,4,2,0,3,0,0,3,1,0,0,134,119,0.941,0.857,0.329,9,13,dos
0,icmp,dns,S0,944,148,0,0,0,0,0,0,0,0,0,1,0,0,1,28,15,0.215,0.34,0.767,31,21,normal
2,tcp,ftp_data,RSTR,969,193,0,0,0,0,0,1,0,0,0,0,0,0,0,15,12,0.318,0.241,0.837,29,32,normal
13,tcp,ftp_data,SH,18,5,0,0,0,7,0,0,3,0,0,0,1,0,1,132,119,0.998,0.89,0.368,8,10,dos
2,icmp,telnet,S0,110,480,0,0,0,1,0,1,1,0,0,0,0,0,0,16,17,0.061,0.245,0.895,45,25,normal
57,udp,pop3,SF,100,9,0,0,0,2,1,0,2,0,0,2,0,0,0,105,107,0.96,0.825,0.31,9,5,probe
1,tcp,ssh,REJ,741,86,0,0,0,1,0,1,0,0,0,0,0,0,0,19,8,0.41,0.075,0.728,37,24,normal
1,udp,imap,RSTO,820,230,0,0,0,0,0,0,0,0,0,0,1,0,0,18,10,0.064,0.037,0.922,31,23,normal
0,tcp,smtp,S0,19,58,0,0,0,1,0,0,5,0,0,3,1,0,1,119,126,0.909,0.562,0.317,15,10,r2l
0,udp,ftp,RSTO,379,9,0,0,0,2,1,0,2,0,0,1,1,0,0,116,121,0.603,0.904,0.272,8,6,dos
1,tcp,smtp,SF,617,135,0,0,0,2,0,1,0,0,0,0,0,0,0,23,17,0.225,0.027,0.794,37,23,normal
0,tcp,pop3,SH,182,513,0,0,0,2,0,1,0,0,0,0,0,0,0,22,15,0.139,0.395,0.54,37,20,normal
1,tcp,ftp,SF,1516,63,0,0,0,0,0,1,0,0,0,0,0,0,0,19,12,0.301,0.173,0.6,39,24,normal
1,icmp,smtp,SH,767,101,0,0,0,0,0,1,0,0,0,0,0,0,0,23,9,0.014,0.054,0.843,41,27,normal
0,tcp,pop3,SH,31,0,0,0,0,7,2,0,4,0,0,0,0,0,1,123,105,0.963,0.973,0.429,16,16,dos
0,udp,telnet,SH,579,88,0,0,0,2,0,1,0,0,0,1,0,0,0,21,17,0.007,0.146,0.818,54,21,normal
2,tcp,pop3,RSTR,1579,80,0,0,0,0,0,1,0,0,0,0,0,0,0,18,17,0.048,0.356,0.639,36,29,normal
1,udp,telnet,RSTO,2093,616,0,0,0,2,0,1,1,0,0,0,0,0,0,17,19,0.133,0.005,0.921,35,21,normal
2,tcp,telnet,SF,212,243,0,0,0,1,0,1,0,0,0,0,0,0,0,18,19,0.138,0.025,0.8,45,14,normal
2,udp,imap,RSTO,1145,1198,0,0,0,1,0,1,0,0,0,0,0,0,0,22,11,0.407,0.087,0.909,32,34,normal
3,tcp,imap,SF,526,1229,0,0,0,0,0,1,0,0,0,0,0,0,0,13,13,0.163,0.06,0.344,37,11,normal
21,tcp,imap,SH,433,0,0,0,0,8,1,0,2,0,0,1,0,0,2,113,120,0.547,0.9,0.546,10,6,r2l
0,icmp,pop3,RSTO,198,508,0,0,0,0,0,1,1,0,0,1,0,0,0,22,12,0.016,0.001,0.965,39,25,normal
15,icmp,ftp_data,SF,612,80,0,0,0,5,1,0,3,0,0,0,3,0,0,107,95,0.767,0.764,0.087,14,8,dos
0,tcp,smtp,RSTO,2237,36,0,0,0,0,0,1,1,0,0,0,0,0,0,14,15,0.058,0.042,0.771,39,23,normal
0,icmp,http,RSTR,538,439,0,0,0,1,0,1,0,0,0,1,0,0,0,24,15,0.075,0.06,0.957,31,26,normal
8,udp,http,SH,232,223,0,0,0,2,0,0,4,0,0,0,0,0,1,118,119,0.83,0.83,0.14,17,8,r2l
7,tcp,ftp,SF,95,1,0,0,0,7,1,0,2,0,0,1,2,0,0,129,80,0.642,0.602,0.034,5,8,dos
1,tcp,http,S0,839,297,0,0,0,0,0,1,1,0,0,1,0,0,0,13,16,0.104,0.018,0.814,38,34,normal
21,tcp,http,RSTO,386,1,0,0,0,5,0,0,1,0,0,0,3,0,0,117,104,0.809,0.905,0.621,19,10,r2l
5,udp,imap,RSTO,533,3782,0,0,0,1,0,1,0,0,0,0,0,0,1,22,12,0.183,0.303,0.668,34,28,normal
0,udp,pop3,RSTR,17,35,0,0,0,9,0,0,3,0,0,1,0,0,0,142,105,0.992,0.915,0.053,11,10,probe
5,icmp,ftp,RSTR,353,1,0,1,0,4,0,0,3,0,0,1,2,0,0,111,108,0.984,0.854,0.045,14,5,probe
1,udp,imap,RSTR,313,0,0,0,0,1,0,0,2,0,0,1,0,0,2,110,103,0.859,0.888,0.064,12,11,probe
2,icmp,dns,SF,717,3131,0,0,0,1,0,1,0,0,0,0,0,0,0,21,11,0.146,0.235,0.728,41,19,normal
0,udp,imap,SH,1334,901,0,0,0,0,0,1,0,0,0,0,0,0,0,26,18,0.125,0.351,0.756,37,23,normal
2,udp,ftp,S0,28,1285,0,0,0,0,0,1,0,0,0,0,1,0,0,24,11,0.08,0.356,0.571,28,34,normal
5,udp,telnet,S0,34,3,0,0,0,8,1,1,3,0,0,0,0,0,0,110,115,0.943,0.964,0.044,13,13,dos
0,udp,smtp,RSTR,141,23,0,0,0,4,0,0,2,0,0,0,1,0,0,132,94,0.747,0.911,0.374,14,14,dos
40,tcp,dns,SF,343,346,0,0,0,3,0,1,3,0,0,0,2,0,1,133,96,0.872,0.849,0.366,9,14,dos
5,icmp,ftp,RSTR,1288,449,0,0,0,0,0,0,0,0,0,0,0,0,0,17,14,0.025,0.208,0.711,41,27,normal
22,tcp,ftp_data,S0,54,6,0,0,0,6,0,0,2,0,0,2,2,0,0,115,141,0.723,0.984,0.169,12,3,dos
6,icmp,ssh,RSTO,113,33,0,0,0,5,1,0,3,0,0,0,1,0,2,127,131,0.779,0.984,0.179,17,11,dos
4,udp,pop3,RSTR,11,136,0,0,0,3,1,0,3,0,0,2,3,0,0,124,127,0.952,0.964,0.121,17,8,dos
1,icmp,dns,SF,327,46,0,0,0,0,0,0,0,0,0,0,0,0,0,23,18,0.06,0.231,0.801,29,17,normal
1,icmp,ftp_data,RSTO,2723,196,0,0,0,1,0,1,1,0,0,0,0,0,0,14,19,0.301,0.128,0.668,40,25,normal
0,tcp,ftp,SH,337,208,0,0,0,1,0,1,0,0,0,0,0,0,0,15,7,0.32,0.233,0.827,41,25,normal
0,udp,ftp_data,S0,1691,1092,0,0,0,0,0,1,0,0,0,0,1,0,0,24,7,0.055,0.033,0.742,38,24,normal
2,tcp,smtp,S0,608,913,0,0,0,1,0,1,0,0,0,1,0,0,0,15,18,0.459,0.137,0.674,30,22,normal
0,udp,imap,RSTR,575,165,0,0,0,0,0,1,0,0,0,0,0,0,0,25,24,0.137,0.093,0.876,30,18,normal
6,tcp,telnet,SH,215,164,0,0,0,1,0,1,1,0,0,1,0,0,0,15,16,0.067,0.171,0.958,38,17,normal
14,udp,ftp,RSTO,35,0,0,0,0,3,0,0,1,0,0,3,1,0,0,99,85,0.717,0.676,0.258,8,10,dos
1,icmp,smtp,RSTR,642,978,0,0,0,3,0,1,0,0,0,0,0,0,0,13,13,0.279,0.127,0.85,27,24,normal
3,tcp,telnet,S0,1288,4149,0,0,0,0,0,1,0,0,0,1,0,0,0,25,13,0.224,0.316,0.577,48,24,normal
1,icmp,ftp,SH,16,99,0,0,0,7,2,0,3,0,0,0,1,0,0,133,114,0.97,0.516,0.179,13,8,dos
50,udp,smtp,RSTR,63,20,0,0,0,6,0,0,3,0,0,4,0,0,1,97,111,0.572,0.89,0.017,10,8,r2l
0,udp,smtp,RSTR,143,646,0,0,0,0,0,1,0,0,0,0,0,0,0,24,12,0.044,0.002,0.737,21,35,normal
13,udp,pop3,RSTR,186,15,0,0,0,4,1,1,0,0,0,1,2,0,0,117,120,0.771,0.501,0.101,8,9,probe
2,udp,pop3,S0,527,627,0,0,0,2,0,1,0,0,0,1,0,0,0,17,10,0.059,0.279,0.582,31,20,normal
22,tcp,pop3,REJ,104,13,0,0,0,8,0,0,2,0,0,1,0,0,0,113,91,0.951,0.977,0.147,9,6,u2r
8,udp,smtp,SF,118,48,0,0,0,3,0,1,0,0,0,0,0,0,0,17,16,0.1,0.037,0.655,39,28,normal
1,icmp,ftp,SH,710,221,0,0,0,4,0,1,0,0,0,0,0,0,0,17,15,0.011,0.098,0.701,22,21,normal
3,tcp,http,S0,21,5,0,0,0,6,0,1,1,0,0,0,2,0,0,110,101,0.624,0.916,0.333,17,13,r2l
0,udp,imap,RSTO,362,1077,0,0,0,0,0,1,0,0,0,0,0,0,1,20,15,0.11,0.071,0.966,35,30,normal
0,udp,imap,RSTR,1995,499,0,0,0,1,0,0,0,0,0,0,0,0,0,19,16,0.058,0.34,0.857,29,22,normal
0,udp,ftp,RSTO,803,176,0,0,0,0,0,0,0,0,0,0,0,0,0,24,8,0.322,0.053,0.968,38,25,normal
1,udp,ssh,REJ,543,200,0,0,0,3,0,1,0,0,0,0,0,0,0,23,15,0.261,0.125,0.775,31,34,normal
47,udp,dns,RSTR,233,39,0,0,0,4,0,1,2,0,0,0,0,1,0,124,109,0.58,0.844,0.241,11,5,dos
0,tcp,http,RSTR,771,95,0,0,0,1,0,1,0,0,0,0,0,0,0,16,16,0.064,0.076,0.849,36,32,normal
13,tcp,imap,SF,90,2,0,0,0,6,0,0,3,0,0,1,0,0,1,113,118,0.96,0.841,0.551,10,10,dos
3,udp,dns,SH,24,1764,0,0,0,1,0,1,0,0,0,0,0,0,0,29,17,0.237,0.032,0.842,31,25,normal
21,udp,telnet,RSTR,282,13,0,0,0,3,0,0,1,0,0,0,0,0,1,119,110,0.839,0.963,0.034,12,8,probe
0,udp,pop3,REJ,450,320,0,0,0,0,0,1,0,0,0,0,0,0,0,21,18,0.184,0.023,0.605,38,29,normal
3,tcp,ftp,RSTR,75,210,0,0,0,1,0,1,0,0,0,0,0,0,0,24,19,0.012,0.444,0.314,28,26,normal
3,tcp,dns,SH,3618,91,0,0,0,0,0,1,0,0,0,0,0,0,0,20,16,0.272,0.026,0.864,36,31,normal
0,tcp,smtp,RSTO,244,138,0,0,0,1,0,1,0,0,0,0,0,0,0,16,11,0.229,0.152,0.406,42,19,normal
2,tcp,http,RSTR,729,13,0,0,0,8,0,1,2,0,0,0,0,0,1,118,97,0.697,0.957,0.147,17,11,r2l
2,icmp,http,SH,457,666,0,0,0,0,0,1,0,0,0,0,0,0,0,15,12,0.056,0.348,0.834,29,21,normal
0,tcp,http,REJ,1016,1540,0,0,0,1,0,0,0,0,0,0,0,0,0,20,13,0.022,0.218,0.932,34,25,normal
3,tcp,ftp_data,RSTO,4808,412,0,0,0,5,0,1,0,0,0,0,0,0,0,17,15,0.103,0.021,0.945,32,29,normal
2,icmp,imap,REJ,1032,185,0,0,0,0,0,1,0,0,0,1,0,0,0,20,15,0.229,0.488,0.918,27,23,normal
10,icmp,ssh,RSTR,233,50,0,0,1,3,1,1,0,0,0,0,0,0,0,134,92,0.823,0.68,0.006,12,7,dos
8,tcp,dns,S0,525,152,0,0,0,3,0,1,1,0,0,0,0,0,0,30,21,0.533,0.452,0.559,34,22,normal
34,udp,imap,S0,45,43,0,0,0,3,0,0,0,0,0,0,0,1,0,136,108,0.99,0.957,0.034,14,9,r2l
1,icmp,dns,SH,3220,926,0,0,0,1,0,1,1,0,0,1,1,0,0,16,17,0.407,0.013,0.739,42,23,normal
13,udp,ftp_data,REJ,1407,117,0,0,0,3,0,1,0,0,0,1,0,0,0,16,16,0.103,0.088,0.916,40,33,normal
24,tcp,smtp,S0,222,40,0,0,0,6,0,0,2,0,0,4,0,0,0,113,104,0.902,0.591,0.091,7,10,dos
5,tcp,ssh,S0,258,308,0,0,0,2,0,0,0,0,0,0,0,0,0,20,11,0.215,0.073,0.659,33,25,normal
0,icmp,ftp,SF,1153,96,0,0,0,0,0,1,0,0,0,0,0,0,0,16,15,0.142,0.062,0.416,35,31,normal
23,icmp,smtp,RSTR,20,8,0,0,0,4,0,0,0,0,0,1,1,0,0,112,123,0.846,0.977,0.095,9,11,dos
2,udp,http,RSTR,30,22,0,0,0,4,0,0,1,0,0,1,1,0,0,145,111,0.472,0.737,0.039,10,6,dos
0,udp,http,REJ,256,55,0,0,0,2,0,0,0,0,0,0,0,0,0,18,10,0.395,0.391,0.835,33,27,normal
0,udp,dns,SH,189,220,0,0,0,1,0,1,0,0,0,0,0,0,0,21,19,0.104,0.115,0.981,41,27,normal
1,udp,ssh,RSTO,3102,195,0,0,0,1,0,1,0,0,0,0,0,0,0,20,8,0.406,0.009,0.598,32,29,normal
41,udp,http,RSTR,2662,30,0,1,0,2,0,0,2,0,0,0,0,0,0,133,109,0.795,0.906,0.03,10,9,dos
4,icmp,smtp,SF,78,253,0,0,0,3,0,1,0,0,0,0,0,0,0,26,15,0.1,0.331,0.829,42,24,normal
9,udp,telnet,S0,169,1,0,0,0,4,1,0,1,0,0,0,0,0,1,137,91,0.564,0.818,0.058,8,13,dos
1,tcp,ftp,RSTO,4166,438,0,0,0,0,0,1,0,0,0,0,0,0,0,19,12,0.193,0.196,0.829,26,32,normal
23,udp,ftp_data,S0,534,57,0,0,0,4,3,0,3,0,0,1,0,0,1,105,107,0.912,0.973,0.028,15,10,u2r
0,udp,ftp_data,REJ,175,1035,0,0,0,1,0,0,0,0,0,1,1,0,0,30,10,0.161,0.177,0.668,28,27,normal
4,icmp,ftp_data,RSTO,1243,113,0,0,0,1,0,1,0,0,0,0,1,0,0,21,16,0.124,0.479,0.972,39,27,normal
1,tcp,pop3,RSTO,51,374,0,0,0,2,0,1,0,0,0,0,0,0,0,21,8,0.179,0.241,0.931,40,27,normal
23,tcp,ftp_data,RSTO,185,100,0,0,0,2,0,1,6,0,0,0,0,0,0,117,121,0.852,0.899,0.192,22,18,dos
2,icmp,dns,RSTO,18,2,0,0,0,10,0,0,6,0,0,0,0,1,0,120,118,0.801,0.979,0.436,10,8,dos
7,tcp,dns,RSTO,48,10,0,0,0,4,0,0,1,0,0,0,0,0,1,131,113,0.612,0.889,0.062,8,17,probe
6,icmp,telnet,REJ,42,229,0,0,0,0,0,1,0,0,0,0,0,0,0,22,11,0.096,0.054,0.893,41,33,normal
27,icmp,imap,RSTR,787,13,0,0,0,5,2,1,6,0,0,0,0,0,0,125,108,0.993,0.856,0.033,11,14,dos
3,icmp,telnet,REJ,156,163,0,0,0,6,1,0,2,0,0,0,1,0,1,106,96,0.954,0.958,0.242,13,9,probe
1,udp,pop3,RSTR,347,200,0,0,0,0,0,1,0,0,0,1,0,0,0,21,13,0.155,0.171,0.716,34,27,normal
2,tcp,smtp,RSTO,3504,458,0,0,0,1,0,0,2,0,0,0,0,0,0,23,12,0.05,0.013,0.822,36,30,normal
2,udp,ftp,REJ,269,127,0,0,0,1,0,1,0,0,0,0,0,0,0,15,11,0.039,0.035,0.751,45,19,normal
1,tcp,ssh,SH,1020,169,0,0,0,0,0,0,0,0,0,1,0,0,0,17,13,0.106,0.047,0.953,35,34,normal
21,icmp,ftp,REJ,297,183,0,1,0,4,0,0,2,0,0,0,0,0,0,104,131,0.761,0.91,0.043,8,11,r2l
50,icmp,http,REJ,2784,1,0,0,0,4,0,0,1,0,0,0,0,0,2,130,93,0.775,0.966,0.643,19,10,dos
8,udp,http,REJ,120,34,0,0,0,4,1,0,1,0,0,1,3,0,0,127,122,0.727,0.628,0.122,11,12,dos
4,icmp,dns,S0,288,495,0,0,0,0,0,1,0,0,0,1,0,0,0,15,13,0.049,0.31,0.821,37,21,normal
0,tcp,ftp_data,RSTO,251,391,0,0,0,0,0,1,0,0,0,0,0,0,0,25,18,0.398,0.085,0.841,44,16,normal
0,udp,ftp,SF,553,825,0,0,0,1,0,1,0,0,0,1,0,0,0,20,12,0.0,0.172,0.48,38,27,normal
22,icmp,http,SF,49,101,0,0,0,2,0,1,0,0,0,0,0,0,2,126,108,0.963,0.702,0.109,8,16,r2l
5,icmp,ftp_data,REJ,377,685,0,0,0,1,0,1,0,0,0,0,0,0,0,21,21,0.278,0.097,0.72,26,27,normal
7,icmp,dns,RSTO,146,30,0,0,0,5,1,0,2,0,0,3,1,0,1,114,116,0.85,0.931,0.131,13,6,probe
7,icmp,dns,SH,52,23,0,0,0,5,0,1,1,0,0,1,1,0,2,111,91,0.903,0.883,0.169,11,8,probe
10,udp,ssh,REJ,307,504,0,0,0,9,1,0,2,0,0,1,0,0,1,120,108,0.805,0.57,0.484,13,2,probe
3,tcp,ftp,S0,26,15,0,0,0,7,2,0,0,0,0,0,1,0,0,104,103,0.843,0.857,0.406,10,10,dos
0,icmp,ftp_data,S0,35123,66,0,0,0,1,0,1,0,0,0,0,0,0,0,18,14,0.033,0.021,0.739,30,22,normal
7,udp,telnet,RSTR,497,307,0,0,0,1,0,1,0,0,0,2,0,0,0,20,19,0.069,0.159,0.876,47,21,normal
9,icmp,pop3,SH,49,358,1,0,0,11,1,0,1,0,0,2,0,0,0,123,114,0.939,0.766,0.055,11,12,probe
1,tcp,ssh,SF,762,393,0,0,0,3,0,1,0,0,0,0,0,0,0,12,7,0.217,0.01,0.894,33,23,normal
0,icmp,ftp,REJ,281,366,0,0,0,5,0,1,0,0,0,0,0,0,0,25,8,0.275,0.118,0.776,34,19,normal
1,tcp,imap,SH,315,1496,0,0,0,2,0,1,1,0,0,0,0,0,1,20,12,0.189,0.17,0.65,40,31,normal
30,icmp,ssh,RSTO,43,129,0,0,0,7,0,0,0,0,0,0,1,0,0,131,106,0.766,0.718,0.229,10,8,dos
3,udp,dns,RSTR,1120,147,0,0,0,1,0,1,0,0,0,0,0,0,0,21,14,0.264,0.247,0.678,33,22,normal
13,tcp,dns,REJ,55,5,1,0,0,6,1,0,2,0,0,0,1,0,0,105,104,0.938,0.731,0.249,15,14,dos
2,icmp,ftp,REJ,1233,253,0,0,0,2,0,0,0,0,0,0,0,0,0,17,13,0.044,0.467,0.918,28,18,normal
0,icmp,ftp_data,SH,7318,105,0,0,0,1,0,0,0,0,0,1,0,0,0,20,22,0.434,0.117,0.584,28,24,normal
0,udp,imap,RSTO,1320,668,0,0,0,1,0,1,0,0,0,0,0,0,0,14,13,0.158,0.36,0.597,30,25,normal
0,tcp,ssh,RSTR,1797,146,0,0,0,2,0,1,0,0,0,1,0,0,0,19,16,0.07,0.076,0.867,36,27,normal
4,tcp,ssh,RSTO,154,122,0,0,0,0,0,1,0,0,0,1,0,0,0,17,17,0.125,0.093,0.793,23,19,normal
6,tcp,dns,SH,171,4,0,0,0,3,4,0,2,0,0,1,0,0,0,120,113,0.889,0.761,0.271,13,7,dos
1,tcp,ftp,RSTO,1982,968,0,0,0,0,0,1,0,0,0,0,0,0,0,16,13,0.278,0.23,0.833,27,17,normal
0,tcp,pop3,SH,1167,433,0,0,0,1,0,1,0,0,0,0,0,0,0,26,14,0.252,0.212,0.761,30,32,normal
0,udp,ftp_data,S0,408,138,0,0,0,2,0,1,1,0,0,0,0,0,0,16,20,0.438,0.193,0.949,40,19,normal
3,udp,pop3,S0,157,1513,0,0,0,2,0,1,0,0,0,0,0,0,1,24,17,0.168,0.197,0.733,33,25,normal
7,icmp,ftp_data,SF,24,4,0,0,0,3,1,0,2,0,0,0,2,0,0,123,113,0.923,0.529,0.431,14,12,probe
4,icmp,ftp_data,RSTR,462,522,0,0,0,1,0,1,2,0,0,0,0,0,0,22,14,0.125,0.006,0.963,27,25,normal
0,icmp,telnet,SH,79,329,0,0,0,0,0,1,0,0,0,1,0,0,0,17,17,0.153,0.161,0.955,37,28,normal
5,tcp,ssh,REJ,385,182,0,0,0,1,0,1,0,0,0,0,0,0,0,24,9,0.146,0.148,0.918,52,21,normal
8,icmp,ftp,SF,300,41,0,0,0,4,0,1,0,0,0,1,1,0,2,116,125,0.939,0.97,0.083,15,4,dos
16,tcp,smtp,REJ,52,26,0,0,0,3,0,0,2,0,0,2,3,0,1,117,101,0.794,0.878,0.133,16,14,probe
0,tcp,smtp,S0,359,320,0,0,0,0,0,1,0,0,0,0,0,0,0,21,22,0.205,0.505,0.648,41,28,normal
41,udp,dns,S0,816,1879,0,0,0,4,1,0,2,0,0,0,0,0,1,134,118,0.84,0.801,0.166,9,17,dos
8,icmp,ftp_data,S0,97,21127,0,0,0,3,0,0,3,0,0,2,3,0,1,123,112,0.659,0.952,0.504,12,7,dos
1,udp,dns,REJ,699,194,0,0,0,0,0,1,0,0,0,1,0,0,0,17,11,0.176,0.141,0.431,37,24,normal
3,tcp,pop3,SH,100,3,0,0,0,4,0,0,2,0,0,1,0,0,2,109,128,0.891,0.744,0.033,10,8,dos
2,tcp,ssh,SF,289,130,0,0,0,0,0,0,0,0,0,0,1,0,0,18,16,0.131,0.162,0.913,46,27,normal
8,udp,imap,SF,54,413,0,0,0,10,0,0,2,0,0,0,2,0,0,134,116,0.732,0.976,0.037,11,14,r2l
5,icmp,ftp_data,SH,234,1,0,0,0,5,0,0,0,0,0,0,1,0,0,128,109,0.881,0.934,0.253,9,7,probe
6,icmp,smtp,S0,723,8,0,0,0,7,0,0,0,0,0,1,1,0,2,112,103,0.943,0.728,0.101,17,12,dos
9,udp,smtp,RSTO,159,13,0,0,0,4,2,1,0,0,0,2,1,0,1,105,117,0.421,0.955,0.169,8,19,dos
0,udp,ftp,SH,149,82,0,0,0,3,0,1,1,0,0,0,0,0,0,21,9,0.189,0.015,0.656,44,24,normal
1,icmp,pop3,REJ,1017,336,0,0,0,2,0,0,0,0,0,0,1,0,0,12,17,0.068,0.241,0.943,20,22,normal
0,icmp,telnet,S0,2549,897,0,0,0,1,0,1,0,0,0,1,0,0,0,29,15,0.072,0.092,0.529,37,28,normal
16,udp,ftp,S0,252,9,0,0,0,5,0,1,5,0,0,1,2,0,0,138,115,0.99,0.969,0.067,6,9,dos
4,tcp,dns,SH,175,1682,0,0,0,0,0,1,0,0,0,0,1,0,0,10,17,0.11,0.003,0.975,27,26,normal
4,tcp,http,SF,800,489,0,0,0,0,0,0,0,0,0,0,0,0,0,16,20,0.061,0.08,0.709,30,28,normal
0,icmp,ftp_data,RSTR,1689,333,0,0,0,2,0,1,0,0,0,0,0,0,0,27,17,0.038,0.223,0.876,31,28,normal
1,icmp,ssh,SF,341,290,0,0,0,1,0,0,0,0,0,0,0,0,0,20,14,0.058,0.25,0.581,31,28,normal
14,icmp,dns,REJ,296,1423,0,0,0,7,0,0,3,0,0,2,1,0,0,127,121,0.904,0.967,0.332,14,17,probe
0,tcp,dns,RSTR,324,718,0,0,0,1,0,1,0,0,0,0,0,0,0,26,16,0.098,0.043,0.16,44,33,normal
0,icmp,http,REJ,233,310,0,0,0,1,0,1,0,0,0,0,0,0,0,14,9,0.091,0.171,0.924,42,27,normal
1,icmp,imap,SF,1833,162,0,0,0,1,0,1,0,0,0,0,0,0,0,15,16,0.019,0.005,0.672,40,30,normal
5,tcp,pop3,S0,123,6,0,0,0,6,0,1,3,0,0,1,0,0,0,104,106,0.837,0.837,0.034,6,7,dos
38,udp,ftp_data,RSTO,908,37,0,0,0,6,1,0,1,0,0,1,1,0,0,124,100,0.871,0.939,0.028,14,16,dos
6,tcp,ssh,SH,397,3,0,0,0,4,0,0,3,0,0,2,1,0,0,130,129,0.827,0.913,0.072,10,12,dos
0,icmp,ssh,SF,350,1119,0,0,0,0,0,0,0,0,0,0,0,0,0,14,21,0.186,0.242,0.481,36,23,normal
3,udp,ssh,S0,378,7,0,0,0,8,0,1,0,0,0,0,1,0,2,149,119,0.978,0.677,0.081,7,10,dos
3,icmp,http,SF,225,134,0,0,0,6,0,0,3,0,0,0,2,0,0,130,107,0.599,0.952,0.296,15,9,r2l
22,icmp,ssh,S0,2,176,0,0,0,4,1,0,2,0,0,2,1,0,1,105,117,0.826,0.964,0.159,12,7,dos
13,icmp,dns,S0,48,9,0,0,0,4,1,1,0,0,0,1,1,0,2,109,107,0.824,0.949,0.028,15,13,probe
59,tcp,dns,SH,12,3,0,0,0,11,1,0,0,0,0,1,0,0,0,125,112,0.627,0.888,0.356,8,7,probe
3,icmp,ftp,SH,1113,1300,0,0,0,3,0,1,0,0,0,0,1,0,1,22,11,0.378,0.227,0.718,32,20,normal
6,udp,telnet,RSTO,58,109,0,0,0,1,0,0,1,0,0,0,0,0,0,20,14,0.285,0.01,0.926,41,29,normal
8,udp,ftp,SF,452,112,0,0,0,3,0,1,1,0,0,0,1,0,0,145,110,0.851,0.865,0.115,8,12,dos
0,tcp,http,RSTO,212,136,0,0,0,2,0,1,0,0,0,0,0,0,1,24,17,0.251,0.103,0.587,22,21,normal
0,icmp,ftp,RSTO,33,190,0,0,0,0,0,1,0,0,0,0,0,0,0,26,15,0.45,0.124,0.888,47,21,normal
6,icmp,pop3,RSTO,779,309,0,0,0,0,0,1,0,0,0,0,0,0,0,29,13,0.138,0.081,0.933,38,23,normal
1,udp,ftp_data,SF,348,629,0,0,0,2,0,1,0,0,0,0,0,0,0,19,13,0.43,0.0,0.86,33,25,normal
4,udp,ftp,SH,728,119,0,0,0,0,0,1,0,0,0,0,0,0,0,18,15,0.163,0.012,0.776,40,21,normal
2,icmp,pop3,SH,883,1067,0,0,0,0,0,1,0,0,0,0,0,0,1,17,16,0.027,0.006,0.843,23,20,normal
8,udp,smtp,RSTR,35,29,0,0,0,3,0,1,4,0,0,0,0,0,0,131,104,0.974,0.962,0.004,11,12,dos
1,icmp,pop3,SH,1246,672,0,0,0,1,0,1,0,0,0,0,0,0,0,27,20,0.079,0.222,0.835,32,20,normal
0,tcp,dns,RSTR,545,1117,0,0,0,7,0,0,1,0,0,0,1,0,0,109,93,0.954,0.9,0.519,13,13,probe
7,icmp,telnet,RSTR,92,5,0,0,0,9,0,0,0,0,0,0,0,0,2,108,127,0.983,0.644,0.022,13,8,probe
1,icmp,smtp,RSTO,1926,262,0,0,0,1,0,1,0,0,0,1,0,0,0,16,12,0.165,0.399,0.982,39,30,normal
0,udp,ftp,REJ,139,57,0,0,0,3,2,0,2,0,0,0,2,0,2,117,112,0.656,0.952,0.19,16,8,dos
11,icmp,ftp,SH,104,14,0,0,0,8,0,0,4,0,0,0,2,0,0,127,105,0.724,0.876,0.304,9,12,probe
0,icmp,smtp,SF,2631,2,0,0,0,4,0,0,1,0,0,1,2,0,1,142,95,0.976,0.878,0.449,7,13,probe
34,tcp,ftp_data,SF,55,92,0,0,0,3,0,0,3,0,0,0,0,0,1,108,113,0.708,0.931,0.106,6,10,r2l
5,tcp,imap,SF,359,123,0,0,0,7,0,0,6,0,0,1,1,0,0,113,100,0.968,0.786,0.225,14,12,probe
3,tcp,ftp_data,SF,206,684,0,0,0,1,0,1,0,0,0,0,0,0,0,17,9,0.025,0.228,0.792,29,29,normal
0,tcp,http,REJ,460,132,0,0,0,0,0,1,0,0,0,0,0,0,0,12,20,0.398,0.559,0.666,37,21,normal
0,udp,telnet,RSTR,2284,92,0,0,0,0,0,1,0,0,0,0,0,0,0,17,16,0.157,0.132,0.723,35,31,normal
9,udp,telnet,SH,68,36,0,0,0,8,1,0,2,0,0,2,0,0,1,122,116,0.522,0.914,0.093,11,10,probe
0,icmp,ftp,SH,1944,77,0,0,0,2,0,0,0,0,0,2,0,0,0,19,12,0.008,0.2,0.933,34,20,normal
1,icmp,smtp,RSTO,435,26,0,0,0,1,0,1,0,0,0,0,0,0,1,26,18,0.091,0.158,0.725,21,23,normal
2,icmp,http,SF,527,440,0,0,0,2,0,1,0,0,0,0,0,0,0,24,19,0.081,0.06,0.257,30,16,normal
3,icmp,http,S0,919,1306,0,0,0,0,0,1,0,0,0,0,0,0,0,22,15,0.147,0.218,0.852,31,30,normal
2,udp,http,RSTR,730,96,0,0,0,0,0,0,0,0,0,0,1,0,0,18,14,0.12,0.044,0.689,34,20,normal
0,udp,smtp,REJ,67,122,0,0,0,0,0,0,0,0,0,0,0,0,1,21,17,0.103,0.157,0.853,33,26,normal
6,icmp,ftp_data,SF,379,408,0,0,0,3,0,1,0,0,0,1,0,0,0,20,8,0.186,0.047,0.731,31,27,normal
8,icmp,smtp,RSTO,355,243,0,0,0,1,0,1,0,0,0,0,0,0,0,19,20,0.169,0.431,0.967,28,20,normal
6,udp,ftp_data,SH,235,2598,0,0,0,1,0,1,0,0,0,0,0,0,0,26,16,0.028,0.017,0.805,32,22,normal
3,udp,pop3,RSTO,5474,215,0,0,0,1,0,1,0,0,0,1,0,0,0,22,9,0.152,0.349,0.658,31,15,normal
4,udp,dns,SF,263,1241,0,0,0,0,0,1,0,0,0,0,1,0,0,9,16,0.172,0.233,0.717,34,22,normal
2,icmp,telnet,SF,1692,225,0,0,0,1,0,1,1,0,0,0,0,0,0,12,9,0.19,0.151,0.764,46,30,normal
2,udp,pop3,RSTR,36,210,0,0,0,4,1,0,3,0,0,0,1,0,2,103,114,0.82,0.889,0.186,9,6,dos
0,icmp,telnet,SH,530,271,0,0,0,1,0,1,0,0,0,0,0,0,0,35,7,0.031,0.124,0.841,37,26,normal
8,tcp,imap,SH,878,13,0,0,0,6,0,0,0,0,0,0,0,0,0,114,97,0.93,0.531,0.048,9,5,dos
3,tcp,telnet,SF,1274,557,0,0,0,9,0,0,2,0,0,0,0,0,1,122,109,0.751,0.93,0.258,14,12,r2l
7,tcp,ftp_data,SF,180,547,0,0,0,1,0,0,0,0,0,0,0,0,0,14,16,0.062,0.254,0.919,36,21,normal
21,tcp,telnet,SH,141,272,1,0,0,1,0,1,1,0,0,1,0,0,0,120,114,0.77,0.598,0.224,20,7,r2l
3,tcp,ftp_data,S0,191,563,0,0,0,0,0,1,0,0,0,1,1,0,0,20,20,0.181,0.194,0.665,39,29,normal
3,icmp,ssh,REJ,204,1189,0,0,0,0,0,0,1,0,0,0,0,0,0,19,18,0.074,0.008,0.463,26,35,normal
10,icmp,imap,RSTR,67,7,0,0,0,7,2,0,2,0,0,1,1,0,3,109,123,0.947,0.877,0.02,13,11,dos
2,udp,dns,S0,227,96,0,0,0,1,0,0,0,0,0,0,0,0,1,18,10,0.499,0.048,0.518,25,26,normal
0,udp,ssh,RSTR,238,61,0,0,0,2,0,1,0,0,0,0,0,0,0,23,18,0.115,0.484,0.7,38,26,normal
4,tcp,http,RSTR,855,330,0,0,0,1,0,0,0,0,0,0,0,0,0,26,20,0.327,0.022,0.91,33,33,normal
68,udp,http,RSTO,509,20,0,0,0,6,1,0,2,0,0,2,1,0,1,129,108,0.946,0.943,0.28,15,10,probe
1,tcp,ftp_data,REJ,175,1074,0,0,0,1,0,1,1,0,0,0,0,0,1,18,19,0.052,0.343,0.815,41,32,normal
58,tcp,ssh,SF,423,2,0,0,0,6,0,0,3,0,0,3,1,0,0,122,107,0.821,0.899,0.003,12,14,probe
5,tcp,imap,SH,198,50,0,0,0,3,0,0,3,0,0,0,0,0,1,106,114,0.776,0.866,0.26,10,9,dos
2,icmp,pop3,RSTR,666,1511,0,0,0,0,0,1,0,0,0,1,0,0,0,21,20,0.084,0.067,0.92,34,31,normal
26,udp,dns,S0,27,22,0,0,0,4,2,0,2,0,0,0,1,0,1,129,91,0.888,0.837,0.33,8,10,dos
20,icmp,smtp,S0,1801,7,0,0,0,7,0,0,0,0,0,1,0,0,0,131,106,0.947,0.787,0.426,16,9,probe
44,tcp,http,REJ,10,417,0,0,0,5,0,0,3,0,0,0,0,0,1,108,94,0.801,0.871,0.113,12,7,u2r
37,icmp,ftp_data,RSTR,80,683,0,0,0,7,0,1,5,0,0,1,0,0,2,110,107,0.907,0.792,0.109,8,11,r2l
30,icmp,dns,S0,189,25,0,0,0,3,1,1,1,0,0,0,1,0,1,126,126,0.73,0.954,0.05,13,8,dos
0,tcp,ssh,REJ,232,741,0,0,0,0,0,0,0,0,0,0,0,0,1,27,14,0.13,0.196,0.773,39,28,normal
1,udp,ftp_data,S0,100,13,0,0,0,5,0,0,4,0,0,0,3,0,1,126,98,0.937,0.957,0.174,19,14,dos
15,tcp,ftp,SH,348,234,0,0,0,4,0,0,4,0,0,0,1,0,1,125,124,0.632,0.721,0.016,11,15,dos
5,icmp,ftp,RSTR,593,502,0,0,0,1,0,1,0,0,0,0,0,0,0,18,10,0.049,0.239,0.799,22,27,normal
17,udp,ssh,RSTR,296,1576,0,0,0,0,0,1,0,0,0,0,0,0,0,21,20,0.121,0.228,0.739,30,19,normal
5,udp,smtp,SF,207,0,0,0,0,4,1,0,1,0,0,0,0,0,1,139,106,0.953,0.821,0.337,17,11,r2l
30,udp,pop3,SH,294,53,0,0,0,5,0,0,2,0,0,0,2,0,0,109,115,0.898,0.848,0.3,8,8,dos
0,tcp,ftp_data,SF,216,1808,0,0,0,0,0,1,0,0,0,0,0,0,0,28,11,0.092,0.293,0.907,33,29,normal
47,udp,ftp,REJ,3,31,0,0,0,2,1,0,2,0,0,1,1,0,0,122,113,0.881,0.803,0.069,11,6,u2r
0,icmp,imap,RSTO,622,118,0,0,0,0,0,1,0,0,0,0,0,0,0,17,17,0.25,0.147,0.714,39,22,normal
1,udp,http,SF,8,165,0,0,0,4,0,0,1,0,0,0,0,0,0,121,100,0.929,0.891,0.521,12,6,dos
3,udp,http,SF,326,4,0,0,0,7,0,1,2,0,0,0,1,0,1,118,130,0.64,0.795,0.259,8,9,dos
0,udp,imap,RSTO,847,272,0,0,0,4,0,1,0,0,0,0,0,0,0,14,6,0.096,0.265,0.645,54,24,normal
3,udp,imap,S0,439,232,0,0,0,1,0,0,0,0,0,0,0,0,0,22,11,0.29,0.064,0.797,36,25,normal
1,tcp,pop3,S0,921,184,0,0,0,3,0,1,0,0,0,0,0,0,1,19,10,0.034,0.048,0.931,42,19,normal
8,icmp,smtp,REJ,659,317,0,0,0,1,0,1,0,0,0,0,0,0,0,15,15,0.167,0.225,0.908,30,22,normal
26,icmp,ftp_data,RSTR,107,1,0,0,0,5,0,0,1,0,0,2,0,1,1,110,97,0.953,0.91,0.019,6,6,probe
0,tcp,ftp_data,RSTR,182,1897,0,0,0,0,0,1,0,0,0,0,0,0,0,15,15,0.432,0.055,0.542,43,23,normal
0,tcp,imap,SF,241,1163,0,0,0,1,0,1,1,0,0,0,0,0,0,25,17,0.234,0.237,0.844,35,32,normal
0,icmp,ftp_data,S0,681,174,0,0,0,1,2,1,5,0,0,0,1,0,1,108,121,0.976,0.984,0.08,11,13,probe
1,udp,http,S0,823,224,0,0,0,2,0,1,0,0,0,0,0,0,0,16,13,0.122,0.088,0.827,38,27,normal
0,icmp,imap,S0,3117,142,0,0,0,1,0,1,1,0,0,1,0,0,1,13,16,0.171,0.061,0.78,34,19,normal
0,udp,dns,S0,259,247,0,0,0,0,0,1,0,0,0,0,0,0,0,24,10,0.065,0.17,0.81,41,19,normal
2,udp,smtp,REJ,4,83,0,0,0,3,0,0,0,0,0,0,0,0,0,118,126,0.913,0.862,0.153,16,10,probe
6,udp,smtp,RSTR,62,225,0,0,0,1,0,1,1,0,0,0,0,0,1,18,11,0.024,0.09,0.946,38,24,normal
0,udp,ftp_data,RSTR,956,108,0,0,0,1,0,1,2,0,0,0,0,0,0,21,14,0.061,0.026,0.659,31,25,normal
1,tcp,dns,RSTO,334,1681,0,0,0,0,0,0,0,0,0,0,0,0,0,19,13,0.124,0.25,0.838,30,28,normal
16,icmp,pop3,S0,386,1,0,0,0,6,0,0,0,0,0,0,0,0,2,117,92,0.489,0.709,0.024,12,13,probe
2,udp,smtp,RSTO,388,310,0,0,0,0,0,0,0,0,0,0,0,0,0,21,14,0.204,0.0,0.684,40,24,normal
2,icmp,smtp,RSTR,191,5,0,0,0,7,1,0,1,0,0,1,1,0,0,126,98,0.992,0.804,0.03,14,3,dos
2,icmp,http,REJ,1711,165,0,0,0,0,0,1,0,0,0,0,0,0,0,23,19,0.122,0.283,0.929,34,16,normal
11,tcp,smtp,SH,257,22,0,0,0,2,1,1,3,0,0,2,0,0,0,106,112,0.991,0.86,0.012,16,5,dos
0,udp,pop3,SF,504,239,0,0,0,0,0,0,0,0,0,0,0,0,0,22,18,0.419,0.155,0.795,45,24,normal
0,udp,http,RSTR,54,503,0,0,0,0,0,0,0,0,0,0,1,0,1,23,22,0.097,0.151,0.849,42,23,normal
3,tcp,ssh,REJ,192,123,0,0,0,1,0,1,2,0,0,0,0,0,0,15,16,0.132,0.018,0.904,39,29,normal
3,udp,ftp,S0,346,206,0,0,0,1,0,1,0,0,0,0,0,0,0,18,18,0.163,0.132,0.623,37,25,normal
5,tcp,telnet,SH,741,213,0,0,0,2,0,1,0,0,0,0,0,0,0,21,14,0.091,0.04,0.787,27,29,normal
1,udp,ftp_data,RSTR,508,1006,0,0,0,1,0,0,0,0,0,0,0,0,1,18,7,0.3,0.064,0.652,27,32,normal
19,udp,smtp,SH,29,264,0,0,0,4,2,0,2,0,0,1,2,0,0,110,106,0.706,0.798,0.076,19,11,probe
7,udp,ftp_data,SF,394,161,0,0,0,0,0,1,0,0,0,0,0,0,0,23,10,0.366,0.005,0.753,29,15,normal
88,icmp,dns,SF,61,2,0,0,0,6,0,0,1,0,0,1,1,0,1,111,100,0.918,0.776,0.147,11,8,dos
1,udp,http,SF,202,101,0,0,0,0,0,0,0,0,0,0,0,0,0,20,14,0.168,0.263,0.831,35,30,normal
2,icmp,dns,S0,256,501,0,0,0,2,0,1,0,0,0,0,1,0,0,18,17,0.568,0.008,0.775,34,30,normal
4,icmp,telnet,RSTR,844,119,0,0,0,0,0,0,0,0,0,0,0,0,0,16,12,0.106,0.236,0.719,44,26,normal
6,icmp,telnet,RSTR,3031,274,0,0,0,0,0,1,1,0,0,0,1,0,0,17,16,0.075,0.313,0.803,39,25,normal
6,tcp,dns,REJ,59,26,0,0,0,6,1,1,5,1,0,3,0,0,0,113,104,0.878,0.672,0.466,8,8,probe
1,tcp,ftp,RSTO,124,57,0,0,0,0,0,1,2,0,0,2,0,0,0,22,17,0.108,0.231,0.55,28,25,normal
1,tcp,http,SF,1446,121,0,0,0,2,0,1,0,0,0,0,0,0,0,21,12,0.018,0.008,0.714,39,16,normal
0,udp,smtp,SF,2980,61,0,0,0,1,0,0,0,0,0,0,0,0,0,12,13,0.251,0.139,0.922,33,7,normal
2,udp,smtp,REJ,261,1062,0,0,0,2,0,1,0,0,0,2,0,0,0,12,23,0.032,0.005,0.802,38,27,normal
14,icmp,pop3,S0,212,2194,0,0,0,1,0,1,0,0,0,0,0,0,0,24,14,0.041,0.068,0.814,38,26,normal
0,tcp,telnet,RSTO,494,155,0,0,0,2,0,1,0,0,0,1,0,0,0,25,18,0.11,0.085,0.854,39,20,normal
3,tcp,ftp_data,S0,2031,159,0,0,0,1,0,0,0,0,0,0,0,0,0,21,15,0.177,0.039,0.705,39,24,normal
1,udp,pop3,RSTO,397,147,0,0,0,0,0,1,0,0,0,0,0,0,0,20,15,0.003,0.07,0.808,35,33,normal
0,tcp,imap,SF,581,151,0,0,0,1,0,1,0,0,0,0,0,0,0,30,13,0.372,0.213,0.262,36,22,normal
27,tcp,smtp,RSTO,157,14,0,0,1,6,0,1,2,0,0,1,1,0,0,116,110,0.632,0.943,0.256,11,16,probe
4,tcp,pop3,REJ,66,8,1,0,0,5,0,0,0,0,0,0,1,0,2,106,125,0.88,0.975,0.042,11,8,probe
2,icmp,ftp,SH,1444,1350,0,0,0,0,0,1,0,0,0,1,0,0,0,19,11,0.063,0.026,0.589,42,22,normal
49,tcp,pop3,S0,123,1027,0,0,0,7,0,0,2,0,0,1,0,0,1,127,108,0.948,0.933,0.576,21,9,dos
7,icmp,ftp_data,SH,548,126,0,0,0,4,0,1,1,0,0,0,0,0,0,11,10,0.299,0.298,0.939,30,28,normal
7,icmp,ftp_data,RSTR,10,9,0,0,0,7,0,0,0,0,0,0,1,0,1,124,123,0.931,0.853,0.151,10,8,dos
42,udp,ssh,S0,507,1,0,0,0,4,1,1,0,0,0,2,1,0,2,119,120,0.971,0.89,0.372,11,8,dos
1,udp,ftp_data,REJ,4753,1050,0,0,0,1,0,1,0,0,0,0,0,0,0,19,9,0.01,0.086,0.624,33,21,normal
1,tcp,pop3,SH,1680,515,0,0,0,1,0,1,0,0,0,0,0,0,0,17,19,0.639,0.209,0.942,37,19,normal
2,udp,smtp,REJ,1458,172,0,0,0,0,0,1,1,0,0,1,0,0,0,24,12,0.277,0.015,0.902,42,35,normal
6,udp,pop3,S0,7,262,0,0,0,6,0,0,2,0,0,2,0,0,0,132,110,0.98,0.991,0.031,13,11,dos
0,tcp,ftp,SF,117,387,0,0,0,6,0,0,4,0,0,2,2,0,1,109,111,0.749,0.784,0.189,9,12,probe
0,udp,smtp,SF,767,567,0,0,0,2,0,1,1,0,0,0,0,0,1,24,14,0.169,0.042,0.733,48,16,normal
0,udp,ssh,REJ,749,117,0,0,0,3,0,0,0,0,0,0,0,0,0,13,15,0.334,0.216,0.91,35,29,normal
1,udp,smtp,S0,610,501,0,0,0,2,0,1,0,0,0,1,0,0,0,21,17,0.221,0.023,0.753,34,22,normal
3,udp,smtp,S0,99,398,0,0,0,2,0,1,0,0,0,0,0,0,0,21,17,0.086,0.033,0.712,37,28,normal
16,tcp,http,SH,565,90,0,0,0,2,1,0,1,0,0,2,2,0,1,133,114,0.938,0.823,0.217,12,7,probe
9,tcp,ftp_data,RSTO,1568,10,0,0,0,7,0,0,1,0,0,0,0,0,0,110,118,0.978,0.736,0.05,10,8,probe
4,icmp,ftp,S0,357,1256,0,0,0,1,0,0,0,0,0,0,0,0,0,16,21,0.068,0.094,0.779,47,25,normal
1,tcp,ftp,SF,75,618,0,0,1,3,1,0,1,0,0,2,0,0,0,131,109,0.709,0.704,0.367,14,13,dos
0,udp,ftp_data,RSTR,83,350,0,0,0,3,0,1,0,0,0,0,1,0,0,16,10,0.022,0.047,0.688,32,30,normal
2,udp,http,REJ,1057,332,0,0,0,1,0,1,0,0,0,0,0,0,0,22,18,0.01,0.059,0.544,34,30,normal
2,icmp,http,REJ,675,913,0,0,0,0,0,1,1,0,0,0,0,0,0,20,14,0.038,0.05,0.42,36,15,normal
14,udp,ftp_data,SF,14,59,0,0,0,5,0,1,3,0,0,2,0,0,1,122,144,0.943,0.958,0.322,15,10,dos
2,udp,pop3,S0,227,618,0,0,0,2,0,1,0,0,0,0,1,0,0,20,23,0.061,0.03,0.658,36,28,normal
49,icmp,smtp,REJ,7,3,0,0,0,6,0,1,0,0,0,0,1,0,2,114,109,0.688,0.889,0.002,17,8,probe
12,icmp,dns,SF,100,19,0,0,0,5,0,0,2,0,0,1,0,0,3,143,110,0.667,0.955,0.051,10,9,dos
8,icmp,pop3,SF,17,244,0,0,0,7,2,0,4,0,0,1,3,0,1,106,119,0.914,0.899,0.053,20,7,r2l
36,icmp,ssh,S0,25,287,0,0,0,5,1,0,4,0,0,1,1,0,1,108,110,0.97,0.937,0.04,16,13,dos
48,udp,ftp,RSTR,214,10,0,0,0,4,0,0,5,0,0,0,1,0,1,100,93,0.746,0.737,0.072,12,8,dos
1,udp,imap,S0,466,118,0,0,0,2,0,1,0,0,0,0,0,0,0,20,22,0.19,0.185,0.431,39,21,normal
1,udp,imap,RSTO,1121,1270,0,0,0,2,0,1,0,0,0,0,0,0,0,20,14,0.002,0.095,0.939,41,12,normal
5,tcp,smtp,RSTR,121,951,0,0,0,1,0,0,1,0,0,0,0,0,0,20,17,0.174,0.104,0.654,43,17,normal
8,icmp,ssh,S0,89,6,0,1,0,4,0,0,1,0,0,1,0,0,0,122,104,0.893,0.863,0.221,11,14,dos
9,udp,pop3,SF,63,12,0,0,0,4,0,0,4,0,0,1,0,0,1,125,93,0.771,0.761,0.018,9,10,dos
1,icmp,ssh,S0,1856,464,0,0,0,0,0,1,0,0,0,0,1,0,0,22,18,0.018,0.372,0.856,32,29,normal
21,tcp,ftp,S0,70,14,0,0,0,2,1,0,2,0,0,0,0,0,2,128,111,0.603,0.524,0.155,15,10,dos
0,udp,ftp,RSTR,57,7,0,0,0,3,1,1,2,0,0,3,0,0,0,126,107,0.962,0.96,0.1,14,12,dos
0,udp,telnet,RSTO,1233,428,0,0,0,1,0,1,0,0,0,0,0,0,0,19,15,0.121,0.282,0.898,37,21,normal
0,udp,dns,SF,1624,158,0,0,0,0,0,0,1,0,0,0,0,0,0,28,13,0.099,0.115,0.599,20,28,normal
32,tcp,smtp,REJ,13,0,0,0,0,2,2,0,1,0,0,1,1,0,2,101,111,0.669,0.838,0.011,5,9,probe
6,tcp,telnet,RSTR,801,1198,0,0,0,1,0,1,0,0,0,1,0,0,0,17,13,0.571,0.096,0.948,31,34,normal
2,icmp,ssh,SF,15,0,0,0,0,5,0,0,1,0,0,2,0,0,1,105,94,0.975,0.981,0.454,8,11,dos
2,tcp,smtp,SF,61,994,0,0,0,1,0,1,0,0,0,0,0,0,0,25,16,0.031,0.003,0.67,35,25,normal
7,icmp,pop3,RSTO,38,114,0,0,0,6,0,0,1,0,0,0,0,0,0,120,101,0.969,0.978,0.212,10,15,dos
1,udp,telnet,SH,507,149,0,0,0,0,0,1,0,0,0,0,0,0,0,21,9,0.036,0.024,0.678,36,20,normal
0,icmp,imap,S0,53,1,0,0,0,10,2,0,2,0,1,0,0,0,1,127,106,0.39,0.966,0.216,9,11,probe
0,icmp,smtp,RSTR,88,1547,0,0,0,3,0,0,0,0,0,0,0,0,0,26,16,0.731,0.012,0.874,37,30,normal
2,icmp,dns,REJ,270,163,0,0,0,1,0,0,1,0,0,0,0,0,0,19,13,0.108,0.2,0.794,41,23,normal
0,udp,smtp,SH,194,160,0,0,0,1,0,0,0,0,0,0,0,0,0,15,11,0.127,0.029,0.61,28,27,normal
3,icmp,http,SH,79,316,0,0,0,0,0,1,0,0,0,0,0,0,0,17,19,0.093,0.023,0.706,37,19,normal
23,icmp,ssh,RSTO,46,6,0,0,0,6,1,0,1,0,0,0,0,0,0,122,117,0.628,0.925,0.03,15,9,probe
2,udp,pop3,RSTR,82,115,0,0,0,0,0,1,0,0,0,0,0,0,0,20,14,0.216,0.271,0.525,27,20,normal
0,udp,smtp,REJ,666,17,0,0,0,3,0,1,0,0,0,0,0,0,0,23,9,0.037,0.249,0.747,24,23,normal
9,icmp,imap,SF,2088,37,0,0,0,4,0,1,1,0,0,0,0,0,0,128,101,0.871,0.998,0.275,9,9,dos
19,udp,smtp,RSTR,31,0,0,0,0,4,1,0,2,0,0,0,2,0,1,105,100,0.958,0.557,0.023,16,12,dos
0,tcp,ftp,S0,881,122,0,0,0,1,0,0,0,0,0,0,0,0,0,24,16,0.076,0.157,0.89,36,20,normal
7,udp,dns,S0,26,10,0,0,0,3,1,0,2,0,0,2,1,0,1,121,125,0.953,0.827,0.245,12,7,probe
81,icmp,ssh,SF,333,0,0,0,0,3,0,0,0,0,0,2,1,0,0,118,105,0.725,0.909,0.115,12,14,dos
9,icmp,pop3,SH,84,9,0,0,0,9,1,0,2,0,0,0,1,0,0,128,88,0.737,0.734,0.098,13,11,probe
0,tcp,imap,REJ,226,313,0,0,0,2,0,1,0,0,0,0,1,0,0,16,13,0.42,0.132,0.682,40,23,normal
0,udp,http,RSTR,237,339,0,0,0,1,0,0,0,0,0,0,0,0,0,21,18,0.074,0.025,0.593,34,25,normal
1,udp,pop3,SH,127,224,0,0,0,6,0,1,0,0,0,0,0,0,0,15,11,0.018,0.131,0.265,32,25,normal
13,udp,ftp,RSTR,370,28,0,0,0,5,1,0,0,0,0,2,0,0,1,115,107,0.795,0.862,0.068,10,5,probe
2,udp,telnet,SF,1244,121,0,0,0,0,0,1,0,0,0,0,0,0,0,20,17,0.064,0.479,0.748,46,23,normal
0,udp,smtp,RSTO,171,1421,0,0,0,0,0,0,0,0,0,0,0,0,1,27,15,0.187,0.221,0.814,36,24,normal
0,tcp,ssh,S0,88,516,0,0,0,1,0,1,0,0,0,1,0,0,0,7,13,0.144,0.136,0.851,19,26,normal
1,icmp,ftp_data,SF,732,185,0,0,0,0,0,1,0,0,0,0,0,0,1,18,13,0.114,0.082,0.735,36,24,normal
15,icmp,ssh,RSTO,13,4,0,0,1,5,1,0,1,0,0,0,0,0,0,119,117,0.856,0.72,0.265,12,12,probe
5,tcp,ftp_data,SF,104,78,0,0,0,0,0,1,0,0,0,0,0,0,0,30,16,0.201,0.091,0.792,31,22,normal
0,tcp,smtp,S0,1379,167,0,0,0,2,0,1,0,0,0,0,0,0,1,14,15,0.266,0.307,0.929,28,27,normal
0,tcp,http,SH,57,242,0,0,0,1,0,1,1,0,0,0,0,0,1,18,14,0.118,0.105,0.857,30,26,normal
1,udp,telnet,SH,1061,445,0,0,0,1,0,0,0,0,0,0,0,0,0,31,17,0.018,0.239,0.884,37,19,normal
0,udp,imap,SF,370,89,0,0,0,1,0,1,0,0,0,0,0,0,0,20,12,0.085,0.007,0.477,44,30,normal
10,tcp,http,SF,255,189,0,0,0,0,0,1,0,0,0,1,0,0,0,21,16,0.161,0.191,0.653,26,30,normal
88,udp,http,S0,35,1244,0,0,0,8,1,0,3,0,0,1,0,0,0,130,98,0.998,0.662,0.049,14,9,probe
8,udp,ftp_data,RSTO,46,12,0,0,0,6,0,0,1,0,0,0,1,0,1,123,83,0.979,0.986,0.138,13,5,probe
2,udp,pop3,S0,289,108,0,0,0,0,0,0,0,0,0,0,0,0,0,11,17,0.202,0.046,0.984,35,19,normal
1,tcp,ssh,RSTO,1567,710,0,0,0,0,0,1,0,0,0,1,0,0,2,22,19,0.021,0.32,0.925,22,23,normal
21,udp,ftp,S0,246,16,0,0,0,5,0,0,3,0,0,1,0,0,0,113,102,0.845,0.826,0.197,9,6,dos
2,udp,dns,S0,481,166,0,0,0,2,0,1,1,0,0,0,0,0,0,23,17,0.085,0.026,0.785,30,23,normal
0,icmp,http,SF,668,972,0,0,0,0,0,1,0,0,0,0,0,0,0,15,9,0.019,0.117,0.93,30,26,normal
5,icmp,pop3,REJ,277,24,0,0,0,3,1,0,3,0,0,0,0,0,1,129,105,0.871,0.795,0.272,8,14,probe
21,icmp,http,S0,554,56,0,0,0,9,0,0,3,0,0,0,1,0,0,115,104,0.971,0.916,0.024,8,13,dos
0,icmp,ftp_data,SF,71,436,0,0,0,3,0,0,0,0,0,0,0,0,0,15,14,0.041,0.022,0.777,42,24,normal
19,icmp,ftp_data,RSTO,18,0,0,0,0,7,0,0,1,0,0,2,1,0,1,115,121,0.944,0.68,0.04,10,10,probe
5,icmp,pop3,SH,131,74,0,0,0,1,0,1,0,0,0,0,0,0,0,23,18,0.054,0.13,0.591,41,29,normal
1,udp,smtp,S0,1566,2647,0,0,0,0,0,0,0,0,0,0,0,0,0,12,18,0.318,0.34,0.835,32,34,normal
2,udp,dns,S0,105,247,0,0,0,1,0,1,1,0,0,0,0,0,0,26,18,0.406,0.119,0.971,30,27,normal
26,udp,http,SH,643,62,0,0,0,8,2,0,1,0,0,1,2,0,0,121,118,0.897,0.936,0.397,16,9,r2l
4,tcp,telnet,RSTO,3606,99,0,0,0,2,0,0,0,0,0,0,0,0,0,25,11,0.18,0.148,0.866,30,31,normal
46,tcp,ftp,SF,106,36,0,0,0,5,0,0,0,0,0,2,1,0,1,129,100,0.779,0.923,0.198,16,10,probe
0,tcp,http,RSTR,1326,801,0,0,0,2,0,0,0,0,0,1,0,0,0,17,18,0.22,0.068,0.693,37,23,normal
15,tcp,dns,S0,76,10,0,0,0,6,0,0,0,0,0,0,0,0,1,127,86,0.904,0.746,0.219,14,6,probe
2,udp,pop3,S0,349,1424,0,0,0,3,0,1,0,0,0,0,0,0,0,20,12,0.235,0.079,0.692,36,21,normal
2,tcp,telnet,REJ,23,18,0,0,0,7,0,0,1,0,0,3,0,0,0,120,104,0.904,0.928,0.008,7,5,probe
1,tcp,dns,REJ,223,514,0,0,0,2,0,0,1,0,0,1,0,0,0,21,16,0.022,0.092,0.862,42,26,normal
0,icmp,pop3,REJ,1037,321,0,0,0,1,0,0,0,0,0,1,0,0,0,23,16,0.128,0.275,0.983,25,19,normal
0,tcp,ssh,SF,202,305,0,0,0,0,0,0,0,0,0,2,1,0,0,18,16,0.205,0.278,0.612,44,18,normal
2,icmp,pop3,RSTR,131,473,0,0,0,4,0,0,1,0,0,1,0,0,0,114,113,0.926,0.859,0.128,16,13,dos
0,udp,ftp_data,RSTR,2441,1017,0,0,0,0,0,1,0,0,0,0,0,0,0,21,11,0.053,0.093,0.939,31,31,normal
0,icmp,smtp,REJ,157,45,0,0,0,0,0,1,0,0,0,0,0,0,0,22,14,0.189,0.091,0.719,37,31,normal
5,tcp,imap,RSTO,1500,382,0,0,0,1,0,1,1,0,0,0,0,0,0,25,13,0.011,0.109,0.948,31,23,normal
11,udp,http,RSTR,215,2,0,0,0,4,0,0,4,0,0,0,1,0,2,131,103,0.731,0.724,0.157,12,12,probe
1,tcp,ftp_data,SF,153,67,0,0,0,5,1,1,2,0,0,0,0,0,1,135,115,0.981,0.458,0.235,12,13,probe
4,tcp,http,RSTR,967,268,0,0,0,1,0,1,1,0,0,0,0,0,0,15,11,0.08,0.055,0.645,38,30,normal
3,icmp,telnet,RSTO,124,602,0,0,0,1,0,1,0,0,0,0,0,0,0,19,18,0.045,0.11,0.81,35,18,normal
1,icmp,dns,RSTO,736,1047,0,0,0,0,0,1,0,0,0,0,0,0,0,21,15,0.114,0.194,0.654,41,16,normal
6,tcp,ssh,SH,574,161,0,0,0,2,0,1,0,0,0,0,0,0,0,9,13,0.055,0.033,0.817,33,30,normal
34,icmp,ssh,REJ,24,28,0,0,1,7,0,0,1,0,0,1,0,0,0,117,138,0.824,0.933,0.041,9,7,dos
7,tcp,dns,SF,21,29,0,0,0,5,0,0,2,0,0,0,0,0,0,123,117,0.758,0.956,0.27,11,9,probe
3,icmp,http,RSTR,19,0,0,0,0,5,0,0,1,0,0,0,0,0,0,136,93,0.99,0.867,0.352,11,10,probe
16,udp,ftp_data,S0,16,13,0,0,0,7,1,0,3,0,0,2,0,0,0,112,115,0.944,0.923,0.581,17,10,dos
2,udp,ssh,RSTR,707,2682,0,0,0,0,0,0,0,0,0,1,0,0,0,17,16,0.178,0.021,0.623,28,29,normal
55,icmp,ftp,S0,180,15,0,0,0,6,0,1,1,0,0,2,0,0,2,138,125,0.902,0.953,0.294,9,7,dos
63,tcp,smtp,REJ,66,1,0,0,0,5,0,0,0,0,0,1,1,0,1,121,111,0.951,0.887,0.591,16,8,r2l
0,udp,telnet,REJ,2314,150,0,0,0,0,0,1,0,0,0,0,0,0,0,13,18,0.098,0.286,0.619,29,15,normal
16,udp,dns,SF,130,1,0,0,0,8,0,0,2,0,0,2,3,0,1,120,112,0.655,0.858,0.015,8,7,dos
1,udp,imap,S0,523,1726,0,0,0,1,0,1,0,0,0,0,0,0,1,20,17,0.051,0.015,0.845,47,20,normal
6,tcp,ftp,REJ,432,68,0,0,0,0,0,1,0,0,0,0,0,0,1,19,8,0.053,0.327,0.544,29,22,normal
5,icmp,smtp,SF,459,187,0,0,0,2,0,1,0,0,0,1,0,0,0,16,12,0.028,0.008,0.635,33,15,normal
23,icmp,ftp,RSTR,119,241,0,0,0,3,0,0,1,0,0,0,1,0,2,104,107,0.798,0.821,0.026,17,9,dos
2,udp,pop3,SH,16,13,0,1,0,4,1,0,1,0,0,1,1,0,0,126,106,0.685,0.746,0.16,9,7,probe
7,icmp,imap,RSTR,2135,1407,0,0,0,3,0,1,0,0,0,0,0,0,0,12,17,0.023,0.136,0.416,21,25,normal
1,icmp,pop3,SH,14,94,0,0,0,6,1,0,4,0,0,1,0,0,1,126,124,0.584,0.99,0.105,12,8,probe
7,icmp,http,SH,620,35,0,0,0,3,1,0,3,0,0,1,0,0,0,119,103,0.954,0.821,0.074,13,5,r2l
5,udp,ssh,RSTR,5397,529,0,0,0,1,0,1,0,0,0,0,0,0,0,14,16,0.292,0.077,0.841,35,21,normal
0,udp,ftp_data,REJ,419,48,0,0,0,0,0,1,0,0,0,0,0,0,0,19,16,0.662,0.047,0.955,43,27,normal
3,tcp,dns,REJ,654,102,0,0,0,1,0,1,0,0,0,0,0,0,0,14,23,0.05,0.168,0.778,30,20,normal
0,udp,dns,SH,91,67,0,0,0,3,0,0,1,0,0,1,1,0,1,124,111,0.821,0.935,0.118,13,15,probe
3,udp,ftp,REJ,227,870,0,0,0,0,0,0,0,0,0,0,0,0,0,16,16,0.228,0.074,0.92,33,26,normal
3,tcp,ftp_data,SF,894,296,0,0,0,0,0,0,0,0,0,0,0,0,0,22,15,0.015,0.272,0.767,48,26,normal
16,tcp,ssh,REJ,4,429,0,0,0,4,1,0,2,0,0,0,4,0,0,123,103,0.967,0.845,0.478,12,10,r2l
0,udp,ftp_data,SF,114,22,0,0,0,3,1,0,3,0,0,1,1,0,2,117,113,0.625,0.839,0.125,13,8,dos
4,tcp,pop3,SH,546,526,0,0,0,1,0,1,0,0,0,0,0,0,0,16,16,0.014,0.064,0.835,41,18,normal
14,icmp,smtp,RSTO,38,16,0,0,0,7,0,0,1,0,0,0,0,0,0,105,113,0.888,0.93,0.288,13,10,u2r
76,tcp,pop3,REJ,62,13,0,0,0,5,1,0,5,0,0,1,0,0,1,122,105,0.693,0.507,0.103,12,8,dos
0,udp,ftp,S0,1511,50,0,0,0,0,0,1,0,0,0,0,0,0,0,25,27,0.11,0.222,0.832,31,15,normal
2,icmp,imap,SF,371,270,0,0,0,0,0,1,0,0,0,1,0,0,0,22,13,0.279,0.037,0.962,36,20,normal
0,icmp,dns,RSTR,6475,725,0,0,0,1,0,0,0,0,0,0,0,0,0,18,19,0.092,0.122,0.811,24,23,normal
4,icmp,ssh,RSTO,1140,417,0,0,0,1,0,1,0,0,0,0,0,0,0,17,20,0.342,0.151,0.755,36,25,normal
13,tcp,ftp,RSTR,1725,453,0,0,0,2,0,1,2,0,0,1,0,0,0,25,17,0.197,0.085,0.74,32,22,normal
0,tcp,ftp,S0,413,14,0,0,0,0,0,1,0,0,0,0,0,0,0,19,11,0.007,0.026,0.908,23,24,normal
1,udp,http,REJ,426,265,0,0,0,2,0,1,0,0,0,0,0,0,1,17,12,0.254,0.434,0.689,46,17,normal
0,udp,dns,RSTR,112,7,0,0,0,2,0,0,4,0,0,0,0,0,0,131,117,0.929,0.991,0.303,7,11,dos
3,tcp,http,REJ,66,19,0,0,0,6,0,0,1,0,0,3,1,0,1,122,124,0.937,0.709,0.225,6,11,dos
1,tcp,dns,SF,573,1028,0,0,0,1,0,1,0,0,0,0,0,0,0,14,17,0.038,0.521,0.762,35,18,normal
4,icmp,imap,SH,27,491,0,0,0,2,0,1,0,0,0,0,0,0,0,17,16,0.577,0.215,0.926,33,21,normal
1,udp,telnet,RSTR,388,249,0,0,0,1,0,1,0,0,0,0,0,0,0,12,16,0.036,0.175,0.811,38,24,normal
0,tcp,http,REJ,317,155,0,0,0,1,0,1,0,0,0,0,0,0,0,30,18,0.235,0.154,0.842,36,21,normal
3,udp,http,SH,81,109,0,0,0,3,0,0,7,0,0,2,0,0,1,101,95,0.79,0.86,0.637,10,7,dos
0,tcp,http,RSTO,22,6,0,0,0,3,2,0,1,0,0,0,0,0,0,131,119,0.881,0.942,0.367,13,14,dos
54,udp,telnet,RSTR,79,9,0,0,0,6,0,1,1,0,0,0,2,0,0,107,104,0.791,0.916,0.06,12,6,dos
0,icmp,telnet,RSTR,209,619,0,0,0,6,0,1,0,0,0,1,0,0,0,19,19,0.279,0.011,0.966,38,17,normal
0,tcp,imap,RSTR,153,231,0,0,0,0,0,1,1,0,0,0,0,0,0,20,15,0.184,0.042,0.548,33,19,normal
1,tcp,ftp,RSTO,2549,3859,0,0,0,1,0,1,1,0,0,0,0,0,0,17,24,0.11,0.175,0.98,32,29,normal
1,udp,imap,S0,1552,116,0,0,0,1,0,1,0,0,0,1,0,0,0,23,20,0.101,0.23,0.856,35,27,normal
10,tcp,ftp_data,RSTR,31,75,0,0,0,4,1,0,3,0,0,3,0,0,1,99,111,1.0,0.858,0.038,9,8,r2l
8,icmp,ftp,RSTO,1120,60,0,0,0,5,0,0,2,0,0,1,0,0,0,110,110,0.921,0.864,0.123,10,7,dos
6,tcp,imap,S0,101,455,0,0,0,4,0,1,0,0,0,1,1,0,1,19,7,0.04,0.385,0.783,38,21,normal
3,udp,http,SF,4,153,0,1,0,3,0,0,0,0,0,2,0,0,0,108,100,0.651,0.599,0.355,6,7,dos
0,udp,pop3,S0,405,1132,0,0,0,1,0,1,0,0,0,0,0,0,0,20,14,0.421,0.074,0.868,31,32,normal
11,udp,http,SH,7,138,0,0,1,7,0,0,1,0,0,3,0,0,1,142,122,0.927,0.919,0.236,24,12,probe
0,tcp,pop3,REJ,1149,295,0,0,0,1,0,1,1,0,0,0,0,0,0,16,13,0.21,0.015,0.902,38,22,normal
1,icmp,ftp_data,REJ,40,173,0,0,0,3,1,0,3,0,0,0,1,0,1,137,94,0.681,0.78,0.145,13,9,dos
0,icmp,ftp_data,RSTR,1381,989,0,0,0,2,0,1,0,0,0,0,1,0,0,18,23,0.139,0.152,0.852,44,37,normal
3,icmp,dns,S0,15,13,0,0,0,5,0,0,0,1,0,1,1,0,0,120,105,0.975,0.938,0.017,9,7,dos
0,icmp,ssh,RSTR,533,951,0,0,0,2,0,1,1,0,0,1,0,0,0,24,12,0.063,0.101,0.807,33,33,normal
0,tcp,ftp_data,SF,14,46,0,0,0,6,1,0,3,0,0,3,0,0,2,117,114,0.795,0.931,0.169,18,11,dos
8,icmp,pop3,REJ,56,12,0,0,0,4,0,0,4,0,0,0,0,0,0,118,118,0.875,0.782,0.102,14,19,dos
1,icmp,smtp,REJ,136,96,0,0,0,6,1,0,2,0,0,0,0,0,0,117,119,0.785,0.918,0.073,9,9,u2r
2,udp,ftp,S0,94,2229,0,0,0,0,0,0,0,0,0,1,0,0,0,22,14,0.072,0.121,0.952,32,23,normal
3,udp,dns,RSTO,19,136,0,0,0,7,0,1,1,0,0,1,0,0,2,139,101,0.869,0.975,0.027,9,9,dos
17,tcp,http,SH,21,22,0,0,0,4,1,0,3,0,0,2,0,0,0,114,107,0.916,0.785,0.189,9,8,dos
0,icmp,dns,RSTR,249,278,0,0,0,1,0,1,1,0,0,0,0,0,0,18,10,0.418,0.008,0.561,24,14,normal
0,tcp,imap,REJ,300,1,0,0,0,7,0,0,0,0,0,0,1,0,0,117,127,0.798,0.682,0.025,17,6,dos
3,udp,ssh,S0,133,187,0,0,0,0,0,1,0,0,0,0,0,0,0,11,19,0.087,0.013,0.748,39,25,normal
2,udp,ftp,RSTO,552,880,0,0,0,1,0,0,0,0,0,0,0,0,0,21,10,0.057,0.014,0.663,40,21,normal
56,icmp,smtp,RSTO,83,71,0,0,0,3,1,1,0,0,0,2,0,0,2,121,111,0.888,0.993,0.114,15,8,probe
7,udp,dns,RSTR,308,38,0,0,0,2,0,1,0,0,0,0,0,0,0,18,15,0.012,0.296,0.584,37,25,normal
0,udp,ssh,RSTR,453,422,0,0,0,0,0,1,0,0,0,0,0,0,1,21,14,0.117,0.138,0.911,34,22,normal
1,tcp,imap,SH,543,100,0,0,0,1,0,1,1,0,0,1,0,0,0,23,15,0.452,0.018,0.876,33,24,normal
3,tcp,ftp_data,RSTR,897,966,0,0,0,0,0,0,0,0,0,0,0,0,0,21,18,0.18,0.182,0.862,38,27,normal
0,tcp,smtp,SF,324,513,0,0,0,0,0,0,0,0,0,0,0,0,0,21,9,0.239,0.293,0.74,30,25,normal
24,icmp,dns,SH,64,61,0,0,0,2,0,0,3,0,0,2,1,0,1,111,117,0.818,0.838,0.216,10,14,dos
0,udp,imap,SF,218,298,0,0,0,1,0,1,0,0,0,0,0,0,0,19,13,0.305,0.337,0.677,39,26,normal
0,tcp,imap,REJ,70,547,0,0,0,1,0,1,0,0,0,0,0,0,0,20,13,0.178,0.056,0.771,30,18,normal
2,tcp,ftp_data,RSTR,15,5,0,0,0,8,0,0,1,0,0,0,0,0,1,115,110,0.904,0.979,0.158,6,14,u2r
0,udp,ftp,RSTO,208,159,0,0,0,0,0,1,0,0,0,1,0,0,0,17,11,0.195,0.511,0.715,45,26,normal
14,tcp,dns,S0,792,3,0,0,0,7,2,0,3,0,0,0,1,0,0,115,111,0.992,0.652,0.32,17,8,dos
4,icmp,http,RSTR,95,3,0,0,0,8,0,1,2,0,0,1,2,0,0,126,121,0.636,0.617,0.171,20,13,dos
30,tcp,dns,S0,398,11,0,0,0,4,0,1,1,0,0,1,0,0,0,132,99,0.702,0.893,0.005,8,6,dos
10,udp,pop3,REJ,173,76,0,0,0,6,0,1,2,0,0,1,2,0,1,102,109,0.729,0.741,0.257,12,11,dos
0,udp,ftp_data,SH,1582,1218,0,0,0,3,0,0,1,0,0,0,0,0,0,17,14,0.185,0.021,0.701,33,33,normal
23,icmp,telnet,REJ,26,304,0,0,0,5,1,0,0,0,0,1,0,0,1,116,105,0.985,0.977,0.303,10,11,probe
28,tcp,ftp_data,SF,723,10,0,0,0,6,0,0,3,0,0,0,0,0,1,111,123,0.922,0.743,0.072,11,12,dos
14,udp,smtp,REJ,56,183,0,0,0,2,0,0,3,0,0,2,1,0,1,127,107,0.951,0.923,0.205,11,7,dos
42,tcp,ssh,S0,499,6,0,0,0,6,0,0,0,0,0,1,1,0,1,124,123,0.938,0.819,0.483,15,12,dos
4,tcp,ftp_data,S0,2578,156,0,0,0,0,0,1,1,0,0,0,1,0,0,26,19,0.099,0.477,0.82,32,22,normal
6,icmp,pop3,SF,122,66,0,0,0,3,0,0,2,0,0,0,0,0,1,122,128,0.879,0.713,0.231,8,5,dos
1,icmp,telnet,S0,23,26,0,0,0,6,0,0,1,0,0,4,0,0,0,120,127,0.773,0.609,0.029,5,8,dos
0,tcp,pop3,S0,1332,380,0,0,0,0,0,1,0,0,0,0,0,0,1,17,17,0.032,0.021,0.967,36,23,normal
7,udp,http,RSTR,392,573,0,0,0,0,0,1,0,0,0,0,0,0,0,31,23,0.042,0.038,0.927,37,31,normal
60,icmp,ftp_data,RSTR,28,1,0,0,0,4,0,1,1,1,0,0,1,0,1,152,108,0.898,0.761,0.013,14,11,probe
0,tcp,dns,RSTR,37,0,0,0,0,7,1,0,2,0,0,0,0,0,2,122,106,0.958,0.831,0.189,6,11,probe
0,icmp,ftp,SF,159,209,0,0,0,2,0,1,0,0,0,2,0,0,0,14,13,0.261,0.144,0.811,33,17,normal
1,udp,imap,RSTO,620,552,0,0,0,2,0,1,0,0,0,0,1,0,0,18,7,0.181,0.152,0.876,39,39,normal
4,icmp,ftp_data,S0,14,33,0,0,0,5,0,0,1,0,0,0,0,0,1,113,103,0.871,0.755,0.42,4,13,dos
0,udp,telnet,S0,1779,234,0,0,0,1,0,1,0,0,0,0,0,0,1,25,13,0.014,0.13,0.492,26,35,normal
1,tcp,ftp,RSTO,4298,344,0,0,0,1,0,1,0,0,0,0,1,0,0,19,12,0.294,0.082,0.916,27,23,normal
0,udp,telnet,REJ,274,93,0,0,0,0,0,1,1,0,0,0,0,0,0,29,12,0.242,0.055,0.447,40,24,normal
2,icmp,ftp,S0,479,208,0,0,0,2,0,1,0,0,0,0,0,0,0,10,25,0.145,0.091,0.835,34,27,normal
4,tcp,dns,SF,186,1,0,1,0,5,0,0,2,0,0,1,0,0,0,129,114,0.978,0.666,0.244,9,9,r2l
4,icmp,ftp_data,SH,207,94,0,0,0,4,0,0,1,0,0,1,1,0,1,108,129,0.978,0.8,0.113,7,8,dos
3,tcp,ssh,REJ,3091,177,0,0,0,0,0,1,0,0,0,0,0,0,0,14,14,0.171,0.359,0.803,34,24,normal
29,tcp,pop3,SF,164,50,0,0,0,7,2,0,1,0,0,0,0,0,0,113,108,0.897,0.834,0.496,9,8,r2l
9,udp,smtp,RSTR,808,96,0,0,0,1,2,0,2,0,0,3,0,0,0,139,83,0.834,0.762,0.135,17,4,dos
22,tcp,smtp,REJ,62,68,0,0,0,3,0,1,3,0,0,1,0,0,0,120,114,0.792,0.707,0.301,15,12,dos
1,icmp,dns,RSTO,353,623,0,0,0,2,0,1,0,0,0,0,0,0,0,16,17,0.568,0.063,0.729,46,23,normal
0,icmp,imap,S0,1055,345,0,0,0,1,0,0,0,0,0,0,1,0,0,17,17,0.285,0.025,0.924,35,26,normal
1,icmp,smtp,SF,1139,409,0,0,0,0,0,0,0,0,0,0,0,0,0,14,17,0.25,0.184,0.829,34,25,normal
5,udp,dns,SF,938,133,0,0,0,2,0,1,1,0,0,0,0,0,0,19,10,0.08,0.186,0.797,40,23,normal
1,icmp,imap,SF,251,267,0,0,0,1,0,1,0,0,0,0,0,0,0,20,20,0.081,0.113,0.878,39,24,normal
7,icmp,ssh,REJ,483,335,0,0,0,1,0,0,0,0,0,0,0,0,0,28,18,0.005,0.073,0.978,33,23,normal
12,tcp,telnet,S0,520,34,0,0,0,4,1,0,2,0,0,0,1,0,0,116,112,0.494,0.66,0.309,26,17,probe
50,tcp,smtp,REJ,78,104,0,0,0,6,1,1,2,0,0,2,1,0,0,129,97,0.825,0.842,0.412,8,6,dos
3,udp,http,SH,169,12,0,0,0,0,0,1,0,0,0,0,1,0,0,22,13,0.149,0.095,0.883,37,21,normal
2,tcp,http,S0,606,75,0,0,0,1,0,1,0,0,0,0,0,0,1,21,12,0.084,0.022,0.274,26,40,normal
2,udp,imap,RSTR,180,84,0,0,0,1,0,1,0,0,0,0,0,0,0,19,13,0.183,0.011,0.907,51,25,normal
0,icmp,smtp,RSTO,400,213,0,0,0,0,0,1,0,0,0,1,0,0,1,24,10,0.074,0.306,0.933,31,27,normal
4,icmp,pop3,RSTR,104,97,0,0,0,1,0,0,0,0,0,1,0,0,0,25,12,0.078,0.058,0.61,39,32,normal
0,udp,ftp_data,REJ,1501,355,0,0,0,0,0,1,0,0,0,0,0,0,0,16,18,0.263,0.03,0.905,47,21,normal
4,tcp,ssh,RSTR,322,223,0,0,0,5,0,0,5,0,0,0,0,0,1,133,103,0.934,0.674,0.034,12,10,dos
6,tcp,ftp_data,SH,60,463,0,0,0,1,0,1,0,0,0,0,0,0,0,14,9,0.449,0.375,0.498,40,22,normal
7,icmp,imap,RSTO,20,415,0,0,0,6,0,0,0,0,0,0,0,0,0,115,103,0.522,0.882,0.423,12,5,dos
15,udp,http,REJ,116,20,0,0,0,5,0,0,3,0,0,1,2,0,0,112,113,0.876,0.938,0.16,8,8,dos
3,icmp,pop3,S0,159,192,0,0,0,1,0,0,0,0,0,1,0,0,0,21,8,0.152,0.326,0.917,38,34,normal
9,icmp,dns,S0,15,69,0,0,0,5,1,0,4,0,0,1,2,0,1,110,113,0.727,0.961,0.17,10,9,dos
2,tcp,telnet,SF,308,229,0,0,0,1,0,1,0,0,0,0,0,0,1,23,15,0.089,0.028,0.824,37,23,normal
7,tcp,smtp,S0,33,25,0,0,0,6,1,0,2,0,0,1,0,1,0,102,118,0.403,0.993,0.114,11,11,u2r
28,icmp,ftp,SH,160,7,0,0,0,5,1,0,3,0,0,0,1,0,0,119,98,0.734,0.894,0.074,19,11,r2l
2,icmp,ssh,RSTO,641,887,0,0,0,1,0,1,0,0,0,0,0,0,0,16,14,0.161,0.013,0.908,37,23,normal
1,udp,ssh,SF,518,181,0,0,0,0,0,1,1,0,0,0,0,0,0,21,12,0.07,0.175,0.926,40,23,normal
26,udp,ssh,SH,72,4,0,0,0,2,1,0,2,0,1,2,0,0,1,105,100,0.858,0.769,0.177,8,12,dos
3,udp,telnet,S0,559,661,0,0,0,0,0,1,0,0,0,0,0,0,0,18,12,0.095,0.054,0.529,26,25,normal
15,icmp,pop3,S0,80,164,0,0,0,1,1,0,1,0,0,1,0,0,0,115,97,0.972,0.95,0.18,14,11,dos
60,udp,telnet,SH,2,20,0,0,0,5,0,0,3,1,0,0,1,0,0,113,103,0.772,0.787,0.08,9,12,r2l
17,icmp,ftp,SF,30,12,0,0,0,3,1,0,2,0,0,1,1,0,2,107,104,0.841,0.789,0.007,13,6,probe
14,icmp,ssh,S0,596,12,0,0,0,3,0,0,2,0,0,2,0,0,0,114,126,0.985,0.806,0.361,7,8,dos
4,tcp,pop3,SH,196,678,0,0,0,2,0,1,0,0,0,0,0,0,0,16,11,0.345,0.057,0.94,40,20,normal
1,udp,http,REJ,1258,563,0,0,0,2,0,1,0,0,0,0,0,0,0,14,19,0.383,0.1,0.987,39,21,normal
2,icmp,http,RSTR,817,632,0,0,0,3,0,0,0,0,0,0,0,0,0,27,11,0.136,0.233,0.958,35,25,normal
0,tcp,ftp,S0,137,77,0,0,0,0,0,1,1,0,0,0,0,0,0,18,15,0.089,0.164,0.703,32,29,normal
1,icmp,imap,SF,1803,1063,0,0,0,1,0,1,1,0,0,0,0,0,0,26,13,0.109,0.1,0.622,33,24,normal
26,udp,smtp,REJ,40,63,0,0,0,6,1,0,2,0,0,0,0,0,1,106,107,0.685,0.977,0.372,14,14,dos
0,tcp,telnet,RSTR,2948,68,0,0,0,1,0,1,2,0,0,1,0,0,0,19,7,0.023,0.331,0.97,30,23,normal
2,tcp,ftp_data,S0,295,269,0,0,0,1,0,1,0,0,0,0,0,0,0,19,12,0.447,0.192,0.755,36,21,normal
12,tcp,smtp,S0,42,2508,0,0,0,5,0,0,2,0,0,1,2,0,0,125,110,0.702,0.942,0.115,17,5,dos
8,icmp,pop3,SF,831,183,0,0,0,4,2,0,3,0,1,4,1,0,0,114,119,0.749,0.697,0.142,13,12,dos
32,udp,imap,SH,741,154,0,0,0,8,2,0,3,0,0,2,1,0,0,129,104,0.893,0.854,0.217,9,12,probe
1,icmp,ftp,SF,595,11,0,0,0,2,0,1,1,0,0,1,0,0,0,24,9,0.196,0.277,0.703,29,24,normal
0,icmp,telnet,RSTO,130,115,0,0,0,1,0,1,0,0,0,0,1,0,0,21,18,0.058,0.085,0.885,29,24,normal
0,udp,http,REJ,184,155,0,0,0,0,0,1,0,0,0,0,0,0,0,25,10,0.194,0.187,0.973,29,30,normal
0,tcp,ftp,RSTR,428,425,0,0,0,1,0,1,0,0,0,0,0,0,0,27,19,0.208,0.293,0.795,37,30,normal
0,tcp,ssh,REJ,337,143,0,0,0,1,0,1,1,0,0,0,0,0,0,14,16,0.29,0.187,0.542,39,20,normal
2,icmp,imap,S0,14,216,0,0,0,4,0,0,1,0,0,0,2,0,0,138,108,0.567,0.619,0.09,17,9,dos
13,icmp,smtp,SH,27,185,0,0,0,3,1,0,1,0,0,1,1,0,0,136,115,0.69,0.647,0.056,17,6,dos
0,tcp,pop3,SF,660,350,0,0,0,4,0,1,0,0,0,0,0,0,0,19,14,0.471,0.081,0.553,29,32,normal
2,icmp,ssh,REJ,92,105,0,0,0,6,1,0,4,0,0,0,0,0,2,111,103,0.719,0.921,0.476,16,11,probe
0,icmp,pop3,RSTR,504,269,0,0,0,0,0,1,0,0,0,1,0,0,0,24,8,0.189,0.065,0.77,30,22,normal
0,udp,dns,SH,430,242,0,0,0,1,0,0,0,0,0,0,1,0,1,14,15,0.068,0.062,0.736,29,26,normal
14,tcp,smtp,RSTR,92,1,0,0,0,4,0,0,2,0,0,1,0,0,0,120,98,0.974,0.703,0.054,17,8,dos
12,tcp,imap,RSTO,285,541,0,0,0,1,0,1,0,0,0,2,0,0,0,24,8,0.048,0.045,0.796,38,28,normal
0,udp,ssh,SH,1141,81,0,0,0,0,0,0,0,0,0,1,0,0,0,15,17,0.028,0.252,0.582,24,26,normal
6,udp,imap,SH,54,2,0,0,0,5,1,0,2,0,0,3,1,0,1,121,110,0.831,0.796,0.048,18,10,dos
6,udp,dns,SF,205,0,0,0,0,7,1,0,1,0,0,1,1,0,1,127,103,0.947,0.652,0.146,15,14,probe
1,icmp,smtp,RSTR,640,1743,0,0,0,3,0,1,1,0,0,1,0,0,1,27,19,0.222,0.098,0.493,35,26,normal
6,udp,imap,S0,449,331,0,0,0,1,0,1,1,0,0,0,0,0,1,21,10,0.205,0.346,0.876,47,27,normal
11,icmp,http,SF,53,1100,0,0,0,9,1,0,1,0,0,0,0,0,1,136,108,0.715,0.927,0.126,19,11,dos
9,icmp,dns,RSTR,1394,154,0,0,0,2,0,0,0,0,0,0,0,0,0,27,12,0.087,0.135,0.713,37,26,normal
33,udp,pop3,RSTR,52,29,0,0,0,6,0,0,2,0,0,0,0,0,0,123,121,0.953,0.827,0.372,18,11,dos
1,icmp,ftp_data,RSTR,178,14,0,0,0,5,2,0,4,0,0,4,1,0,0,123,99,0.884,0.922,0.018,8,13,dos
28,tcp,smtp,RSTO,697,95,0,0,0,7,1,0,0,0,0,0,1,0,3,137,99,0.948,0.89,0.005,10,8,dos
4,tcp,telnet,REJ,991,4133,0,0,0,0,0,1,0,0,0,0,0,0,0,17,19,0.059,0.098,0.939,34,24,normal
1,tcp,pop3,RSTR,695,1283,0,0,0,0,0,1,0,0,0,1,0,0,0,25,16,0.139,0.128,0.717,46,20,normal
12,icmp,http,RSTO,72,413,0,0,0,6,0,0,6,0,0,0,1,0,1,120,104,0.911,0.644,0.08,11,7,dos
0,udp,ftp_data,REJ,5801,291,0,0,0,0,0,1,0,0,0,0,0,0,0,16,14,0.128,0.077,0.795,39,29,normal
2,udp,telnet,SF,2838,99,0,0,0,2,0,0,1,0,0,0,0,0,0,26,14,0.209,0.329,0.783,34,29,normal
1,tcp,http,SH,1788,104,0,0,0,0,0,1,0,0,0,0,0,0,0,15,20,0.17,0.006,0.935,32,17,normal
4,udp,ftp_data,SH,1189,153,0,0,0,0,0,1,0,0,0,1,0,0,1,20,22,0.017,0.038,0.825,38,28,normal
0,udp,pop3,RSTR,570,130,0,0,0,0,0,1,0,0,0,0,0,0,0,22,15,0.083,0.073,0.945,25,17,normal
0,udp,smtp,SH,1389,441,0,0,0,1,0,1,0,0,0,0,0,0,0,22,19,0.018,0.019,0.698,35,28,normal
16,icmp,ftp,RSTO,276,102,0,0,0,6,0,0,2,0,0,0,0,0,0,124,122,0.765,0.811,0.105,10,8,dos
10,udp,smtp,SH,72,21,0,0,0,2,1,0,0,0,0,0,1,0,1,109,131,0.926,0.912,0.217,16,9,dos
2,tcp,telnet,RSTR,168,4103,0,0,0,1,0,1,0,0,0,1,0,0,0,17,11,0.079,0.145,0.55,41,18,normal
14,tcp,imap,RSTO,123,90,0,0,0,5,1,0,8,0,0,0,1,0,0,122,97,0.821,0.957,0.258,14,10,dos
2,udp,http,REJ,559,480,0,0,0,1,0,0,0,0,0,1,0,0,0,23,17,0.03,0.313,0.703,47,25,normal
6,icmp,dns,S0,27,25,0,0,0,11,0,0,2,0,0,0,0,0,0,134,98,0.963,0.834,0.42,12,7,dos
0,udp,ftp,RSTR,34,74,0,0,0,1,0,1,0,0,0,0,0,0,0,24,17,0.095,0.048,0.779,31,31,normal
0,icmp,ftp_data,S0,250,167,0,0,0,0,0,1,1,0,0,0,0,0,0,20,11,0.255,0.216,0.936,38,27,normal
2,udp,ftp_data,REJ,3970,844,0,0,0,2,0,1,0,0,0,0,0,0,1,22,17,0.022,0.201,0.926,37,31,normal
4,udp,http,S0,1343,3424,0,0,0,1,0,0,0,0,0,0,0,0,0,16,17,0.132,0.273,0.376,30,32,normal
3,icmp,ftp_data,S0,1034,85,0,0,0,0,0,1,0,0,0,0,0,0,1,23,13,0.174,0.016,0.722,36,32,normal
0,tcp,telnet,SF,2044,148,0,0,0,0,0,1,0,0,0,0,0,0,1,19,22,0.042,0.072,0.389,30,28,normal
7,icmp,dns,RSTO,2551,236,0,0,0,2,0,1,0,0,0,0,0,0,0,25,14,0.197,0.259,0.815,30,19,normal
13,tcp,smtp,RSTO,81,17,0,0,0,4,1,0,1,0,0,2,2,0,0,109,116,0.521,0.718,0.077,11,11,dos
2,icmp,http,S0,243,28,0,0,0,4,0,0,1,0,0,1,0,0,0,100,114,0.902,0.942,0.049,12,13,dos
0,udp,ftp,RSTR,450,202,0,0,0,0,0,0,0,0,0,0,0,0,0,21,16,0.035,0.003,0.465,35,21,normal
3,tcp,pop3,RSTR,94,151,0,0,0,4,1,0,4,0,0,0,0,0,0,124,111,0.926,0.878,0.084,8,10,dos
1,icmp,ftp,RSTO,1651,154,0,0,0,1,0,1,0,0,0,0,0,0,0,26,18,0.001,0.345,0.851,44,20,normal
7,udp,ftp,RSTR,212,10,0,0,0,3,1,0,3,0,0,0,0,0,0,129,114,0.559,0.776,0.244,14,8,dos
26,udp,ssh,REJ,27,60,0,0,0,2,1,0,0,0,0,0,1,0,1,135,104,0.734,0.569,0.279,13,9,probe
0,udp,http,REJ,104,223,0,0,0,1,0,1,0,0,0,0,0,0,0,14,21,0.185,0.075,0.549,39,25,normal
4,udp,dns,RSTR,17,16,0,0,0,8,0,0,4,0,0,0,0,0,1,134,111,0.817,0.917,0.116,10,4,u2r
1,icmp,ssh,SF,972,750,0,0,0,3,0,0,1,0,0,1,1,0,0,20,14,0.175,0.34,0.773,29,20,normal
0,udp,pop3,RSTO,695,154,0,0,0,0,0,0,0,0,0,2,0,0,1,12,15,0.067,0.142,0.864,25,31,normal
1,udp,dns,SH,169,631,0,0,0,4,0,0,0,0,0,0,2,0,0,136,129,0.861,0.808,0.04,9,10,r2l
14,udp,pop3,RSTR,10,38,0,0,0,5,0,0,0,0,0,0,2,0,0,131,110,0.914,0.86,0.088,12,12,dos
11,udp,imap,S0,47,416,0,0,0,8,0,1,0,0,0,1,1,0,0,114,108,0.856,0.839,0.163,14,6,dos
3,tcp,telnet,SF,393,458,0,0,0,0,0,0,0,0,0,0,0,0,0,28,11,0.073,0.257,0.571,29,25,normal
13,icmp,pop3,RSTR,1,0,0,0,0,4,2,1,1,0,0,1,0,0,0,118,113,0.98,0.887,0.254,11,13,dos
3,udp,http,REJ,11,7,0,0,0,4,1,0,0,0,0,2,0,0,0,118,114,0.991,0.808,0.233,9,6,dos
26,tcp,smtp,REJ,23,3,0,0,0,4,1,0,4,0,0,0,0,0,0,110,110,0.878,0.575,0.295,15,8,dos
11,icmp,smtp,S0,129,130,1,0,0,3,1,0,0,0,0,0,0,0,2,93,107,0.951,0.665,0.173,13,9,dos
0,udp,telnet,REJ,223,1099,0,0,0,2,0,1,0,0,0,0,0,0,0,9,16,0.025,0.06,0.605,37,21,normal
1,tcp,ftp_data,SH,130,525,0,0,0,0,0,1,0,0,0,0,0,0,0,26,12,0.128,0.177,0.979,46,25,normal
1,udp,pop3,S0,577,1386,0,0,0,3,0,0,0,0,0,0,0,0,0,22,19,0.116,0.395,0.958,35,27,normal
1,tcp,telnet,SF,2069,217,0,0,0,3,0,1,0,0,0,0,0,0,0,21,16,0.119,0.005,0.938,39,29,normal
3,udp,smtp,SF,157,57,0,0,0,0,0,1,0,0,0,0,0,0,0,19,9,0.03,0.076,0.577,47,20,normal
0,icmp,smtp,SF,1456,58,0,0,0,1,0,1,1,0,0,1,0,0,0,17,11,0.088,0.295,0.89,26,27,normal
4,tcp,http,SF,560,184,0,0,0,2,0,0,0,0,0,0,1,0,1,25,13,0.061,0.088,0.976,32,22,normal
0,tcp,ftp_data,RSTO,45,1,0,0,0,5,1,1,1,0,0,1,2,0,0,106,106,0.726,0.971,0.26,11,4,probe
3,icmp,imap,REJ,227,278,0,0,0,2,0,1,0,0,0,1,1,0,0,24,24,0.542,0.057,0.912,30,22,normal
1,udp,dns,SF,51,2350,0,0,0,1,0,0,0,0,0,0,0,0,0,12,12,0.062,0.124,0.907,40,17,normal
12,icmp,ssh,RSTR,315,6,0,0,0,3,0,0,4,0,0,0,1,0,0,113,105,0.7,0.986,0.151,8,11,dos
2,udp,ftp,RSTR,1778,62,0,0,0,0,0,1,0,0,0,0,0,0,0,15,16,0.18,0.1,0.646,27,27,normal
0,icmp,pop3,REJ,1043,511,0,0,0,0,0,1,0,0,0,0,0,0,0,24,17,0.349,0.179,0.857,38,29,normal
5,tcp,pop3,REJ,66,550,0,0,0,1,0,1,0,0,0,0,0,0,0,17,15,0.01,0.096,0.832,30,23,normal
15,udp,pop3,SH,356,3,0,0,0,4,2,0,1,0,0,0,0,0,0,121,107,0.883,0.959,0.2,13,11,probe
6,icmp,pop3,S0,277,276,0,0,0,0,0,1,1,0,0,0,0,0,0,15,16,0.024,0.014,0.951,36,24,normal
0,icmp,smtp,SH,153,523,0,0,0,0,0,1,0,0,0,1,0,0,0,21,13,0.002,0.221,0.633,34,30,normal
0,icmp,ftp,REJ,487,1746,0,0,0,0,0,1,0,0,0,0,0,0,0,23,9,0.064,0.054,0.873,40,27,normal
5,udp,ftp_data,SH,1606,124,0,0,0,0,0,1,0,0,0,1,0,0,0,9,16,0.188,0.137,0.911,37,19,normal
2,udp,dns,S0,483,226,0,0,0,0,0,1,2,0,0,0,0,0,0,19,10,0.45,0.176,0.918,33,25,normal
2,icmp,ftp_data,RSTR,286,472,0,0,0,1,0,1,0,0,0,1,0,0,0,11,19,0.189,0.122,0.428,30,29,normal
2,icmp,ftp_data,SF,113,3,0,0,0,3,0,0,1,0,0,1,1,0,0,117,114,0.897,0.893,0.024,22,12,dos
6,icmp,smtp,S0,135,434,0,0,0,0,0,1,2,0,0,1,0,0,0,22,15,0.035,0.305,0.726,49,28,normal
1,tcp,ftp,RSTO,23,707,0,0,0,2,0,1,0,0,0,0,0,0,0,24,11,0.404,0.041,0.986,33,31,normal
0,tcp,http,RSTO,135,344,0,0,0,1,0,1,0,0,0,0,0,0,0,32,16,0.392,0.048,0.862,35,18,normal
0,icmp,ssh,RSTR,177,172,0,0,0,1,0,0,0,0,0,0,0,0,0,17,20,0.138,0.035,0.868,37,28,normal
7,udp,ssh,S0,50,3,0,0,0,9,0,0,3,0,0,0,0,0,0,119,113,0.677,0.791,0.713,12,11,dos
0,udp,imap,S0,1108,229,0,0,0,0,0,1,0,0,0,1,0,0,1,21,17,0.419,0.213,0.779,32,18,normal
10,tcp,dns,SF,611,797,0,0,0,0,0,0,2,0,0,0,0,0,2,29,12,0.013,0.463,0.703,20,19,normal
6,icmp,ftp_data,S0,74,28,0,0,0,4,0,0,1,0,0,1,1,0,1,94,91,0.688,0.829,0.272,19,14,dos
0,icmp,http,SF,53,622,0,0,0,1,0,1,1,0,0,2,0,0,0,18,21,0.33,0.152,0.691,36,22,normal
0,udp,smtp,RSTR,218,220,0,0,0,2,0,1,0,0,0,0,0,0,0,27,15,0.023,0.022,0.736,31,34,normal
0,udp,ftp,RSTR,496,95,0,0,0,1,0,0,0,0,0,0,1,0,0,20,21,0.047,0.273,0.443,25,21,normal
3,udp,http,RSTO,21,1,0,0,0,3,0,1,1,0,0,0,1,0,0,127,98,0.935,0.983,0.321,16,11,r2l
0,udp,pop3,S0,3125,666,0,0,0,1,0,1,0,0,0,0,1,0,0,16,15,0.106,0.006,0.686,43,23,normal
1,tcp,http,RSTO,719,1867,0,0,0,0,0,1,0,0,0,2,0,0,0,13,20,0.031,0.116,0.752,39,30,normal
9,tcp,ftp_data,REJ,238,62,0,0,0,2,0,0,0,0,0,0,3,0,0,106,108,0.796,0.732,0.126,14,7,dos
4,icmp,dns,REJ,241,62,0,0,0,5,0,0,2,0,0,1,0,0,1,129,129,0.465,0.889,0.201,12,15,dos
5,tcp,telnet,SH,1427,302,0,0,0,2,0,1,0,0,0,1,1,0,0,27,9,0.202,0.243,0.876,37,23,normal
0,tcp,pop3,S0,499,205,0,0,0,1,0,1,0,0,0,0,0,0,0,19,17,0.106,0.078,0.967,31,23,normal
5,tcp,ftp,S0,1328,97,0,0,0,1,0,1,1,0,0,1,0,0,0,20,17,0.096,0.007,0.805,41,33,normal
24,udp,dns,REJ,131,60,0,0,0,7,1,0,4,0,0,1,2,0,1,129,112,0.827,0.825,0.15,14,11,dos
2,tcp,ssh,RSTO,787,260,0,0,0,2,0,1,0,0,0,0,0,0,0,14,16,0.298,0.182,0.957,34,25,normal
5,tcp,ssh,S0,149,371,0,0,0,3,0,1,0,0,0,0,0,0,0,26,16,0.07,0.569,0.95,24,23,normal
28,udp,ftp,SH,179,25,0,0,0,4,0,0,0,0,0,0,1,0,0,125,103,0.92,0.626,0.413,19,12,r2l
0,tcp,smtp,S0,88,18,0,0,0,8,0,1,3,0,0,0,1,0,3,102,88,0.914,0.771,0.019,15,10,dos
16,udp,ftp_data,REJ,28,34,0,0,0,1,0,0,1,0,0,1,0,0,0,109,103,0.765,0.952,0.107,10,16,dos
17,tcp,pop3,SH,927,5,0,0,0,6,0,0,1,0,0,2,0,0,0,127,101,0.862,0.912,0.205,6,17,dos
2,udp,telnet,RSTO,99,1609,0,0,0,1,0,1,0,0,0,1,0,0,0,14,15,0.046,0.213,0.896,29,37,normal
12,tcp,pop3,SF,126,28,0,0,0,8,0,0,1,0,0,2,1,0,0,137,103,0.991,0.911,0.126,7,14,probe
1,icmp,imap,RSTR,279,84,0,0,0,0,0,0,0,0,0,0,0,0,0,20,15,0.282,0.018,0.707,39,20,normal
31,udp,http,RSTO,417,5,0,0,0,4,1,0,3,0,0,0,0,0,0,134,110,0.89,0.7,0.045,9,12,u2r
3,udp,ftp_data,RSTR,2019,455,0,0,0,0,0,1,0,0,0,0,0,0,0,11,13,0.027,0.099,0.35,44,18,normal
1,udp,telnet,RSTO,83,623,0,0,0,1,0,0,0,0,0,0,0,0,1,26,18,0.079,0.009,0.753,39,27,normal
11,icmp,ssh,SH,314,1641,0,0,0,0,0,1,0,0,0,0,0,0,0,28,7,0.115,0.044,0.844,42,25,normal
0,udp,dns,RSTR,746,75,0,0,0,0,0,1,0,0,0,1,0,0,0,22,22,0.205,0.01,0.592,28,26,normal
1,icmp,ftp,REJ,1012,310,0,0,0,1,0,1,0,0,0,0,0,0,0,28,17,0.016,0.189,0.8,40,19,normal
2,udp,http,RSTO,90,16,0,0,0,7,1,0,2,0,0,1,0,0,2,121,111,0.633,0.847,0.008,8,16,dos
6,udp,imap,SH,512,36,0,0,0,2,0,1,0,0,0,0,0,0,0,24,19,0.206,0.04,0.887,29,33,normal
21,icmp,http,SF,24,4,0,0,0,7,1,0,4,0,0,1,3,0,2,133,112,0.821,0.655,0.23,12,8,dos
2,icmp,smtp,SH,263,489,0,0,0,2,0,1,0,0,0,0,0,0,0,18,10,0.23,0.125,0.733,41,21,normal
20,tcp,telnet,REJ,1193,34,0,0,0,3,1,0,2,0,0,0,2,0,0,112,105,0.992,0.9,0.263,17,11,dos
20,tcp,ftp,S0,259,13,0,0,0,7,0,0,6,0,1,0,1,0,1,123,115,0.651,0.939,0.079,9,15,dos
21,udp,smtp,RSTO,15,2,0,0,0,5,1,0,4,0,0,0,0,0,0,91,95,0.972,0.976,0.415,9,11,dos
0,icmp,dns,RSTO,18,17,0,0,0,0,0,0,1,0,0,2,0,0,0,107,114,0.967,0.949,0.211,13,12,dos
3,tcp,ssh,REJ,1462,550,0,0,0,1,0,0,0,0,0,0,0,0,1,17,20,0.064,0.22,0.625,29,28,normal
19,icmp,smtp,S0,100,13,0,0,0,5,0,0,2,0,0,2,0,1,1,116,110,0.846,0.976,0.23,14,13,dos
1,udp,smtp,REJ,239,110,0,0,0,0,0,1,0,0,0,0,0,0,0,21,12,0.133,0.135,0.973,38,26,normal
13,icmp,ftp_data,REJ,572,901,0,0,0,5,1,0,2,0,0,0,1,0,2,114,106,0.504,0.889,0.029,10,10,dos
8,tcp,imap,SH,407,1431,0,0,0,1,0,1,0,0,0,0,0,0,0,10,19,0.293,0.058,0.797,25,19,normal
0,tcp,ssh,REJ,1505,195,0,0,0,2,0,1,0,0,0,0,0,0,0,18,14,0.065,0.029,0.637,42,20,normal
33,tcp,smtp,RSTR,68,2,0,0,0,4,0,1,5,0,0,0,1,0,0,119,121,0.751,0.836,0.31,10,13,probe
3,icmp,pop3,REJ,56,56,0,0,0,2,1,0,1,0,0,1,3,0,0,107,118,0.999,0.827,0.254,11,9,dos
0,tcp,http,SF,159,75,0,0,0,0,0,1,0,0,0,0,0,0,0,11,12,0.256,0.366,0.913,24,26,normal
1,tcp,dns,SH,291,229,0,0,0,1,0,1,0,0,0,0,0,0,0,18,15,0.191,0.296,0.621,44,32,normal
0,tcp,pop3,SF,1588,154,0,0,0,2,0,1,0,0,0,0,0,0,3,26,14,0.204,0.2,0.708,25,23,normal
36,icmp,dns,RSTR,413,36,0,0,0,6,1,1,3,0,0,0,2,0,1,129,94,0.989,0.769,0.231,14,7,r2l
31,udp,ftp_data,RSTO,740,11,0,0,0,7,1,0,3,0,0,2,1,0,0,118,103,0.391,0.779,0.024,12,8,dos
39,udp,dns,RSTR,37,371,0,0,0,4,0,0,3,0,0,0,1,0,0,121,106,0.694,0.883,0.301,12,6,dos
27,tcp,dns,S0,96,8,0,0,0,8,0,1,3,0,0,2,0,1,0,132,100,0.876,0.936,0.449,14,15,dos
20,udp,smtp,RSTR,390,0,0,1,0,4,0,0,3,0,0,1,0,0,0,119,120,0.882,0.877,0.255,6,13,probe
2,icmp,dns,RSTO,339,2149,0,0,0,1,0,1,0,0,0,0,0,0,1,21,17,0.118,0.038,0.543,23,36,normal
16,tcp,smtp,S0,154,4440,0,0,0,8,1,0,2,0,0,2,0,0,1,121,105,0.93,0.612,0.05,8,12,probe
5,udp,imap,RSTR,247,182,0,0,0,3,1,0,3,0,0,0,1,0,1,117,117,0.843,0.548,0.657,12,12,probe
1,tcp,smtp,SH,1522,105,0,0,0,1,0,1,0,0,0,0,0,0,0,19,15,0.293,0.693,0.732,29,21,normal
11,tcp,ssh,RSTO,90,58,0,0,0,3,0,1,2,0,0,1,2,0,2,115,110,0.991,0.651,0.064,11,9,probe
2,icmp,ssh,SH,701,376,0,0,0,1,0,1,3,0,0,0,0,0,0,9,19,0.346,0.063,0.829,38,26,normal
31,udp,imap,REJ,73,27,0,0,0,9,0,0,3,0,0,1,0,0,0,96,121,0.292,0.974,0.011,10,12,r2l
5,udp,smtp,RSTO,960,22,0,0,0,12,0,0,0,0,0,0,2,0,1,102,103,0.929,0.632,0.031,14,7,dos
1,udp,smtp,S0,329,386,0,0,0,0,0,1,0,0,0,0,1,0,0,19,11,0.04,0.313,0.71,31,26,normal
3,udp,smtp,SH,829,142,0,0,0,1,0,0,0,0,0,2,1,0,0,25,18,0.192,0.368,0.805,32,25,normal
3,tcp,telnet,SH,2793,843,0,0,0,1,0,1,0,0,0,2,0,0,0,25,16,0.188,0.184,0.921,34,28,normal
0,icmp,telnet,REJ,640,614,0,0,0,0,0,1,0,0,0,0,0,0,0,14,21,0.133,0.014,0.9,37,32,normal
1,icmp,telnet,RSTR,1290,168,0,0,0,0,0,1,0,0,0,0,0,0,0,21,12,0.109,0.602,0.898,30,25,normal
7,udp,ssh,RSTR,10,7,0,0,0,2,1,0,2,0,1,2,0,0,0,137,119,0.933,0.858,0.546,14,6,dos
2,icmp,telnet,SH,507,650,0,0,0,1,0,1,1,0,0,0,0,0,0,29,11,0.034,0.256,0.632,37,29,normal
4,icmp,pop3,SH,179,202,0,0,0,3,0,0,2,0,0,1,0,0,0,116,113,0.868,0.888,0.023,9,11,dos
3,tcp,telnet,SH,372,170,0,0,0,0,0,1,0,0,0,0,1,0,0,22,12,0.142,0.184,0.977,39,23,normal
51,icmp,ssh,RSTR,17,44,0,0,0,6,1,0,3,0,0,2,1,0,1,125,99,0.934,0.604,0.185,5,10,dos
3,udp,dns,SH,431,174,0,0,0,5,0,1,0,0,0,0,0,0,0,13,18,0.339,0.034,0.459,38,21,normal
1,icmp,telnet,RSTO,433,443,0,0,0,0,0,0,0,0,0,0,0,0,0,19,14,0.041,0.177,0.575,40,26,normal
2,icmp,telnet,SF,349,772,0,0,0,1,0,1,1,0,0,0,0,0,0,11,6,0.097,0.002,0.571,28,21,normal
4,icmp,smtp,S0,81,6,0,0,0,5,1,0,1,0,0,1,2,0,0,116,123,0.877,0.911,0.012,15,10,dos
1,icmp,telnet,RSTR,5,547,0,0,0,12,0,1,1,0,0,0,0,0,0,107,102,0.866,0.795,0.087,14,10,dos
9,icmp,smtp,SF,364,184,0,0,0,7,0,0,4,0,0,1,1,0,0,109,135,0.863,0.984,0.137,10,20,probe
2,udp,pop3,REJ,63,52,0,0,0,7,0,1,2,0,0,2,0,0,0,118,116,0.964,0.977,0.071,9,9,r2l
1,udp,ftp_data,RSTO,2591,168,0,0,0,1,0,1,0,0,0,0,0,0,0,14,27,0.191,0.094,0.569,40,21,normal
3,tcp,ftp,SF,48,175,0,0,0,1,0,1,0,0,0,0,0,0,0,20,6,0.061,0.004,0.935,29,36,normal
9,udp,telnet,REJ,263,562,0,0,0,3,0,0,0,0,0,0,0,0,0,11,16,0.009,0.243,0.637,33,20,normal
3,icmp,imap,RSTR,2082,69,0,0,0,1,0,1,0,0,0,0,0,0,1,10,15,0.075,0.075,0.608,41,23,normal
12,tcp,ftp,REJ,12,1,0,0,0,4,0,0,6,0,0,0,0,0,0,126,82,0.931,0.816,0.545,12,6,dos
0,tcp,smtp,REJ,955,122,0,0,0,0,0,1,1,0,0,0,0,0,0,22,19,0.062,0.225,0.942,39,19,normal
0,tcp,telnet,SH,903,221,0,0,0,0,0,1,0,0,0,0,0,0,0,11,13,0.084,0.019,0.871,42,22,normal
0,udp,imap,RSTR,373,247,0,0,0,2,0,1,0,0,0,0,0,0,0,29,20,0.062,0.152,0.708,27,25,normal
40,tcp,ftp,RSTR,373,106,0,0,0,3,0,0,1,0,0,0,3,0,0,109,111,0.926,0.832,0.17,12,6,probe
0,udp,smtp,REJ,150,284,0,0,0,1,0,1,0,0,0,0,0,0,0,19,15,0.084,0.215,0.645,35,24,normal
2,udp,ftp,SH,1010,120,0,0,0,0,0,1,0,0,0,0,0,0,1,23,11,0.09,0.101,0.899,30,26,normal
0,udp,ssh,RSTR,131,225,0,0,0,3,0,1,0,0,0,0,0,0,1,18,9,0.058,0.352,0.899,37,33,normal
3,icmp,ssh,SH,279,143,0,0,0,0,0,0,0,0,0,0,1,0,0,19,17,0.13,0.184,0.603,26,23,normal
0,icmp,ftp_data,RSTO,276,468,0,0,0,1,0,1,0,0,0,0,1,0,1,19,7,0.202,0.226,0.931,32,29,normal
31,tcp,smtp,RSTO,640,1154,0,0,0,10,0,0,4,0,0,0,1,0,0,100,130,0.734,0.819,0.49,18,9,r2l
0,udp,ftp,RSTO,285,769,0,0,0,1,0,1,1,0,0,0,0,0,0,21,18,0.242,0.065,0.53,36,40,normal
6,tcp,imap,S0,3150,2,0,0,0,6,1,0,0,0,0,1,2,0,0,110,120,0.858,0.67,0.095,9,17,probe
2,icmp,telnet,S0,47,117,0,0,0,4,1,0,2,0,0,0,1,0,2,100,112,0.951,0.985,0.324,8,5,dos
4,udp,imap,SH,120,164,0,0,0,5,0,0,1,0,0,0,0,0,0,119,116,0.506,0.56,0.026,11,7,dos
2,icmp,imap,RSTR,558,49,0,0,0,1,0,1,0,0,0,0,0,0,0,18,18,0.386,0.04,0.637,30,13,normal
4,tcp,pop3,SF,166,37,0,0,0,4,1,0,5,0,0,0,0,0,2,119,102,0.764,0.887,0.331,14,6,probe
7,udp,ftp,REJ,771,0,0,0,0,2,2,0,1,0,0,0,1,0,0,133,124,0.862,0.674,0.082,14,11,dos
7,icmp,http,SH,152,0,0,0,0,3,2,0,1,0,0,0,0,0,0,113,94,0.895,0.861,0.274,13,7,dos
30,tcp,ftp,RSTO,62,14,0,0,0,2,0,0,3,0,0,1,0,0,0,131,114,0.695,0.838,0.367,21,12,probe
31,udp,telnet,RSTR,27,2695,0,0,0,4,1,0,3,0,0,0,2,0,0,141,116,0.819,0.848,0.099,10,9,dos
2,tcp,ftp,REJ,1120,66,0,0,0,2,0,1,0,0,0,0,0,0,0,16,18,0.033,0.075,0.889,30,19,normal
4,icmp,dns,S0,163,29,0,0,0,4,2,0,2,0,0,0,1,0,0,115,103,0.866,0.707,0.22,12,13,probe
0,udp,dns,SF,1132,182,0,0,0,1,0,1,1,0,0,0,0,0,0,25,14,0.363,0.27,0.967,38,27,normal
41,udp,ssh,REJ,39,226,0,0,0,3,0,0,0,0,0,0,1,1,0,125,95,0.698,0.879,0.239,18,5,dos
1,udp,ftp_data,S0,62,1939,0,0,0,1,0,1,0,0,0,0,1,0,0,27,17,0.107,0.17,0.898,33,21,normal
2,udp,ftp_data,SH,405,146,0,0,0,1,0,0,0,0,0,0,0,0,0,22,15,0.113,0.05,0.691,30,19,normal
1,udp,imap,RSTO,257,71,0,0,0,4,0,0,0,0,0,0,1,0,0,123,108,0.866,0.904,0.377,5,8,u2r
0,icmp,smtp,SF,81,108,0,0,0,3,1,0,0,0,0,0,0,0,0,114,126,0.808,0.756,0.292,9,21,dos
1,icmp,imap,S0,695,407,0,0,0,2,0,0,0,0,0,0,0,0,0,16,22,0.011,0.236,0.397,24,34,normal
0,udp,ftp,RSTO,1483,181,0,0,0,1,0,1,0,0,0,0,0,0,0,19,10,0.055,0.043,0.807,32,32,normal
1,tcp,pop3,SF,219,6012,0,0,0,0,0,1,0,0,0,0,0,0,0,19,14,0.114,0.077,0.672,30,23,normal
14,udp,telnet,REJ,207,10,0,0,0,7,1,0,2,0,0,0,1,0,1,126,113,0.998,0.805,0.38,15,9,dos
36,tcp,ssh,S0,148,139,0,0,0,1,1,0,1,0,0,0,1,0,0,105,126,0.717,0.93,0.122,8,14,probe
0,tcp,imap,SH,767,171,0,0,0,2,0,1,1,0,0,1,0,0,0,19,12,0.0,0.198,0.55,33,24,normal
2,icmp,ftp_data,SF,572,73,0,0,0,1,0,1,0,0,0,1,1,0,0,21,17,0.193,0.42,0.827,38,20,normal
2,tcp,ssh,RSTO,580,81,0,0,0,2,0,1,0,0,0,1,0,0,0,22,12,0.096,0.157,0.984,39,27,normal
3,tcp,ssh,REJ,947,232,0,0,0,1,0,1,0,0,0,1,0,0,0,23,16,0.127,0.012,0.98,37,24,normal
40,tcp,ftp,SH,30,252,0,0,0,2,2,0,2,0,0,0,0,0,2,128,118,0.77,0.837,0.227,12,11,dos
3,udp,telnet,S0,8600,193,0,0,0,5,1,0,1,0,0,1,1,0,0,103,109,0.951,0.948,0.044,18,10,dos
1,tcp,smtp,SF,2415,271,0,0,0,0,0,1,0,0,0,1,0,0,0,16,8,0.168,0.05,0.773,42,23,normal
0,icmp,pop3,RSTO,693,103,0,0,0,0,0,0,0,0,0,0,1,0,0,20,18,0.046,0.1,0.998,36,24,normal
4,udp,pop3,SH,292,122,0,0,0,0,0,0,0,0,0,1,0,0,0,14,22,0.313,0.104,0.488,49,24,normal
13,tcp,ssh,S0,297,12,0,0,0,5,0,0,1,0,0,0,0,0,0,106,106,0.864,0.891,0.231,11,11,dos
0,icmp,telnet,S0,208,451,0,0,0,0,0,0,0,0,0,0,0,0,1,24,9,0.132,0.009,0.875,46,20,normal
4,tcp,telnet,RSTO,150,12,0,0,0,1,0,0,3,0,0,1,0,0,0,107,94,0.676,0.93,0.343,15,13,dos
0,icmp,telnet,RSTO,1239,191,0,0,0,2,0,1,0,0,0,1,0,0,0,18,23,0.047,0.075,0.908,34,23,normal
19,udp,imap,RSTO,33,15,0,1,0,3,1,0,2,0,0,2,0,0,0,123,121,0.738,0.992,0.31,15,14,dos
1,tcp,ftp_data,RSTO,185,3040,0,0,0,0,0,1,0,0,0,0,0,0,0,19,18,0.208,0.27,0.752,39,21,normal
1,udp,pop3,RSTR,737,110,0,0,0,1,0,0,0,0,0,0,1,0,0,28,18,0.193,0.062,0.57,32,28,normal
12,udp,ftp,RSTO,196,5,0,0,0,9,0,0,2,0,0,1,2,0,1,107,114,0.975,0.718,0.006,7,25,dos
4,icmp,ftp_data,SH,1140,471,0,0,0,3,0,0,0,0,0,1,0,0,0,20,14,0.157,0.256,0.774,27,19,normal
2,udp,telnet,S0,479,67,0,0,0,1,0,1,1,0,0,1,0,0,0,24,11,0.363,0.049,0.75,35,15,normal
11,tcp,ftp,RSTO,265,7,0,0,0,2,0,0,1,0,0,0,1,0,2,112,127,0.798,0.8,0.044,6,13,dos
7,tcp,smtp,RSTO,390,563,0,0,0,0,0,1,0,0,0,0,0,0,0,18,11,0.236,0.011,0.727,40,29,normal
2,tcp,dns,REJ,131,366,0,0,0,0,0,1,0,0,0,0,0,0,0,18,8,0.041,0.164,0.746,43,28,normal
3,udp,dns,RSTO,76,713,0,0,0,0,0,1,0,0,0,0,0,0,0,24,7,0.106,0.021,0.844,29,25,normal
8,icmp,smtp,RSTO,369,377,0,0,0,2,0,1,0,0,0,0,0,0,0,25,24,0.28,0.082,0.868,37,29,normal
4,udp,telnet,RSTR,21,16,0,0,0,5,0,0,5,0,0,0,1,0,1,115,117,0.823,0.841,0.049,16,10,probe
1,udp,ssh,SF,750,37,0,0,0,1,0,1,0,0,0,0,0,0,0,21,16,0.25,0.599,0.778,42,17,normal
1,icmp,telnet,RSTO,392,49,0,0,0,4,0,1,1,0,0,2,2,0,0,120,100,0.895,0.974,0.07,12,8,u2r
1,icmp,dns,REJ,164,770,0,0,0,0,0,0,0,0,0,0,0,0,0,28,11,0.099,0.008,0.82,38,29,normal
5,icmp,smtp,RSTO,581,559,0,0,0,1,0,1,0,0,0,0,0,0,0,25,21,0.029,0.219,0.814,32,19,normal
2,tcp,ftp_data,SF,419,117,0,0,0,1,0,1,0,0,0,0,0,0,0,26,16,0.069,0.42,0.9,33,37,normal
0,icmp,pop3,RSTR,260,162,0,0,0,1,0,1,1,0,0,0,0,0,0,21,13,0.193,0.234,0.738,37,27,normal
0,udp,imap,SH,292,34,0,0,0,2,0,1,0,0,0,0,1,0,0,22,13,0.158,0.046,0.837,37,19,normal
10,udp,dns,SF,24,12,0,0,0,4,0,0,3,0,0,1,0,0,0,114,115,0.95,0.823,0.123,18,5,dos
5,udp,http,SF,282,10,0,0,0,6,0,0,0,0,0,0,2,0,0,118,112,0.993,0.836,0.162,9,8,dos
6,icmp,ssh,SF,69,410,0,0,0,7,1,0,1,0,0,0,1,0,0,122,118,0.935,0.977,0.251,18,8,dos
15,udp,pop3,RSTR,15,3,0,0,0,3,0,0,0,0,0,0,1,0,1,122,120,0.912,0.936,0.026,13,14,dos
0,udp,telnet,REJ,559,178,0,0,0,2,0,1,0,0,0,0,0,0,0,22,14,0.045,0.196,0.833,28,30,normal
3,udp,ftp_data,S0,3291,256,0,0,0,3,0,1,0,0,0,0,1,0,0,12,17,0.007,0.006,0.826,43,24,normal
6,tcp,ftp,SH,487,96,0,0,0,5,1,0,2,0,0,1,1,0,0,128,86,0.835,0.94,0.182,12,7,probe
0,icmp,dns,SH,556,287,0,0,0,0,0,0,1,0,0,1,0,0,0,17,15,0.204,0.124,0.878,36,30,normal
8,icmp,smtp,SF,2070,124,0,0,0,1,0,1,1,0,0,0,0,0,1,29,12,0.129,0.125,0.803,36,17,normal
6,icmp,ftp,REJ,364,24,0,0,0,4,2,0,1,0,0,1,1,1,0,115,122,0.653,0.911,0.358,14,8,dos
1,icmp,http,SH,458,101,0,0,0,0,0,1,0,0,0,0,0,0,1,15,11,0.19,0.06,0.636,33,20,normal
5,tcp,telnet,REJ,70,210,0,0,0,2,0,1,1,0,0,2,0,0,0,117,103,0.781,0.701,0.063,13,10,u2r
0,icmp,dns,SF,290,5193,0,0,0,2,0,1,1,0,0,1,0,0,0,20,12,0.089,0.03,0.595,39,24,normal
7,icmp,pop3,SH,1265,713,0,0,0,0,0,1,0,0,0,0,0,0,0,17,20,0.229,0.008,0.767,45,18,normal
21,udp,dns,RSTR,264,321,0,0,0,7,0,0,3,0,0,1,0,0,0,124,105,0.877,0.762,0.642,16,7,dos
2,udp,ssh,SH,627,515,0,0,0,3,0,1,1,0,0,0,0,0,0,17,19,0.26,0.436,0.923,34,25,normal
2,icmp,ssh,RSTR,70,101,0,0,0,1,0,1,0,0,0,0,0,0,0,20,13,0.224,0.055,0.977,28,18,normal
2,udp,dns,REJ,2745,72,0,0,0,3,0,1,0,0,0,1,0,0,0,19,7,0.201,0.14,0.749,36,18,normal
1,udp,ssh,S0,1026,318,0,0,0,0,0,1,0,0,0,0,0,0,0,19,11,0.184,0.037,0.8,29,24,normal
19,icmp,telnet,SH,43,6,0,0,0,7,0,0,0,0,0,0,0,0,0,112,121,0.777,0.738,0.342,11,4,dos
4,tcp,ftp_data,SH,436,102,0,0,0,0,0,1,0,0,0,0,0,0,0,22,13,0.124,0.033,0.737,27,32,normal
2,udp,http,SH,1451,46,0,0,0,6,2,0,4,0,0,0,3,0,1,129,99,0.615,0.959,0.322,8,6,probe
1,icmp,telnet,SF,326,371,0,0,0,1,0,1,0,0,0,0,0,0,0,19,25,0.013,0.035,0.939,42,24,normal
9,udp,ftp,REJ,101,1578,0,0,0,6,1,0,2,0,0,1,0,0,0,117,98,0.565,0.977,0.291,14,14,dos
8,tcp,ftp_data,SF,114,301,0,0,0,6,2,0,3,0,0,0,2,0,0,113,123,0.751,0.736,0.054,7,9,u2r
17,udp,telnet,REJ,33,6,0,0,1,5,0,0,0,0,0,0,1,0,0,121,118,0.929,0.857,0.308,12,12,dos
32,udp,telnet,SF,53,24,0,0,0,5,1,0,1,0,0,0,1,0,1,119,114,0.894,0.743,0.154,6,10,r2l
29,icmp,ftp_data,SH,575,186,0,0,0,3,1,0,0,0,0,1,1,0,0,136,89,0.92,0.867,0.045,17,18,dos
0,icmp,imap,SF,142,18,0,1,0,4,0,0,1,0,0,1,0,0,0,132,106,0.784,0.796,0.399,10,7,dos
2,udp,smtp,SH,634,579,0,0,0,1,0,1,0,0,0,0,1,0,0,17,9,0.135,0.292,0.88,29,28,normal
2,icmp,imap,RSTO,72,33,0,0,0,4,0,1,0,0,0,0,0,0,0,13,17,0.084,0.519,0.938,34,35,normal
5,icmp,dns,SF,1116,183,0,0,0,6,0,0,2,0,0,1,0,0,0,112,104,0.853,0.95,0.053,14,9,probe
2,icmp,smtp,SF,50,6,0,0,0,2,2,0,2,0,0,2,0,0,0,117,109,0.863,0.996,0.275,9,6,r2l
1,icmp,dns,S0,143,8,0,0,0,4,0,0,2,0,0,0,0,0,0,135,103,0.962,0.863,0.274,15,6,dos
11,udp,imap,SF,1201,727,0,0,0,4,1,0,2,0,0,2,1,0,1,118,117,0.909,0.865,0.003,20,6,dos
5,tcp,http,SH,4815,202,0,0,0,0,0,1,0,0,0,0,0,0,0,28,18,0.143,0.195,0.845,33,28,normal
8,icmp,imap,RSTO,493,5,0,0,0,8,0,0,1,0,0,0,1,0,0,133,100,0.766,0.8,0.317,13,9,dos
2,udp,dns,SH,2024,389,0,0,0,2,0,1,0,0,0,0,0,0,0,23,10,0.261,0.062,0.893,37,24,normal
5,udp,dns,S0,154,114,0,0,0,5,0,0,0,0,0,0,0,0,0,13,16,0.086,0.066,0.982,40,25,normal
3,icmp,ftp,S0,228,144,0,0,0,3,1,0,0,0,0,1,0,0,0,137,110,0.789,0.923,0.099,7,7,dos
3,udp,imap,REJ,747,649,0,0,0,2,0,0,0,0,0,0,1,0,0,17,12,0.075,0.175,0.683,25,26,normal
2,tcp,ftp_data,RSTR,128,147,0,0,0,7,0,0,4,0,0,0,1,0,0,117,107,0.71,0.755,0.414,10,10,probe
0,icmp,ftp_data,SH,337,762,0,0,0,0,0,1,1,0,0,0,1,0,0,15,12,0.085,0.144,0.814,36,30,normal
4,icmp,http,REJ,123,497,0,0,0,2,0,1,0,0,0,0,0,0,0,25,14,0.36,0.139,0.807,42,32,normal
0,udp,telnet,RSTO,533,596,0,0,0,2,0,0,0,0,0,2,0,0,0,14,16,0.022,0.193,0.847,38,19,normal
1,tcp,telnet,S0,398,1515,0,0,0,1,0,1,0,0,0,0,0,0,0,12,12,0.217,0.001,0.634,32,26,normal
1,tcp,imap,SF,368,63,0,0,0,0,0,1,0,0,0,0,0,0,0,22,12,0.017,0.159,0.975,44,17,normal
1,tcp,smtp,SH,2986,71,0,0,0,10,1,0,3,0,0,0,0,0,1,114,82,0.487,0.941,0.501,14,13,dos
1,icmp,ftp,RSTR,160,153,0,0,0,0,0,1,0,0,0,0,0,0,0,26,15,0.057,0.147,0.779,34,19,normal
2,icmp,imap,SH,1644,572,0,0,0,3,0,1,0,0,0,0,0,0,1,21,10,0.086,0.036,0.439,38,23,normal
0,tcp,ssh,RSTR,2231,851,0,0,0,0,0,1,0,0,0,0,0,0,0,21,14,0.368,0.134,0.745,39,34,normal
0,icmp,ssh,REJ,2059,307,0,0,0,2,0,1,2,0,0,1,0,0,0,25,12,0.037,0.405,0.898,30,21,normal
0,tcp,telnet,SF,43,9,0,0,0,7,0,0,1,0,0,0,0,0,0,141,104,0.965,0.951,0.116,12,7,probe
1,icmp,http,SH,123,17,0,0,0,6,1,0,3,0,0,0,1,0,0,106,99,0.889,0.865,0.563,10,16,r2l
1,udp,pop3,S0,741,316,0,0,0,2,0,0,0,0,0,0,0,0,0,15,13,0.232,0.167,0.876,39,27,normal
1,icmp,pop3,RSTR,552,462,0,0,0,2,0,1,0,0,0,0,0,0,1,15,25,0.067,0.355,0.79,33,35,normal
12,udp,pop3,RSTR,32,136,0,0,1,4,2,0,1,0,0,1,2,0,0,137,98,0.812,0.873,0.429,12,5,probe
38,tcp,smtp,S0,10,28,0,0,0,3,1,0,1,0,0,0,0,0,0,108,106,0.976,0.448,0.152,13,11,dos
1,udp,imap,SH,1238,164,0,0,0,0,0,0,0,0,0,0,0,0,0,25,13,0.114,0.126,0.441,35,40,normal
40,udp,smtp,RSTO,134,34,0,0,0,7,1,0,1,0,0,0,0,0,0,107,96,0.963,0.985,0.026,10,15,dos
39,udp,dns,REJ,520,156,0,0,0,5,0,0,0,0,0,1,1,0,1,120,119,0.844,0.635,0.157,16,6,dos
6,udp,dns,SF,109,279,0,0,0,1,0,0,0,0,0,0,0,0,0,20,18,0.016,0.052,0.634,46,31,normal
4,udp,ssh,SF,172,43,0,0,0,1,0,1,0,0,0,0,0,0,0,25,16,0.054,0.39,0.959,33,26,normal
2,udp,dns,SF,125,49,0,0,0,4,1,0,1,0,0,0,0,0,0,123,120,0.755,0.919,0.135,22,7,dos
2,tcp,ftp_data,REJ,388,1303,0,0,0,2,0,1,0,0,0,0,0,0,0,19,11,0.219,0.192,0.887,30,33,normal
1,icmp,pop3,RSTO,663,104,0,0,0,1,0,0,0,0,0,2,0,0,0,99,118,0.944,0.659,0.714,14,13,dos
1,icmp,smtp,RSTR,33,29,0,0,0,7,0,0,0,1,0,1,0,0,0,114,104,0.816,0.66,0.042,13,10,dos
1,tcp,ftp,RSTO,119,369,0,0,0,0,0,1,0,0,0,0,0,0,0,11,12,0.03,0.114,0.917,26,21,normal
0,tcp,dns,S0,922,216,0,0,0,1,0,1,0,0,0,0,0,0,0,26,13,0.641,0.03,0.829,34,25,normal
3,udp,dns,RSTO,66,64,0,0,0,5,0,1,2,0,0,0,1,0,1,127,108,0.947,0.851,0.195,12,12,probe
0,tcp,pop3,RSTR,260,1699,0,0,0,1,0,0,0,0,0,0,0,0,1,16,15,0.257,0.255,0.602,37,31,normal
15,udp,dns,SH,78,136,0,0,0,5,3,0,3,0,0,2,1,0,0,131,110,0.646,0.778,0.719,7,12,dos
9,icmp,ssh,S0,172,16,0,0,0,6,0,1,2,0,0,0,2,0,0,127,108,0.999,0.991,0.624,11,6,dos
1,udp,http,RSTO,49,8,0,0,0,3,0,0,2,0,0,2,2,0,2,103,97,0.935,0.846,0.179,18,8,dos
0,udp,pop3,RSTO,721,273,0,0,0,2,0,0,0,0,0,0,0,0,1,16,19,0.078,0.125,0.922,38,41,normal
0,tcp,pop3,S0,104,62,0,0,0,5,1,0,1,0,0,1,2,0,0,114,107,0.921,0.925,0.06,12,5,dos
29,icmp,pop3,SH,26,115,0,0,1,6,0,0,1,0,0,1,0,0,1,110,101,0.954,0.88,0.063,12,11,r2l
0,tcp,ssh,SH,304,252,0,0,0,1,0,0,0,0,0,0,0,0,2,23,18,0.295,0.009,0.464,45,25,normal
1,tcp,ssh,REJ,521,383,0,0,0,2,0,1,0,0,0,0,0,0,0,20,15,0.233,0.112,0.588,45,25,normal
1,udp,imap,REJ,721,443,0,0,0,0,0,1,0,0,0,0,0,0,0,19,16,0.361,0.251,0.951,35,24,normal
7,tcp,dns,SH,2006,387,0,0,0,0,0,1,0,0,0,0,0,0,0,22,16,0.291,0.056,0.852,38,25,normal
0,udp,imap,REJ,1314,200,0,0,0,2,0,1,0,0,0,0,0,0,0,10,13,0.061,0.135,0.624,33,28,normal
17,udp,ftp,RSTO,3,662,0,0,0,5,0,0,1,0,0,1,0,0,0,132,121,0.806,0.463,0.011,15,16,u2r
2,tcp,imap,SH,567,1903,0,0,0,3,0,1,0,0,0,0,0,0,0,21,12,0.124,0.147,0.566,33,20,normal
2,udp,imap,REJ,10828,324,0,0,0,2,0,1,0,0,0,0,0,0,1,19,15,0.069,0.036,0.854,33,25,normal
12,tcp,imap,SH,22,139,0,0,0,6,1,1,1,0,0,1,2,0,1,114,101,0.497,0.561,0.568,14,5,r2l
0,udp,imap,REJ,715,320,0,0,0,0,0,1,0,0,0,0,0,0,0,19,13,0.278,0.027,0.85,32,34,normal
4,tcp,ftp_data,RSTR,868,182,0,0,0,1,0,1,0,0,0,0,0,0,0,23,7,0.005,0.09,0.788,46,24,normal
6,icmp,http,RSTO,191,42,0,0,0,4,0,0,2,0,0,0,1,0,0,120,121,0.807,0.974,0.046,14,11,r2l
0,icmp,ftp_data,SF,456,201,0,0,0,4,0,1,1,0,0,0,0,0,0,14,16,0.157,0.32,0.758,32,31,normal
0,icmp,http,REJ,244,76,0,0,0,0,0,1,0,0,0,0,0,0,0,18,16,0.316,0.309,0.785,36,12,normal
5,icmp,http,S0,95,189,0,0,0,4,0,1,2,0,0,0,1,0,1,128,132,0.755,0.857,0.091,8,8,dos
2,tcp,ftp_data,REJ,24,26,0,0,0,2,1,1,2,0,0,2,0,0,0,125,91,0.931,0.912,0.152,17,8,probe
9,tcp,pop3,S0,353,741,0,0,0,1,0,1,0,0,0,0,0,0,0,21,15,0.008,0.015,0.584,25,19,normal
16,udp,ssh,RSTR,573,486,0,0,0,6,0,0,5,0,0,3,1,0,0,115,95,0.963,0.997,0.096,11,13,probe
0,tcp,pop3,SF,304,0,0,0,0,5,2,1,2,0,0,3,0,0,0,105,101,0.696,0.904,0.359,8,10,dos
12,icmp,dns,SF,17,276,0,0,0,9,1,0,1,0,0,2,1,0,0,130,112,0.933,0.825,0.125,5,8,dos
3,icmp,ssh,SH,572,181,0,0,0,0,0,1,0,0,0,0,0,0,0,17,24,0.237,0.229,0.553,35,30,normal
1,icmp,pop3,S0,591,1944,0,0,0,0,0,1,0,0,0,0,0,0,0,23,16,0.004,0.318,0.968,46,26,normal
0,tcp,ftp_data,REJ,1192,1091,0,0,0,0,0,1,1,0,0,0,0,0,0,18,15,0.019,0.159,0.646,41,28,normal
6,udp,imap,RSTR,1333,303,0,0,0,0,0,1,0,0,0,0,0,0,0,17,14,0.094,0.06,0.504,35,26,normal
8,icmp,imap,S0,197,22,0,0,0,4,0,0,1,0,0,1,0,0,1,102,116,1.0,0.944,0.284,17,8,dos
5,tcp,dns,SH,762,202,0,0,0,7,1,0,2,0,0,1,2,0,0,96,105,0.957,0.89,0.121,11,8,probe
2,icmp,ftp,RSTO,384,120,0,0,0,0,0,1,0,0,0,0,1,0,0,24,13,0.27,0.028,0.776,42,29,normal
3,icmp,ftp_data,RSTO,2555,1867,0,0,0,0,0,1,0,0,0,0,0,0,0,19,20,0.333,0.009,0.718,39,23,normal
7,tcp,pop3,REJ,452,108,0,0,0,1,0,1,0,0,0,0,0,0,0,20,15,0.333,0.02,0.51,34,30,normal
0,icmp,dns,RSTO,268,128,0,0,0,0,0,1,0,0,0,0,0,0,0,16,7,0.081,0.032,0.581,37,27,normal
8,udp,ftp,SF,98,3,0,0,0,3,1,0,1,0,0,0,0,0,2,134,114,0.608,0.921,0.236,12,10,r2l
1,icmp,ssh,RSTO,129,294,0,0,0,0,0,1,1,0,0,0,0,0,0,24,13,0.174,0.122,0.646,33,21,normal
12,tcp,pop3,RSTR,197,283,0,0,0,6,0,0,0,0,0,0,0,0,0,110,131,0.792,0.864,0.024,8,8,probe
2,tcp,ftp_data,RSTO,65,581,0,0,0,4,0,0,2,0,0,1,2,0,1,117,122,0.999,0.943,0.165,13,11,dos
0,tcp,pop3,RSTR,513,914,0,0,0,2,0,1,0,0,0,0,0,0,0,21,28,0.251,0.158,0.976,36,19,normal
3,tcp,telnet,SF,113,232,0,0,0,1,0,1,1,0,0,0,0,0,0,20,16,0.236,0.031,0.953,32,23,normal
3,udp,smtp,SF,384,101,0,0,0,2,0,1,0,0,0,0,0,0,1,17,15,0.25,0.246,0.979,38,22,normal
2,icmp,smtp,RSTR,129,80,0,0,0,2,0,1,0,0,0,1,0,0,0,21,13,0.111,0.298,0.963,35,26,normal
1,tcp,http,REJ,2283,321,0,0,0,0,0,1,1,0,0,0,1,0,0,23,12,0.231,0.061,0.556,31,25,normal
2,udp,smtp,S0,173,1210,0,0,0,0,0,0,0,0,0,0,0,0,0,24,19,0.046,0.104,0.653,39,32,normal
3,udp,pop3,S0,520,794,0,0,0,2,0,0,1,0,0,0,0,0,0,21,18,0.129,0.035,0.928,33,22,normal
0,icmp,ftp_data,S0,145,159,0,0,0,3,0,1,0,0,0,0,0,0,0,13,18,0.004,0.29,0.881,31,27,normal
43,udp,ftp_data,SH,264,54,0,0,0,5,1,1,1,0,0,1,2,0,0,115,127,0.754,0.836,0.042,13,10,dos
0,udp,pop3,RSTO,189,340,0,0,0,1,0,1,0,0,0,0,0,0,0,17,14,0.197,0.049,0.61,35,30,normal
36,tcp,ftp,SH,39,51,0,0,0,7,0,0,1,0,0,0,1,0,1,124,100,0.711,0.807,0.089,16,8,r2l
2,udp,http,REJ,347,9,0,0,0,3,0,0,2,0,0,2,2,0,0,118,117,0.862,0.807,0.178,13,14,probe
10,icmp,pop3,REJ,871,2,0,0,0,4,1,0,2,0,0,0,1,0,2,125,97,0.934,0.935,0.019,6,6,probe
6,tcp,pop3,REJ,100,21,0,0,0,2,0,1,2,0,0,1,0,0,1,104,130,0.941,0.801,0.339,17,5,dos
6,udp,smtp,REJ,1883,175,0,0,0,2,0,1,1,0,0,2,0,0,0,18,15,0.391,0.057,0.571,43,32,normal
7,tcp,ssh,SH,104,1157,0,0,0,4,2,0,1,0,0,0,2,0,1,102,123,0.812,0.887,0.384,23,9,dos
3,tcp,ftp_data,S0,729,487,0,0,0,2,0,0,0,0,0,0,0,0,0,16,13,0.086,0.002,0.771,39,27,normal
0,udp,dns,RSTR,328,47,0,0,0,2,0,1,1,0,0,0,0,0,0,19,16,0.13,0.248,0.81,32,23,normal
27,udp,pop3,RSTO,47,30,0,0,0,6,2,0,2,0,0,1,1,0,1,105,110,0.996,0.716,0.195,14,11,dos
0,udp,pop3,RSTO,933,3095,0,0,0,0,0,1,0,0,0,0,0,0,0,20,16,0.284,0.161,0.9,30,26,normal
4,udp,ftp_data,SF,91,379,0,0,0,1,0,1,0,0,0,0,0,0,0,16,15,0.095,0.199,0.788,41,21,normal
2,icmp,smtp,SF,270,1622,0,0,0,0,0,1,0,0,0,0,0,0,1,17,12,0.48,0.12,0.545,37,30,normal
5,udp,ssh,S0,86,1120,0,0,0,0,0,1,0,0,0,0,0,0,0,28,20,0.008,0.05,0.776,36,22,normal
41,tcp,smtp,SF,3579,20,0,0,0,7,0,0,2,0,0,1,1,0,0,125,112,0.946,0.958,0.119,12,8,probe
24,udp,telnet,SH,22,95,0,0,0,6,0,0,0,0,0,1,2,0,0,112,102,0.87,0.983,0.211,7,5,probe
9,tcp,telnet,REJ,1004,894,0,0,0,3,0,1,1,0,0,0,0,0,0,15,11,0.094,0.327,0.81,36,31,normal
0,icmp,ssh,SH,61,389,0,0,0,0,0,0,0,0,0,0,0,0,1,23,20,0.019,0.076,0.854,37,28,normal
2,icmp,smtp,RSTR,723,515,0,0,0,1,0,1,0,0,0,0,0,0,0,18,18,0.139,0.289,0.616,35,24,normal
0,udp,dns,RSTO,384,221,0,0,0,1,0,1,1,0,0,0,0,0,0,14,9,0.014,0.042,0.859,31,22,normal
3,tcp,http,RSTO,351,112,0,0,0,2,0,1,0,0,0,0,0,0,0,21,11,0.343,0.077,0.642,34,20,normal
1,udp,pop3,RSTR,17,19,0,0,0,6,0,0,3,0,0,0,0,0,0,120,115,0.774,0.936,0.115,9,11,dos
33,tcp,http,REJ,135,1,0,0,0,9,1,1,1,0,0,0,1,0,0,116,122,0.917,0.762,0.168,13,6,dos
4,udp,dns,SF,551,74,0,0,0,0,0,1,1,0,0,0,0,0,0,26,12,0.307,0.104,0.699,44,30,normal
19,icmp,pop3,RSTO,197,7,0,0,0,6,1,0,3,0,1,0,2,0,0,125,115,0.779,0.829,0.146,12,14,dos
4,tcp,telnet,SH,568,262,0,0,0,1,0,0,0,0,0,1,0,0,0,14,16,0.102,0.122,0.915,30,28,normal
8,udp,dns,RSTO,191,84,0,0,0,10,0,0,3,0,0,2,0,0,0,116,121,0.842,0.885,0.04,11,5,r2l
32,udp,dns,SF,26,2,0,0,0,6,0,0,0,0,0,0,0,0,1,111,120,0.804,0.932,0.269,15,8,dos
6,icmp,telnet,REJ,14,35,0,0,0,3,0,0,3,0,0,1,0,0,0,138,123,0.805,0.596,0.05,11,12,r2l
0,tcp,imap,S0,2746,2799,0,0,0,0,0,0,0,0,0,0,0,0,0,23,19,0.214,0.164,0.833,35,25,normal
0,tcp,ssh,SF,350,1066,0,0,0,0,0,1,0,0,0,0,0,0,0,16,16,0.298,0.634,0.919,41,20,normal
4,icmp,ssh,REJ,534,63,0,0,0,1,0,1,0,0,0,0,0,0,0,27,9,0.203,0.465,0.871,29,27,normal
2,udp,ssh,RSTO,394,1241,0,0,0,1,0,1,0,0,0,1,0,0,0,21,18,0.309,0.182,0.803,40,23,normal
41,icmp,http,SH,13,18,0,0,0,2,2,0,3,0,0,2,1,0,2,127,102,0.978,0.966,0.033,8,8,dos
3,udp,dns,RSTO,10,10,0,0,0,3,1,0,0,0,0,0,2,0,0,107,99,0.85,0.886,0.015,17,10,dos
2,udp,ftp,RSTO,63,1,0,0,0,8,0,0,3,0,0,1,0,0,1,117,116,0.929,0.957,0.07,11,5,probe
4,icmp,imap,REJ,669,159,0,0,0,1,0,1,0,0,0,0,0,0,0,22,18,0.152,0.048,0.953,32,16,normal
12,udp,http,SH,655,16,0,0,0,7,1,1,1,0,0,0,1,0,1,112,112,0.447,0.696,0.014,9,5,probe
0,udp,ftp_data,SF,196,246,0,0,0,3,0,1,0,0,0,0,0,0,0,21,12,0.543,0.042,0.955,29,26,normal
0,udp,ftp,SH,133,204,0,0,0,1,0,1,0,0,0,2,0,0,0,18,8,0.101,0.067,0.872,40,22,normal
10,icmp,pop3,REJ,96,1,0,0,0,4,2,0,2,0,0,0,1,0,0,121,128,0.948,0.897,0.117,5,12,dos
0,tcp,ftp_data,SH,143,195,0,0,0,7,1,0,2,0,0,1,0,0,2,128,115,0.917,0.789,0.456,20,15,probe
21,tcp,http,SH,623,8,0,0,0,8,0,0,2,0,0,0,0,0,2,111,110,0.824,0.577,0.055,15,10,dos
2,tcp,dns,RSTR,440,747,0,0,0,0,0,1,1,0,0,0,0,0,0,18,10,0.12,0.178,0.83,37,32,normal
0,tcp,dns,SH,361,411,0,0,0,2,0,1,1,0,0,0,0,0,0,18,18,0.079,0.091,0.818,36,25,normal
1,udp,ssh,RSTR,978,110,0,0,0,0,0,1,0,0,0,0,0,0,0,19,17,0.445,0.211,0.754,33,26,normal
0,icmp,imap,SH,157,492,0,0,0,0,0,1,0,0,0,0,0,0,0,11,19,0.071,0.091,0.259,29,35,normal
38,udp,dns,RSTO,132,13,0,0,0,5,0,1,2,0,0,0,1,0,0,124,113,0.56,0.933,0.056,10,13,u2r
35,icmp,dns,SH,240,42,0,0,0,7,0,0,1,0,0,1,1,0,0,132,126,0.619,0.723,0.002,11,13,dos
6,udp,dns,S0,32,3,0,0,0,3,0,0,3,0,0,0,1,0,3,123,108,0.891,0.922,0.596,10,7,dos
0,tcp,ftp_data,RSTR,220,121,0,0,0,2,0,1,0,0,0,0,0,0,0,21,10,0.027,0.068,0.895,38,28,normal
0,udp,ssh,RSTO,160,25,0,0,0,0,0,1,0,0,0,0,0,0,0,11,15,0.367,0.077,0.853,31,19,normal
0,icmp,imap,REJ,1315,721,0,0,0,0,0,1,0,0,0,0,0,0,0,22,17,0.204,0.14,0.641,35,32,normal
0,tcp,smtp,REJ,377,668,0,0,0,2,0,0,0,0,0,1,0,0,0,19,19,0.058,0.051,0.821,32,26,normal
11,icmp,telnet,S0,422,179,0,0,0,1,0,1,1,0,0,1,0,0,0,19,8,0.06,0.2,0.414,27,35,normal
2,icmp,ssh,S0,245,97,0,0,0,1,0,1,1,0,0,1,0,0,0,22,18,0.118,0.061,0.708,23,28,normal
1,icmp,http,SH,675,300,0,0,0,0,0,1,1,0,0,0,0,0,0,17,30,0.052,0.006,0.781,28,27,normal
6,tcp,telnet,S0,105,1060,0,0,0,0,0,1,0,0,0,0,0,0,0,17,27,0.01,0.365,0.582,34,19,normal
3,tcp,ssh,SF,2897,26,0,0,0,6,0,0,1,0,0,1,0,0,0,93,126,0.938,0.816,0.05,7,11,dos
4,udp,dns,SH,179,429,0,0,0,0,0,1,0,0,0,0,0,0,0,14,11,0.339,0.034,0.743,40,29,normal
3,icmp,http,REJ,573,603,0,0,0,0,0,1,0,0,0,0,0,0,0,16,18,0.068,0.403,0.779,32,32,normal
11,icmp,ftp_data,SH,486,9,0,0,0,6,0,0,3,0,0,1,2,0,0,135,108,0.755,0.964,0.1,14,9,dos
46,udp,ftp,RSTO,379,9,0,0,1,6,0,1,0,0,0,0,2,0,0,143,100,0.628,0.657,0.262,8,11,dos
1,icmp,pop3,RSTO,229,681,0,0,0,2,0,1,0,0,0,0,0,0,0,20,20,0.235,0.153,0.682,35,32,normal
0,icmp,smtp,REJ,814,1390,0,0,0,1,0,1,0,0,0,1,0,0,0,13,15,0.119,0.053,0.656,26,28,normal
1,udp,http,RSTR,3840,540,0,0,0,0,0,1,0,0,0,0,0,0,0,16,8,0.289,0.269,0.581,25,17,normal
1,udp,telnet,RSTR,27,68,0,0,0,6,2,0,0,0,0,2,0,0,0,133,116,0.681,0.978,0.188,12,9,r2l
0,icmp,smtp,S0,420,87,0,0,0,2,0,1,0,0,0,0,0,0,1,23,13,0.243,0.04,0.952,31,24,normal
1,icmp,imap,SH,95,2473,0,0,0,3,0,0,0,0,0,1,0,0,0,24,10,0.232,0.04,0.692,41,19,normal
0,udp,ftp,RSTR,351,382,0,0,0,0,0,1,0,0,0,0,0,0,0,24,12,0.272,0.024,0.91,40,31,normal
7,tcp,smtp,REJ,17,1,0,0,0,11,1,0,2,0,0,2,2,0,0,118,123,0.497,0.897,0.3,11,12,r2l
2,icmp,smtp,S0,154,5,0,0,0,5,1,0,1,0,0,0,0,0,1,110,119,0.919,0.856,0.172,12,6,dos
3,tcp,telnet,S0,104,332,0,0,0,7,1,0,1,0,0,0,0,0,0,107,111,0.495,0.828,0.171,9,11,dos
49,udp,ssh,REJ,181,580,0,0,0,4,0,0,2,0,0,1,1,0,0,123,128,0.742,0.841,0.258,8,13,probe
0,tcp,smtp,S0,1279,357,0,0,0,0,0,1,1,0,0,1,0,0,0,20,18,0.07,0.055,0.84,32,27,normal
6,udp,ssh,SH,2938,1853,0,0,0,2,0,1,0,0,0,1,1,0,0,27,11,0.313,0.018,0.765,32,22,normal
2,icmp,pop3,S0,319,1298,0,0,0,1,0,1,0,0,0,0,0,0,0,18,12,0.107,0.065,0.453,27,34,normal
0,icmp,pop3,RSTR,491,110,0,0,0,0,0,1,0,0,0,0,0,0,1,24,11,0.13,0.117,0.838,47,18,normal
0,icmp,ssh,S0,336,843,0,0,0,4,3,0,4,0,0,2,0,0,1,113,113,0.926,0.429,0.096,13,7,probe
0,udp,ftp,SH,1147,547,0,0,0,1,0,0,0,0,0,0,0,0,0,18,18,0.108,0.07,0.872,28,18,normal
1,tcp,ftp_data,RSTO,330,178,0,0,0,1,0,1,0,0,0,0,0,0,0,20,21,0.468,0.068,0.989,39,28,normal
7,icmp,smtp,SF,78,17,0,0,0,6,0,0,1,0,0,0,1,0,2,134,105,0.998,0.931,0.257,13,11,dos
30,udp,ftp_data,SF,96,5,0,0,0,4,0,1,1,0,0,2,0,0,0,126,109,0.981,0.905,0.119,13,12,probe
1,icmp,pop3,S0,135,201,0,0,0,0,0,1,0,0,0,0,0,0,0,18,15,0.413,0.079,0.632,28,23,normal
56,udp,telnet,RSTO,528,37,0,0,0,6,1,0,1,0,0,2,1,0,1,121,111,0.962,0.939,0.157,15,12,probe
1,tcp,pop3,RSTR,1333,75,0,0,0,2,0,1,1,0,0,0,0,0,1,24,10,0.034,0.024,0.603,31,21,normal
27,udp,telnet,RSTO,72,28,0,0,0,2,2,0,3,0,0,2,0,0,0,133,109,0.874,0.748,0.111,7,9,dos
4,udp,telnet,SF,1383,1199,0,0,0,0,0,1,0,0,0,0,1,0,0,21,12,0.203,0.125,0.954,30,28,normal
8,icmp,ssh,SH,543,21,0,0,0,2,1,1,1,0,0,0,0,0,1,133,102,0.963,0.757,0.196,9,12,u2r
1,icmp,ftp,S0,2636,220,0,0,0,1,0,1,0,0,0,0,0,0,0,19,18,0.02,0.068,0.769,32,33,normal
6,icmp,ftp_data,RSTO,141,282,0,0,0,4,0,0,3,0,0,1,1,0,0,127,127,0.84,0.818,0.003,14,8,probe
17,tcp,pop3,RSTO,73,5,0,0,0,3,0,0,5,0,0,0,0,0,0,108,122,0.838,0.87,0.587,9,9,dos
41,udp,ftp_data,S0,215,81,0,0,0,9,0,0,1,0,0,0,0,0,0,135,104,0.953,0.905,0.01,9,11,probe
17,icmp,http,S0,25,0,0,0,0,5,0,0,3,0,0,0,3,0,1,129,106,0.862,0.702,0.222,9,8,probe
18,udp,smtp,S0,152,78,0,0,0,5,0,0,2,0,0,0,0,0,0,127,108,0.857,0.93,0.031,15,6,dos
2,icmp,ftp,REJ,78,111,0,0,0,1,1,0,0,0,0,0,0,0,0,131,117,0.816,0.931,0.271,14,10,dos
6,icmp,ftp,REJ,151,8,0,0,0,5,1,0,0,0,0,1,3,0,1,109,106,0.938,0.813,0.306,16,8,dos
20,icmp,pop3,RSTO,38,2,0,0,0,2,0,0,4,0,0,0,0,0,0,122,103,0.824,0.939,0.318,9,7,dos
3,icmp,http,S0,34,9,0,0,0,5,0,0,0,0,0,1,0,0,0,128,96,0.782,0.746,0.17,13,10,dos
0,tcp,ftp,SH,69,314,0,0,0,7,0,0,2,0,0,1,0,0,0,101,111,0.701,0.804,0.028,20,5,r2l
0,icmp,http,RSTO,290,376,0,0,0,0,0,0,0,0,0,0,0,0,0,21,8,0.228,0.211,0.887,28,23,normal
2,udp,imap,REJ,164,77,0,0,0,2,0,1,1,0,0,0,0,0,0,16,12,0.133,0.049,0.471,35,20,normal
0,udp,telnet,REJ,164,1040,0,0,0,1,0,1,0,0,0,1,0,0,0,18,18,0.133,0.028,0.469,42,20,normal
3,tcp,telnet,REJ,739,505,0,0,0,2,0,1,0,0,0,0,0,0,0,25,14,0.171,0.01,0.882,29,31,normal
27,udp,telnet,RSTR,77,0,0,0,0,9,2,0,1,0,0,1,1,0,1,104,136,0.979,0.809,0.198,15,10,dos
6,udp,ftp,RSTR,819,271,0,0,0,1,0,1,0,0,0,0,0,0,0,26,19,0.294,0.283,0.956,28,28,normal
1,udp,pop3,S0,648,143,0,0,0,3,0,1,0,0,0,0,0,0,0,25,17,0.15,0.06,0.691,42,28,normal
22,tcp,ftp,SF,4,11,0,0,0,3,0,1,1,0,0,1,0,0,2,132,112,0.745,0.859,0.223,6,11,probe
1,udp,imap,S0,97,318,0,0,0,2,0,1,0,0,0,0,0,0,1,20,7,0.091,0.05,0.566,43,26,normal
0,udp,imap,REJ,751,637,0,0,0,0,0,1,0,0,0,0,0,0,0,22,15,0.355,0.309,0.753,28,23,normal
11,icmp,telnet,SH,65,1991,0,0,0,0,0,1,0,0,0,0,0,0,0,22,16,0.385,0.055,0.818,34,32,normal
40,udp,pop3,REJ,111,2,0,0,0,5,0,0,2,0,0,0,0,0,0,131,103,0.697,0.871,0.212,9,13,u2r
0,tcp,ssh,SF,49,97,0,0,0,0,0,0,0,0,0,0,0,0,0,15,14,0.132,0.282,0.559,30,21,normal
13,icmp,imap,RSTO,29,54,0,0,0,4,2,0,4,0,0,0,0,1,0,126,111,0.847,0.992,0.081,12,12,r2l
4,tcp,smtp,RSTR,49,15,0,0,0,10,1,0,1,0,0,1,1,0,1,109,112,0.922,0.58,0.107,13,16,r2l
25,icmp,pop3,S0,37,536,0,0,0,3,0,0,4,0,1,0,0,0,1,125,116,0.74,0.74,0.24,9,17,r2l
0,udp,telnet,SH,267,1256,0,0,0,1,0,1,1,0,0,0,0,0,0,18,21,0.214,0.267,0.619,47,30,normal
2,tcp,imap,SH,5763,506,0,0,0,0,0,1,0,0,0,0,0,0,0,23,10,0.101,0.349,0.739,28,29,normal
57,icmp,imap,REJ,73,37,0,0,0,2,1,1,5,0,0,0,0,0,0,137,100,0.739,0.428,0.167,18,7,dos
1,udp,imap,S0,260,692,0,0,0,1,0,1,0,0,0,0,0,0,0,22,13,0.03,0.135,0.886,42,22,normal
3,icmp,telnet,RSTR,56,254,0,0,0,8,1,0,2,0,0,1,0,0,1,115,119,0.878,0.983,0.342,14,14,probe
0,icmp,smtp,SH,301,82,0,0,0,1,0,1,0,0,0,0,0,0,0,20,17,0.096,0.082,0.948,45,31,normal
2,icmp,pop3,S0,295,337,0,0,0,0,0,1,0,0,0,1,0,0,0,26,21,0.129,0.002,0.774,34,25,normal
0,udp,ssh,SF,189,299,0,0,0,0,0,1,0,0,0,0,0,0,0,13,16,0.17,0.021,0.728,28,24,normal
19,icmp,ftp_data,SF,12,2,0,0,0,4,0,0,2,0,0,1,0,0,0,124,124,0.891,0.84,0.087,14,10,dos
23,icmp,ftp,S0,109,128,0,0,0,1,1,0,1,0,0,0,0,0,0,126,120,0.903,0.945,0.222,12,15,r2l
3,icmp,smtp,SH,76,1019,0,0,0,0,0,1,0,0,0,1,0,0,0,26,20,0.048,0.159,0.79,41,24,normal
23,udp,pop3,S0,245,25,0,0,0,5,1,0,4,0,0,0,1,0,0,122,105,0.525,0.92,0.125,14,9,probe
40,icmp,smtp,SH,152,103,0,0,0,11,2,0,1,0,0,0,1,0,0,116,103,0.854,0.851,0.237,10,11,dos
0,udp,telnet,REJ,529,615,0,0,0,1,0,1,0,0,0,0,0,0,0,23,9,0.016,0.088,0.451,43,28,normal
3,udp,telnet,S0,161,433,0,0,0,3,0,1,0,0,0,0,0,0,0,19,10,0.312,0.131,0.617,38,28,normal
17,udp,telnet,RSTR,241,24,0,0,0,5,1,0,2,0,0,1,0,0,0,121,113,0.908,0.861,0.476,14,11,dos
16,udp,smtp,REJ,20,1582,0,0,0,1,0,1,1,0,0,1,0,0,0,12,11,0.269,0.176,0.63,41,32,normal
4,tcp,ftp_data,S0,209,621,0,0,0,0,0,0,0,0,0,0,0,0,0,21,16,0.04,0.313,0.606,30,19,normal
2,udp,smtp,RSTO,922,1296,0,0,0,2,0,1,0,0,0,0,0,0,0,20,12,0.237,0.086,0.822,42,31,normal
1,icmp,dns,RSTO,2022,138,0,0,0,0,0,1,0,0,0,0,0,0,0,17,14,0.1,0.22,0.544,33,19,normal
2,icmp,http,RSTO,1553,31,0,0,0,0,0,1,0,0,0,0,0,0,0,17,18,0.22,0.082,0.933,33,17,normal
9,tcp,ssh,SF,111,56,0,0,0,8,2,0,2,0,0,0,1,0,0,112,103,0.82,0.85,0.593,14,12,probe
0,tcp,http,RSTO,355,1359,0,0,0,0,0,0,0,0,0,0,0,0,0,21,14,0.036,0.398,0.907,31,39,normal
2,tcp,ftp_data,RSTR,612,3030,0,0,0,4,0,0,1,0,0,0,0,0,0,19,9,0.145,0.203,0.886,43,30,normal
3,udp,smtp,SH,52,33,0,0,0,7,0,0,3,0,0,1,1,0,0,120,109,0.857,0.741,0.297,21,14,dos
55,udp,ssh,SH,127,50,0,0,0,4,1,0,0,0,0,2,0,0,0,112,123,0.722,0.78,0.041,14,8,dos
7,udp,smtp,REJ,605,1511,0,0,0,1,0,1,1,0,0,0,0,0,0,28,11,0.073,0.062,0.966,41,29,normal
12,udp,pop3,SF,525,6,0,0,0,6,0,0,0,0,0,2,2,0,0,110,104,0.936,0.935,0.089,12,10,dos
5,icmp,telnet,RSTO,1185,81,0,0,0,1,0,1,0,0,0,0,0,0,0,20,15,0.454,0.106,0.955,33,20,normal
7,icmp,pop3,RSTR,260,540,0,0,0,1,0,1,0,0,0,0,0,0,0,21,14,0.128,0.016,0.929,35,27,normal
0,tcp,ssh,RSTR,115,316,0,0,0,2,0,1,0,0,0,0,1,0,0,23,13,0.158,0.354,0.893,31,32,normal
2,udp,smtp,SH,509,482,0,0,0,1,0,0,0,0,0,0,0,0,0,15,15,0.103,0.216,0.749,41,22,normal
2,icmp,imap,RSTO,608,714,0,0,0,1,0,1,0,0,0,0,0,0,0,32,11,0.075,0.231,0.652,37,23,normal
2,udp,ssh,SF,25,0,0,0,0,3,0,0,4,0,0,1,3,0,0,113,101,0.769,0.68,0.126,11,8,probe
3,icmp,imap,SH,91,40,0,0,0,7,2,0,2,0,0,1,0,1,2,118,97,0.782,0.847,0.023,15,8,dos
4,icmp,ssh,SH,44,174,0,0,0,2,0,0,2,0,0,2,0,0,0,121,110,0.936,0.918,0.35,11,11,dos
5,tcp,ftp,REJ,415,2,0,0,0,8,0,0,1,0,0,0,0,0,0,116,110,0.803,0.564,0.173,12,9,probe
3,icmp,pop3,REJ,12,51,0,0,0,7,1,0,1,0,0,1,1,0,3,130,112,0.88,0.727,0.171,13,4,dos
2,icmp,ftp_data,RSTR,137,238,0,0,0,1,0,1,1,0,0,2,0,0,0,13,10,0.203,0.003,0.488,40,29,normal
4,icmp,ftp_data,SH,358,92,0,0,0,4,0,0,4,0,0,1,1,0,0,137,114,0.943,0.814,0.128,17,9,dos
2,icmp,telnet,REJ,167,13,0,0,0,2,2,0,1,0,0,1,1,0,0,102,118,0.658,0.755,0.011,12,13,probe
2,udp,ftp_data,REJ,130,410,0,0,0,0,0,1,0,0,0,1,0,0,0,11,12,0.529,0.176,0.654,39,30,normal
9,tcp,dns,REJ,3800,864,0,0,0,1,0,0,0,0,0,1,0,0,0,20,17,0.062,0.081,0.926,26,30,normal
10,udp,smtp,SF,49,98,0,0,0,7,1,0,3,0,0,0,0,0,4,108,121,0.68,0.854,0.348,6,5,dos
18,tcp,imap,RSTR,382,29,0,0,0,3,0,0,1,0,0,2,0,0,1,118,98,0.98,0.957,0.033,14,12,dos
1,udp,ftp_data,SH,445,13,0,0,0,7,0,0,1,0,0,1,2,0,1,119,114,0.884,0.873,0.415,11,8,r2l
6,tcp,ftp,RSTO,135,469,0,0,0,0,0,1,0,0,0,0,2,0,0,18,18,0.32,0.196,0.731,29,26,normal
4,icmp,http,S0,938,1253,0,0,0,1,0,1,1,0,0,0,0,0,0,27,12,0.278,0.175,0.801,35,24,normal
1,udp,telnet,RSTO,445,119,0,0,0,3,0,1,0,0,0,1,0,0,0,19,23,0.133,0.6,0.716,35,31,normal
2,icmp,smtp,SH,122,3,0,0,0,0,3,0,5,0,0,0,0,0,0,124,115,0.366,0.812,0.302,11,7,r2l
0,icmp,ftp,S0,339,152,0,0,0,4,0,1,0,0,0,1,0,0,0,19,18,0.299,0.005,0.716,32,30,normal
24,tcp,ftp,SH,269,50,0,0,0,6,0,0,3,0,0,1,0,0,0,116,114,0.852,0.989,0.109,19,14,dos
0,icmp,ftp_data,RSTR,819,99,0,0,0,0,0,1,0,0,0,0,0,0,0,21,13,0.07,0.091,0.962,52,30,normal
1,tcp,pop3,SH,2308,218,0,0,0,1,0,1,0,0,0,0,0,0,0,16,15,0.086,0.116,0.683,35,24,normal
22,udp,dns,RSTR,22,8,0,1,0,5,1,0,2,0,0,1,0,0,1,125,110,0.904,0.862,0.01,11,11,dos
58,udp,ftp,SF,29,192,0,0,0,4,0,0,0,0,0,0,0,0,3,128,113,0.949,0.914,0.385,10,14,dos
2,tcp,smtp,REJ,258,453,0,0,0,0,0,1,0,0,0,2,0,0,0,30,20,0.186,0.342,0.941,38,30,normal
1,tcp,smtp,RSTR,378,442,0,0,0,1,0,0,0,0,0,0,0,0,0,30,16,0.113,0.118,0.766,37,23,normal
1,udp,dns,RSTO,2103,1333,0,0,0,1,0,1,0,0,0,0,0,0,0,8,15,0.26,0.015,0.861,36,21,normal
8,udp,telnet,RSTO,276,595,0,0,0,2,1,0,2,0,0,1,1,1,0,106,107,0.92,0.656,0.178,8,8,r2l
5,icmp,pop3,S0,61,731,0,0,0,1,0,1,0,0,0,1,0,0,0,15,19,0.081,0.072,0.569,33,26,normal
75,icmp,ftp,SF,109,0,0,0,0,5,2,1,1,1,0,0,0,0,1,137,127,0.9,0.827,0.321,16,15,dos
1,udp,dns,SH,465,381,0,0,0,0,0,1,1,0,0,0,0,0,0,13,19,0.025,0.126,0.934,32,26,normal
0,tcp,smtp,SF,296,7,0,0,0,5,2,0,2,0,0,0,0,1,1,119,102,0.513,0.853,0.091,14,11,dos
15,udp,pop3,SH,1530,534,0,1,0,6,0,0,2,0,0,0,1,0,0,116,133,0.903,0.958,0.117,10,16,u2r
6,tcp,pop3,REJ,717,4,0,0,0,5,2,0,1,0,0,1,2,0,2,119,101,0.912,0.787,0.049,11,9,dos
22,icmp,imap,S0,7,40,0,0,0,2,1,0,1,0,0,0,0,0,4,128,117,0.968,0.78,0.811,10,6,dos
7,udp,ftp,S0,1060,487,0,0,0,0,0,0,0,0,0,0,0,0,0,21,13,0.181,0.145,0.513,43,20,normal
3,icmp,pop3,S0,441,645,0,0,0,1,0,1,0,0,0,0,0,0,0,25,24,0.124,0.198,0.329,28,27,normal
53,udp,telnet,REJ,77,86,0,0,0,3,1,0,2,0,0,1,1,0,0,119,105,0.951,0.89,0.065,18,16,dos
0,udp,pop3,RSTO,2330,58,0,0,0,1,0,1,0,0,0,0,0,0,0,24,11,0.008,0.138,0.606,31,22,normal
6,icmp,ftp_data,SF,237,222,0,0,0,0,0,1,0,0,0,0,0,0,0,18,11,0.136,0.145,0.634,36,28,normal
1,tcp,pop3,RSTO,781,327,0,0,0,0,0,1,1,0,0,1,0,0,0,19,17,0.228,0.186,0.782,38,20,normal
0,tcp,pop3,RSTR,389,205,0,0,0,0,0,1,1,0,0,0,0,0,0,18,15,0.189,0.093,0.94,42,20,normal
17,udp,ssh,SH,141,16,0,0,0,6,0,0,0,0,0,0,0,0,0,104,105,0.932,0.927,0.303,10,14,probe
5,icmp,imap,S0,210,0,0,0,0,7,0,0,6,0,0,1,2,0,0,124,118,0.975,0.674,0.224,14,9,probe
28,udp,pop3,RSTO,7,8,0,0,1,4,2,0,0,0,0,1,0,0,1,130,123,0.772,0.668,0.28,9,15,dos
1,icmp,ftp_data,REJ,220,946,0,0,0,1,0,1,0,0,0,0,0,0,0,12,11,0.003,0.065,0.808,31,32,normal
2,udp,http,SF,7536,231,0,0,0,2,0,1,0,0,0,0,0,0,0,29,17,0.153,0.125,0.796,35,28,normal
1,udp,ftp_data,S0,193,179,0,0,0,0,0,1,0,0,0,0,0,0,0,17,16,0.214,0.004,0.874,37,21,normal
0,icmp,ftp_data,RSTO,261,780,0,0,0,0,0,1,0,0,0,0,0,0,0,19,13,0.373,0.045,0.7,39,23,normal
4,icmp,dns,SH,23,91,0,0,1,2,1,1,2,0,0,2,0,0,2,111,123,0.686,0.924,0.289,8,8,dos
101,udp,pop3,S0,66,52,0,0,0,9,0,0,1,0,0,2,1,0,2,116,118,0.87,0.963,0.329,10,9,probe
2,icmp,dns,REJ,202,373,0,0,0,4,0,1,0,0,0,1,0,0,0,13,15,0.578,0.15,0.756,33,15,normal
7,icmp,ssh,S0,10,1880,0,0,0,10,0,0,1,0,0,0,1,0,1,108,96,0.991,0.655,0.046,15,11,probe
9,icmp,dns,RSTO,817,136,0,0,0,6,0,0,1,0,0,2,1,0,1,126,104,0.859,0.892,0.102,11,12,probe
0,udp,dns,RSTR,2928,728,0,0,0,4,0,1,0,0,0,0,0,0,1,19,16,0.099,0.068,0.701,29,30,normal
29,udp,telnet,SF,76,23,0,0,0,2,0,0,3,0,0,0,0,0,1,118,95,0.776,0.506,0.025,15,13,probe
1,udp,dns,SF,133,249,0,0,0,0,0,0,0,0,0,0,0,0,0,23,13,0.163,0.052,0.648,37,21,normal
5,icmp,ssh,SF,824,287,0,0,0,2,0,1,0,0,0,1,0,0,0,12,9,0.568,0.432,0.657,34,24,normal
29,tcp,ftp,SH,9,34,0,0,0,2,2,0,2,0,0,1,2,0,0,129,109,0.831,0.873,0.33,8,8,u2r
3,tcp,ssh,RSTR,193,63,0,0,0,3,0,1,1,0,0,0,0,0,1,138,105,0.927,0.882,0.402,14,10,r2l
4,tcp,telnet,REJ,2448,354,0,0,0,1,0,1,0,0,0,0,0,0,0,17,13,0.196,0.384,0.879,28,19,normal
11,udp,imap,S0,364,82,0,0,0,7,0,0,1,0,0,2,0,0,0,105,110,0.766,0.882,0.143,11,11,dos
1,tcp,pop3,SH,1993,185,0,0,0,1,0,1,0,0,0,0,0,0,0,19,12,0.112,0.134,0.991,34,27,normal
6,icmp,ftp_data,RSTR,98,51,0,0,0,6,1,0,1,0,0,1,1,0,0,126,112,0.509,0.891,0.07,11,6,dos
0,udp,ftp_data,REJ,341,967,0,0,0,0,0,1,0,0,0,0,0,0,0,13,11,0.197,0.411,0.781,33,24,normal
4,tcp,telnet,RSTR,1784,174,0,0,0,2,0,1,1,0,0,0,0,0,0,25,14,0.296,0.258,0.566,43,31,normal
1,icmp,http,RSTR,220,290,0,0,0,1,0,1,0,0,0,0,0,0,0,20,11,0.409,0.128,0.456,36,26,normal
1,udp,ftp,SH,364,421,0,0,0,2,0,1,0,0,0,0,0,0,0,19,12,0.129,0.367,0.88,41,22,normal
0,udp,dns,SF,520,269,0,0,0,0,0,1,0,0,0,0,0,0,0,24,17,0.25,0.014,0.819,35,30,normal
0,udp,imap,SF,1251,131,0,0,0,0,0,1,1,0,0,0,0,0,1,33,15,0.066,0.135,0.843,43,37,normal
3,icmp,dns,SH,250,1356,0,0,0,0,0,1,0,0,0,0,0,0,0,19,22,0.106,0.077,0.815,39,29,normal
0,udp,imap,S0,396,65,0,0,0,2,0,1,0,0,0,0,0,0,0,14,13,0.324,0.147,0.724,26,22,normal
4,udp,ssh,SH,190,289,0,0,0,1,0,1,1,0,0,0,0,0,0,18,18,0.065,0.517,0.658,35,31,normal
1,udp,ftp_data,S0,3967,291,0,0,0,3,0,0,3,0,0,1,0,0,1,119,112,0.278,0.773,0.318,23,6,r2l
5,udp,dns,REJ,1138,195,0,0,0,0,0,0,0,0,0,1,0,0,0,19,15,0.038,0.356,0.977,48,23,normal
62,udp,http,SH,75,17,0,0,0,9,0,0,1,0,0,1,0,0,0,116,122,0.989,0.962,0.195,15,11,probe
4,tcp,ftp_data,REJ,147,455,0,0,0,2,0,0,0,0,0,0,1,0,0,14,22,0.268,0.0,0.944,35,33,normal
6,icmp,dns,RSTR,45,7,0,0,0,5,1,0,3,0,0,0,1,0,0,120,109,0.998,0.79,0.222,13,15,dos
10,udp,ssh,REJ,70,221,0,0,0,3,0,1,1,0,0,1,0,0,0,24,11,0.107,0.102,0.629,34,18,normal
3,udp,ssh,RSTO,153,13,0,0,0,6,0,0,1,0,0,2,0,0,1,115,112,0.853,0.978,0.419,17,7,probe
2,udp,ftp,REJ,373,236,0,0,0,3,0,1,0,0,0,0,0,0,0,22,13,0.135,0.066,0.967,35,31,normal
4,icmp,ssh,RSTO,44,38,0,0,0,8,1,0,3,0,0,2,5,0,0,125,97,0.905,0.916,0.085,12,9,dos
10,tcp,ftp_data,SF,303,22,0,0,0,5,0,0,3,0,0,0,2,0,0,135,116,0.962,0.861,0.254,10,11,dos
3,udp,telnet,RSTR,1761,125,0,0,0,1,0,1,0,0,0,0,0,0,0,16,18,0.07,0.007,0.769,39,35,normal
0,tcp,ftp_data,SF,324,115,0,0,0,0,0,1,0,0,0,0,0,0,0,30,15,0.029,0.286,0.768,32,28,normal
2,udp,telnet,RSTR,629,626,0,0,0,0,0,1,0,0,0,2,0,0,0,20,18,0.213,0.12,0.956,32,29,normal
4,tcp,ssh,SH,183,1096,0,0,0,0,0,1,0,0,0,0,0,0,0,17,20,0.022,0.129,0.566,37,26,normal
1,tcp,dns,S0,413,923,0,0,0,2,0,1,0,0,0,0,1,0,0,20,22,0.073,0.149,0.5,26,22,normal
1,icmp,smtp,RSTO,1240,336,0,0,0,0,0,0,0,0,0,0,0,0,0,19,11,0.253,0.132,0.725,40,28,normal
1,tcp,ssh,SH,522,164,0,0,0,2,0,0,2,0,0,1,0,0,0,19,15,0.046,0.024,0.83,33,40,normal
20,icmp,pop3,S0,271,0,0,0,0,4,0,0,5,0,0,0,3,0,0,109,131,0.966,0.951,0.092,9,9,probe
0,tcp,imap,RSTR,416,829,0,0,0,2,0,1,0,0,0,0,0,0,0,25,13,0.051,0.082,0.756,42,19,normal
14,udp,ftp_data,REJ,2175,46,0,0,0,3,0,0,4,0,0,1,1,0,1,113,107,0.762,0.835,0.236,10,10,probe
2,tcp,http,RSTO,555,18,0,1,0,2,2,0,1,0,0,0,0,0,0,105,146,0.956,0.965,0.068,12,8,r2l
1,icmp,imap,RSTR,440,154,0,0,0,1,0,1,0,0,0,0,0,0,0,23,12,0.137,0.016,0.911,28,29,normal
3,udp,smtp,SH,686,841,0,0,0,1,0,1,1,0,0,0,0,0,0,10,12,0.145,0.02,0.854,32,22,normal
2,udp,ftp_data,REJ,85,787,0,0,0,0,0,1,0,0,0,0,1,0,0,19,10,0.179,0.289,0.87,38,25,normal
2,icmp,telnet,SH,50,49,0,0,0,1,0,1,1,0,0,0,0,0,0,31,17,0.081,0.089,0.875,33,21,normal
17,icmp,http,SH,42,3,0,0,0,6,0,0,3,0,0,1,0,0,2,125,118,0.856,0.895,0.033,11,11,dos
2,icmp,ftp,SF,1377,89,0,0,0,0,0,1,0,0,0,0,0,0,0,13,17,0.112,0.005,0.898,38,32,normal
17,icmp,dns,REJ,17,1,0,0,0,9,0,1,3,0,0,0,0,0,1,138,141,0.929,0.673,0.528,9,14,probe
0,icmp,dns,RSTO,62,23,0,0,0,3,1,0,1,0,0,0,1,0,1,112,121,0.996,0.925,0.198,19,11,r2l
0,udp,ftp_data,REJ,905,2792,0,0,0,1,0,1,0,0,0,0,0,0,0,19,20,0.151,0.118,0.977,29,29,normal
15,udp,ftp_data,SF,14,4,0,0,0,4,0,0,0,0,0,0,1,0,1,128,121,0.983,0.889,0.003,11,7,dos
2,icmp,ftp,RSTR,148,6,0,0,0,5,1,0,1,0,0,2,1,0,0,121,108,0.947,0.979,0.18,10,4,dos
0,icmp,pop3,RSTR,41,227,0,0,0,1,0,1,1,0,0,1,0,0,0,21,17,0.104,0.187,0.749,45,19,normal
2,tcp,ftp_data,RSTR,527,2,0,0,0,2,1,0,0,0,0,0,0,0,1,113,127,0.988,0.748,0.087,11,9,probe
4,tcp,pop3,SH,1781,1318,0,0,0,0,0,0,0,0,0,1,0,0,0,26,14,0.166,0.467,0.762,31,27,normal
5,tcp,http,RSTO,139,57,0,0,0,7,0,0,2,0,0,2,0,0,0,125,95,0.689,0.797,0.107,15,7,r2l
2,udp,ftp_data,RSTO,614,248,0,0,0,0,0,0,1,0,0,0,0,0,0,18,12,0.004,0.168,0.811,35,25,normal
0,udp,ftp_data,SH,471,49,0,0,0,0,0,1,0,0,0,0,0,0,0,30,15,0.106,0.179,0.752,38,28,normal
0,icmp,imap,S0,335,109,0,0,0,0,0,0,0,0,0,0,0,0,1,18,13,0.291,0.002,0.66,32,16,normal
0,udp,ftp,REJ,97,78,0,0,0,0,0,0,1,0,0,0,0,0,0,23,14,0.086,0.11,0.605,35,26,normal
12,tcp,smtp,REJ,60,2,0,0,0,4,0,1,2,0,0,1,1,0,0,116,122,0.967,0.763,0.218,15,5,dos
22,udp,telnet,RSTO,416,258,0,0,0,9,2,0,1,1,0,0,0,0,0,112,110,0.485,0.868,0.239,8,12,dos
1,udp,pop3,RSTO,716,59,0,0,0,3,1,0,5,0,0,0,3,0,0,113,104,0.857,0.907,0.126,13,8,dos
2,icmp,telnet,S0,583,118,0,0,0,1,0,1,0,0,0,0,0,0,0,23,17,0.001,0.145,0.919,37,24,normal
11,udp,smtp,RSTR,247,25,0,0,0,5,0,0,2,0,0,4,0,0,0,140,100,0.413,0.919,0.056,9,10,probe
26,icmp,telnet,SH,72,13,0,0,0,7,2,0,2,0,0,0,0,0,0,127,105,0.714,0.991,0.18,12,12,dos
65,tcp,imap,RSTO,350,77,0,0,0,3,0,0,0,0,0,0,1,0,0,140,117,0.965,0.829,0.177,17,10,probe
1,udp,http,SF,1191,165,0,0,0,1,0,1,0,0,0,0,0,0,0,18,13,0.378,0.122,0.98,41,28,normal
1,icmp,ssh,RSTR,146,157,0,0,0,0,0,1,0,0,0,1,0,0,0,18,14,0.485,0.094,0.862,33,26,normal
2,udp,pop3,RSTR,79,786,0,0,0,1,0,1,0,0,0,0,0,0,0,27,19,0.234,0.353,0.664,43,21,normal
7,icmp,dns,S0,39,166,0,0,0,5,1,0,3,0,0,2,0,0,0,130,104,0.807,0.509,0.209,11,6,probe
2,icmp,ftp_data,SF,1042,120,0,0,0,0,0,1,0,0,0,0,0,0,1,22,17,0.027,0.078,0.518,39,25,normal
20,udp,dns,SF,56,186,0,0,0,7,1,0,1,0,0,1,0,0,1,112,119,0.846,0.759,0.262,8,11,u2r
1,tcp,pop3,SF,207,535,0,0,0,1,0,1,0,0,0,0,0,0,0,29,8,0.301,0.179,0.935,33,28,normal
3,icmp,pop3,S0,442,15,0,0,0,2,0,1,0,0,0,1,0,0,0,20,11,0.074,0.206,0.55,32,31,normal
5,udp,http,RSTR,1363,91,0,0,0,1,0,1,0,0,0,0,0,0,0,20,9,0.014,0.144,0.923,33,30,normal
1,udp,ftp,REJ,102,32,0,0,0,6,0,0,5,0,0,0,0,0,1,87,109,0.928,0.867,0.118,8,13,probe
13,udp,ssh,S0,164,169,0,0,0,1,0,0,0,0,0,0,0,0,0,12,10,0.087,0.107,0.803,38,18,normal
16,icmp,imap,SF,157,446,0,0,0,4,0,0,1,0,0,0,1,0,1,110,112,0.777,0.784,0.075,10,6,r2l
46,udp,dns,RSTO,199,25,0,0,0,6,3,0,4,0,0,3,0,0,2,113,107,0.896,0.626,0.069,13,10,dos
6,tcp,smtp,S0,103,0,0,0,0,5,1,0,4,0,0,2,0,0,1,111,105,0.88,0.779,0.096,12,6,u2r
22,udp,pop3,REJ,95,23,1,0,0,4,1,0,3,0,0,0,0,0,2,125,107,0.933,0.891,0.153,9,6,dos
3,udp,ftp,RSTR,590,234,0,0,0,0,0,1,0,0,0,0,0,0,0,18,14,0.377,0.161,0.533,30,33,normal
6,icmp,http,REJ,41,87,0,0,0,1,0,0,1,0,0,0,0,0,0,25,15,0.124,0.009,0.339,27,32,normal
0,udp,ftp_data,RSTR,135,1784,0,0,0,0,0,1,0,0,0,0,0,0,0,21,8,0.006,0.012,0.815,32,26,normal
0,tcp,telnet,SH,1193,93,0,0,0,1,0,1,0,0,0,1,0,0,0,17,16,0.051,0.029,0.699,39,26,normal
7,tcp,imap,RSTR,3282,151,0,0,0,4,0,0,2,0,0,1,1,0,0,125,115,0.883,0.994,0.363,14,9,r2l
2,udp,smtp,SF,15,0,0,0,0,4,0,0,2,0,0,1,0,0,1,107,111,0.876,0.667,0.495,15,18,probe
0,udp,ssh,RSTO,280,462,0,0,0,1,0,1,1,0,0,0,0,0,1,15,10,0.274,0.055,0.657,44,33,normal
3,icmp,ftp,REJ,5484,416,0,0,0,1,0,1,0,0,0,0,0,0,0,26,9,0.071,0.181,0.865,31,17,normal
23,tcp,http,RSTO,259,6,0,0,1,6,0,0,1,0,0,1,3,0,1,118,114,0.961,0.814,0.277,15,4,dos
41,udp,http,RSTR,45,1,0,0,0,1,0,0,0,0,0,2,0,0,1,126,106,0.929,0.904,0.014,12,15,dos
3,tcp,imap,SH,382,502,0,0,0,1,0,0,0,0,0,0,0,0,0,25,14,0.182,0.191,0.909,41,21,normal
6,udp,smtp,RSTO,345,140,0,0,0,4,1,0,2,0,0,3,1,0,1,99,129,0.987,0.935,0.296,19,12,probe
2,udp,imap,RSTR,448,588,0,0,0,0,0,1,0,0,0,0,0,0,0,20,17,0.306,0.007,0.865,30,17,normal
5,icmp,dns,SF,151,510,0,0,0,1,0,1,0,0,0,0,0,0,0,31,19,0.161,0.21,0.677,29,18,normal
0,tcp,ftp,RSTR,133,312,0,0,0,2,0,1,0,0,0,0,0,0,0,25,9,0.206,0.403,0.565,38,21,normal
4,tcp,http,SF,35,7,0,0,0,3,1,1,3,0,0,0,1,0,0,142,109,0.917,0.912,0.245,19,10,dos
0,udp,ssh,SH,13192,1043,0,0,0,1,0,1,0,0,0,0,0,0,0,23,16,0.131,0.001,0.845,34,30,normal
2,udp,http,RSTO,475,1,0,0,0,9,0,1,1,0,0,1,4,0,0,122,91,0.949,0.755,0.176,8,11,probe
5,icmp,ftp,RSTR,89,2,0,0,0,11,1,1,1,0,0,0,1,0,0,115,114,0.755,0.994,0.074,14,5,dos
2,udp,http,SH,20,0,0,0,0,4,0,1,1,0,0,0,1,0,0,129,123,0.946,0.848,0.317,14,13,probe
6,tcp,ftp,RSTO,2562,297,0,0,0,0,0,1,0,0,0,0,0,0,0,26,17,0.003,0.447,0.951,33,28,normal
3,udp,smtp,S0,37,1,0,0,0,6,1,0,5,0,0,1,2,0,1,119,110,0.938,0.823,0.03,12,14,dos
5,udp,dns,SH,2312,38,0,0,0,9,1,0,6,0,0,1,1,0,0,114,111,0.346,0.719,0.082,13,9,dos
4,udp,pop3,SH,378,605,0,0,0,0,0,1,0,0,0,0,0,0,0,14,15,0.055,0.585,0.718,39,24,normal
4,tcp,ftp,SF,521,7,0,0,0,8,0,1,1,0,0,1,1,0,0,127,119,0.931,0.87,0.18,19,10,probe
9,tcp,ftp,REJ,2418,619,0,0,0,1,0,0,1,0,0,0,0,0,0,16,14,0.039,0.084,0.488,31,22,normal
24,udp,pop3,RSTO,539,11,0,0,0,1,0,0,0,0,0,0,0,0,0,126,97,0.965,0.825,0.355,13,16,probe
3,udp,smtp,S0,227,1556,0,0,0,0,0,0,1,0,0,0,0,0,0,18,15,0.081,0.061,0.93,36,24,normal
6,icmp,dns,RSTO,33,7,0,0,0,3,1,0,3,0,0,1,1,0,0,112,99,0.512,0.928,0.082,17,5,r2l
4,icmp,telnet,SH,95,2371,0,0,0,0,0,0,1,0,0,0,0,0,0,8,14,0.04,0.111,0.861,32,34,normal
62,tcp,pop3,SF,332,9,0,0,0,5,0,0,3,0,0,1,0,0,0,134,108,0.974,0.972,0.096,9,13,u2r
0,icmp,ftp_data,SH,111,472,0,0,0,0,0,1,0,0,0,0,0,0,0,14,16,0.282,0.014,0.943,29,27,normal
10,icmp,http,RSTO,23,1674,0,0,0,1,0,0,5,0,0,1,0,0,0,120,99,0.684,0.601,0.155,14,10,r2l
0,udp,ssh,RSTO,1797,730,0,0,0,3,0,1,0,0,0,0,0,0,0,15,5,0.154,0.098,0.816,28,20,normal
4,tcp,imap,SH,62,27,0,0,0,4,0,0,0,0,0,1,0,0,0,139,109,0.933,0.75,0.333,6,13,dos
9,icmp,ftp,SH,329,324,0,0,0,0,0,1,0,0,0,0,0,0,0,18,16,0.229,0.001,0.838,28,29,normal
8,icmp,ftp,SF,123,141,0,0,0,5,0,0,1,0,0,1,0,0,1,124,117,0.722,0.847,0.41,16,10,probe
4,tcp,ssh,SH,229,40,0,0,0,6,0,0,1,0,0,1,1,0,1,128,127,0.761,0.904,0.293,10,5,dos
0,tcp,imap,RSTR,1428,922,0,0,0,0,0,0,0,0,0,1,0,0,0,24,17,0.155,0.211,0.842,36,20,normal
15,udp,ftp,SH,300,1,0,0,0,5,1,0,1,0,0,0,0,0,1,118,102,0.668,0.822,0.24,12,8,dos
61,tcp,pop3,RSTR,18,12,0,0,0,2,1,0,1,0,0,1,0,0,1,118,101,0.988,0.921,0.106,6,7,dos
3,icmp,ftp,SF,903,500,0,0,0,1,0,1,0,0,0,1,1,0,0,15,11,0.055,0.042,0.882,29,28,normal
1,icmp,ftp,SH,613,3325,0,0,0,2,0,0,0,0,0,0,0,0,0,21,19,0.367,0.211,0.855,26,24,normal
9,tcp,smtp,SF,187,6,0,0,0,5,2,0,3,0,0,2,0,0,1,104,128,0.984,0.846,0.075,12,8,probe
0,udp,telnet,REJ,385,1529,0,0,0,1,0,0,0,0,0,0,0,0,0,21,11,0.335,0.082,0.899,35,22,normal
4,udp,imap,REJ,3755,172,0,0,0,0,0,1,0,0,0,0,0,0,0,16,13,0.169,0.113,0.792,22,26,normal
2,icmp,http,RSTR,633,241,0,0,0,0,0,1,0,0,0,0,0,0,0,26,14,0.668,0.024,0.955,38,24,normal
5,tcp,ssh,RSTR,399,209,0,0,0,0,0,1,0,0,0,0,0,0,0,23,6,0.114,0.348,0.938,33,28,normal
23,udp,ftp,RSTO,41,32,0,0,0,2,0,0,1,0,0,3,2,0,0,120,101,0.875,0.757,0.261,7,7,u2r
1,udp,pop3,SH,481,258,0,0,0,0,0,1,0,0,0,0,0,0,0,21,15,0.049,0.429,0.777,43,20,normal
20,icmp,smtp,S0,492,1,0,0,0,6,0,0,2,0,0,0,1,0,0,105,122,0.419,0.697,0.059,14,7,probe
1,icmp,dns,RSTO,310,475,0,0,0,1,0,1,0,0,0,0,0,0,0,16,8,0.007,0.185,0.635,30,25,normal
1,tcp,smtp,RSTR,1091,1047,0,0,0,1,0,1,1,0,0,1,0,0,0,18,10,0.147,0.128,0.549,31,28,normal
7,udp,telnet,S0,48,15,0,0,0,2,3,0,2,0,0,0,0,0,0,119,117,0.776,0.811,0.031,11,13,probe
13,icmp,ftp,SF,46,394,0,0,0,4,0,0,2,0,0,0,0,0,0,134,112,0.985,0.934,0.554,15,14,dos
1,tcp,ssh,RSTR,953,3181,0,0,0,4,0,1,0,0,0,1,1,0,0,25,12,0.436,0.355,0.666,39,21,normal
0,udp,ftp,S0,299,617,0,0,0,0,0,0,1,0,0,0,0,0,0,20,22,0.167,0.053,0.605,48,17,normal
4,icmp,ftp_data,REJ,3691,432,0,0,0,3,0,1,0,0,0,1,0,0,0,14,11,0.051,0.037,0.705,33,34,normal
1,icmp,ssh,SF,441,107,0,0,0,3,0,1,0,0,0,0,0,0,0,21,20,0.267,0.247,0.677,41,34,normal
28,icmp,pop3,S0,420,1,0,0,0,11,0,0,0,0,0,3,1,0,1,112,102,0.943,0.985,0.036,7,10,dos
0,icmp,ftp_data,RSTR,415,348,0,0,0,2,0,1,0,0,0,0,0,0,0,18,20,0.206,0.009,0.529,32,16,normal
6,tcp,dns,RSTR,13,5,0,0,0,6,1,0,3,0,0,2,2,0,2,129,119,0.714,0.656,0.226,13,6,r2l
4,tcp,dns,RSTR,364,683,0,0,0,0,0,1,0,0,0,1,0,0,1,23,11,0.073,0.236,0.888,29,13,normal
0,icmp,http,RSTO,227,675,0,0,0,0,0,1,1,0,0,0,0,0,0,19,15,0.028,0.088,0.437,36,27,normal
23,icmp,smtp,SH,2,3,0,0,0,7,0,1,0,0,0,1,2,0,0,106,110,0.739,0.94,0.185,10,14,r2l
3,udp,pop3,SF,69,533,0,0,0,0,0,1,0,0,0,0,0,0,0,25,16,0.227,0.349,0.668,29,22,normal
2,icmp,ssh,RSTO,33,62,0,0,0,5,1,0,3,0,0,4,0,0,1,120,101,0.963,0.569,0.041,11,11,dos
0,tcp,ssh,S0,847,479,0,0,0,0,0,1,1,0,0,1,0,0,0,20,9,0.148,0.017,0.677,35,21,normal
4,udp,dns,S0,340,39,0,0,0,0,0,0,0,0,0,0,0,0,0,26,14,0.027,0.125,0.785,38,19,normal
0,tcp,smtp,SF,228,335,0,0,0,0,0,1,1,0,0,0,0,0,1,14,6,0.362,0.055,0.653,41,22,normal
0,udp,dns,RSTR,2129,135,0,0,0,1,0,1,1,0,0,0,0,0,0,28,15,0.281,0.057,0.944,31,22,normal
5,udp,ftp,REJ,195,937,0,0,0,0,0,1,0,0,0,0,0,0,0,13,12,0.072,0.053,0.978,30,28,normal
12,udp,ftp_data,RSTO,70,5,0,0,0,7,0,0,1,0,0,1,0,0,0,101,92,0.845,0.621,0.029,13,8,u2r
0,udp,ftp,SH,353,67,0,0,0,2,0,1,1,0,0,0,0,0,0,18,9,0.076,0.06,0.622,31,22,normal
0,icmp,http,RSTR,68,115,0,0,0,6,0,0,2,0,0,1,0,0,0,121,118,0.866,0.856,0.082,11,12,dos
1,udp,pop3,RSTR,3680,1282,0,0,0,1,0,1,0,0,0,0,0,0,0,21,15,0.208,0.392,0.958,34,18,normal
0,icmp,ftp_data,S0,151,2460,0,0,0,0,0,1,0,0,0,0,1,0,0,17,18,0.046,0.545,0.835,34,24,normal
8,tcp,pop3,SF,548,102,0,0,0,8,2,0,1,0,0,2,1,0,0,106,109,0.862,0.796,0.19,9,13,dos
6,udp,ssh,REJ,75,362,0,0,0,0,0,0,0,0,0,0,1,0,1,20,17,0.115,0.049,0.508,27,22,normal
2,tcp,ftp_data,RSTO,419,765,0,0,0,1,0,1,0,0,0,0,0,0,0,13,18,0.227,0.222,0.851,32,26,normal
3,udp,smtp,RSTR,79,459,0,0,0,2,0,0,0,0,0,0,0,0,0,19,19,0.298,0.14,0.977,25,19,normal
0,icmp,ftp_data,REJ,112,999,0,0,0,2,0,1,0,0,0,0,0,0,0,26,18,0.045,0.137,0.5,31,23,normal
6,tcp,http,SF,7,6,0,0,0,0,1,0,2,0,0,2,1,0,1,136,101,0.934,0.973,0.178,12,10,u2r
2,icmp,ssh,S0,2526,131,0,0,0,0,0,1,1,0,0,0,0,0,1,27,18,0.113,0.029,0.68,30,18,normal
0,icmp,smtp,REJ,205,230,0,0,0,1,0,1,0,0,0,0,0,0,0,26,19,0.101,0.316,0.834,25,25,normal
1,icmp,telnet,S0,111,18,0,0,0,5,0,0,4,0,0,0,0,0,0,129,122,0.932,0.908,0.272,12,9,dos
3,udp,pop3,S0,82,9,0,0,0,5,0,0,1,0,0,0,0,0,0,128,130,0.951,0.928,0.1,18,11,r2l
5,tcp,ftp,RSTR,532,1114,0,0,0,0,0,1,2,0,0,1,0,0,0,17,13,0.222,0.146,0.918,43,28,normal
0,tcp,imap,RSTR,849,527,0,0,0,0,0,0,0,0,0,0,0,0,0,29,13,0.204,0.231,0.834,33,30,normal
5,tcp,ssh,SF,64,10,0,0,0,2,0,0,1,0,0,0,3,0,0,136,110,0.877,0.633,0.48,7,5,dos
17,udp,telnet,SH,93,0,0,0,0,7,0,0,1,0,0,0,2,0,1,123,106,0.917,0.725,0.124,13,11,dos
1,udp,http,RSTO,366,439,0,0,0,3,0,1,0,0,0,0,0,0,0,22,13,0.243,0.038,0.548,44,27,normal
2,tcp,ssh,SF,49,3,0,0,0,9,0,0,2,0,0,2,1,0,1,135,111,0.694,0.818,0.441,19,10,probe
19,udp,ftp,RSTR,124,122,0,0,0,3,0,1,2,0,0,1,0,0,0,102,91,0.976,0.92,0.036,7,10,r2l
5,tcp,pop3,SF,105,76,0,0,0,2,1,0,2,0,0,0,1,0,1,125,104,0.74,0.723,0.407,12,9,probe
6,udp,ftp,S0,48,539,0,0,0,6,1,1,1,0,0,0,1,0,0,115,98,0.631,0.557,0.008,10,15,dos
0,udp,pop3,REJ,1608,219,0,0,0,2,0,1,1,0,0,0,0,0,0,14,10,0.211,0.093,0.885,32,29,normal
4,icmp,ssh,SF,56,122,0,0,0,2,1,0,3,0,0,2,1,0,0,120,117,0.627,0.86,0.071,13,11,r2l
4,icmp,ssh,RSTR,374,85,0,0,0,1,0,1,1,0,0,0,0,0,1,23,14,0.226,0.179,0.626,31,25,normal
3,tcp,telnet,SF,17,1082,0,0,0,0,0,1,0,0,0,0,0,0,0,13,11,0.128,0.026,0.892,30,30,normal
1,icmp,pop3,S0,1360,94,0,0,0,1,0,1,0,0,0,0,0,0,0,24,11,0.273,0.446,0.496,28,24,normal
0,tcp,ftp,RSTR,32,228,0,0,0,2,0,1,0,0,0,1,1,0,0,22,22,0.111,0.161,0.767,41,21,normal
0,udp,ftp_data,RSTR,1590,621,0,0,0,2,0,0,0,0,0,1,1,0,0,15,19,0.011,0.055,0.763,31,22,normal
2,udp,http,REJ,1043,114,0,0,0,1,0,1,0,0,0,0,0,0,0,25,15,0.213,0.094,0.873,28,35,normal
25,tcp,pop3,RSTR,22,9,0,0,0,6,0,0,2,0,0,2,0,0,0,118,124,0.817,0.733,0.414,14,11,probe
4,udp,smtp,RSTR,269,409,0,0,0,0,0,1,0,0,0,0,1,0,0,21,11,0.092,0.067,0.406,28,21,normal
29,tcp,smtp,SH,103,328,0,0,0,3,0,0,3,0,0,0,0,0,2,121,119,0.736,0.844,0.1,22,10,r2l
5,icmp,ssh,SF,137,8,0,0,0,2,0,0,1,0,0,1,3,0,0,138,99,0.916,0.933,0.142,11,10,dos
7,tcp,http,SF,11,7,0,0,0,8,0,0,1,0,0,1,2,0,0,118,108,0.982,0.848,0.071,17,8,probe
0,udp,telnet,RSTR,2399,254,0,0,0,1,0,1,0,0,0,0,0,0,0,17,18,0.041,0.042,0.715,31,31,normal
3,tcp,smtp,SH,701,734,0,0,0,0,0,1,0,0,0,2,0,0,0,15,20,0.042,0.058,0.694,51,22,normal
1,tcp,ftp,REJ,525,221,0,0,0,2,0,1,0,0,0,0,0,0,0,20,20,0.195,0.281,0.968,36,26,normal
2,icmp,ftp_data,REJ,212,2701,0,0,0,2,0,0,0,0,0,0,1,0,0,25,17,0.066,0.071,0.766,43,22,normal
12,icmp,ftp,RSTO,275,29,0,0,0,4,1,0,1,0,0,2,1,0,1,123,110,0.867,0.92,0.408,14,15,r2l
12,tcp,imap,S0,446,29,0,0,0,3,0,0,2,0,0,1,2,0,1,118,106,0.963,0.72,0.122,11,10,dos
6,udp,telnet,SF,1345,1381,0,0,0,2,0,1,0,0,0,0,0,0,0,27,8,0.371,0.064,0.748,30,27,normal
9,icmp,imap,S0,27,27,0,0,0,5,1,0,1,0,0,0,1,0,1,125,91,0.903,0.979,0.415,13,5,probe
9,udp,http,S0,61,13,0,0,0,3,0,1,2,0,0,0,0,0,0,118,100,0.941,0.856,0.17,17,14,dos
12,tcp,smtp,REJ,616,3,0,0,0,3,0,0,0,0,0,0,0,0,0,111,104,0.895,0.96,0.249,19,8,r2l
3,icmp,dns,SF,42,31,0,0,0,4,0,0,3,0,0,0,1,0,2,110,111,0.635,0.664,0.408,9,9,dos
5,icmp,ftp,SH,65,38,0,0,0,5,0,1,0,0,0,1,0,0,0,111,114,0.9,0.398,0.051,12,10,r2l
1,icmp,http,RSTR,210,189,0,0,0,0,0,1,2,0,0,0,0,0,0,19,16,0.424,0.08,0.65,38,31,normal
0,tcp,smtp,RSTO,159,0,0,0,0,7,2,1,2,0,0,0,1,0,2,119,99,0.95,0.963,0.448,8,9,dos
0,udp,imap,REJ,65,7,0,0,0,8,0,1,1,0,0,0,0,0,1,124,109,0.75,0.788,0.291,12,12,dos
2,udp,ssh,S0,267,134,0,0,0,0,0,1,2,0,0,0,0,0,0,25,25,0.157,0.198,0.43,42,29,normal
9,tcp,ftp,S0,30,23,0,0,0,2,1,0,1,1,0,0,0,0,0,117,89,0.774,0.952,0.084,14,10,probe
13,tcp,dns,RSTO,202,459,0,0,0,2,0,1,0,0,0,0,0,0,0,22,13,0.128,0.092,0.687,41,19,normal
0,tcp,imap,SH,596,631,0,0,0,1,0,1,0,0,0,0,0,0,0,12,11,0.288,0.121,0.878,32,32,normal
2,tcp,pop3,REJ,120,139,0,0,0,0,0,1,0,0,0,0,0,0,1,14,19,0.296,0.123,0.699,32,36,normal
0,icmp,dns,SH,130,830,0,0,0,1,0,1,0,0,0,3,0,0,0,15,18,0.312,0.002,0.909,43,31,normal
11,icmp,telnet,S0,276,411,0,0,0,9,0,1,1,0,0,0,1,0,0,108,119,0.781,0.866,0.304,13,5,dos
4,icmp,http,S0,62,270,0,0,0,5,2,0,1,0,0,1,1,0,1,134,108,0.582,0.922,0.137,14,11,u2r
26,udp,telnet,RSTR,276,6,0,0,0,5,0,1,1,0,0,1,0,0,0,140,114,0.923,0.875,0.145,6,7,dos
11,udp,pop3,REJ,117,24,0,0,0,5,0,0,2,0,0,0,1,0,1,116,108,0.953,0.938,0.257,12,8,probe
4,icmp,smtp,RSTO,1036,245,0,0,0,1,0,1,0,0,0,0,1,0,0,18,11,0.183,0.745,0.83,42,18,normal
0,udp,http,SF,212,2065,0,0,0,1,0,1,0,0,0,0,0,0,0,27,18,0.039,0.197,0.749,35,25,normal
34,tcp,smtp,SH,27,1,0,0,0,3,1,0,3,0,0,0,0,0,0,119,105,0.812,0.858,0.082,19,13,probe
0,icmp,imap,S0,2310,654,0,0,0,0,0,0,0,0,0,0,1,0,0,19,13,0.039,0.036,0.859,31,23,normal
5,udp,dns,RSTR,107,6,0,0,0,2,0,1,1,0,0,0,1,0,0,124,116,0.96,0.583,0.083,17,9,dos
13,tcp,pop3,S0,46,15,0,0,0,6,0,0,3,0,0,0,0,0,1,127,120,0.935,0.625,0.074,15,9,r2l
3,icmp,http,SH,34,35,0,0,0,2,2,0,0,0,0,0,0,0,0,125,117,0.701,0.853,0.158,8,6,dos
3,tcp,pop3,REJ,2101,36,0,0,0,0,0,0,1,0,0,0,0,0,0,18,16,0.297,0.078,0.855,38,29,normal
5,udp,ftp_data,S0,838,88,0,0,0,2,0,1,0,0,0,1,0,0,0,20,19,0.369,0.246,0.822,36,31,normal
2,udp,http,REJ,84,2005,0,0,0,1,0,0,0,0,0,0,0,0,0,24,24,0.059,0.198,0.69,32,24,normal
0,udp,telnet,RSTR,687,179,0,0,0,1,0,1,1,0,0,0,0,0,1,15,11,0.099,0.089,0.874,44,24,normal
8,icmp,ftp_data,REJ,2462,1019,0,0,0,0,0,1,0,0,0,0,1,0,1,24,12,0.105,0.011,0.929,37,20,normal
1,tcp,http,REJ,359,374,0,0,0,0,0,1,0,0,0,0,0,0,0,25,9,0.449,0.203,0.868,45,16,normal
11,icmp,dns,S0,475,193,0,0,0,4,1,0,2,0,0,0,0,0,0,125,95,0.965,0.947,0.271,11,11,u2r
0,udp,ssh,SF,677,570,0,0,0,0,0,0,0,0,0,0,0,0,0,21,13,0.089,0.079,0.543,36,19,normal
0,udp,imap,S0,1836,123,0,0,0,2,0,1,0,0,0,0,1,0,0,25,17,0.032,0.125,0.649,48,27,normal
4,icmp,imap,SH,423,1003,0,0,0,1,0,1,0,0,0,0,0,0,0,19,9,0.323,0.173,0.968,27,22,normal
3,udp,smtp,SH,491,346,0,0,0,1,0,1,0,0,0,0,0,0,0,22,17,0.002,0.157,0.934,38,20,normal
0,tcp,http,RSTR,140,142,0,0,0,3,0,1,0,0,0,0,0,0,0,13,14,0.085,0.044,0.679,30,32,normal
15,icmp,smtp,SH,32,20,0,0,0,1,2,0,1,0,0,0,2,0,2,127,122,0.945,0.849,0.142,6,10,dos
2,tcp,ftp_data,S0,1332,745,0,0,0,1,0,1,0,0,0,0,1,0,0,15,13,0.011,0.134,0.434,34,26,normal
1,tcp,imap,RSTR,77,776,0,0,0,0,0,1,0,0,0,0,0,0,0,22,12,0.057,0.084,0.572,33,32,normal
17,tcp,imap,SF,136,10,0,0,0,8,1,0,1,0,0,2,1,0,0,131,109,0.532,0.844,0.042,9,6,dos
7,icmp,ssh,RSTR,55,30,0,0,0,7,0,0,3,0,0,0,0,0,0,143,101,0.812,0.764,0.397,16,9,u2r
13,udp,ftp_data,SH,88,10,0,0,0,4,1,0,1,0,0,0,1,0,0,106,105,0.825,0.595,0.249,11,10,probe
4,udp,ssh,RSTO,1128,24,0,0,0,2,0,1,0,0,0,2,0,0,0,20,11,0.256,0.03,0.854,25,27,normal
0,tcp,pop3,SH,96,319,0,0,0,0,0,1,0,0,0,0,0,0,0,19,13,0.429,0.045,0.736,31,32,normal
0,icmp,telnet,RSTO,379,240,0,0,0,0,0,1,0,0,0,0,0,0,0,13,16,0.044,0.003,0.888,29,28,normal
2,tcp,http,SH,1320,186,0,0,0,1,0,1,0,0,0,0,0,0,1,22,12,0.324,0.218,0.902,31,19,normal
17,icmp,ftp,RSTR,95,0,0,0,0,4,1,0,1,0,0,0,0,0,0,140,123,0.746,0.851,0.371,11,10,dos
5,icmp,imap,S0,396,277,0,0,0,1,0,1,0,0,0,0,1,0,0,17,17,0.033,0.152,0.796,36,21,normal
1,tcp,pop3,S0,202,206,0,0,0,1,0,1,0,0,0,0,0,0,0,13,12,0.379,0.187,0.879,23,26,normal
6,udp,smtp,RSTR,357,26,0,0,0,7,1,0,4,0,0,1,0,0,0,106,100,0.876,0.974,0.22,7,9,probe
2,icmp,ftp,SF,670,150,0,0,0,1,0,1,0,0,0,0,0,0,0,28,10,0.011,0.336,0.639,34,34,normal
7,udp,telnet,RSTR,17,86,0,0,0,4,0,0,1,0,0,0,0,0,0,115,101,0.935,0.862,0.288,13,9,r2l
13,udp,smtp,S0,2972,40,0,0,0,2,0,1,0,0,0,0,0,0,0,17,12,0.127,0.085,0.855,37,26,normal
7,udp,imap,RSTO,189,565,0,0,0,2,0,1,0,0,0,0,0,0,0,22,14,0.104,0.218,0.54,42,28,normal
14,tcp,smtp,SF,233,115,0,0,0,0,0,1,1,0,0,0,1,0,0,20,9,0.272,0.3,0.862,31,27,normal
8,tcp,http,SF,21,21,0,0,0,3,0,0,2,0,0,1,2,0,1,121,109,0.874,0.803,0.28,15,16,dos
0,tcp,dns,REJ,767,2405,0,0,0,0,0,0,1,0,0,0,0,0,0,19,11,0.209,0.048,0.695,33,26,normal
18,udp,ftp_data,RSTO,6,29,0,0,0,4,1,1,1,0,0,0,2,0,0,141,111,0.911,0.737,0.538,9,16,r2l
2,udp,http,S0,128,149,0,0,0,2,0,0,0,0,0,0,0,0,0,19,10,0.104,0.051,0.737,32,23,normal
6,icmp,imap,RSTO,30,23,0,0,0,4,0,0,5,0,0,4,0,0,0,122,103,0.954,0.988,0.133,14,9,dos
0,tcp,dns,SF,1546,1160,0,0,0,2,0,1,0,0,0,0,0,0,0,17,10,0.155,0.095,0.719,32,29,normal
22,icmp,ssh,RSTO,330,16,0,0,0,5,1,0,3,0,0,0,1,0,0,115,90,0.773,0.83,0.207,8,10,dos
30,tcp,http,RSTO,42,1,0,0,0,4,0,0,2,0,0,0,1,0,2,113,107,0.881,0.627,0.39,14,14,probe
1,udp,pop3,SH,132,81,0,0,0,2,0,1,0,0,0,0,0,0,0,21,14,0.507,0.179,0.796,44,27,normal
4,udp,smtp,REJ,124,113,0,0,0,3,0,0,4,0,0,0,1,0,0,123,76,0.889,0.925,0.078,10,9,dos
6,tcp,ftp,REJ,24,44,0,0,0,9,0,0,3,0,0,0,1,0,1,134,117,0.916,0.986,0.19,10,7,probe
2,udp,dns,SF,6350,346,0,0,0,2,0,1,0,0,0,0,1,0,0,21,8,0.163,0.152,0.803,29,25,normal
4,tcp,ftp,REJ,66,110,0,0,0,13,0,0,0,0,0,1,0,0,1,127,99,0.812,0.828,0.148,10,10,dos
6,icmp,pop3,SH,13,6,0,0,0,4,1,0,3,0,0,1,1,1,1,126,124,0.931,0.861,0.035,17,10,dos
13,tcp,ssh,S0,95,1,0,0,0,4,1,0,0,0,1,2,0,0,1,125,100,0.764,0.842,0.23,9,11,probe
0,udp,telnet,SH,1003,84,0,0,0,1,0,0,0,0,0,0,0,0,0,31,9,0.182,0.227,0.422,33,20,normal
8,icmp,telnet,RSTR,444,127,0,0,0,1,0,1,2,0,0,0,0,0,0,21,20,0.484,0.196,0.865,46,30,normal
1,icmp,smtp,S0,471,1961,0,0,0,1,0,1,0,0,0,0,0,0,0,21,11,0.277,0.082,0.959,40,22,normal
0,icmp,http,SF,118,1,0,0,0,3,2,0,1,0,0,2,0,0,0,119,126,0.807,0.707,0.475,8,15,r2l
0,tcp,ftp_data,RSTO,151,342,0,0,0,1,0,1,1,0,0,0,1,0,0,12,18,0.027,0.003,0.829,29,29,normal
1,tcp,ftp_data,SF,1484,111,0,0,0,1,0,1,0,0,0,0,0,0,0,22,23,0.168,0.082,0.757,24,25,normal
59,icmp,dns,S0,156,10,0,0,0,5,2,0,3,0,0,3,0,0,0,117,92,0.457,0.986,0.019,11,10,u2r
9,tcp,http,RSTO,120,4,0,0,0,3,0,0,3,0,0,1,0,0,1,112,102,0.968,0.975,0.169,10,11,dos
7,tcp,dns,REJ,1164,88,0,0,0,0,0,0,0,0,0,1,0,0,0,14,17,0.034,0.078,0.91,34,25,normal
3,udp,smtp,SF,16,4,0,0,0,4,0,0,0,0,0,1,1,0,0,122,122,0.888,0.914,0.223,17,11,dos
2,icmp,ftp_data,SF,215,1512,0,0,0,1,0,1,0,0,0,0,1,0,0,17,15,0.044,0.059,0.661,32,21,normal
2,tcp,imap,S0,731,1236,0,0,0,2,0,0,1,0,0,0,0,0,0,28,7,0.187,0.168,0.894,24,17,normal
9,icmp,ftp,RSTO,251,81,0,0,0,2,0,0,0,0,0,0,0,0,0,19,15,0.198,0.175,0.613,38,26,normal
1,tcp,imap,S0,169,681,0,0,0,2,0,0,0,0,0,0,1,0,0,24,14,0.076,0.126,0.9,41,31,normal
11,tcp,ssh,RSTO,185,69,0,0,0,5,1,0,0,1,0,3,0,0,1,106,106,0.992,0.951,0.37,9,7,dos
3,icmp,ssh,SH,535,179,0,0,0,1,0,1,1,0,0,0,0,0,0,20,14,0.227,0.155,0.932,26,16,normal
4,udp,ssh,RSTO,79,142,0,0,0,1,0,1,0,0,0,0,0,0,0,15,15,0.099,0.037,0.528,29,19,normal
18,icmp,ssh,RSTR,192,337,0,0,0,7,1,0,0,0,0,3,1,0,1,110,89,0.989,0.812,0.139,14,13,r2l
1,tcp,ftp,SH,201,288,0,0,0,2,0,1,0,0,0,2,0,0,0,8,12,0.212,0.077,0.865,39,21,normal
1,tcp,dns,SF,2174,393,0,0,0,3,0,0,0,0,0,0,0,0,1,23,12,0.014,0.062,0.891,26,21,normal
11,udp,ssh,REJ,40,7,0,0,0,3,1,0,1,0,0,0,2,0,0,98,112,0.813,0.997,0.216,10,6,dos
1,udp,http,RSTO,277,579,0,0,0,0,0,1,0,0,0,0,0,0,0,30,19,0.196,0.025,0.672,22,14,normal
0,udp,telnet,SH,119,337,0,0,0,2,0,0,0,0,0,0,0,0,1,19,20,0.198,0.06,0.817,31,14,normal
0,icmp,dns,SF,619,362,0,0,0,1,0,1,0,0,0,0,0,0,1,23,9,0.252,0.08,0.874,42,19,normal
20,tcp,ssh,SH,59,6,0,0,0,2,0,0,1,0,0,0,0,0,0,121,115,0.977,0.932,0.121,11,14,dos
25,icmp,telnet,RSTR,262,0,0,0,0,1,0,0,3,0,0,0,0,0,0,109,109,0.633,0.967,0.139,14,7,dos
0,icmp,ftp,REJ,96,441,0,0,0,0,0,1,0,0,0,0,0,0,0,17,16,0.31,0.082,0.882,49,30,normal
2,udp,smtp,RSTR,1662,1206,0,0,0,1,0,0,1,0,0,0,0,0,0,17,11,0.023,0.047,0.428,44,28,normal
4,tcp,http,REJ,2943,245,0,0,0,0,0,1,1,0,0,0,0,0,0,21,8,0.033,0.012,0.606,41,23,normal
14,tcp,ftp_data,SH,70,44,0,0,0,7,0,0,3,0,0,0,1,0,0,99,127,0.79,0.925,0.339,15,11,dos
0,udp,ftp_data,S0,204,72,0,0,0,2,0,1,0,0,0,0,0,0,0,16,11,0.103,0.013,0.94,45,21,normal
1,icmp,smtp,SH,4774,200,0,0,0,0,0,0,1,0,0,0,0,0,0,16,10,0.034,0.212,0.595,30,21,normal
38,icmp,ftp,SF,55,1,0,0,0,3,0,0,2,0,0,1,2,0,1,121,130,0.818,0.883,0.211,14,13,r2l
16,icmp,ftp,RSTO,12,9,0,0,0,6,0,0,2,0,0,0,0,0,0,114,108,0.851,0.99,0.009,10,7,probe
2,udp,dns,SF,75,734,0,0,0,2,0,0,0,0,0,0,0,0,0,19,17,0.156,0.065,0.643,36,30,normal
0,udp,http,RSTO,336,119,0,0,0,1,0,1,0,0,0,0,0,0,0,32,12,0.102,0.017,0.858,36,22,normal
0,udp,imap,SF,704,725,0,0,0,3,0,0,0,0,0,0,0,0,0,28,12,0.059,0.013,0.929,33,22,normal
1,icmp,telnet,RSTR,24,186,0,0,0,3,0,0,4,0,0,0,0,0,0,127,103,0.882,0.774,0.205,15,14,probe
0,udp,imap,SH,189,467,0,0,0,0,0,1,0,0,0,0,0,0,0,11,11,0.149,0.009,0.739,37,29,normal
55,udp,ssh,RSTO,55,10,0,0,0,10,0,0,3,0,0,0,1,0,1,117,121,0.725,0.982,0.167,17,9,dos
7,tcp,imap,RSTO,37,6,0,0,0,3,1,0,2,0,0,1,1,0,1,127,109,0.796,0.994,0.168,13,5,probe
9,udp,imap,RSTO,6,5,0,0,0,3,1,0,0,0,0,1,2,0,0,101,112,0.816,0.819,0.219,16,9,dos
2,tcp,ftp,RSTR,18,5,0,0,0,9,0,0,2,0,0,2,1,0,2,132,113,0.988,0.968,0.183,15,6,r2l
14,icmp,smtp,S0,50,1,0,0,0,5,0,0,2,0,0,1,0,0,0,123,113,0.933,0.795,0.193,19,12,probe
3,udp,ssh,RSTR,171,643,0,0,0,1,0,1,0,0,0,0,0,0,0,25,17,0.157,0.058,0.946,35,18,normal
1,udp,ftp,SF,332,147,0,0,0,1,0,0,1,0,0,0,0,0,0,18,22,0.12,0.438,0.667,40,37,normal
1,tcp,imap,SF,862,137,0,0,0,0,0,1,0,0,0,0,0,0,0,22,15,0.262,0.093,0.566,42,24,normal
5,tcp,telnet,RSTO,49,9,0,0,0,10,1,0,3,0,0,1,2,0,1,122,89,0.813,0.991,0.167,7,8,r2l
2,tcp,http,RSTO,32,5,0,0,0,1,3,1,0,0,0,0,0,0,0,100,107,0.93,0.984,0.138,14,11,probe
0,tcp,ftp,S0,947,263,0,0,0,1,0,1,0,0,0,0,0,0,0,26,15,0.321,0.134,0.676,40,24,normal
18,udp,ftp,REJ,387,40,0,0,0,10,0,0,2,0,0,0,0,0,1,124,98,0.681,0.632,0.255,11,10,dos
19,tcp,smtp,S0,39,112,0,0,0,2,0,0,2,0,0,3,0,0,2,109,108,0.755,0.501,0.176,10,10,dos
8,tcp,imap,SF,100,118,0,0,0,4,1,1,5,0,0,1,0,0,0,113,116,0.855,0.903,0.626,15,9,dos
3,tcp,smtp,RSTR,222,11,0,0,0,3,0,1,2,0,0,2,1,0,0,128,110,0.89,0.865,0.092,8,16,probe
17,tcp,dns,SF,73,146,1,0,0,9,1,0,3,0,0,0,2,0,1,119,91,0.674,0.893,0.184,7,10,dos
19,tcp,http,SF,464,19,0,0,0,5,1,0,2,0,0,2,1,0,0,127,113,0.792,0.571,0.085,11,9,dos
20,icmp,pop3,RSTO,39,0,0,0,0,8,0,0,3,0,0,0,2,0,0,114,116,0.569,0.988,0.208,9,8,r2l
2,icmp,http,REJ,2245,916,0,0,0,0,0,0,0,0,0,0,0,0,0,22,18,0.174,0.144,0.879,37,30,normal
3,icmp,dns,REJ,277,549,0,0,0,1,0,1,0,0,0,0,0,0,0,12,10,0.013,0.389,0.901,31,23,normal
0,udp,dns,RSTO,1903,422,0,0,0,0,0,0,1,0,0,0,0,0,0,20,11,0.022,0.015,0.781,31,24,normal
0,tcp,telnet,REJ,1665,291,0,0,0,1,0,1,0,0,0,0,0,0,1,21,15,0.124,0.162,0.479,33,21,normal
2,icmp,dns,REJ,139,179,0,0,0,2,0,1,0,0,0,0,0,0,0,20,16,0.227,0.014,0.862,30,23,normal
0,tcp,ftp,REJ,1185,696,0,0,0,2,0,1,0,0,0,0,0,0,0,19,14,0.382,0.216,0.91,30,22,normal
31,udp,http,REJ,49,349,0,0,0,4,0,0,0,0,0,0,0,0,0,124,107,0.793,0.746,0.144,11,14,dos
4,tcp,ftp,RSTR,194,102,0,0,0,0,0,1,0,0,0,0,1,0,0,24,26,0.0,0.458,0.84,43,17,normal
6,icmp,dns,RSTR,472,2,0,0,0,9,0,0,0,0,0,0,0,0,0,107,107,0.861,0.97,0.093,14,10,probe
0,tcp,telnet,RSTO,92,38,0,0,0,4,2,0,5,0,0,0,1,0,0,136,105,0.976,0.828,0.496,2,7,dos
4,tcp,telnet,S0,1031,67,0,0,0,2,0,1,0,0,0,0,0,0,0,19,11,0.068,0.384,0.953,41,30,normal
9,udp,ssh,RSTR,22,3,0,0,0,7,1,1,1,0,0,0,1,0,0,100,108,0.589,0.992,0.341,13,12,dos
6,icmp,telnet,SF,100,13,0,0,0,4,1,0,2,0,0,1,3,0,0,133,121,0.921,0.957,0.087,9,10,dos
0,tcp,telnet,RSTO,74,857,0,0,0,0,0,1,0,0,0,0,0,0,0,18,9,0.546,0.127,0.935,34,23,normal
0,udp,dns,S0,681,450,0,0,0,0,0,1,0,0,0,0,0,0,0,17,19,0.258,0.015,0.976,35,20,normal
29,udp,ftp,SH,571,46,0,0,0,2,0,1,0,0,0,1,1,0,0,122,120,0.839,0.996,0.011,13,17,dos
2,udp,imap,REJ,50,558,0,0,0,1,0,1,0,0,0,0,0,0,1,9,14,0.062,0.0,0.793,36,29,normal
64,icmp,ftp,SH,13,39,0,0,0,1,0,0,7,1,0,0,0,0,1,107,98,0.885,0.872,0.305,14,6,probe
0,udp,ssh,S0,1852,445,0,0,0,3,0,1,0,0,0,0,0,0,0,20,19,0.325,0.177,0.899,34,24,normal
2,udp,ssh,S0,274,878,0,0,0,0,0,0,0,0,0,0,0,0,0,17,10,0.224,0.025,0.65,25,30,normal
9,icmp,ssh,SF,263,235,0,0,0,5,0,0,0,0,0,1,0,0,1,111,107,0.906,0.736,0.14,13,16,dos
36,icmp,smtp,SF,153,28,0,0,0,9,0,1,1,0,0,1,0,0,1,141,116,0.818,0.962,0.048,16,13,probe
6,icmp,telnet,S0,228,36,0,0,0,10,2,0,3,0,0,0,0,0,0,125,93,0.811,0.922,0.012,17,11,dos
